user_id,region,converted,first_touch_channel,last_touch_channel,touches
1,Prairies,0,paid_social,paid_search,2
2,AB,0,direct,paid_social,11
3,ON,0,paid_social,paid_search,2
4,QC,1,organic_search,email,5
5,QC,0,affiliate,paid_search,4
6,Atlantic,0,organic_search,email,4
7,ON,0,paid_social,direct,8
8,QC,1,paid_social,direct,3
9,QC,0,paid_social,direct,3
10,AB,0,email,affiliate,2
11,BC,0,display,direct,5
12,BC,0,paid_search,direct,7
13,Prairies,0,email,paid_search,5
14,QC,0,paid_social,paid_search,3
15,ON,0,paid_search,affiliate,4
16,AB,0,display,affiliate,4
17,AB,0,direct,direct,3
18,QC,0,display,paid_social,4
19,AB,0,direct,organic_search,6
20,BC,0,display,organic_search,6
21,QC,0,display,paid_search,6
22,Atlantic,0,display,direct,5
23,BC,1,paid_search,affiliate,4
24,ON,0,display,organic_search,6
25,AB,0,display,direct,3
26,AB,0,direct,paid_search,3
27,QC,0,display,email,5
28,QC,0,paid_search,direct,7
29,ON,0,display,paid_search,4
30,Prairies,0,display,paid_search,5
31,QC,0,paid_social,email,3
32,AB,0,display,affiliate,3
33,Atlantic,0,paid_search,paid_search,1
34,QC,0,paid_search,email,5
35,Prairies,0,display,paid_social,5
36,Prairies,0,organic_search,email,5
37,ON,0,affiliate,paid_search,3
38,AB,0,affiliate,paid_social,3
39,Prairies,0,paid_search,direct,4
40,BC,0,display,email,4
41,BC,0,affiliate,organic_search,4
42,ON,0,display,email,7
43,AB,0,paid_social,organic_search,3
44,AB,0,paid_social,affiliate,2
45,Prairies,0,organic_search,affiliate,2
46,Atlantic,0,paid_search,paid_social,4
47,AB,0,paid_social,affiliate,4
48,ON,0,paid_search,paid_search,3
49,AB,0,display,direct,5
50,Prairies,0,paid_social,direct,2
51,BC,0,organic_search,email,5
52,QC,1,display,organic_search,5
53,QC,0,display,affiliate,9
54,AB,1,affiliate,affiliate,1
55,BC,0,paid_search,paid_social,4
56,Atlantic,0,paid_social,paid_search,5
57,Atlantic,0,paid_search,direct,4
58,Prairies,0,organic_search,organic_search,1
59,Prairies,0,organic_search,direct,2
60,QC,0,paid_social,direct,4
61,Atlantic,0,organic_search,paid_search,3
62,ON,0,display,direct,4
63,BC,0,organic_search,paid_search,4
64,QC,0,organic_search,email,4
65,AB,0,paid_social,direct,5
66,QC,0,paid_social,direct,5
67,Prairies,0,paid_search,paid_search,1
68,QC,0,affiliate,affiliate,6
69,AB,1,paid_social,paid_search,5
70,BC,0,email,affiliate,2
71,Prairies,0,display,direct,2
72,Atlantic,0,paid_social,affiliate,4
73,QC,0,display,direct,5
74,QC,0,paid_social,affiliate,8
75,QC,0,affiliate,paid_search,5
76,Prairies,0,organic_search,paid_search,4
77,BC,0,paid_search,paid_search,3
78,Prairies,0,display,direct,5
79,Atlantic,0,email,email,6
80,AB,1,display,paid_search,4
81,QC,0,paid_social,paid_search,5
82,Prairies,0,paid_search,organic_search,4
83,AB,0,direct,email,6
84,AB,0,display,organic_search,4
85,Atlantic,0,display,affiliate,3
86,QC,0,paid_social,direct,4
87,Prairies,0,paid_social,affiliate,3
88,Atlantic,1,organic_search,paid_search,5
89,Atlantic,0,paid_social,paid_search,6
90,ON,0,display,direct,5
91,QC,0,paid_social,organic_search,2
92,Prairies,0,direct,direct,5
93,BC,0,paid_social,paid_social,4
94,QC,0,paid_search,paid_search,1
95,Prairies,0,paid_social,paid_search,3
96,AB,0,display,direct,3
97,Prairies,0,display,email,3
98,BC,0,affiliate,affiliate,1
99,ON,0,affiliate,affiliate,1
100,Prairies,0,display,paid_social,5
101,Atlantic,0,display,affiliate,5
102,QC,0,display,paid_search,7
103,Atlantic,0,paid_social,organic_search,5
104,Prairies,1,paid_search,paid_search,1
105,ON,0,paid_social,paid_search,3
106,ON,0,paid_search,email,3
107,BC,0,organic_search,direct,2
108,Atlantic,0,paid_social,direct,2
109,ON,0,display,email,3
110,Atlantic,0,paid_social,direct,2
111,Atlantic,0,paid_social,paid_search,2
112,BC,0,display,direct,2
113,Atlantic,0,direct,direct,1
114,ON,0,display,paid_search,5
115,Atlantic,0,organic_search,display,4
116,Prairies,0,direct,paid_search,3
117,AB,0,paid_social,direct,2
118,AB,0,display,direct,3
119,ON,0,paid_social,direct,3
120,QC,1,affiliate,paid_search,4
121,ON,0,display,direct,4
122,Atlantic,0,paid_social,organic_search,10
123,AB,0,affiliate,direct,2
124,BC,0,direct,direct,1
125,ON,0,affiliate,paid_search,6
126,QC,0,paid_social,direct,6
127,BC,0,paid_search,paid_search,4
128,BC,0,direct,direct,1
129,AB,0,affiliate,direct,4
130,ON,0,email,paid_search,6
131,Prairies,0,display,direct,2
132,BC,0,display,direct,6
133,BC,0,paid_social,email,5
134,Atlantic,0,display,affiliate,3
135,ON,0,affiliate,email,4
136,BC,0,display,email,5
137,QC,0,organic_search,direct,4
138,Prairies,0,display,email,2
139,AB,1,affiliate,direct,6
140,AB,0,direct,organic_search,5
141,ON,0,affiliate,paid_search,3
142,Prairies,0,paid_search,direct,3
143,ON,0,direct,display,7
144,BC,0,email,email,1
145,AB,0,direct,direct,1
146,AB,0,paid_social,paid_social,2
147,ON,0,direct,email,4
148,BC,1,paid_social,direct,4
149,QC,0,organic_search,email,5
150,AB,0,organic_search,display,4
151,AB,0,display,paid_search,2
152,BC,0,paid_social,direct,3
153,AB,0,organic_search,direct,3
154,ON,0,organic_search,paid_search,4
155,Atlantic,0,direct,paid_search,3
156,AB,0,organic_search,organic_search,1
157,ON,0,paid_social,organic_search,5
158,Prairies,0,paid_search,paid_search,4
159,QC,0,paid_social,paid_search,3
160,Atlantic,0,paid_social,paid_search,2
161,QC,0,organic_search,email,3
162,ON,0,email,email,1
163,QC,0,paid_social,paid_search,7
164,AB,0,paid_social,affiliate,2
165,ON,0,direct,direct,3
166,ON,0,display,direct,5
167,AB,0,display,organic_search,3
168,Prairies,0,display,direct,7
169,QC,0,affiliate,direct,4
170,BC,0,paid_search,email,4
171,Atlantic,0,organic_search,paid_search,6
172,Atlantic,0,paid_social,direct,7
173,Prairies,0,organic_search,paid_search,3
174,AB,0,paid_social,email,3
175,AB,0,paid_social,paid_social,4
176,Prairies,0,organic_search,paid_social,2
177,Atlantic,0,affiliate,display,3
178,ON,0,organic_search,paid_search,5
179,Prairies,0,display,affiliate,4
180,BC,0,paid_social,display,3
181,Prairies,0,affiliate,affiliate,1
182,BC,0,affiliate,direct,4
183,ON,0,display,paid_social,6
184,BC,0,display,organic_search,5
185,Atlantic,0,display,email,4
186,Prairies,0,organic_search,direct,3
187,BC,0,organic_search,display,2
188,Atlantic,1,paid_social,paid_search,7
189,Prairies,0,paid_search,paid_search,6
190,BC,0,paid_social,email,2
191,BC,0,email,email,1
192,Atlantic,0,affiliate,paid_search,6
193,ON,0,display,email,2
194,BC,0,paid_social,email,6
195,BC,0,paid_search,organic_search,6
196,AB,0,paid_search,email,3
197,Prairies,0,organic_search,paid_search,3
198,ON,1,paid_social,direct,5
199,BC,0,organic_search,direct,2
200,BC,0,organic_search,paid_social,2
201,Atlantic,0,paid_search,paid_search,3
202,ON,0,display,display,4
203,AB,0,display,direct,3
204,ON,0,display,direct,2
205,BC,0,paid_search,organic_search,3
206,BC,1,organic_search,direct,3
207,Prairies,1,paid_search,organic_search,2
208,QC,0,display,direct,4
209,QC,0,affiliate,direct,3
210,QC,0,organic_search,organic_search,1
211,BC,0,direct,email,5
212,AB,0,paid_search,paid_search,1
213,ON,0,affiliate,affiliate,3
214,BC,0,organic_search,direct,6
215,QC,0,organic_search,display,4
216,Prairies,0,organic_search,paid_search,4
217,ON,0,paid_social,organic_search,2
218,BC,0,paid_social,email,5
219,QC,0,paid_search,organic_search,2
220,QC,0,paid_search,direct,3
221,Atlantic,0,display,paid_social,3
222,AB,0,paid_search,paid_search,1
223,BC,0,display,direct,4
224,AB,0,display,organic_search,4
225,Prairies,0,paid_search,email,4
226,Prairies,0,display,display,4
227,ON,0,paid_social,paid_social,2
228,QC,0,email,email,1
229,BC,0,organic_search,affiliate,4
230,QC,1,organic_search,email,8
231,QC,0,organic_search,affiliate,2
232,Prairies,0,organic_search,direct,2
233,Atlantic,0,direct,direct,7
234,BC,0,paid_search,paid_search,3
235,ON,0,organic_search,email,2
236,Atlantic,0,paid_social,organic_search,5
237,ON,0,organic_search,email,3
238,ON,0,paid_social,direct,3
239,BC,0,paid_search,direct,3
240,Prairies,0,paid_search,affiliate,4
241,Atlantic,0,paid_social,direct,3
242,QC,0,paid_search,paid_search,4
243,QC,0,paid_social,affiliate,3
244,AB,0,direct,direct,1
245,AB,0,paid_social,paid_search,7
246,Atlantic,0,email,email,1
247,AB,0,paid_search,organic_search,3
248,ON,0,display,affiliate,4
249,AB,0,paid_social,affiliate,3
250,Prairies,0,paid_search,direct,5
251,BC,0,organic_search,email,4
252,Atlantic,0,display,paid_search,3
253,Atlantic,0,display,affiliate,4
254,Atlantic,0,paid_social,affiliate,2
255,QC,0,direct,paid_search,4
256,BC,0,display,display,3
257,AB,0,display,paid_search,2
258,QC,0,display,email,2
259,AB,0,organic_search,organic_search,1
260,QC,0,organic_search,affiliate,3
261,AB,0,paid_social,direct,7
262,Atlantic,0,paid_social,paid_search,5
263,BC,0,paid_social,direct,2
264,BC,0,display,affiliate,3
265,QC,0,display,paid_social,3
266,Atlantic,0,email,paid_search,3
267,ON,0,display,paid_search,3
268,Atlantic,1,display,direct,8
269,QC,0,direct,direct,8
270,ON,0,organic_search,paid_search,3
271,Prairies,1,organic_search,direct,5
272,Prairies,0,affiliate,email,5
273,AB,0,display,email,2
274,ON,0,organic_search,direct,3
275,ON,0,display,direct,2
276,QC,0,paid_search,direct,4
277,BC,0,paid_search,direct,4
278,Prairies,0,display,email,2
279,BC,0,display,affiliate,4
280,QC,0,paid_social,organic_search,3
281,Prairies,0,display,email,2
282,Prairies,0,organic_search,paid_social,2
283,Atlantic,0,paid_social,email,8
284,Atlantic,0,affiliate,affiliate,2
285,QC,0,display,affiliate,5
286,Atlantic,0,paid_search,direct,4
287,Atlantic,0,affiliate,affiliate,3
288,AB,0,paid_social,direct,5
289,ON,0,display,direct,3
290,BC,0,organic_search,paid_search,6
291,Atlantic,0,paid_social,organic_search,3
292,Prairies,0,organic_search,email,5
293,QC,0,organic_search,email,6
294,ON,0,direct,direct,2
295,BC,0,direct,email,2
296,ON,0,affiliate,direct,3
297,Atlantic,0,affiliate,affiliate,4
298,Atlantic,0,paid_social,direct,2
299,ON,0,display,paid_search,4
300,Prairies,0,organic_search,paid_search,3
301,QC,0,paid_social,email,3
302,Atlantic,0,organic_search,email,4
303,ON,0,paid_search,paid_search,1
304,QC,0,direct,direct,1
305,Atlantic,0,affiliate,direct,3
306,BC,0,display,affiliate,2
307,QC,0,organic_search,direct,2
308,AB,0,paid_search,direct,3
309,BC,1,paid_search,organic_search,3
310,BC,0,paid_social,affiliate,3
311,QC,0,paid_social,organic_search,2
312,Prairies,0,paid_social,organic_search,4
313,BC,0,organic_search,affiliate,3
314,ON,1,paid_social,email,5
315,BC,0,organic_search,affiliate,3
316,AB,0,affiliate,paid_search,3
317,QC,0,paid_search,paid_social,5
318,QC,0,paid_social,paid_social,5
319,Atlantic,0,display,email,3
320,BC,0,paid_search,email,6
321,Atlantic,0,organic_search,affiliate,3
322,ON,0,paid_social,display,6
323,Prairies,0,organic_search,affiliate,2
324,BC,0,display,email,3
325,BC,0,paid_social,affiliate,4
326,AB,1,organic_search,affiliate,8
327,ON,0,display,affiliate,4
328,QC,0,paid_search,direct,2
329,AB,0,display,direct,4
330,BC,1,email,direct,2
331,ON,0,paid_search,email,4
332,Prairies,1,display,affiliate,3
333,Prairies,0,paid_social,paid_search,9
334,Atlantic,0,email,email,1
335,QC,0,organic_search,organic_search,1
336,ON,0,paid_social,organic_search,2
337,Atlantic,0,paid_social,organic_search,3
338,ON,0,paid_search,paid_search,3
339,QC,0,organic_search,paid_search,3
340,AB,0,paid_social,direct,4
341,AB,0,paid_search,direct,2
342,AB,0,organic_search,paid_search,4
343,Atlantic,0,direct,email,3
344,BC,0,paid_search,direct,7
345,Prairies,1,paid_social,organic_search,5
346,Prairies,0,display,organic_search,2
347,BC,0,display,direct,3
348,ON,0,display,organic_search,4
349,ON,0,paid_social,direct,6
350,Atlantic,0,organic_search,affiliate,4
351,Atlantic,0,display,paid_search,2
352,BC,1,paid_social,organic_search,4
353,BC,0,display,email,2
354,QC,0,display,affiliate,5
355,ON,0,paid_search,paid_search,1
356,Atlantic,0,display,paid_social,3
357,QC,0,paid_social,direct,2
358,ON,0,paid_social,affiliate,4
359,Atlantic,1,direct,paid_search,5
360,BC,0,display,affiliate,6
361,ON,0,display,affiliate,6
362,ON,0,direct,organic_search,5
363,ON,1,paid_social,paid_search,6
364,BC,0,paid_search,direct,2
365,QC,0,direct,paid_search,2
366,Atlantic,0,paid_social,direct,5
367,Prairies,1,organic_search,direct,4
368,Prairies,0,display,organic_search,9
369,Atlantic,0,organic_search,paid_search,2
370,BC,0,paid_social,email,4
371,Prairies,0,organic_search,direct,4
372,ON,0,display,affiliate,3
373,Prairies,0,paid_search,direct,3
374,QC,0,organic_search,organic_search,5
375,Prairies,0,paid_social,email,2
376,Atlantic,0,display,direct,6
377,Prairies,1,paid_search,direct,7
378,ON,0,organic_search,paid_search,3
379,ON,0,organic_search,direct,2
380,AB,0,organic_search,direct,4
381,Prairies,0,organic_search,organic_search,4
382,AB,0,organic_search,direct,3
383,BC,0,paid_social,paid_social,1
384,QC,0,display,affiliate,5
385,BC,0,display,display,3
386,Prairies,0,display,affiliate,3
387,QC,0,paid_search,email,5
388,ON,0,email,email,1
389,Prairies,0,paid_search,affiliate,10
390,Prairies,0,display,affiliate,3
391,BC,0,organic_search,email,4
392,QC,1,paid_search,paid_search,6
393,AB,0,paid_social,direct,3
394,ON,1,affiliate,affiliate,2
395,Atlantic,0,paid_search,paid_search,3
396,ON,0,organic_search,organic_search,4
397,Prairies,0,organic_search,affiliate,4
398,Atlantic,0,display,direct,3
399,Prairies,0,organic_search,paid_search,3
400,QC,0,display,direct,3
401,Atlantic,0,direct,direct,1
402,ON,0,display,paid_search,3
403,AB,0,paid_social,paid_search,3
404,AB,0,paid_search,paid_search,1
405,AB,0,paid_search,paid_search,2
406,Prairies,0,email,email,3
407,Atlantic,0,paid_social,direct,4
408,QC,0,direct,paid_search,6
409,AB,0,paid_social,direct,4
410,AB,0,display,display,1
411,QC,0,organic_search,organic_search,3
412,QC,0,paid_search,direct,4
413,AB,0,organic_search,paid_social,4
414,BC,0,paid_search,paid_search,1
415,AB,0,display,email,3
416,BC,0,organic_search,direct,3
417,AB,0,direct,direct,3
418,Atlantic,0,paid_social,direct,3
419,BC,0,display,paid_social,5
420,Atlantic,0,organic_search,organic_search,7
421,Atlantic,0,paid_social,affiliate,3
422,QC,0,paid_search,affiliate,2
423,Prairies,0,display,direct,5
424,Atlantic,1,paid_search,direct,7
425,BC,0,display,direct,3
426,QC,0,affiliate,direct,4
427,AB,0,email,email,4
428,BC,0,organic_search,email,6
429,BC,0,display,email,3
430,Atlantic,0,organic_search,email,2
431,Prairies,0,direct,paid_search,3
432,BC,0,paid_search,direct,5
433,Atlantic,0,paid_search,affiliate,5
434,BC,0,display,organic_search,2
435,AB,0,display,paid_search,2
436,Prairies,0,paid_social,organic_search,2
437,Prairies,0,email,email,4
438,BC,0,paid_search,paid_search,2
439,BC,0,email,display,3
440,BC,0,paid_social,direct,2
441,Atlantic,0,direct,paid_search,3
442,Atlantic,0,organic_search,organic_search,4
443,Atlantic,0,direct,direct,6
444,BC,0,organic_search,direct,4
445,QC,0,display,direct,3
446,QC,0,paid_social,direct,5
447,BC,0,paid_search,email,2
448,Atlantic,0,affiliate,affiliate,2
449,Prairies,0,display,paid_search,2
450,Atlantic,0,direct,email,4
451,Atlantic,0,display,email,4
452,ON,0,paid_social,paid_social,2
453,Prairies,0,paid_social,direct,4
454,ON,0,paid_social,paid_search,7
455,ON,0,display,affiliate,4
456,AB,0,paid_search,paid_search,4
457,AB,0,paid_social,email,6
458,Atlantic,0,display,direct,3
459,Atlantic,0,display,direct,3
460,BC,0,paid_social,direct,3
461,Prairies,0,affiliate,direct,3
462,QC,0,organic_search,email,5
463,ON,0,paid_search,display,4
464,AB,0,paid_social,email,5
465,BC,0,organic_search,paid_social,3
466,AB,0,email,affiliate,5
467,AB,0,paid_search,display,5
468,Atlantic,0,display,paid_search,5
469,AB,0,paid_social,direct,6
470,Prairies,1,email,paid_search,4
471,Atlantic,0,paid_social,direct,5
472,QC,1,paid_social,direct,4
473,Atlantic,0,organic_search,affiliate,4
474,QC,0,display,paid_search,2
475,AB,0,paid_social,paid_search,5
476,AB,0,affiliate,affiliate,2
477,Prairies,0,direct,direct,1
478,QC,0,paid_search,paid_search,4
479,BC,0,paid_search,organic_search,3
480,AB,0,organic_search,affiliate,3
481,BC,1,organic_search,direct,5
482,BC,0,affiliate,display,5
483,QC,0,paid_search,affiliate,3
484,AB,0,paid_social,organic_search,5
485,Prairies,0,paid_social,direct,2
486,Atlantic,0,display,organic_search,3
487,Atlantic,1,paid_social,organic_search,5
488,AB,0,display,affiliate,4
489,Prairies,0,paid_search,affiliate,2
490,ON,1,email,email,5
491,ON,0,paid_social,paid_social,1
492,Prairies,0,display,direct,3
493,Atlantic,1,organic_search,paid_search,3
494,BC,0,affiliate,paid_search,3
495,BC,0,display,direct,6
496,AB,0,display,direct,4
497,AB,0,affiliate,paid_search,4
498,QC,0,direct,affiliate,4
499,AB,0,affiliate,affiliate,1
500,Atlantic,0,organic_search,email,3
501,QC,0,email,email,1
502,ON,0,display,organic_search,2
503,ON,0,organic_search,organic_search,1
504,Atlantic,0,affiliate,direct,3
505,AB,0,direct,affiliate,3
506,BC,0,affiliate,affiliate,4
507,QC,0,paid_social,direct,2
508,AB,0,paid_social,direct,5
509,Prairies,1,display,direct,4
510,Prairies,1,organic_search,direct,2
511,BC,0,paid_social,direct,3
512,ON,0,display,organic_search,6
513,BC,0,display,direct,5
514,Atlantic,0,paid_search,paid_search,1
515,Prairies,1,paid_search,paid_search,1
516,Prairies,0,display,organic_search,4
517,Atlantic,0,organic_search,direct,5
518,Prairies,0,affiliate,direct,2
519,ON,0,paid_social,affiliate,4
520,Prairies,0,affiliate,affiliate,7
521,AB,0,paid_search,paid_search,4
522,ON,0,display,paid_search,5
523,ON,0,direct,affiliate,5
524,Prairies,0,display,affiliate,3
525,AB,0,paid_social,email,4
526,Prairies,0,organic_search,affiliate,2
527,BC,0,organic_search,paid_search,4
528,AB,0,paid_social,direct,5
529,BC,0,paid_search,affiliate,3
530,Atlantic,0,paid_social,direct,3
531,QC,1,paid_social,organic_search,4
532,QC,0,organic_search,email,2
533,ON,0,direct,affiliate,3
534,BC,0,paid_social,affiliate,3
535,Atlantic,1,display,paid_search,4
536,BC,0,paid_social,paid_search,3
537,Prairies,0,direct,direct,4
538,ON,0,paid_social,paid_social,3
539,AB,0,paid_search,paid_search,1
540,QC,0,display,direct,2
541,ON,0,organic_search,direct,2
542,ON,0,paid_search,email,2
543,ON,0,organic_search,paid_search,2
544,ON,1,direct,direct,1
545,Atlantic,0,paid_social,display,5
546,AB,0,organic_search,display,6
547,QC,1,display,affiliate,5
548,QC,0,display,paid_search,3
549,Prairies,0,affiliate,affiliate,8
550,Atlantic,0,email,affiliate,3
551,QC,0,email,paid_search,6
552,Prairies,0,display,paid_social,4
553,Atlantic,0,paid_search,display,2
554,AB,0,display,email,2
555,ON,0,organic_search,organic_search,4
556,AB,0,paid_social,display,4
557,Prairies,0,display,display,1
558,QC,0,paid_search,organic_search,3
559,Prairies,0,affiliate,paid_social,2
560,QC,0,email,email,1
561,AB,1,display,email,3
562,Prairies,0,display,organic_search,8
563,Prairies,0,paid_social,email,6
564,Atlantic,1,paid_search,organic_search,6
565,BC,0,direct,email,4
566,AB,0,direct,direct,5
567,ON,0,paid_social,paid_search,5
568,Atlantic,0,paid_social,paid_search,4
569,ON,0,display,display,6
570,ON,0,direct,direct,3
571,QC,0,display,display,7
572,BC,0,paid_social,email,2
573,ON,0,affiliate,direct,2
574,ON,0,organic_search,email,3
575,AB,0,direct,organic_search,2
576,Atlantic,0,paid_search,email,3
577,BC,0,direct,direct,1
578,AB,0,direct,organic_search,6
579,ON,0,affiliate,paid_search,2
580,AB,0,display,organic_search,5
581,Prairies,0,affiliate,paid_social,3
582,Atlantic,0,paid_search,email,2
583,Atlantic,0,paid_social,organic_search,6
584,Prairies,1,paid_social,email,9
585,AB,0,email,organic_search,3
586,Atlantic,1,display,direct,4
587,BC,0,direct,direct,2
588,ON,1,display,paid_search,5
589,AB,0,paid_social,affiliate,5
590,BC,0,paid_social,direct,8
591,AB,0,affiliate,affiliate,3
592,BC,0,organic_search,paid_search,2
593,ON,0,direct,direct,7
594,QC,0,affiliate,paid_search,3
595,QC,0,display,organic_search,3
596,AB,1,direct,affiliate,2
597,BC,0,paid_search,paid_social,2
598,QC,0,paid_social,email,6
599,Prairies,0,paid_social,email,5
600,Atlantic,0,paid_social,paid_search,4
601,AB,0,paid_search,direct,3
602,AB,0,paid_search,paid_search,2
603,QC,0,paid_search,email,4
604,ON,0,paid_social,affiliate,5
605,Prairies,0,display,affiliate,4
606,QC,0,direct,direct,3
607,AB,0,display,direct,2
608,Atlantic,0,paid_social,affiliate,4
609,Prairies,0,organic_search,paid_search,5
610,Atlantic,0,display,email,3
611,QC,0,paid_social,affiliate,2
612,AB,0,organic_search,affiliate,3
613,AB,0,paid_social,paid_search,4
614,ON,0,paid_search,paid_search,2
615,Atlantic,0,display,direct,3
616,Atlantic,0,paid_social,email,3
617,AB,0,display,direct,2
618,Atlantic,0,organic_search,paid_search,3
619,ON,0,paid_social,paid_search,3
620,QC,0,direct,direct,1
621,Prairies,0,paid_search,affiliate,3
622,ON,0,affiliate,affiliate,1
623,Atlantic,0,organic_search,affiliate,4
624,AB,0,paid_search,organic_search,2
625,Atlantic,0,paid_social,organic_search,3
626,AB,0,affiliate,paid_social,3
627,ON,0,organic_search,direct,2
628,BC,0,direct,organic_search,5
629,QC,0,paid_social,email,4
630,AB,0,display,direct,4
631,AB,0,display,email,6
632,Atlantic,0,organic_search,direct,2
633,ON,1,paid_social,affiliate,5
634,Prairies,0,display,direct,3
635,BC,0,paid_search,direct,3
636,Atlantic,0,paid_social,paid_search,6
637,AB,0,display,email,5
638,Prairies,0,paid_social,direct,2
639,BC,0,display,affiliate,3
640,QC,0,direct,paid_search,4
641,Prairies,0,organic_search,paid_search,4
642,QC,0,paid_social,direct,2
643,AB,0,organic_search,direct,4
644,QC,0,display,paid_search,6
645,AB,0,paid_social,email,3
646,ON,0,paid_search,email,4
647,ON,0,display,email,5
648,Prairies,0,display,paid_social,6
649,Atlantic,0,paid_social,paid_search,6
650,AB,0,affiliate,direct,4
651,Prairies,0,organic_search,paid_search,2
652,AB,0,organic_search,organic_search,1
653,AB,1,paid_social,email,2
654,Atlantic,1,organic_search,affiliate,4
655,AB,0,affiliate,paid_search,4
656,BC,0,organic_search,email,3
657,QC,0,affiliate,organic_search,5
658,AB,0,display,direct,4
659,QC,0,direct,email,5
660,AB,0,display,direct,2
661,BC,1,display,organic_search,5
662,Atlantic,0,paid_search,affiliate,4
663,BC,1,affiliate,paid_search,2
664,AB,0,paid_search,email,3
665,Prairies,0,paid_search,email,3
666,Prairies,0,display,email,3
667,BC,0,paid_social,organic_search,3
668,QC,1,affiliate,affiliate,4
669,AB,1,direct,email,2
670,Prairies,0,direct,email,3
671,QC,0,organic_search,email,2
672,BC,0,display,email,3
673,ON,0,organic_search,paid_social,2
674,AB,0,display,paid_search,2
675,ON,0,email,email,1
676,QC,0,affiliate,organic_search,9
677,AB,0,display,affiliate,2
678,ON,0,display,organic_search,3
679,BC,0,paid_search,email,5
680,ON,0,paid_search,affiliate,4
681,AB,1,display,display,6
682,QC,0,paid_social,direct,5
683,AB,0,paid_social,paid_search,4
684,Atlantic,0,paid_search,paid_search,4
685,BC,0,organic_search,direct,5
686,QC,0,affiliate,affiliate,1
687,BC,0,paid_social,email,3
688,BC,0,paid_social,paid_search,3
689,AB,0,organic_search,email,6
690,AB,0,display,direct,3
691,BC,0,direct,paid_search,2
692,QC,0,display,organic_search,2
693,Atlantic,0,paid_social,paid_social,4
694,QC,0,organic_search,direct,4
695,BC,0,display,paid_search,2
696,Prairies,1,organic_search,paid_search,6
697,BC,0,organic_search,paid_search,3
698,ON,0,organic_search,paid_search,6
699,Atlantic,1,paid_social,paid_search,4
700,ON,0,paid_social,direct,3
701,ON,0,display,affiliate,3
702,AB,0,affiliate,direct,2
703,Atlantic,0,display,organic_search,3
704,AB,0,paid_search,direct,4
705,ON,0,display,email,2
706,ON,0,paid_social,display,3
707,ON,0,paid_search,paid_search,1
708,Atlantic,0,paid_search,email,5
709,AB,0,affiliate,paid_search,2
710,Prairies,0,paid_search,affiliate,5
711,AB,0,paid_social,direct,2
712,QC,1,paid_search,email,7
713,ON,1,paid_social,paid_search,5
714,Atlantic,0,affiliate,direct,2
715,Atlantic,0,paid_social,direct,3
716,Prairies,0,organic_search,email,2
717,BC,0,affiliate,affiliate,1
718,Atlantic,0,paid_search,email,2
719,Prairies,0,email,direct,3
720,BC,0,direct,direct,1
721,ON,0,display,affiliate,3
722,ON,0,display,paid_search,4
723,Atlantic,0,paid_social,paid_search,3
724,AB,0,organic_search,organic_search,3
725,BC,0,display,email,3
726,AB,0,paid_search,direct,4
727,AB,0,display,affiliate,3
728,BC,0,affiliate,display,3
729,Prairies,1,paid_search,email,4
730,Atlantic,0,paid_social,email,6
731,AB,0,direct,paid_search,4
732,QC,0,paid_social,direct,3
733,ON,1,paid_social,paid_search,5
734,BC,0,affiliate,paid_social,3
735,Prairies,0,paid_social,direct,3
736,Prairies,1,paid_search,email,4
737,BC,0,organic_search,direct,2
738,ON,0,organic_search,email,3
739,AB,0,paid_social,paid_search,2
740,Atlantic,0,paid_social,direct,4
741,ON,0,display,email,3
742,Prairies,0,display,direct,4
743,BC,0,affiliate,display,2
744,QC,0,paid_social,email,2
745,ON,0,paid_social,organic_search,4
746,ON,0,affiliate,direct,4
747,QC,0,paid_social,affiliate,3
748,BC,0,display,direct,3
749,QC,0,display,paid_search,6
750,QC,0,paid_social,organic_search,2
751,Atlantic,0,paid_social,paid_search,3
752,ON,0,affiliate,paid_search,5
753,ON,0,paid_social,organic_search,3
754,Prairies,0,paid_social,organic_search,3
755,QC,0,direct,direct,1
756,QC,0,paid_social,direct,2
757,ON,0,paid_social,email,2
758,Atlantic,0,display,direct,3
759,Prairies,1,paid_search,email,2
760,Atlantic,0,paid_social,email,4
761,BC,0,paid_search,affiliate,3
762,Prairies,0,email,direct,4
763,Atlantic,1,paid_search,organic_search,3
764,QC,0,display,email,4
765,QC,0,organic_search,paid_search,2
766,ON,1,display,email,6
767,BC,0,display,paid_search,2
768,QC,1,display,paid_search,5
769,QC,0,organic_search,direct,2
770,BC,0,email,email,1
771,Prairies,0,paid_social,direct,3
772,QC,0,paid_social,affiliate,2
773,QC,0,display,direct,3
774,QC,0,display,display,3
775,Atlantic,0,display,paid_search,3
776,BC,0,organic_search,paid_social,4
777,Prairies,1,display,affiliate,6
778,Atlantic,0,direct,email,3
779,Atlantic,0,paid_social,paid_search,2
780,Prairies,0,display,direct,4
781,BC,0,paid_search,paid_search,4
782,Atlantic,0,paid_social,direct,4
783,BC,0,organic_search,organic_search,5
784,AB,0,display,direct,5
785,QC,0,organic_search,affiliate,2
786,Atlantic,0,paid_social,direct,3
787,BC,1,email,direct,6
788,AB,0,organic_search,direct,3
789,BC,0,paid_social,display,2
790,QC,0,paid_search,direct,3
791,QC,0,paid_search,direct,4
792,QC,0,display,direct,5
793,BC,0,paid_social,direct,3
794,AB,0,organic_search,direct,4
795,QC,0,paid_search,paid_search,3
796,QC,0,paid_search,affiliate,2
797,AB,0,direct,email,3
798,Atlantic,0,affiliate,direct,4
799,Prairies,1,paid_social,email,3
800,ON,0,paid_social,organic_search,3
801,ON,0,display,email,10
802,Prairies,0,organic_search,email,5
803,AB,1,paid_search,paid_social,5
804,QC,0,display,direct,7
805,Atlantic,1,display,direct,4
806,Prairies,0,affiliate,affiliate,4
807,BC,0,paid_search,direct,4
808,QC,0,paid_social,direct,4
809,QC,0,direct,direct,1
810,ON,0,organic_search,paid_search,2
811,AB,0,display,paid_search,3
812,Atlantic,0,paid_search,organic_search,2
813,BC,0,organic_search,organic_search,1
814,ON,0,email,email,1
815,BC,0,organic_search,direct,4
816,BC,0,display,email,4
817,Prairies,0,organic_search,direct,4
818,Prairies,0,display,affiliate,3
819,QC,0,organic_search,direct,4
820,Prairies,0,paid_social,paid_search,5
821,QC,0,paid_social,direct,2
822,ON,0,direct,direct,1
823,ON,0,email,affiliate,3
824,AB,0,display,email,3
825,Prairies,0,organic_search,paid_search,3
826,ON,0,email,direct,4
827,Atlantic,0,display,direct,4
828,AB,1,paid_social,email,4
829,BC,0,paid_social,affiliate,3
830,ON,0,display,direct,5
831,QC,0,affiliate,email,6
832,BC,0,paid_social,email,3
833,Atlantic,0,display,direct,2
834,ON,0,paid_search,paid_search,1
835,QC,1,affiliate,email,4
836,Atlantic,0,paid_social,paid_search,4
837,BC,0,display,direct,3
838,ON,0,paid_search,direct,3
839,ON,0,email,email,1
840,AB,0,paid_search,paid_search,1
841,Prairies,0,display,paid_social,4
842,ON,0,organic_search,paid_search,6
843,QC,0,display,affiliate,3
844,ON,0,paid_search,email,2
845,Atlantic,0,direct,direct,1
846,Prairies,1,email,paid_social,4
847,BC,0,paid_search,direct,2
848,QC,0,paid_social,email,6
849,Prairies,0,paid_social,direct,2
850,ON,0,organic_search,email,2
851,AB,0,paid_search,direct,4
852,BC,0,display,email,3
853,ON,0,paid_search,organic_search,6
854,AB,0,display,email,4
855,QC,0,affiliate,paid_search,2
856,BC,1,email,paid_search,4
857,QC,0,display,organic_search,3
858,Prairies,0,display,paid_search,2
859,Prairies,0,paid_search,organic_search,8
860,Prairies,0,display,direct,3
861,BC,0,paid_search,direct,3
862,BC,0,organic_search,direct,5
863,Prairies,0,paid_social,organic_search,2
864,BC,0,paid_social,paid_search,2
865,QC,0,organic_search,direct,5
866,BC,0,paid_search,direct,6
867,BC,0,direct,paid_search,5
868,QC,0,paid_search,affiliate,2
869,QC,1,paid_search,organic_search,3
870,Atlantic,0,paid_social,paid_social,5
871,ON,0,organic_search,email,5
872,Atlantic,0,display,direct,3
873,QC,0,paid_social,direct,3
874,QC,0,display,direct,5
875,Atlantic,0,display,email,2
876,Atlantic,0,display,email,8
877,Prairies,0,organic_search,email,2
878,QC,0,paid_social,email,3
879,BC,1,organic_search,direct,3
880,ON,1,paid_social,email,3
881,BC,0,display,direct,4
882,Atlantic,0,paid_social,paid_search,2
883,QC,0,paid_social,email,9
884,Prairies,0,paid_search,paid_search,1
885,AB,0,paid_social,paid_search,3
886,Atlantic,0,organic_search,direct,2
887,QC,0,paid_search,email,2
888,QC,0,paid_social,email,4
889,AB,0,paid_search,organic_search,2
890,BC,0,organic_search,paid_search,4
891,BC,0,organic_search,paid_search,6
892,ON,0,organic_search,affiliate,4
893,AB,0,organic_search,direct,6
894,QC,0,display,organic_search,3
895,BC,0,display,email,4
896,Atlantic,0,paid_social,direct,4
897,AB,0,display,affiliate,3
898,QC,0,organic_search,affiliate,6
899,AB,0,display,display,5
900,BC,1,display,email,5
901,Prairies,1,direct,direct,5
902,Atlantic,0,paid_social,direct,3
903,ON,0,paid_search,paid_search,2
904,Prairies,0,direct,direct,4
905,ON,1,email,paid_search,3
906,Prairies,0,direct,affiliate,5
907,BC,0,paid_search,direct,2
908,ON,0,direct,direct,1
909,ON,0,organic_search,paid_search,3
910,AB,0,paid_social,direct,3
911,AB,0,display,email,5
912,Prairies,0,paid_search,direct,3
913,Atlantic,0,affiliate,paid_search,2
914,ON,0,organic_search,email,5
915,Prairies,0,organic_search,affiliate,6
916,ON,0,display,email,5
917,ON,0,paid_social,direct,4
918,QC,0,display,email,3
919,BC,0,paid_search,direct,3
920,AB,0,affiliate,affiliate,5
921,Atlantic,0,display,direct,4
922,ON,0,paid_search,email,2
923,QC,0,paid_social,direct,3
924,Atlantic,0,organic_search,paid_search,3
925,ON,0,organic_search,affiliate,3
926,BC,0,display,direct,4
927,Prairies,0,paid_social,email,4
928,Atlantic,0,paid_social,display,2
929,Atlantic,0,organic_search,paid_search,2
930,Atlantic,0,email,direct,5
931,Prairies,0,paid_social,organic_search,5
932,Atlantic,0,display,paid_search,2
933,ON,0,paid_search,organic_search,5
934,AB,0,organic_search,organic_search,1
935,QC,0,display,organic_search,2
936,QC,0,paid_social,affiliate,3
937,QC,0,display,organic_search,5
938,QC,0,affiliate,direct,4
939,QC,0,direct,affiliate,3
940,Prairies,0,display,email,3
941,QC,1,direct,paid_search,3
942,BC,0,affiliate,paid_search,2
943,Atlantic,0,display,email,4
944,BC,0,display,direct,3
945,Atlantic,0,affiliate,paid_search,4
946,AB,0,affiliate,paid_search,2
947,QC,0,display,paid_search,3
948,BC,0,paid_social,email,6
949,Atlantic,1,display,paid_search,5
950,BC,0,display,email,2
951,Prairies,0,organic_search,paid_social,2
952,Prairies,0,display,paid_search,4
953,Atlantic,0,display,affiliate,3
954,Prairies,0,organic_search,direct,3
955,Atlantic,0,email,email,1
956,Atlantic,0,display,email,7
957,Prairies,0,direct,direct,6
958,BC,0,affiliate,direct,2
959,QC,0,organic_search,paid_search,5
960,QC,0,paid_search,direct,5
961,ON,0,direct,paid_search,5
962,Atlantic,0,paid_social,affiliate,4
963,QC,1,display,paid_social,3
964,Atlantic,0,organic_search,paid_social,5
965,Atlantic,1,display,direct,5
966,Atlantic,0,display,affiliate,2
967,BC,0,affiliate,paid_search,2
968,Atlantic,0,direct,direct,3
969,Prairies,0,display,direct,5
970,AB,0,paid_search,display,5
971,QC,0,direct,affiliate,2
972,Prairies,0,paid_social,direct,3
973,AB,1,organic_search,email,4
974,QC,0,paid_social,direct,6
975,Atlantic,0,display,direct,5
976,Prairies,0,display,organic_search,4
977,QC,0,paid_social,paid_search,3
978,Atlantic,1,display,paid_social,6
979,Prairies,0,affiliate,paid_search,5
980,ON,0,paid_social,direct,5
981,Prairies,1,email,paid_search,5
982,Atlantic,0,display,email,5
983,Prairies,0,organic_search,paid_social,5
984,ON,0,paid_social,email,3
985,AB,0,display,direct,5
986,Prairies,0,affiliate,direct,6
987,ON,0,paid_social,paid_search,2
988,AB,0,organic_search,email,6
989,BC,0,direct,email,4
990,Prairies,0,display,organic_search,4
991,ON,0,organic_search,direct,3
992,BC,1,paid_social,paid_social,6
993,Atlantic,0,paid_search,affiliate,2
994,Atlantic,0,paid_search,paid_search,4
995,QC,0,paid_social,organic_search,7
996,Atlantic,0,organic_search,direct,6
997,Prairies,0,organic_search,paid_search,3
998,QC,0,organic_search,email,4
999,AB,0,organic_search,display,5
1000,AB,0,display,direct,5
1001,BC,0,paid_social,organic_search,3
1002,ON,0,paid_social,paid_search,5
1003,QC,0,display,organic_search,4
1004,Atlantic,0,display,paid_social,4
1005,AB,0,direct,direct,1
1006,AB,1,paid_search,email,2
1007,Atlantic,1,paid_social,email,4
1008,Prairies,0,organic_search,paid_social,3
1009,Prairies,0,direct,paid_search,3
1010,ON,0,paid_search,direct,6
1011,BC,0,paid_search,direct,5
1012,QC,0,organic_search,organic_search,1
1013,ON,0,paid_search,affiliate,5
1014,Atlantic,0,organic_search,direct,5
1015,ON,0,email,email,1
1016,BC,0,display,organic_search,3
1017,AB,0,email,direct,3
1018,Prairies,1,display,paid_search,3
1019,AB,1,direct,email,2
1020,QC,0,display,organic_search,2
1021,Atlantic,0,direct,direct,1
1022,AB,0,paid_search,organic_search,3
1023,Prairies,0,paid_social,paid_search,2
1024,QC,0,paid_social,direct,4
1025,ON,1,affiliate,email,5
1026,Prairies,1,display,paid_search,4
1027,ON,1,paid_social,direct,4
1028,AB,0,display,affiliate,4
1029,AB,0,display,direct,3
1030,Prairies,0,organic_search,email,5
1031,Atlantic,0,paid_search,paid_social,3
1032,ON,0,email,organic_search,5
1033,AB,0,direct,direct,1
1034,BC,0,email,email,1
1035,AB,0,direct,direct,1
1036,Atlantic,0,display,direct,5
1037,Atlantic,0,paid_search,affiliate,3
1038,AB,0,organic_search,affiliate,4
1039,BC,0,organic_search,email,4
1040,QC,0,organic_search,paid_social,5
1041,AB,1,display,direct,7
1042,ON,1,display,direct,7
1043,Atlantic,0,organic_search,paid_search,7
1044,BC,1,display,affiliate,5
1045,BC,0,organic_search,direct,6
1046,Atlantic,0,paid_social,email,5
1047,ON,1,organic_search,affiliate,4
1048,Atlantic,0,paid_search,email,2
1049,QC,0,organic_search,display,2
1050,AB,0,display,direct,5
1051,BC,0,email,email,1
1052,AB,0,display,paid_social,4
1053,QC,0,display,email,3
1054,Atlantic,1,paid_search,paid_search,6
1055,QC,0,paid_search,paid_search,1
1056,BC,1,display,email,4
1057,Atlantic,0,paid_social,email,3
1058,Prairies,0,direct,direct,1
1059,AB,0,email,paid_search,2
1060,BC,0,organic_search,direct,5
1061,Atlantic,0,direct,organic_search,2
1062,AB,1,email,email,5
1063,QC,1,display,direct,5
1064,BC,0,paid_search,paid_social,2
1065,ON,0,display,direct,5
1066,Atlantic,1,organic_search,affiliate,3
1067,Atlantic,0,affiliate,direct,3
1068,ON,0,organic_search,affiliate,3
1069,ON,0,direct,direct,3
1070,QC,0,organic_search,email,3
1071,AB,0,display,affiliate,3
1072,BC,0,paid_social,paid_search,3
1073,Atlantic,0,paid_search,email,4
1074,AB,0,display,email,8
1075,ON,0,paid_social,affiliate,3
1076,Atlantic,0,paid_search,direct,2
1077,Prairies,0,paid_social,display,3
1078,BC,0,paid_search,affiliate,4
1079,Atlantic,0,paid_social,direct,2
1080,BC,0,display,affiliate,2
1081,AB,0,organic_search,organic_search,1
1082,ON,0,organic_search,direct,2
1083,Atlantic,0,display,affiliate,6
1084,Atlantic,0,affiliate,affiliate,3
1085,BC,1,organic_search,direct,5
1086,Prairies,0,paid_social,paid_search,3
1087,Atlantic,0,paid_social,paid_search,6
1088,AB,0,paid_social,paid_search,4
1089,Atlantic,0,display,direct,9
1090,QC,0,display,paid_search,5
1091,Prairies,0,display,direct,2
1092,Prairies,0,paid_social,direct,8
1093,Prairies,0,display,paid_search,2
1094,Prairies,0,display,organic_search,5
1095,BC,0,paid_search,direct,2
1096,AB,0,email,paid_social,2
1097,QC,0,display,direct,2
1098,AB,0,direct,direct,1
1099,Atlantic,0,paid_social,organic_search,3
1100,Prairies,1,paid_search,organic_search,2
1101,BC,1,display,direct,3
1102,Atlantic,0,display,direct,6
1103,AB,1,direct,organic_search,7
1104,QC,0,paid_social,email,6
1105,QC,0,paid_social,paid_search,2
1106,BC,0,paid_social,display,4
1107,BC,0,organic_search,affiliate,3
1108,QC,0,affiliate,email,4
1109,AB,0,organic_search,direct,4
1110,BC,0,paid_social,organic_search,2
1111,AB,0,paid_search,email,2
1112,Atlantic,0,display,email,3
1113,QC,0,direct,paid_search,2
1114,Atlantic,0,organic_search,paid_search,6
1115,Atlantic,0,display,paid_search,4
1116,AB,0,paid_search,email,4
1117,QC,0,direct,direct,1
1118,BC,0,affiliate,paid_social,5
1119,ON,1,display,paid_social,2
1120,BC,0,display,direct,5
1121,ON,0,paid_search,paid_search,1
1122,BC,0,organic_search,paid_search,3
1123,Atlantic,0,paid_search,email,3
1124,Prairies,0,direct,direct,3
1125,QC,0,email,paid_search,4
1126,BC,0,email,email,2
1127,ON,0,email,paid_search,2
1128,Prairies,0,paid_social,direct,2
1129,Prairies,0,paid_search,paid_search,1
1130,AB,0,paid_social,paid_search,3
1131,BC,0,paid_social,direct,5
1132,AB,0,paid_social,affiliate,3
1133,QC,0,paid_search,direct,8
1134,AB,0,display,email,4
1135,AB,0,affiliate,affiliate,4
1136,BC,0,paid_search,paid_search,1
1137,QC,1,direct,direct,1
1138,BC,0,affiliate,direct,3
1139,QC,0,display,paid_search,3
1140,Prairies,0,display,organic_search,4
1141,BC,0,direct,affiliate,4
1142,AB,0,direct,affiliate,6
1143,QC,0,paid_social,direct,7
1144,AB,0,paid_search,paid_search,6
1145,Atlantic,0,direct,direct,5
1146,ON,0,paid_search,affiliate,2
1147,ON,0,display,affiliate,4
1148,QC,0,paid_search,affiliate,3
1149,Atlantic,0,paid_social,direct,2
1150,Atlantic,0,paid_social,paid_social,2
1151,QC,0,display,direct,6
1152,Atlantic,0,direct,affiliate,2
1153,BC,0,organic_search,paid_search,2
1154,BC,0,display,direct,2
1155,AB,0,display,paid_social,4
1156,BC,0,display,affiliate,5
1157,AB,0,paid_social,direct,2
1158,AB,0,display,email,5
1159,Prairies,0,organic_search,direct,6
1160,AB,1,organic_search,affiliate,6
1161,Atlantic,0,paid_social,email,3
1162,Atlantic,0,organic_search,organic_search,6
1163,ON,0,display,direct,4
1164,Prairies,0,organic_search,organic_search,1
1165,AB,0,direct,direct,1
1166,Prairies,1,paid_social,direct,2
1167,QC,0,paid_social,email,4
1168,BC,0,affiliate,direct,5
1169,Atlantic,0,affiliate,organic_search,6
1170,BC,0,display,email,5
1171,QC,0,paid_social,direct,3
1172,QC,0,organic_search,direct,3
1173,AB,0,paid_social,paid_search,3
1174,Atlantic,1,display,email,6
1175,ON,0,affiliate,organic_search,2
1176,Atlantic,0,paid_search,paid_search,1
1177,Prairies,1,organic_search,paid_search,5
1178,BC,0,organic_search,direct,3
1179,QC,1,organic_search,direct,5
1180,BC,1,affiliate,direct,4
1181,Atlantic,0,paid_social,direct,4
1182,Atlantic,0,display,email,4
1183,Prairies,0,organic_search,email,2
1184,QC,0,display,affiliate,4
1185,AB,1,direct,direct,1
1186,Atlantic,1,paid_social,affiliate,6
1187,AB,0,organic_search,organic_search,2
1188,BC,0,paid_social,affiliate,2
1189,QC,0,display,organic_search,3
1190,Prairies,0,affiliate,affiliate,4
1191,BC,0,display,email,2
1192,AB,0,paid_social,affiliate,2
1193,QC,0,paid_search,direct,6
1194,ON,0,paid_search,affiliate,5
1195,BC,0,display,organic_search,3
1196,AB,0,affiliate,affiliate,2
1197,AB,1,display,paid_social,9
1198,Atlantic,0,paid_social,affiliate,4
1199,QC,0,paid_social,organic_search,4
1200,QC,0,paid_social,organic_search,5
1201,QC,0,direct,direct,1
1202,BC,0,organic_search,affiliate,4
1203,QC,0,display,paid_search,2
1204,AB,0,direct,direct,1
1205,QC,0,direct,direct,5
1206,BC,1,organic_search,organic_search,4
1207,Atlantic,0,display,direct,6
1208,BC,0,affiliate,direct,3
1209,AB,0,paid_search,paid_search,3
1210,AB,0,paid_social,affiliate,4
1211,QC,0,display,email,3
1212,ON,0,paid_social,paid_search,2
1213,Atlantic,0,organic_search,email,2
1214,ON,0,paid_search,paid_search,6
1215,QC,0,paid_social,direct,4
1216,BC,0,affiliate,email,4
1217,ON,0,organic_search,affiliate,3
1218,Atlantic,0,organic_search,paid_search,3
1219,AB,0,display,organic_search,2
1220,AB,0,paid_social,direct,5
1221,BC,0,display,paid_search,3
1222,AB,0,paid_social,paid_social,3
1223,Atlantic,0,display,direct,3
1224,ON,0,direct,direct,1
1225,Atlantic,0,paid_search,direct,3
1226,AB,0,display,display,3
1227,QC,0,paid_search,paid_search,1
1228,QC,0,display,direct,2
1229,Prairies,0,paid_social,paid_search,11
1230,BC,0,paid_social,display,2
1231,QC,0,paid_social,paid_search,3
1232,Prairies,0,paid_social,email,3
1233,ON,0,paid_search,paid_search,4
1234,ON,0,display,paid_search,4
1235,AB,0,organic_search,direct,4
1236,ON,0,paid_search,email,5
1237,BC,0,affiliate,direct,5
1238,BC,0,paid_social,direct,7
1239,BC,0,paid_search,email,2
1240,Atlantic,0,display,organic_search,4
1241,Atlantic,0,paid_social,direct,3
1242,AB,0,display,affiliate,2
1243,Prairies,0,organic_search,direct,2
1244,Atlantic,0,affiliate,email,5
1245,AB,0,display,paid_search,3
1246,AB,0,display,affiliate,4
1247,ON,0,display,direct,3
1248,Atlantic,0,paid_social,email,5
1249,ON,0,affiliate,organic_search,3
1250,AB,0,email,email,2
1251,ON,0,direct,display,6
1252,ON,0,affiliate,affiliate,4
1253,AB,0,direct,direct,3
1254,Prairies,0,display,email,5
1255,Atlantic,1,direct,paid_search,4
1256,QC,0,paid_search,paid_search,3
1257,BC,0,direct,direct,2
1258,ON,0,organic_search,display,6
1259,BC,0,display,email,3
1260,BC,0,affiliate,paid_search,4
1261,QC,0,organic_search,paid_social,3
1262,BC,0,display,affiliate,3
1263,ON,0,paid_social,affiliate,4
1264,AB,0,paid_social,paid_social,4
1265,QC,0,display,direct,4
1266,QC,0,organic_search,paid_search,3
1267,AB,0,direct,direct,4
1268,Prairies,0,display,direct,2
1269,BC,1,email,email,5
1270,QC,0,display,direct,5
1271,QC,0,paid_social,direct,3
1272,Prairies,0,organic_search,paid_search,3
1273,Atlantic,0,affiliate,paid_search,5
1274,QC,1,email,display,2
1275,QC,0,paid_search,organic_search,7
1276,QC,0,paid_social,organic_search,2
1277,Prairies,0,display,organic_search,4
1278,ON,0,display,direct,2
1279,BC,0,paid_social,paid_search,4
1280,BC,0,direct,direct,1
1281,ON,0,paid_search,paid_social,8
1282,AB,0,display,direct,3
1283,Prairies,0,paid_search,paid_search,1
1284,QC,0,affiliate,direct,2
1285,QC,0,display,organic_search,3
1286,BC,1,organic_search,organic_search,2
1287,Prairies,0,direct,paid_social,4
1288,Prairies,1,paid_social,display,3
1289,AB,0,organic_search,paid_social,5
1290,Atlantic,0,paid_search,organic_search,4
1291,BC,0,organic_search,paid_search,4
1292,Prairies,0,display,direct,5
1293,Atlantic,0,display,organic_search,4
1294,ON,0,organic_search,paid_search,2
1295,BC,0,direct,direct,2
1296,AB,0,affiliate,affiliate,1
1297,QC,0,display,affiliate,2
1298,Atlantic,0,organic_search,organic_search,7
1299,AB,0,affiliate,direct,4
1300,Prairies,0,affiliate,direct,6
1301,ON,0,organic_search,organic_search,4
1302,Prairies,0,display,direct,2
1303,AB,0,organic_search,affiliate,4
1304,BC,0,paid_social,direct,2
1305,BC,0,organic_search,organic_search,4
1306,ON,0,paid_search,paid_search,1
1307,ON,0,display,direct,4
1308,QC,1,email,direct,5
1309,Atlantic,0,paid_search,paid_social,5
1310,Atlantic,1,organic_search,organic_search,3
1311,Atlantic,0,email,email,1
1312,Prairies,0,display,direct,4
1313,ON,0,display,email,2
1314,QC,0,direct,paid_search,3
1315,BC,0,paid_search,email,2
1316,ON,1,organic_search,direct,9
1317,AB,0,display,paid_search,3
1318,Prairies,0,paid_search,email,9
1319,AB,0,display,paid_search,4
1320,Prairies,0,paid_search,paid_search,4
1321,Prairies,0,paid_social,affiliate,3
1322,Prairies,0,paid_search,email,2
1323,AB,0,display,organic_search,3
1324,Prairies,1,paid_social,direct,5
1325,QC,0,direct,direct,1
1326,ON,0,organic_search,organic_search,2
1327,QC,1,paid_social,affiliate,4
1328,Atlantic,0,affiliate,display,2
1329,Atlantic,0,paid_search,direct,5
1330,ON,0,display,affiliate,7
1331,AB,0,organic_search,organic_search,3
1332,Atlantic,0,affiliate,email,2
1333,BC,1,organic_search,direct,6
1334,ON,0,display,display,5
1335,AB,0,paid_social,affiliate,4
1336,Atlantic,0,organic_search,paid_social,2
1337,Atlantic,1,paid_social,direct,4
1338,Prairies,0,paid_search,paid_search,5
1339,AB,0,organic_search,paid_search,3
1340,BC,0,paid_social,organic_search,4
1341,Atlantic,0,paid_social,direct,2
1342,BC,0,paid_social,email,4
1343,Atlantic,0,paid_social,direct,3
1344,ON,0,affiliate,paid_search,4
1345,ON,0,display,paid_social,3
1346,ON,0,email,email,1
1347,Prairies,1,display,display,1
1348,QC,0,paid_search,paid_social,2
1349,BC,0,organic_search,organic_search,1
1350,ON,0,email,direct,2
1351,QC,1,paid_search,email,2
1352,Prairies,0,paid_social,organic_search,5
1353,ON,0,direct,paid_search,7
1354,QC,0,affiliate,paid_social,4
1355,BC,0,display,paid_social,4
1356,ON,0,display,email,4
1357,ON,1,paid_social,paid_search,4
1358,Atlantic,0,paid_search,paid_search,4
1359,Atlantic,1,paid_social,organic_search,3
1360,Prairies,0,paid_search,direct,4
1361,AB,0,display,paid_search,5
1362,BC,0,paid_social,direct,3
1363,Prairies,0,organic_search,direct,6
1364,Atlantic,0,display,paid_search,2
1365,Prairies,0,organic_search,paid_search,4
1366,BC,0,display,paid_search,4
1367,Atlantic,1,display,affiliate,5
1368,ON,0,paid_social,paid_search,3
1369,QC,0,paid_search,paid_search,1
1370,QC,0,affiliate,email,2
1371,Prairies,0,paid_social,affiliate,4
1372,Prairies,0,paid_social,paid_social,4
1373,BC,1,affiliate,paid_social,9
1374,ON,1,affiliate,affiliate,3
1375,AB,0,affiliate,paid_search,2
1376,AB,0,display,direct,3
1377,Atlantic,0,affiliate,affiliate,5
1378,QC,0,organic_search,direct,6
1379,ON,0,paid_social,email,4
1380,Prairies,0,organic_search,direct,4
1381,QC,0,display,direct,5
1382,AB,0,paid_search,paid_search,1
1383,BC,0,affiliate,paid_search,6
1384,BC,0,affiliate,paid_search,4
1385,QC,0,display,email,3
1386,QC,0,organic_search,affiliate,3
1387,AB,0,display,paid_social,5
1388,ON,1,organic_search,email,4
1389,QC,0,display,direct,3
1390,Prairies,0,paid_social,direct,2
1391,BC,0,paid_search,paid_search,3
1392,Prairies,0,organic_search,direct,4
1393,BC,0,organic_search,affiliate,3
1394,Prairies,0,display,affiliate,2
1395,AB,1,paid_social,paid_search,3
1396,Prairies,0,paid_social,direct,3
1397,ON,0,direct,display,4
1398,ON,0,display,organic_search,5
1399,Prairies,0,paid_social,email,5
1400,QC,0,paid_social,paid_search,2
1401,Atlantic,0,organic_search,email,4
1402,AB,0,affiliate,affiliate,3
1403,QC,1,paid_search,display,6
1404,ON,0,affiliate,paid_search,6
1405,ON,0,affiliate,affiliate,4
1406,AB,0,display,direct,3
1407,BC,0,organic_search,paid_search,2
1408,QC,0,paid_social,organic_search,5
1409,Atlantic,0,email,email,2
1410,ON,0,display,direct,3
1411,ON,0,organic_search,direct,4
1412,BC,1,paid_social,email,3
1413,Prairies,1,paid_social,direct,4
1414,AB,0,affiliate,direct,4
1415,Prairies,0,organic_search,paid_search,4
1416,BC,0,organic_search,email,3
1417,Prairies,0,paid_search,affiliate,3
1418,BC,0,paid_social,direct,6
1419,Atlantic,1,email,organic_search,3
1420,BC,0,display,organic_search,4
1421,QC,1,paid_social,direct,5
1422,BC,0,paid_social,email,3
1423,AB,0,direct,direct,1
1424,ON,0,organic_search,paid_search,4
1425,ON,0,display,paid_social,3
1426,ON,0,paid_search,paid_search,3
1427,ON,0,paid_social,direct,3
1428,BC,0,display,paid_social,3
1429,BC,0,display,paid_search,2
1430,Prairies,0,affiliate,email,3
1431,BC,0,display,email,2
1432,Atlantic,0,paid_social,paid_social,6
1433,ON,0,paid_social,direct,2
1434,Prairies,0,affiliate,display,2
1435,AB,0,paid_search,organic_search,4
1436,ON,0,paid_social,direct,5
1437,Prairies,1,email,organic_search,3
1438,AB,0,organic_search,direct,6
1439,ON,0,direct,direct,5
1440,BC,0,display,email,3
1441,AB,0,paid_social,paid_social,1
1442,Prairies,0,paid_search,email,2
1443,Atlantic,0,display,organic_search,5
1444,BC,0,display,paid_search,2
1445,ON,0,paid_search,direct,4
1446,Atlantic,0,direct,direct,1
1447,BC,0,paid_search,paid_search,4
1448,Prairies,0,paid_search,affiliate,2
1449,Atlantic,0,display,email,3
1450,Prairies,0,organic_search,direct,4
1451,Atlantic,0,display,organic_search,2
1452,Prairies,0,display,email,5
1453,QC,0,direct,direct,1
1454,ON,0,display,direct,3
1455,Atlantic,0,display,email,2
1456,QC,0,paid_search,direct,2
1457,QC,0,display,direct,3
1458,Atlantic,0,display,affiliate,4
1459,Atlantic,0,paid_search,direct,2
1460,QC,0,display,direct,4
1461,BC,0,email,paid_search,5
1462,AB,0,organic_search,email,4
1463,ON,0,paid_search,direct,4
1464,Prairies,0,paid_social,email,2
1465,Prairies,0,display,paid_search,3
1466,AB,0,display,direct,4
1467,ON,0,email,organic_search,4
1468,QC,0,paid_social,affiliate,4
1469,BC,1,display,paid_social,2
1470,AB,0,display,paid_search,3
1471,Prairies,0,display,organic_search,5
1472,AB,0,display,direct,3
1473,ON,0,paid_social,organic_search,2
1474,QC,0,paid_social,direct,6
1475,Prairies,0,direct,affiliate,5
1476,Atlantic,0,paid_social,email,2
1477,QC,0,display,direct,4
1478,AB,0,display,paid_search,5
1479,QC,0,organic_search,affiliate,5
1480,Atlantic,0,direct,direct,1
1481,QC,0,display,display,5
1482,BC,0,organic_search,email,5
1483,QC,0,paid_search,paid_search,3
1484,QC,0,paid_social,paid_search,4
1485,AB,0,affiliate,direct,2
1486,Atlantic,0,paid_search,affiliate,4
1487,ON,0,direct,paid_search,2
1488,Atlantic,0,display,display,2
1489,ON,0,affiliate,affiliate,3
1490,AB,0,organic_search,direct,3
1491,Atlantic,0,affiliate,direct,2
1492,Prairies,0,display,organic_search,4
1493,QC,0,affiliate,direct,3
1494,BC,0,display,affiliate,3
1495,AB,0,paid_search,paid_search,2
1496,AB,0,display,organic_search,7
1497,Prairies,1,paid_social,paid_social,5
1498,BC,0,paid_social,paid_search,5
1499,QC,0,direct,direct,3
1500,Atlantic,0,organic_search,paid_social,2
1501,Atlantic,0,email,direct,3
1502,AB,0,organic_search,paid_search,2
1503,ON,0,display,direct,3
1504,AB,0,affiliate,affiliate,1
1505,QC,0,email,affiliate,4
1506,Atlantic,0,paid_search,organic_search,3
1507,ON,0,display,paid_social,5
1508,Atlantic,0,paid_social,email,7
1509,Prairies,0,paid_social,paid_social,4
1510,QC,0,direct,organic_search,9
1511,ON,0,display,direct,3
1512,QC,0,paid_social,direct,4
1513,QC,1,paid_search,email,3
1514,Prairies,1,direct,paid_search,3
1515,ON,0,affiliate,email,4
1516,AB,0,organic_search,paid_search,2
1517,AB,0,paid_social,paid_search,4
1518,Atlantic,0,organic_search,organic_search,2
1519,AB,0,display,direct,4
1520,Atlantic,0,paid_social,paid_search,3
1521,ON,0,affiliate,affiliate,4
1522,Atlantic,0,organic_search,paid_search,6
1523,QC,1,display,direct,8
1524,QC,0,paid_social,affiliate,3
1525,AB,0,paid_social,affiliate,4
1526,Atlantic,0,paid_social,direct,2
1527,Atlantic,0,organic_search,direct,5
1528,AB,0,paid_social,email,3
1529,Prairies,0,organic_search,direct,2
1530,AB,0,organic_search,direct,3
1531,ON,0,affiliate,affiliate,4
1532,QC,0,display,affiliate,3
1533,QC,0,direct,organic_search,4
1534,BC,1,email,paid_social,3
1535,QC,0,affiliate,display,3
1536,QC,0,organic_search,paid_social,4
1537,Prairies,0,organic_search,organic_search,3
1538,QC,0,display,direct,3
1539,Prairies,0,direct,paid_search,5
1540,AB,0,display,paid_search,2
1541,QC,0,email,direct,2
1542,Prairies,0,direct,email,7
1543,QC,1,display,paid_search,3
1544,BC,0,affiliate,direct,3
1545,AB,1,paid_search,display,4
1546,Atlantic,0,affiliate,organic_search,4
1547,Atlantic,0,paid_social,paid_search,2
1548,QC,0,affiliate,paid_search,4
1549,ON,0,paid_social,paid_search,4
1550,Atlantic,0,paid_social,paid_search,6
1551,BC,0,paid_social,direct,5
1552,Prairies,0,paid_social,organic_search,3
1553,ON,0,display,organic_search,4
1554,Atlantic,0,direct,paid_social,5
1555,AB,0,paid_social,organic_search,5
1556,AB,1,display,direct,5
1557,BC,0,affiliate,email,3
1558,ON,0,paid_social,direct,4
1559,Atlantic,0,affiliate,organic_search,2
1560,Prairies,0,paid_search,organic_search,2
1561,Atlantic,0,paid_social,direct,4
1562,AB,0,display,direct,5
1563,ON,0,direct,direct,3
1564,BC,0,paid_search,direct,3
1565,BC,1,organic_search,paid_search,5
1566,Atlantic,0,paid_social,affiliate,2
1567,QC,0,display,direct,4
1568,QC,0,paid_search,email,5
1569,Atlantic,0,paid_social,direct,5
1570,BC,0,organic_search,paid_search,3
1571,Prairies,0,paid_search,direct,3
1572,Prairies,0,display,paid_search,5
1573,Atlantic,0,direct,affiliate,3
1574,BC,0,organic_search,affiliate,6
1575,QC,0,paid_social,affiliate,5
1576,ON,0,direct,paid_search,3
1577,Atlantic,0,display,email,4
1578,Prairies,0,display,direct,3
1579,QC,0,paid_social,direct,2
1580,AB,0,paid_social,direct,3
1581,Prairies,0,paid_social,paid_search,8
1582,Prairies,0,display,organic_search,3
1583,BC,1,organic_search,organic_search,3
1584,QC,0,paid_search,email,2
1585,Prairies,0,paid_search,direct,2
1586,BC,0,display,direct,3
1587,AB,0,organic_search,paid_search,6
1588,ON,0,affiliate,direct,5
1589,Atlantic,1,paid_social,email,5
1590,QC,0,organic_search,display,4
1591,Prairies,0,paid_search,paid_search,3
1592,Atlantic,0,paid_search,email,2
1593,Atlantic,0,paid_social,paid_search,2
1594,Atlantic,0,paid_social,email,4
1595,ON,1,display,email,8
1596,BC,0,display,direct,7
1597,QC,0,paid_social,email,5
1598,BC,0,affiliate,email,5
1599,AB,0,affiliate,email,5
1600,Atlantic,0,paid_social,paid_search,7
1601,BC,0,paid_search,paid_social,5
1602,Prairies,0,affiliate,paid_social,4
1603,Atlantic,0,paid_social,email,3
1604,QC,0,organic_search,organic_search,1
1605,AB,0,organic_search,display,4
1606,Prairies,0,paid_social,paid_search,6
1607,QC,0,paid_social,email,7
1608,Atlantic,0,email,paid_search,3
1609,AB,0,direct,paid_search,6
1610,AB,0,organic_search,direct,5
1611,Prairies,0,organic_search,organic_search,4
1612,ON,0,paid_social,direct,5
1613,BC,0,paid_social,paid_search,2
1614,QC,0,display,direct,3
1615,Atlantic,0,organic_search,direct,5
1616,AB,0,direct,direct,3
1617,QC,0,paid_search,email,2
1618,BC,0,display,paid_search,2
1619,AB,0,organic_search,direct,2
1620,ON,0,paid_search,direct,2
1621,Prairies,0,paid_social,email,4
1622,ON,1,paid_social,direct,5
1623,BC,0,direct,affiliate,4
1624,Atlantic,0,paid_social,direct,4
1625,QC,0,organic_search,direct,4
1626,Atlantic,0,paid_search,paid_search,2
1627,QC,0,display,organic_search,2
1628,QC,0,display,organic_search,3
1629,BC,0,paid_social,affiliate,5
1630,Prairies,0,paid_social,paid_social,4
1631,Atlantic,0,display,paid_search,7
1632,ON,0,affiliate,affiliate,2
1633,ON,0,display,affiliate,3
1634,ON,0,paid_social,direct,5
1635,AB,0,affiliate,affiliate,1
1636,Atlantic,0,display,paid_search,3
1637,Prairies,0,display,email,6
1638,Prairies,0,paid_social,affiliate,3
1639,BC,1,direct,paid_search,2
1640,BC,0,display,display,2
1641,ON,0,organic_search,direct,3
1642,QC,0,organic_search,paid_social,3
1643,ON,0,paid_social,paid_search,3
1644,ON,0,paid_search,email,3
1645,Prairies,0,display,direct,5
1646,Prairies,0,paid_social,paid_social,3
1647,QC,1,affiliate,organic_search,8
1648,QC,0,display,paid_social,5
1649,QC,0,paid_social,direct,4
1650,Atlantic,0,organic_search,affiliate,5
1651,BC,0,display,direct,4
1652,Prairies,0,paid_social,organic_search,6
1653,Prairies,0,paid_social,direct,2
1654,BC,0,organic_search,email,3
1655,Prairies,0,display,direct,5
1656,ON,0,affiliate,affiliate,1
1657,ON,0,organic_search,paid_search,8
1658,Prairies,1,email,paid_social,6
1659,Atlantic,0,display,paid_search,3
1660,AB,0,organic_search,direct,3
1661,AB,0,paid_social,organic_search,2
1662,QC,0,direct,direct,1
1663,BC,0,organic_search,paid_search,4
1664,Atlantic,0,paid_social,paid_social,5
1665,Atlantic,1,paid_social,direct,6
1666,QC,0,paid_social,direct,4
1667,ON,0,affiliate,affiliate,4
1668,Atlantic,0,organic_search,organic_search,1
1669,Atlantic,0,affiliate,affiliate,3
1670,ON,0,paid_search,email,5
1671,QC,0,display,affiliate,7
1672,ON,0,direct,paid_search,4
1673,BC,0,display,affiliate,2
1674,AB,1,organic_search,email,6
1675,ON,1,paid_search,direct,6
1676,AB,0,organic_search,direct,3
1677,AB,0,organic_search,paid_social,2
1678,Prairies,0,paid_search,organic_search,5
1679,Prairies,0,paid_search,paid_search,3
1680,ON,0,email,affiliate,5
1681,Atlantic,0,paid_social,paid_social,7
1682,Atlantic,0,paid_social,direct,2
1683,Prairies,0,display,email,6
1684,Prairies,0,affiliate,email,6
1685,BC,0,display,email,5
1686,Prairies,0,affiliate,email,4
1687,BC,0,affiliate,email,3
1688,QC,0,paid_social,email,6
1689,Prairies,0,paid_social,paid_social,3
1690,QC,0,paid_search,paid_search,4
1691,ON,0,organic_search,affiliate,3
1692,AB,0,organic_search,paid_search,2
1693,Prairies,1,display,affiliate,5
1694,ON,0,paid_search,display,5
1695,AB,0,paid_search,email,4
1696,ON,0,paid_search,organic_search,3
1697,Atlantic,0,organic_search,affiliate,2
1698,QC,0,display,paid_search,4
1699,AB,0,direct,organic_search,5
1700,AB,0,affiliate,direct,5
1701,Atlantic,0,paid_search,direct,4
1702,ON,0,display,direct,2
1703,Prairies,1,paid_social,direct,5
1704,AB,0,affiliate,affiliate,2
1705,Prairies,0,affiliate,paid_search,3
1706,BC,0,paid_social,email,5
1707,AB,0,display,paid_social,2
1708,ON,0,affiliate,organic_search,2
1709,QC,0,display,paid_search,4
1710,ON,0,paid_search,paid_search,3
1711,Atlantic,0,paid_social,direct,2
1712,BC,0,paid_social,email,2
1713,BC,0,display,organic_search,3
1714,AB,0,organic_search,email,5
1715,AB,0,paid_social,email,2
1716,ON,0,paid_search,paid_social,3
1717,QC,0,paid_social,paid_search,6
1718,Atlantic,1,organic_search,paid_search,8
1719,BC,0,organic_search,paid_search,4
1720,QC,0,display,direct,5
1721,QC,0,organic_search,organic_search,4
1722,BC,0,paid_search,email,3
1723,Atlantic,1,paid_social,paid_social,5
1724,ON,0,paid_search,display,4
1725,AB,0,paid_social,paid_search,4
1726,Prairies,0,paid_social,affiliate,4
1727,AB,0,paid_social,direct,4
1728,ON,0,display,email,4
1729,AB,1,organic_search,paid_search,2
1730,BC,0,organic_search,affiliate,4
1731,Atlantic,0,paid_social,organic_search,3
1732,ON,0,paid_search,paid_search,1
1733,QC,1,organic_search,direct,2
1734,ON,1,display,organic_search,6
1735,ON,0,direct,organic_search,5
1736,Prairies,0,organic_search,paid_search,5
1737,AB,0,organic_search,direct,4
1738,QC,0,display,direct,3
1739,BC,0,affiliate,affiliate,3
1740,QC,0,paid_social,direct,2
1741,ON,0,organic_search,direct,4
1742,AB,0,paid_social,email,4
1743,ON,0,display,direct,4
1744,QC,0,paid_social,paid_search,4
1745,Prairies,0,organic_search,direct,5
1746,Prairies,0,display,organic_search,3
1747,QC,0,direct,direct,1
1748,AB,0,display,direct,6
1749,Atlantic,0,display,direct,3
1750,Atlantic,0,affiliate,paid_search,4
1751,BC,0,organic_search,direct,2
1752,ON,0,paid_social,direct,3
1753,ON,0,paid_search,direct,3
1754,AB,0,paid_social,organic_search,2
1755,QC,0,organic_search,organic_search,4
1756,QC,0,affiliate,paid_search,2
1757,QC,0,paid_social,direct,2
1758,AB,0,affiliate,direct,4
1759,QC,0,organic_search,paid_social,3
1760,AB,0,direct,direct,1
1761,Atlantic,0,direct,paid_social,3
1762,ON,1,paid_social,paid_search,7
1763,QC,0,direct,paid_search,7
1764,BC,1,organic_search,email,5
1765,AB,0,display,direct,2
1766,AB,0,organic_search,organic_search,1
1767,ON,1,display,paid_search,5
1768,ON,0,paid_social,affiliate,4
1769,ON,0,organic_search,direct,4
1770,BC,0,organic_search,organic_search,1
1771,Atlantic,0,paid_search,direct,2
1772,ON,0,paid_social,organic_search,6
1773,QC,0,paid_social,paid_search,4
1774,AB,1,organic_search,email,6
1775,AB,0,display,paid_social,4
1776,Atlantic,0,display,direct,5
1777,Atlantic,0,direct,email,7
1778,Atlantic,0,paid_search,affiliate,5
1779,QC,0,display,direct,3
1780,QC,0,organic_search,organic_search,1
1781,Prairies,1,paid_social,organic_search,3
1782,Prairies,0,organic_search,organic_search,5
1783,Atlantic,0,organic_search,affiliate,2
1784,QC,1,display,organic_search,3
1785,AB,0,affiliate,email,3
1786,BC,0,paid_search,affiliate,3
1787,AB,0,paid_social,affiliate,2
1788,Atlantic,0,display,paid_social,3
1789,QC,0,direct,direct,1
1790,QC,0,paid_social,direct,8
1791,AB,0,paid_social,email,3
1792,BC,0,display,email,2
1793,BC,0,paid_search,paid_search,1
1794,Atlantic,0,direct,display,5
1795,Atlantic,0,display,direct,2
1796,Atlantic,1,organic_search,direct,4
1797,ON,0,organic_search,organic_search,1
1798,AB,0,affiliate,paid_search,2
1799,AB,1,display,paid_search,6
1800,AB,0,paid_search,paid_search,1
1801,Prairies,0,organic_search,paid_search,2
1802,ON,0,paid_search,organic_search,4
1803,Prairies,1,affiliate,paid_search,4
1804,AB,0,display,direct,5
1805,AB,0,display,paid_search,6
1806,Atlantic,0,direct,paid_search,2
1807,QC,0,paid_social,organic_search,2
1808,ON,0,organic_search,email,6
1809,QC,0,paid_social,paid_search,3
1810,AB,0,paid_social,email,3
1811,ON,0,display,affiliate,3
1812,AB,0,affiliate,paid_social,4
1813,BC,0,display,email,2
1814,Atlantic,0,display,direct,4
1815,ON,0,paid_social,direct,3
1816,AB,0,display,direct,2
1817,Atlantic,0,organic_search,organic_search,6
1818,Atlantic,0,display,direct,4
1819,QC,1,affiliate,email,4
1820,Atlantic,0,paid_social,affiliate,3
1821,ON,0,direct,affiliate,5
1822,QC,0,organic_search,email,5
1823,Prairies,0,display,organic_search,5
1824,AB,0,paid_search,direct,2
1825,AB,0,paid_search,direct,7
1826,ON,0,display,organic_search,3
1827,AB,0,display,display,3
1828,ON,0,direct,direct,1
1829,Prairies,0,paid_search,paid_search,5
1830,Prairies,0,display,direct,4
1831,QC,0,display,organic_search,5
1832,QC,0,organic_search,display,2
1833,AB,0,paid_search,paid_social,3
1834,Atlantic,1,paid_social,email,4
1835,BC,0,paid_social,affiliate,6
1836,Atlantic,0,display,direct,8
1837,AB,1,display,paid_search,5
1838,QC,0,affiliate,paid_search,6
1839,Prairies,0,paid_social,direct,3
1840,Atlantic,0,paid_search,paid_search,3
1841,ON,0,organic_search,paid_social,3
1842,QC,0,direct,paid_social,5
1843,QC,0,paid_search,paid_search,1
1844,AB,0,organic_search,direct,2
1845,Atlantic,0,paid_search,direct,4
1846,Atlantic,0,organic_search,direct,4
1847,AB,0,paid_search,paid_search,4
1848,Atlantic,0,organic_search,paid_social,5
1849,BC,1,paid_social,paid_search,4
1850,QC,0,affiliate,organic_search,6
1851,Prairies,0,display,paid_social,4
1852,ON,0,paid_social,direct,4
1853,ON,0,paid_social,organic_search,4
1854,Atlantic,0,paid_social,paid_search,3
1855,AB,0,display,paid_social,4
1856,Atlantic,0,affiliate,direct,2
1857,Prairies,0,organic_search,organic_search,1
1858,BC,0,display,paid_search,5
1859,AB,0,affiliate,direct,4
1860,QC,0,paid_social,email,3
1861,BC,0,display,direct,6
1862,Atlantic,0,display,paid_search,2
1863,AB,0,paid_search,email,6
1864,ON,0,display,email,6
1865,AB,0,display,email,3
1866,Atlantic,0,display,direct,2
1867,ON,1,organic_search,paid_search,5
1868,QC,0,display,direct,2
1869,BC,0,organic_search,direct,6
1870,Atlantic,0,paid_search,email,4
1871,QC,1,display,paid_search,3
1872,BC,0,affiliate,paid_search,6
1873,AB,0,organic_search,email,7
1874,QC,1,organic_search,paid_social,7
1875,AB,0,paid_social,email,4
1876,Atlantic,0,paid_social,organic_search,5
1877,QC,0,organic_search,direct,2
1878,Prairies,0,affiliate,paid_social,5
1879,AB,0,display,email,2
1880,Atlantic,0,display,direct,7
1881,AB,0,organic_search,affiliate,6
1882,Atlantic,0,display,paid_search,2
1883,BC,0,display,paid_search,5
1884,Atlantic,0,direct,direct,3
1885,Prairies,0,paid_search,paid_social,3
1886,Atlantic,0,display,paid_search,5
1887,QC,0,display,email,2
1888,ON,0,direct,paid_search,2
1889,QC,1,paid_social,direct,2
1890,BC,0,display,paid_search,3
1891,Atlantic,0,email,email,1
1892,AB,0,organic_search,affiliate,3
1893,BC,0,paid_social,email,5
1894,BC,0,paid_social,direct,3
1895,QC,0,organic_search,direct,3
1896,Prairies,0,paid_social,affiliate,2
1897,BC,0,paid_search,paid_search,3
1898,Atlantic,1,direct,paid_search,3
1899,Atlantic,0,display,direct,3
1900,ON,0,paid_social,organic_search,3
1901,QC,0,display,direct,2
1902,Prairies,0,paid_social,paid_search,2
1903,Atlantic,0,paid_social,direct,5
1904,BC,0,paid_search,affiliate,2
1905,ON,0,organic_search,direct,3
1906,BC,0,direct,direct,1
1907,QC,0,display,direct,3
1908,ON,0,display,direct,3
1909,AB,1,display,paid_search,5
1910,Prairies,0,direct,email,7
1911,Atlantic,0,organic_search,paid_search,3
1912,AB,0,paid_search,paid_social,2
1913,Prairies,0,direct,direct,2
1914,ON,0,paid_social,paid_search,4
1915,BC,0,display,display,1
1916,BC,0,paid_social,paid_search,4
1917,ON,0,display,affiliate,8
1918,AB,1,affiliate,paid_search,5
1919,ON,0,display,paid_search,5
1920,QC,0,paid_social,affiliate,3
1921,BC,0,affiliate,paid_social,3
1922,BC,0,display,email,6
1923,QC,0,display,direct,6
1924,ON,0,organic_search,organic_search,3
1925,ON,0,paid_search,direct,2
1926,Prairies,0,display,direct,4
1927,AB,0,direct,direct,1
1928,ON,0,display,affiliate,3
1929,Prairies,0,paid_social,display,8
1930,Atlantic,0,paid_social,paid_social,1
1931,Prairies,0,affiliate,email,8
1932,Prairies,0,paid_social,organic_search,5
1933,BC,0,affiliate,paid_search,4
1934,ON,0,display,direct,2
1935,QC,0,paid_search,affiliate,3
1936,ON,0,paid_social,direct,3
1937,Prairies,0,organic_search,paid_search,4
1938,ON,0,display,email,3
1939,Atlantic,0,organic_search,direct,3
1940,BC,0,affiliate,paid_search,2
1941,AB,1,paid_social,direct,6
1942,BC,0,paid_search,direct,5
1943,AB,0,paid_social,affiliate,5
1944,Prairies,0,organic_search,paid_search,2
1945,Atlantic,0,paid_search,organic_search,3
1946,BC,0,paid_social,paid_search,3
1947,Atlantic,0,paid_social,email,2
1948,AB,0,paid_social,paid_social,4
1949,QC,0,paid_social,paid_search,2
1950,ON,0,paid_social,direct,2
1951,QC,0,paid_social,paid_search,4
1952,ON,0,organic_search,organic_search,1
1953,Prairies,0,organic_search,direct,3
1954,AB,0,affiliate,affiliate,4
1955,QC,0,organic_search,organic_search,1
1956,QC,0,display,email,6
1957,BC,0,display,organic_search,3
1958,Atlantic,0,affiliate,direct,4
1959,Prairies,0,paid_search,direct,2
1960,Prairies,0,affiliate,email,6
1961,QC,0,organic_search,direct,6
1962,QC,0,display,email,2
1963,ON,0,paid_search,organic_search,2
1964,Prairies,0,paid_search,paid_search,1
1965,ON,0,organic_search,paid_search,2
1966,ON,0,paid_search,paid_search,3
1967,AB,0,organic_search,organic_search,1
1968,QC,0,organic_search,direct,5
1969,BC,0,affiliate,display,4
1970,BC,0,organic_search,display,2
1971,Atlantic,0,organic_search,email,4
1972,AB,0,direct,direct,2
1973,Atlantic,0,paid_social,affiliate,6
1974,AB,0,display,organic_search,2
1975,AB,0,display,paid_search,5
1976,AB,0,display,paid_search,4
1977,ON,0,direct,direct,2
1978,QC,0,paid_social,affiliate,3
1979,Prairies,0,paid_social,direct,4
1980,BC,0,organic_search,paid_search,6
1981,ON,0,affiliate,organic_search,6
1982,AB,0,display,direct,3
1983,QC,0,affiliate,direct,7
1984,Prairies,0,organic_search,direct,2
1985,ON,0,organic_search,email,4
1986,Prairies,0,display,direct,2
1987,Prairies,1,organic_search,email,5
1988,BC,0,paid_search,direct,4
1989,Prairies,0,display,email,4
1990,ON,0,display,paid_social,5
1991,AB,0,display,direct,4
1992,BC,0,direct,paid_search,7
1993,BC,0,affiliate,direct,6
1994,QC,0,paid_search,email,3
1995,QC,0,paid_search,paid_search,4
1996,ON,0,display,paid_search,6
1997,Prairies,0,email,email,1
1998,ON,1,organic_search,paid_search,2
1999,AB,0,paid_social,organic_search,4
2000,QC,0,display,direct,5
2001,ON,0,display,email,3
2002,Prairies,0,display,direct,4
2003,QC,0,display,paid_search,5
2004,BC,0,organic_search,paid_social,4
2005,Prairies,0,paid_social,direct,4
2006,AB,0,direct,paid_search,7
2007,Atlantic,0,organic_search,direct,4
2008,ON,0,display,direct,2
2009,QC,0,paid_social,paid_social,2
2010,QC,0,affiliate,paid_social,4
2011,ON,1,organic_search,email,7
2012,AB,0,display,affiliate,4
2013,QC,0,organic_search,paid_search,6
2014,Prairies,0,paid_social,paid_search,5
2015,QC,0,display,email,5
2016,AB,0,affiliate,email,5
2017,AB,0,organic_search,paid_search,2
2018,ON,0,affiliate,organic_search,3
2019,Prairies,0,affiliate,display,4
2020,Prairies,0,affiliate,affiliate,1
2021,AB,0,paid_social,direct,3
2022,Atlantic,0,organic_search,paid_social,5
2023,QC,0,paid_social,paid_social,2
2024,ON,0,paid_search,paid_search,1
2025,Prairies,1,paid_social,organic_search,3
2026,BC,0,direct,direct,1
2027,Prairies,0,organic_search,paid_social,3
2028,BC,0,paid_social,affiliate,8
2029,AB,0,paid_social,email,3
2030,Prairies,0,organic_search,affiliate,3
2031,Atlantic,0,paid_search,paid_search,3
2032,Prairies,0,organic_search,paid_search,3
2033,ON,0,paid_social,direct,3
2034,Prairies,0,display,affiliate,4
2035,BC,1,paid_social,paid_search,4
2036,BC,0,display,email,3
2037,Prairies,1,organic_search,organic_search,1
2038,Atlantic,0,paid_social,paid_search,5
2039,Atlantic,0,organic_search,affiliate,4
2040,BC,0,paid_social,direct,3
2041,AB,0,display,direct,6
2042,Prairies,0,paid_search,paid_search,6
2043,Atlantic,0,display,paid_social,4
2044,BC,0,paid_social,direct,3
2045,AB,0,paid_social,affiliate,4
2046,Atlantic,0,organic_search,display,2
2047,AB,0,paid_social,paid_search,8
2048,QC,0,organic_search,affiliate,2
2049,Prairies,0,direct,direct,1
2050,Atlantic,0,display,affiliate,2
2051,QC,0,affiliate,paid_social,7
2052,QC,0,affiliate,direct,4
2053,Prairies,1,paid_search,direct,6
2054,QC,0,display,paid_social,3
2055,Prairies,0,email,direct,3
2056,AB,0,paid_social,email,4
2057,AB,1,organic_search,affiliate,3
2058,ON,0,organic_search,paid_search,3
2059,ON,0,organic_search,direct,2
2060,Atlantic,0,organic_search,paid_social,2
2061,BC,0,paid_social,display,3
2062,ON,0,organic_search,direct,5
2063,ON,0,organic_search,display,4
2064,QC,0,paid_search,email,4
2065,AB,0,organic_search,direct,2
2066,Atlantic,0,display,paid_search,3
2067,QC,1,paid_social,paid_social,4
2068,ON,0,paid_social,direct,5
2069,ON,0,organic_search,display,5
2070,QC,0,organic_search,direct,2
2071,AB,0,paid_social,paid_social,2
2072,AB,0,direct,affiliate,2
2073,Prairies,0,organic_search,affiliate,4
2074,ON,0,display,email,3
2075,QC,0,paid_search,paid_search,1
2076,QC,0,display,direct,2
2077,ON,0,affiliate,email,5
2078,BC,1,affiliate,paid_search,3
2079,Atlantic,0,direct,paid_search,3
2080,Prairies,0,paid_social,organic_search,2
2081,QC,0,paid_search,organic_search,3
2082,Atlantic,0,organic_search,paid_social,3
2083,Atlantic,0,display,direct,2
2084,BC,0,display,direct,2
2085,QC,0,display,direct,7
2086,QC,1,display,direct,4
2087,BC,0,organic_search,paid_search,2
2088,Atlantic,0,affiliate,email,4
2089,Atlantic,0,display,paid_social,3
2090,ON,0,direct,email,3
2091,Prairies,0,display,direct,2
2092,BC,0,direct,direct,3
2093,AB,1,display,paid_search,5
2094,BC,0,display,display,3
2095,AB,0,paid_social,affiliate,2
2096,QC,0,affiliate,paid_search,2
2097,AB,0,paid_social,display,3
2098,Atlantic,0,paid_social,paid_search,4
2099,AB,0,paid_social,organic_search,4
2100,AB,0,direct,direct,1
2101,Atlantic,0,organic_search,paid_social,4
2102,QC,0,display,email,5
2103,QC,0,paid_social,direct,3
2104,Prairies,0,organic_search,paid_social,5
2105,BC,0,paid_search,display,4
2106,AB,1,organic_search,paid_search,5
2107,Atlantic,0,display,direct,3
2108,Prairies,0,paid_social,direct,3
2109,BC,0,paid_search,organic_search,4
2110,QC,0,paid_social,affiliate,2
2111,ON,0,paid_search,paid_search,3
2112,QC,0,direct,direct,2
2113,BC,1,paid_search,direct,2
2114,AB,0,affiliate,email,5
2115,Atlantic,0,paid_social,email,3
2116,Atlantic,0,email,organic_search,4
2117,Prairies,0,paid_social,affiliate,4
2118,Atlantic,0,display,direct,3
2119,BC,0,display,affiliate,4
2120,QC,0,paid_social,paid_search,6
2121,AB,0,organic_search,display,5
2122,ON,0,organic_search,paid_social,4
2123,BC,0,paid_social,direct,2
2124,Atlantic,0,display,email,2
2125,Prairies,0,display,email,7
2126,Atlantic,0,paid_search,direct,2
2127,Atlantic,0,organic_search,direct,4
2128,BC,0,paid_social,direct,3
2129,QC,0,affiliate,affiliate,1
2130,AB,0,paid_social,direct,5
2131,BC,0,paid_search,direct,4
2132,BC,0,affiliate,direct,2
2133,BC,0,email,direct,3
2134,QC,0,organic_search,organic_search,1
2135,QC,0,affiliate,display,3
2136,Prairies,0,display,affiliate,4
2137,Atlantic,0,paid_social,affiliate,5
2138,AB,1,organic_search,paid_search,6
2139,AB,0,paid_social,organic_search,3
2140,BC,0,direct,paid_search,7
2141,AB,1,paid_social,email,6
2142,Atlantic,1,email,email,1
2143,AB,1,paid_search,paid_search,1
2144,Atlantic,0,paid_social,email,2
2145,Prairies,0,paid_social,direct,3
2146,QC,1,paid_search,email,6
2147,Atlantic,0,display,paid_search,2
2148,ON,0,affiliate,paid_social,5
2149,BC,0,affiliate,organic_search,4
2150,ON,0,organic_search,organic_search,5
2151,Atlantic,0,email,email,1
2152,QC,0,display,organic_search,3
2153,Atlantic,1,paid_search,direct,7
2154,BC,0,paid_search,organic_search,3
2155,Atlantic,0,display,affiliate,8
2156,Atlantic,0,display,paid_search,2
2157,ON,0,paid_social,paid_search,2
2158,AB,0,paid_social,affiliate,2
2159,Prairies,0,organic_search,paid_search,3
2160,Atlantic,0,paid_search,affiliate,3
2161,QC,0,direct,direct,1
2162,Atlantic,0,direct,direct,1
2163,BC,0,display,direct,4
2164,Prairies,0,direct,paid_search,3
2165,BC,0,organic_search,organic_search,4
2166,QC,0,paid_search,email,2
2167,Prairies,0,paid_search,organic_search,2
2168,Prairies,0,display,email,4
2169,ON,0,direct,direct,1
2170,BC,0,organic_search,email,5
2171,Atlantic,0,paid_social,affiliate,7
2172,Prairies,0,organic_search,organic_search,3
2173,AB,0,organic_search,paid_search,4
2174,AB,0,display,display,6
2175,QC,0,affiliate,paid_search,4
2176,QC,1,email,affiliate,3
2177,ON,0,affiliate,affiliate,1
2178,Atlantic,0,paid_search,email,3
2179,ON,0,paid_social,affiliate,5
2180,Atlantic,0,direct,affiliate,3
2181,QC,0,paid_search,paid_search,1
2182,Atlantic,0,display,direct,4
2183,AB,0,paid_search,direct,4
2184,QC,0,paid_social,direct,6
2185,Prairies,0,display,paid_search,3
2186,AB,0,paid_social,paid_search,3
2187,Prairies,0,email,organic_search,3
2188,Atlantic,0,paid_social,affiliate,4
2189,Atlantic,0,paid_social,paid_search,3
2190,AB,0,paid_search,organic_search,4
2191,Atlantic,0,paid_social,email,4
2192,BC,0,organic_search,affiliate,3
2193,Prairies,0,organic_search,organic_search,1
2194,ON,1,direct,paid_search,7
2195,Atlantic,0,direct,direct,2
2196,Atlantic,0,organic_search,email,2
2197,ON,0,organic_search,direct,2
2198,QC,1,organic_search,direct,4
2199,Prairies,0,paid_search,email,4
2200,AB,0,paid_search,organic_search,6
2201,AB,0,display,direct,4
2202,BC,0,organic_search,paid_social,3
2203,BC,0,organic_search,affiliate,3
2204,QC,0,display,direct,3
2205,QC,0,affiliate,organic_search,3
2206,QC,0,paid_search,affiliate,5
2207,Atlantic,0,paid_social,direct,4
2208,Prairies,0,paid_social,affiliate,5
2209,Prairies,0,display,direct,3
2210,Prairies,0,display,display,5
2211,AB,0,organic_search,affiliate,5
2212,Prairies,0,affiliate,affiliate,1
2213,Prairies,0,paid_search,direct,7
2214,QC,0,paid_social,direct,5
2215,Prairies,0,display,email,5
2216,Prairies,0,organic_search,direct,2
2217,Atlantic,0,display,direct,3
2218,Atlantic,1,affiliate,direct,9
2219,BC,0,display,paid_search,2
2220,AB,0,display,paid_search,7
2221,ON,0,display,paid_social,3
2222,AB,0,email,email,1
2223,QC,0,organic_search,direct,2
2224,Atlantic,0,display,email,4
2225,BC,0,paid_social,paid_social,4
2226,QC,1,paid_social,affiliate,3
2227,QC,0,display,paid_search,3
2228,ON,0,direct,organic_search,3
2229,Prairies,0,organic_search,email,3
2230,QC,0,organic_search,affiliate,4
2231,Prairies,0,direct,affiliate,3
2232,Atlantic,0,paid_social,direct,3
2233,Prairies,0,display,paid_search,4
2234,BC,1,paid_social,paid_search,7
2235,AB,0,organic_search,direct,3
2236,BC,0,organic_search,direct,3
2237,ON,0,organic_search,direct,2
2238,AB,0,display,paid_search,4
2239,BC,0,paid_social,email,6
2240,QC,0,paid_social,organic_search,3
2241,BC,0,display,paid_search,4
2242,BC,1,organic_search,affiliate,2
2243,Prairies,0,display,paid_search,5
2244,Prairies,0,organic_search,organic_search,2
2245,Prairies,0,display,affiliate,2
2246,BC,0,display,paid_search,5
2247,QC,0,paid_social,direct,3
2248,AB,0,affiliate,direct,3
2249,ON,0,paid_search,display,7
2250,Atlantic,0,organic_search,direct,3
2251,AB,1,paid_social,paid_search,4
2252,Prairies,0,paid_search,paid_search,2
2253,BC,0,display,organic_search,4
2254,ON,0,paid_search,organic_search,4
2255,QC,1,display,affiliate,6
2256,BC,0,paid_social,direct,2
2257,Prairies,0,display,email,5
2258,AB,0,paid_social,direct,4
2259,Prairies,0,display,direct,2
2260,Prairies,0,paid_search,email,3
2261,AB,0,email,direct,6
2262,BC,0,display,affiliate,2
2263,BC,0,display,display,3
2264,Prairies,0,paid_search,affiliate,3
2265,Prairies,0,paid_social,affiliate,4
2266,AB,1,affiliate,display,5
2267,Atlantic,0,paid_social,organic_search,8
2268,Atlantic,0,email,affiliate,6
2269,Prairies,1,display,direct,8
2270,Prairies,0,display,paid_search,2
2271,ON,0,paid_social,paid_search,2
2272,BC,0,organic_search,direct,3
2273,Prairies,0,paid_social,paid_search,5
2274,BC,0,paid_social,direct,3
2275,ON,0,affiliate,direct,4
2276,Atlantic,0,paid_social,email,3
2277,ON,0,paid_social,email,5
2278,AB,0,display,email,4
2279,QC,0,paid_search,paid_search,2
2280,Atlantic,0,display,direct,2
2281,QC,1,paid_social,email,5
2282,ON,0,paid_search,paid_search,4
2283,AB,0,paid_search,direct,3
2284,ON,0,organic_search,direct,4
2285,BC,0,affiliate,direct,3
2286,Atlantic,0,affiliate,display,5
2287,Prairies,0,direct,email,3
2288,Prairies,0,organic_search,email,4
2289,BC,0,affiliate,email,4
2290,Prairies,0,display,direct,9
2291,ON,0,paid_search,paid_search,4
2292,Atlantic,0,paid_social,direct,4
2293,Prairies,0,paid_search,direct,3
2294,ON,0,direct,direct,3
2295,ON,0,display,paid_search,3
2296,AB,0,paid_social,email,4
2297,AB,0,direct,direct,1
2298,ON,1,organic_search,email,4
2299,QC,0,paid_search,paid_search,2
2300,Atlantic,0,paid_social,paid_search,2
2301,BC,1,paid_social,email,4
2302,ON,1,email,paid_search,7
2303,BC,0,display,email,3
2304,BC,0,paid_search,paid_search,1
2305,Prairies,1,organic_search,organic_search,8
2306,BC,0,display,email,3
2307,Atlantic,0,affiliate,affiliate,4
2308,Prairies,0,organic_search,affiliate,4
2309,QC,0,affiliate,paid_social,3
2310,QC,0,paid_search,affiliate,4
2311,QC,0,paid_social,email,4
2312,BC,0,display,organic_search,5
2313,Prairies,1,organic_search,direct,6
2314,ON,0,paid_search,display,4
2315,ON,0,paid_social,direct,5
2316,ON,0,affiliate,paid_social,3
2317,ON,0,paid_social,affiliate,5
2318,BC,0,organic_search,affiliate,4
2319,BC,0,display,direct,6
2320,BC,0,display,direct,2
2321,QC,0,direct,direct,1
2322,Atlantic,0,organic_search,affiliate,3
2323,Atlantic,0,display,direct,3
2324,BC,0,direct,direct,1
2325,QC,0,paid_search,direct,8
2326,ON,0,email,email,4
2327,BC,0,organic_search,direct,2
2328,Atlantic,0,paid_search,email,3
2329,Prairies,0,paid_social,email,2
2330,Atlantic,0,paid_search,direct,4
2331,QC,1,organic_search,direct,4
2332,AB,0,direct,affiliate,3
2333,AB,0,direct,email,4
2334,ON,0,paid_social,paid_social,3
2335,Atlantic,0,paid_search,direct,6
2336,ON,1,display,paid_search,5
2337,ON,0,organic_search,paid_search,4
2338,Prairies,0,paid_search,display,2
2339,Prairies,0,paid_search,direct,5
2340,Atlantic,0,display,affiliate,3
2341,Prairies,0,paid_search,direct,6
2342,BC,0,organic_search,paid_search,5
2343,ON,0,organic_search,email,3
2344,ON,0,display,paid_search,6
2345,QC,0,display,direct,3
2346,ON,0,paid_social,email,5
2347,ON,0,display,paid_social,3
2348,ON,0,display,affiliate,2
2349,ON,0,organic_search,direct,4
2350,AB,0,affiliate,direct,3
2351,ON,0,display,paid_search,3
2352,BC,0,paid_search,paid_search,2
2353,AB,0,paid_search,paid_search,5
2354,Atlantic,0,paid_social,organic_search,4
2355,AB,0,display,paid_social,2
2356,ON,0,display,direct,4
2357,Prairies,0,paid_social,paid_social,1
2358,Prairies,0,direct,organic_search,4
2359,QC,0,paid_search,direct,3
2360,QC,0,paid_social,direct,4
2361,ON,0,paid_social,organic_search,5
2362,QC,0,display,email,4
2363,ON,0,paid_search,direct,3
2364,BC,0,paid_social,direct,5
2365,AB,0,direct,direct,3
2366,AB,0,affiliate,affiliate,1
2367,QC,0,email,email,3
2368,AB,0,email,affiliate,5
2369,BC,0,organic_search,email,2
2370,AB,0,display,affiliate,2
2371,Prairies,0,direct,paid_social,4
2372,BC,1,affiliate,email,3
2373,BC,0,paid_search,affiliate,3
2374,Atlantic,0,paid_social,direct,2
2375,AB,0,paid_search,organic_search,7
2376,Atlantic,0,display,affiliate,3
2377,Atlantic,0,display,direct,3
2378,Atlantic,0,organic_search,affiliate,7
2379,AB,1,display,email,4
2380,AB,0,paid_social,affiliate,5
2381,BC,0,organic_search,direct,6
2382,Atlantic,0,organic_search,email,5
2383,BC,0,paid_search,email,2
2384,Prairies,0,organic_search,direct,2
2385,Atlantic,0,organic_search,email,6
2386,BC,0,affiliate,affiliate,1
2387,Atlantic,0,display,paid_search,2
2388,Prairies,0,paid_search,paid_search,2
2389,QC,0,paid_social,direct,6
2390,Prairies,0,paid_search,paid_search,3
2391,AB,1,display,direct,5
2392,Prairies,0,display,direct,8
2393,BC,0,paid_search,paid_search,1
2394,QC,1,paid_search,paid_search,2
2395,Prairies,0,direct,paid_search,2
2396,QC,0,paid_search,direct,4
2397,Atlantic,0,affiliate,direct,3
2398,QC,0,display,affiliate,3
2399,Atlantic,0,affiliate,direct,3
2400,ON,0,paid_social,direct,2
2401,Prairies,0,email,email,1
2402,AB,0,paid_search,organic_search,5
2403,Prairies,0,paid_search,email,4
2404,Prairies,1,paid_search,affiliate,4
2405,ON,0,email,email,1
2406,AB,0,organic_search,paid_search,5
2407,QC,0,direct,display,2
2408,Prairies,1,display,paid_search,2
2409,AB,0,paid_social,paid_social,2
2410,AB,0,direct,direct,1
2411,ON,0,email,direct,2
2412,QC,0,paid_social,paid_social,3
2413,Prairies,0,display,direct,6
2414,BC,0,paid_search,direct,3
2415,Prairies,0,display,organic_search,5
2416,AB,0,display,direct,3
2417,BC,0,paid_social,email,3
2418,Atlantic,0,display,organic_search,4
2419,AB,0,paid_social,affiliate,2
2420,AB,0,paid_search,organic_search,5
2421,BC,0,paid_search,paid_social,4
2422,BC,0,organic_search,paid_search,3
2423,ON,0,organic_search,paid_search,4
2424,AB,0,affiliate,email,2
2425,Atlantic,0,paid_search,paid_social,4
2426,Prairies,0,paid_social,affiliate,4
2427,ON,0,display,paid_search,3
2428,Prairies,0,paid_social,paid_social,3
2429,ON,0,paid_social,email,2
2430,ON,0,display,direct,4
2431,BC,0,affiliate,email,5
2432,Prairies,0,display,direct,3
2433,QC,0,organic_search,direct,3
2434,BC,0,affiliate,organic_search,4
2435,ON,0,paid_search,email,2
2436,QC,0,organic_search,paid_search,3
2437,AB,0,display,email,3
2438,AB,0,paid_search,paid_search,1
2439,QC,0,display,direct,4
2440,AB,1,paid_social,paid_search,6
2441,QC,0,paid_social,organic_search,3
2442,Atlantic,0,display,affiliate,6
2443,BC,0,organic_search,direct,5
2444,AB,0,affiliate,affiliate,4
2445,BC,0,paid_social,paid_social,5
2446,Prairies,0,organic_search,email,2
2447,BC,0,organic_search,paid_search,6
2448,AB,0,affiliate,direct,5
2449,ON,0,display,organic_search,5
2450,ON,0,organic_search,direct,2
2451,AB,0,organic_search,paid_social,7
2452,BC,1,paid_search,affiliate,6
2453,Prairies,0,organic_search,affiliate,6
2454,AB,0,direct,direct,1
2455,QC,0,paid_social,paid_search,3
2456,Prairies,1,paid_social,direct,5
2457,QC,0,display,display,6
2458,Atlantic,0,paid_search,organic_search,6
2459,ON,0,organic_search,email,6
2460,AB,0,direct,direct,4
2461,AB,0,affiliate,affiliate,4
2462,Atlantic,0,affiliate,organic_search,3
2463,Prairies,1,display,email,2
2464,Prairies,0,display,direct,2
2465,Prairies,0,organic_search,paid_search,4
2466,QC,0,display,direct,4
2467,BC,0,paid_search,display,4
2468,QC,0,display,paid_search,2
2469,QC,0,direct,paid_social,2
2470,Atlantic,0,paid_search,paid_search,5
2471,AB,0,display,email,3
2472,Atlantic,0,organic_search,paid_search,3
2473,AB,0,display,organic_search,2
2474,ON,0,display,direct,6
2475,QC,0,organic_search,organic_search,4
2476,AB,0,display,direct,5
2477,Prairies,0,display,affiliate,2
2478,ON,0,display,paid_search,6
2479,Prairies,0,display,affiliate,2
2480,Atlantic,0,organic_search,display,3
2481,ON,0,affiliate,direct,3
2482,ON,1,display,paid_search,2
2483,Prairies,0,direct,direct,6
2484,ON,0,paid_search,affiliate,3
2485,QC,0,affiliate,affiliate,4
2486,BC,0,affiliate,paid_search,7
2487,QC,0,display,direct,5
2488,Prairies,0,paid_social,direct,4
2489,Atlantic,0,paid_social,paid_search,3
2490,AB,0,affiliate,email,3
2491,BC,0,paid_search,direct,2
2492,QC,0,email,display,4
2493,QC,1,organic_search,affiliate,2
2494,ON,0,paid_search,email,2
2495,QC,0,direct,direct,1
2496,BC,0,direct,direct,3
2497,AB,0,direct,direct,1
2498,QC,0,paid_search,display,2
2499,Atlantic,1,paid_search,affiliate,3
2500,AB,0,display,direct,4
2501,Prairies,0,paid_search,email,5
2502,Atlantic,0,display,paid_search,3
2503,Prairies,1,organic_search,affiliate,3
2504,AB,0,paid_social,paid_search,4
2505,QC,0,paid_social,organic_search,2
2506,ON,0,paid_social,paid_search,3
2507,AB,0,display,direct,2
2508,QC,0,paid_social,direct,5
2509,BC,0,paid_search,paid_search,2
2510,Atlantic,0,paid_social,paid_social,1
2511,ON,0,display,paid_search,4
2512,BC,0,display,paid_social,3
2513,Prairies,0,affiliate,affiliate,1
2514,Atlantic,0,email,display,2
2515,AB,0,display,direct,4
2516,BC,0,display,email,4
2517,ON,0,paid_social,paid_social,1
2518,Atlantic,0,organic_search,direct,4
2519,Prairies,0,display,direct,3
2520,QC,1,paid_social,paid_search,2
2521,Prairies,0,display,direct,4
2522,AB,1,paid_search,paid_search,5
2523,ON,0,paid_social,direct,5
2524,BC,0,display,email,3
2525,QC,0,paid_social,direct,4
2526,Prairies,1,organic_search,direct,3
2527,AB,0,paid_search,affiliate,3
2528,ON,0,display,paid_search,5
2529,ON,0,paid_social,direct,2
2530,Atlantic,0,paid_social,paid_search,2
2531,Prairies,0,paid_social,paid_search,2
2532,ON,0,affiliate,paid_social,2
2533,ON,0,display,paid_search,4
2534,QC,0,organic_search,paid_search,5
2535,Atlantic,0,organic_search,paid_social,4
2536,Prairies,0,paid_search,paid_search,3
2537,ON,0,affiliate,direct,4
2538,Prairies,0,paid_search,paid_search,3
2539,Atlantic,1,paid_social,affiliate,6
2540,QC,0,direct,direct,1
2541,AB,0,display,affiliate,4
2542,Prairies,1,organic_search,affiliate,5
2543,QC,0,display,paid_search,7
2544,BC,1,display,paid_search,5
2545,ON,0,paid_social,display,5
2546,QC,0,organic_search,affiliate,3
2547,AB,0,display,direct,2
2548,QC,0,organic_search,paid_social,3
2549,ON,0,affiliate,direct,2
2550,ON,0,display,display,3
2551,BC,0,display,organic_search,4
2552,ON,0,affiliate,affiliate,2
2553,AB,0,display,email,4
2554,Prairies,0,display,email,4
2555,BC,0,paid_search,email,2
2556,AB,0,organic_search,direct,4
2557,AB,0,display,email,3
2558,BC,1,paid_search,paid_search,2
2559,ON,0,paid_social,email,5
2560,AB,0,email,organic_search,4
2561,Atlantic,0,paid_social,display,2
2562,AB,1,affiliate,direct,3
2563,ON,0,direct,direct,4
2564,AB,0,paid_social,email,5
2565,Prairies,0,paid_search,paid_search,1
2566,Atlantic,1,paid_social,direct,5
2567,QC,0,email,direct,5
2568,ON,1,display,email,5
2569,BC,0,paid_search,paid_search,4
2570,QC,0,direct,paid_search,3
2571,ON,0,display,organic_search,2
2572,AB,0,paid_social,affiliate,3
2573,Atlantic,1,paid_search,paid_search,2
2574,ON,0,organic_search,direct,5
2575,Prairies,0,display,paid_search,4
2576,QC,0,display,paid_search,2
2577,Prairies,0,paid_search,paid_search,2
2578,BC,0,organic_search,organic_search,1
2579,Prairies,0,organic_search,email,7
2580,BC,0,display,paid_search,2
2581,Prairies,0,display,paid_search,6
2582,BC,0,display,direct,6
2583,Prairies,0,display,paid_social,3
2584,QC,0,display,paid_social,5
2585,Atlantic,0,paid_search,direct,3
2586,ON,0,paid_social,paid_social,4
2587,QC,0,paid_social,paid_search,7
2588,AB,0,direct,direct,1
2589,BC,0,display,direct,5
2590,QC,0,paid_social,affiliate,4
2591,QC,0,paid_social,affiliate,3
2592,Prairies,0,display,affiliate,3
2593,Prairies,0,paid_social,direct,6
2594,AB,0,organic_search,direct,3
2595,QC,0,affiliate,affiliate,5
2596,Prairies,0,display,display,4
2597,ON,1,paid_social,paid_search,7
2598,BC,0,paid_social,paid_search,2
2599,Prairies,0,display,paid_search,3
2600,QC,0,organic_search,organic_search,1
2601,AB,0,display,organic_search,2
2602,BC,0,display,organic_search,4
2603,Prairies,0,display,paid_social,2
2604,Atlantic,0,paid_search,direct,4
2605,BC,0,paid_social,paid_social,1
2606,Atlantic,0,display,organic_search,2
2607,Atlantic,0,display,paid_social,2
2608,AB,0,paid_social,paid_social,5
2609,Atlantic,0,paid_search,paid_search,1
2610,Prairies,0,paid_social,affiliate,4
2611,QC,0,paid_search,paid_search,3
2612,Atlantic,0,display,paid_search,3
2613,Atlantic,0,email,email,1
2614,BC,0,organic_search,affiliate,4
2615,Prairies,0,affiliate,email,3
2616,ON,0,paid_social,paid_search,5
2617,AB,0,display,organic_search,4
2618,ON,0,email,affiliate,3
2619,QC,0,display,affiliate,4
2620,ON,0,paid_search,direct,3
2621,Atlantic,0,organic_search,direct,2
2622,Atlantic,0,display,paid_social,3
2623,Prairies,0,display,affiliate,3
2624,QC,0,paid_social,direct,5
2625,Prairies,0,paid_social,paid_search,4
2626,Atlantic,0,affiliate,paid_social,5
2627,Prairies,0,display,paid_search,4
2628,ON,0,direct,paid_search,3
2629,BC,0,direct,direct,4
2630,Atlantic,0,direct,display,3
2631,BC,0,paid_social,paid_social,1
2632,Atlantic,0,display,organic_search,4
2633,Prairies,0,paid_social,direct,10
2634,ON,1,paid_social,paid_search,5
2635,Atlantic,0,display,organic_search,5
2636,Prairies,0,paid_search,direct,9
2637,AB,0,display,email,2
2638,BC,0,paid_search,affiliate,3
2639,BC,0,paid_social,email,4
2640,Prairies,0,paid_search,email,4
2641,BC,0,display,email,2
2642,BC,0,display,paid_search,5
2643,AB,0,paid_social,paid_search,4
2644,QC,0,paid_social,direct,3
2645,BC,0,direct,paid_search,4
2646,Atlantic,0,paid_social,organic_search,2
2647,QC,0,paid_search,email,5
2648,BC,1,email,direct,8
2649,ON,0,organic_search,email,5
2650,QC,0,organic_search,organic_search,3
2651,Atlantic,1,paid_search,paid_search,1
2652,Prairies,0,organic_search,paid_social,3
2653,AB,0,paid_social,paid_search,4
2654,QC,1,affiliate,affiliate,4
2655,QC,0,display,affiliate,5
2656,Atlantic,0,organic_search,email,2
2657,QC,0,paid_social,paid_social,3
2658,BC,0,paid_social,paid_search,3
2659,AB,0,organic_search,organic_search,4
2660,QC,0,paid_search,paid_search,1
2661,AB,0,display,paid_social,3
2662,Prairies,0,display,direct,4
2663,AB,0,organic_search,email,3
2664,Prairies,0,display,paid_search,5
2665,QC,0,display,direct,3
2666,AB,0,paid_social,direct,3
2667,Atlantic,0,email,paid_search,2
2668,BC,0,paid_social,direct,3
2669,Atlantic,0,paid_search,email,5
2670,ON,0,paid_social,affiliate,2
2671,BC,0,paid_social,organic_search,3
2672,QC,0,affiliate,paid_search,6
2673,AB,0,display,direct,4
2674,QC,0,paid_search,direct,2
2675,Atlantic,0,paid_social,direct,6
2676,Prairies,0,organic_search,affiliate,3
2677,Prairies,0,display,email,5
2678,BC,0,direct,email,2
2679,BC,0,paid_social,email,5
2680,ON,0,paid_social,affiliate,6
2681,Atlantic,0,affiliate,direct,6
2682,AB,0,organic_search,direct,3
2683,Prairies,0,display,paid_search,5
2684,Prairies,1,paid_social,email,5
2685,ON,0,paid_search,email,4
2686,Prairies,0,affiliate,direct,4
2687,Atlantic,0,paid_social,paid_social,1
2688,Prairies,0,paid_search,paid_search,3
2689,Atlantic,1,display,paid_search,2
2690,Atlantic,0,display,paid_social,4
2691,ON,0,affiliate,direct,2
2692,Prairies,0,email,paid_search,2
2693,BC,1,paid_social,paid_search,6
2694,BC,0,paid_social,direct,2
2695,BC,0,display,email,4
2696,AB,0,organic_search,paid_search,4
2697,Atlantic,1,organic_search,paid_search,7
2698,Prairies,0,paid_social,email,3
2699,BC,0,affiliate,affiliate,1
2700,ON,0,display,organic_search,4
2701,BC,0,paid_social,email,3
2702,ON,0,display,affiliate,7
2703,AB,0,display,direct,3
2704,BC,0,direct,direct,1
2705,QC,0,paid_social,paid_social,7
2706,Prairies,0,display,paid_search,5
2707,ON,1,display,organic_search,3
2708,AB,0,paid_social,paid_social,3
2709,BC,0,display,paid_search,3
2710,BC,1,organic_search,paid_search,4
2711,QC,0,paid_search,affiliate,3
2712,ON,0,organic_search,paid_social,2
2713,AB,0,paid_social,email,5
2714,Atlantic,0,paid_search,affiliate,5
2715,Prairies,0,display,direct,2
2716,ON,0,direct,direct,1
2717,BC,0,paid_search,paid_search,1
2718,AB,0,display,direct,7
2719,Atlantic,1,affiliate,affiliate,5
2720,AB,0,display,direct,7
2721,ON,0,paid_social,direct,3
2722,ON,1,organic_search,organic_search,4
2723,Atlantic,0,paid_search,direct,2
2724,QC,0,paid_social,paid_search,3
2725,AB,0,paid_search,paid_search,2
2726,Atlantic,0,paid_search,email,8
2727,AB,0,paid_search,direct,5
2728,AB,0,display,paid_search,5
2729,ON,0,paid_social,display,4
2730,ON,0,display,email,2
2731,Atlantic,0,display,paid_search,3
2732,Prairies,1,organic_search,direct,2
2733,AB,0,paid_search,email,4
2734,AB,0,display,direct,7
2735,QC,0,organic_search,paid_search,3
2736,AB,0,paid_search,direct,6
2737,BC,0,paid_search,paid_search,1
2738,AB,0,paid_social,paid_social,5
2739,BC,0,organic_search,paid_search,3
2740,QC,0,paid_social,direct,5
2741,AB,0,email,email,1
2742,ON,0,organic_search,organic_search,3
2743,QC,0,display,affiliate,2
2744,QC,0,email,email,1
2745,Prairies,0,organic_search,email,2
2746,QC,0,direct,direct,1
2747,BC,0,paid_social,direct,6
2748,BC,0,display,paid_social,6
2749,Atlantic,1,display,email,5
2750,Prairies,0,display,direct,3
2751,Atlantic,0,paid_search,paid_search,1
2752,BC,0,paid_search,direct,4
2753,Atlantic,0,paid_social,direct,5
2754,Prairies,0,organic_search,email,2
2755,Prairies,0,paid_search,email,2
2756,BC,0,display,direct,2
2757,ON,0,organic_search,direct,2
2758,QC,0,organic_search,paid_search,3
2759,BC,0,display,direct,2
2760,QC,0,paid_social,affiliate,3
2761,Atlantic,0,paid_social,paid_social,4
2762,ON,0,display,display,4
2763,Atlantic,0,paid_social,email,4
2764,BC,0,display,affiliate,3
2765,BC,0,paid_social,affiliate,5
2766,Prairies,1,paid_search,paid_search,1
2767,AB,0,organic_search,direct,2
2768,Prairies,0,paid_social,direct,5
2769,AB,0,organic_search,display,3
2770,BC,0,display,email,4
2771,Atlantic,0,display,direct,4
2772,BC,0,display,paid_search,4
2773,QC,0,display,direct,4
2774,AB,0,organic_search,direct,3
2775,AB,0,display,affiliate,3
2776,ON,0,display,paid_search,3
2777,BC,0,affiliate,display,4
2778,BC,0,organic_search,paid_search,2
2779,Prairies,0,affiliate,direct,6
2780,QC,0,paid_social,direct,4
2781,Atlantic,0,display,direct,3
2782,Prairies,1,organic_search,direct,4
2783,QC,0,display,email,2
2784,BC,0,display,affiliate,3
2785,QC,0,display,paid_search,7
2786,AB,0,organic_search,organic_search,2
2787,ON,0,display,affiliate,3
2788,Atlantic,0,display,email,5
2789,ON,0,organic_search,direct,3
2790,Atlantic,0,display,affiliate,4
2791,BC,0,direct,organic_search,4
2792,ON,0,display,email,3
2793,QC,0,organic_search,email,4
2794,Atlantic,0,paid_search,paid_search,8
2795,ON,0,display,email,4
2796,ON,0,display,direct,7
2797,AB,0,organic_search,direct,4
2798,QC,0,organic_search,direct,6
2799,Atlantic,1,paid_social,organic_search,3
2800,AB,0,paid_social,direct,5
2801,BC,0,paid_search,email,3
2802,ON,0,paid_search,direct,3
2803,BC,0,paid_social,organic_search,3
2804,BC,0,display,direct,3
2805,Prairies,0,paid_search,organic_search,3
2806,ON,0,organic_search,direct,7
2807,AB,0,paid_social,affiliate,3
2808,ON,0,affiliate,paid_search,5
2809,BC,0,paid_social,paid_search,4
2810,ON,0,organic_search,affiliate,2
2811,Prairies,0,direct,organic_search,2
2812,QC,0,paid_social,direct,2
2813,QC,0,display,paid_social,2
2814,BC,0,paid_social,display,5
2815,Atlantic,0,direct,affiliate,4
2816,Prairies,0,organic_search,organic_search,3
2817,QC,0,paid_social,affiliate,3
2818,QC,0,paid_search,email,2
2819,Prairies,0,display,email,3
2820,Atlantic,1,affiliate,direct,6
2821,QC,0,email,affiliate,3
2822,ON,0,organic_search,email,4
2823,Prairies,1,display,direct,3
2824,ON,0,paid_search,paid_social,4
2825,BC,0,display,direct,2
2826,AB,0,paid_social,affiliate,3
2827,Prairies,0,paid_social,email,2
2828,Prairies,0,paid_social,email,7
2829,Prairies,0,paid_social,email,6
2830,BC,0,paid_social,organic_search,6
2831,AB,0,organic_search,organic_search,1
2832,AB,0,display,paid_search,4
2833,ON,1,direct,paid_search,4
2834,ON,0,affiliate,email,3
2835,BC,0,paid_search,direct,3
2836,QC,0,paid_social,paid_search,4
2837,QC,0,display,email,3
2838,BC,1,display,email,4
2839,Prairies,0,paid_search,paid_search,3
2840,QC,0,display,direct,5
2841,Atlantic,0,affiliate,affiliate,4
2842,QC,0,affiliate,affiliate,4
2843,QC,0,display,paid_search,4
2844,ON,0,display,direct,7
2845,QC,0,display,direct,4
2846,Prairies,0,paid_social,direct,3
2847,AB,0,paid_social,paid_search,3
2848,BC,0,paid_social,organic_search,3
2849,QC,0,organic_search,direct,4
2850,BC,0,organic_search,affiliate,4
2851,BC,0,display,direct,3
2852,AB,0,paid_search,paid_search,1
2853,QC,0,paid_social,direct,4
2854,Atlantic,0,paid_search,paid_search,1
2855,ON,0,organic_search,paid_search,6
2856,Prairies,0,affiliate,paid_social,3
2857,BC,0,paid_search,paid_search,1
2858,Prairies,0,organic_search,paid_search,6
2859,QC,0,email,affiliate,4
2860,BC,0,paid_search,direct,5
2861,ON,0,paid_search,affiliate,3
2862,AB,0,organic_search,email,6
2863,Prairies,0,organic_search,affiliate,2
2864,Atlantic,0,paid_search,direct,2
2865,AB,0,organic_search,paid_social,3
2866,Atlantic,0,organic_search,paid_social,3
2867,BC,0,display,paid_search,3
2868,ON,0,paid_social,email,2
2869,AB,0,paid_social,email,2
2870,QC,0,direct,affiliate,4
2871,Prairies,0,organic_search,organic_search,6
2872,ON,0,display,paid_search,3
2873,ON,1,email,direct,6
2874,Prairies,0,affiliate,email,5
2875,AB,0,display,affiliate,4
2876,Prairies,0,organic_search,paid_search,4
2877,Atlantic,0,paid_social,direct,3
2878,Atlantic,0,direct,direct,1
2879,ON,1,organic_search,direct,4
2880,QC,0,display,paid_social,4
2881,ON,0,paid_social,direct,3
2882,AB,0,organic_search,affiliate,5
2883,AB,1,email,organic_search,5
2884,ON,0,display,direct,3
2885,QC,0,paid_search,organic_search,8
2886,AB,0,organic_search,direct,3
2887,QC,0,paid_social,affiliate,3
2888,ON,0,paid_search,direct,3
2889,Prairies,0,paid_search,paid_search,1
2890,BC,0,paid_social,affiliate,2
2891,Atlantic,0,paid_social,organic_search,6
2892,Atlantic,0,paid_search,paid_search,1
2893,Prairies,0,paid_search,paid_search,3
2894,ON,0,display,paid_search,2
2895,ON,1,paid_search,email,4
2896,BC,0,paid_social,direct,3
2897,Atlantic,0,direct,organic_search,3
2898,QC,0,paid_social,email,6
2899,Prairies,0,paid_social,email,3
2900,Atlantic,0,paid_search,email,4
2901,BC,0,paid_social,direct,4
2902,ON,0,paid_social,paid_social,6
2903,Prairies,0,display,email,7
2904,QC,1,direct,paid_search,5
2905,ON,0,organic_search,email,5
2906,AB,0,paid_social,email,2
2907,BC,0,direct,paid_search,3
2908,Prairies,0,direct,email,2
2909,Atlantic,0,organic_search,direct,2
2910,AB,0,display,direct,4
2911,Atlantic,1,display,paid_search,3
2912,AB,0,paid_search,paid_search,4
2913,ON,0,affiliate,organic_search,4
2914,BC,0,paid_social,organic_search,7
2915,QC,0,direct,direct,3
2916,Atlantic,0,affiliate,direct,3
2917,Atlantic,0,paid_social,paid_search,3
2918,QC,0,display,email,3
2919,BC,0,email,paid_search,2
2920,ON,0,paid_social,direct,4
2921,Atlantic,0,paid_social,affiliate,3
2922,BC,0,paid_social,direct,6
2923,QC,0,paid_social,organic_search,5
2924,BC,0,paid_social,email,5
2925,ON,0,affiliate,affiliate,3
2926,Atlantic,0,paid_social,display,5
2927,BC,0,display,organic_search,6
2928,AB,0,affiliate,affiliate,1
2929,Prairies,0,affiliate,paid_social,2
2930,ON,0,organic_search,email,4
2931,BC,0,paid_search,paid_search,1
2932,BC,0,organic_search,affiliate,5
2933,Atlantic,0,paid_search,direct,2
2934,Atlantic,1,affiliate,email,4
2935,ON,0,direct,email,2
2936,AB,0,affiliate,affiliate,3
2937,QC,0,paid_search,affiliate,3
2938,BC,0,affiliate,paid_search,5
2939,BC,0,paid_search,email,5
2940,QC,0,display,email,2
2941,BC,1,paid_social,paid_social,2
2942,AB,0,paid_social,affiliate,3
2943,QC,0,organic_search,email,5
2944,Prairies,0,paid_social,direct,3
2945,Prairies,0,display,email,3
2946,Atlantic,0,display,direct,3
2947,ON,0,affiliate,email,3
2948,Prairies,0,paid_search,display,3
2949,QC,0,display,affiliate,3
2950,BC,0,display,direct,2
2951,Prairies,0,affiliate,affiliate,1
2952,ON,0,organic_search,direct,3
2953,Atlantic,0,organic_search,organic_search,4
2954,BC,0,display,email,4
2955,ON,0,organic_search,display,2
2956,AB,0,organic_search,display,7
2957,ON,0,paid_search,display,5
2958,Prairies,0,paid_social,email,5
2959,AB,0,display,direct,4
2960,BC,1,display,paid_search,6
2961,QC,0,display,direct,3
2962,ON,0,paid_search,email,2
2963,AB,0,display,email,5
2964,AB,0,affiliate,direct,4
2965,Atlantic,0,affiliate,paid_search,6
2966,QC,0,display,email,4
2967,QC,0,display,direct,3
2968,QC,0,affiliate,direct,5
2969,AB,0,direct,direct,1
2970,ON,1,paid_social,paid_social,4
2971,ON,0,organic_search,paid_search,5
2972,AB,1,display,direct,2
2973,BC,0,paid_search,organic_search,4
2974,ON,0,paid_search,organic_search,2
2975,QC,0,paid_search,organic_search,5
2976,QC,0,paid_social,organic_search,2
2977,Prairies,0,display,email,4
2978,Atlantic,0,display,display,1
2979,QC,1,organic_search,organic_search,3
2980,ON,0,paid_social,email,6
2981,QC,0,organic_search,paid_social,5
2982,ON,1,affiliate,email,5
2983,Prairies,0,organic_search,organic_search,1
2984,ON,0,organic_search,affiliate,4
2985,ON,0,organic_search,organic_search,1
2986,ON,0,organic_search,paid_search,3
2987,AB,0,paid_social,direct,2
2988,AB,0,organic_search,direct,7
2989,AB,0,display,affiliate,2
2990,AB,1,organic_search,direct,4
2991,ON,0,organic_search,organic_search,1
2992,Prairies,0,display,paid_social,2
2993,AB,0,display,direct,6
2994,AB,0,email,direct,6
2995,Prairies,1,direct,email,4
2996,Atlantic,0,display,paid_search,2
2997,QC,0,organic_search,direct,3
2998,ON,0,paid_search,affiliate,4
2999,QC,0,display,affiliate,5
3000,QC,0,display,paid_search,5
3001,ON,0,organic_search,email,5
3002,ON,0,email,email,1
3003,Atlantic,0,display,direct,2
3004,BC,0,affiliate,affiliate,2
3005,AB,1,organic_search,direct,4
3006,BC,0,affiliate,direct,3
3007,AB,0,display,direct,3
3008,QC,0,display,direct,4
3009,QC,0,display,direct,3
3010,ON,0,email,email,1
3011,BC,1,paid_social,paid_search,6
3012,QC,0,email,email,1
3013,QC,0,paid_social,email,3
3014,QC,0,paid_social,affiliate,2
3015,Atlantic,0,organic_search,paid_search,3
3016,AB,0,display,email,2
3017,AB,0,display,direct,3
3018,AB,0,display,paid_search,4
3019,Prairies,0,organic_search,affiliate,4
3020,Prairies,1,organic_search,paid_search,6
3021,QC,0,organic_search,paid_search,3
3022,Prairies,0,direct,direct,1
3023,Prairies,0,email,email,1
3024,QC,0,paid_search,affiliate,2
3025,BC,0,paid_social,direct,2
3026,AB,1,display,organic_search,6
3027,ON,1,organic_search,direct,4
3028,Prairies,0,organic_search,direct,2
3029,Atlantic,0,organic_search,direct,4
3030,Atlantic,0,direct,direct,1
3031,Prairies,0,affiliate,email,2
3032,Prairies,0,organic_search,display,4
3033,AB,0,display,organic_search,3
3034,Prairies,0,display,email,4
3035,Prairies,0,paid_social,email,3
3036,Atlantic,0,organic_search,affiliate,5
3037,ON,0,paid_search,paid_social,4
3038,Atlantic,0,organic_search,email,2
3039,ON,0,paid_search,affiliate,4
3040,Prairies,0,display,direct,4
3041,AB,0,paid_social,paid_social,5
3042,BC,0,display,paid_search,4
3043,Atlantic,0,display,direct,2
3044,Prairies,0,paid_social,affiliate,4
3045,BC,0,paid_social,affiliate,5
3046,AB,0,affiliate,paid_social,3
3047,AB,0,paid_search,organic_search,3
3048,Atlantic,0,paid_search,email,4
3049,BC,0,paid_social,paid_social,4
3050,BC,0,paid_search,affiliate,4
3051,QC,0,paid_search,direct,3
3052,ON,0,organic_search,paid_search,5
3053,ON,1,display,paid_search,6
3054,Prairies,1,paid_social,organic_search,5
3055,Prairies,0,paid_search,direct,2
3056,AB,0,affiliate,direct,2
3057,ON,0,paid_social,direct,3
3058,BC,0,paid_social,email,3
3059,AB,0,paid_search,affiliate,4
3060,Atlantic,1,affiliate,paid_search,5
3061,BC,0,email,email,1
3062,BC,0,display,direct,2
3063,QC,0,display,email,5
3064,Atlantic,0,display,email,3
3065,QC,0,paid_social,direct,2
3066,BC,1,paid_search,email,4
3067,AB,1,direct,paid_search,6
3068,Prairies,0,email,email,1
3069,AB,0,paid_social,paid_search,2
3070,QC,0,display,direct,5
3071,AB,1,paid_social,paid_search,7
3072,QC,0,display,affiliate,2
3073,BC,0,display,paid_search,2
3074,BC,0,organic_search,email,3
3075,BC,0,paid_social,direct,6
3076,BC,0,organic_search,paid_search,5
3077,BC,0,display,display,2
3078,Atlantic,0,organic_search,direct,2
3079,BC,0,paid_social,direct,2
3080,ON,0,organic_search,direct,3
3081,ON,0,display,direct,6
3082,AB,1,paid_social,paid_search,3
3083,BC,0,direct,email,2
3084,ON,0,display,email,3
3085,BC,0,display,direct,4
3086,BC,0,display,email,2
3087,Atlantic,0,display,affiliate,2
3088,Atlantic,0,organic_search,direct,3
3089,ON,0,display,display,2
3090,AB,0,paid_social,direct,3
3091,Prairies,0,organic_search,paid_search,7
3092,BC,0,paid_social,email,6
3093,BC,0,paid_social,direct,4
3094,ON,0,organic_search,direct,3
3095,Atlantic,0,display,affiliate,4
3096,AB,0,affiliate,direct,4
3097,BC,0,paid_social,email,2
3098,BC,0,paid_search,affiliate,5
3099,AB,0,affiliate,direct,2
3100,QC,0,display,direct,3
3101,QC,0,paid_social,direct,4
3102,Prairies,0,paid_search,direct,4
3103,ON,0,display,paid_social,2
3104,ON,1,display,organic_search,5
3105,Prairies,0,paid_social,affiliate,5
3106,ON,0,organic_search,direct,3
3107,AB,0,direct,direct,5
3108,ON,0,paid_search,email,2
3109,Atlantic,0,display,direct,4
3110,AB,0,direct,direct,1
3111,ON,0,organic_search,organic_search,3
3112,QC,0,display,paid_social,2
3113,Prairies,0,affiliate,paid_search,7
3114,QC,1,paid_search,paid_search,2
3115,ON,0,organic_search,paid_search,5
3116,ON,1,paid_search,email,2
3117,Prairies,0,display,paid_search,5
3118,Prairies,0,organic_search,email,4
3119,AB,0,display,paid_search,4
3120,Prairies,1,paid_social,direct,7
3121,QC,0,paid_social,email,4
3122,BC,1,paid_social,direct,7
3123,BC,1,display,direct,4
3124,Atlantic,0,affiliate,direct,5
3125,BC,0,affiliate,paid_search,6
3126,QC,0,paid_social,affiliate,3
3127,BC,0,display,email,2
3128,BC,0,display,affiliate,10
3129,AB,1,paid_search,affiliate,5
3130,Prairies,0,display,email,3
3131,Atlantic,1,paid_social,paid_search,3
3132,Atlantic,0,display,paid_search,3
3133,Prairies,0,paid_social,organic_search,6
3134,Prairies,0,paid_social,affiliate,2
3135,Atlantic,0,paid_social,paid_search,3
3136,Atlantic,0,organic_search,organic_search,1
3137,QC,0,display,email,2
3138,Prairies,0,display,direct,3
3139,Prairies,0,display,direct,3
3140,QC,0,affiliate,email,3
3141,Atlantic,0,display,direct,3
3142,ON,0,paid_social,email,7
3143,Atlantic,0,email,direct,3
3144,Prairies,0,display,display,1
3145,Atlantic,0,paid_search,direct,4
3146,Prairies,0,organic_search,email,3
3147,AB,0,paid_social,direct,3
3148,Atlantic,0,display,direct,2
3149,Atlantic,0,paid_social,direct,5
3150,BC,0,display,affiliate,4
3151,ON,0,paid_search,email,3
3152,AB,0,paid_social,paid_social,1
3153,QC,0,display,paid_search,5
3154,AB,0,affiliate,paid_social,4
3155,AB,0,display,paid_search,6
3156,ON,0,affiliate,paid_search,5
3157,Atlantic,0,paid_social,email,2
3158,BC,0,organic_search,direct,2
3159,AB,0,paid_social,organic_search,3
3160,QC,0,paid_social,affiliate,3
3161,AB,0,paid_search,paid_search,1
3162,BC,0,paid_search,paid_search,1
3163,Atlantic,0,organic_search,direct,2
3164,BC,0,paid_search,affiliate,5
3165,Atlantic,0,affiliate,paid_search,4
3166,QC,0,paid_social,organic_search,6
3167,Atlantic,0,organic_search,email,4
3168,ON,0,paid_social,paid_search,7
3169,AB,0,affiliate,organic_search,4
3170,Prairies,0,paid_social,paid_search,3
3171,ON,0,email,email,1
3172,BC,0,display,direct,5
3173,Prairies,0,paid_search,paid_search,8
3174,AB,1,organic_search,direct,5
3175,ON,0,display,direct,4
3176,ON,0,display,direct,4
3177,QC,0,direct,direct,3
3178,QC,0,paid_search,paid_search,4
3179,Prairies,0,organic_search,paid_search,2
3180,ON,0,display,paid_search,5
3181,QC,0,display,organic_search,3
3182,AB,0,paid_search,paid_search,5
3183,ON,0,display,direct,6
3184,QC,0,paid_search,paid_search,4
3185,ON,0,paid_search,email,2
3186,ON,0,paid_social,affiliate,6
3187,Atlantic,0,display,affiliate,4
3188,AB,0,organic_search,email,3
3189,QC,0,paid_social,email,4
3190,AB,0,organic_search,direct,2
3191,Prairies,0,direct,paid_search,2
3192,QC,0,direct,direct,1
3193,Atlantic,0,display,direct,6
3194,ON,0,paid_social,direct,5
3195,QC,0,paid_search,paid_search,3
3196,BC,0,organic_search,organic_search,3
3197,BC,0,direct,direct,4
3198,Atlantic,0,display,email,7
3199,ON,0,display,direct,3
3200,AB,0,paid_search,paid_search,4
3201,BC,0,display,display,2
3202,QC,0,direct,direct,1
3203,AB,0,display,organic_search,4
3204,Atlantic,0,paid_search,paid_search,2
3205,AB,1,paid_social,organic_search,5
3206,QC,0,direct,affiliate,2
3207,ON,0,paid_social,paid_social,5
3208,QC,1,paid_search,direct,4
3209,Atlantic,1,display,email,3
3210,BC,0,paid_social,email,3
3211,Prairies,0,display,direct,3
3212,Prairies,1,direct,email,4
3213,Atlantic,0,organic_search,display,6
3214,BC,0,direct,direct,1
3215,Atlantic,0,display,organic_search,3
3216,AB,0,display,email,5
3217,ON,1,affiliate,direct,2
3218,AB,0,paid_social,direct,4
3219,BC,0,organic_search,paid_search,3
3220,Prairies,0,organic_search,email,5
3221,Atlantic,0,display,organic_search,2
3222,BC,0,paid_search,paid_search,2
3223,QC,0,display,paid_search,3
3224,QC,0,organic_search,direct,5
3225,Prairies,0,direct,email,6
3226,ON,0,paid_search,paid_social,4
3227,BC,0,paid_social,organic_search,2
3228,AB,0,affiliate,organic_search,5
3229,Prairies,1,organic_search,organic_search,1
3230,AB,0,paid_social,organic_search,5
3231,Atlantic,0,affiliate,affiliate,1
3232,ON,0,organic_search,paid_social,8
3233,Prairies,1,display,affiliate,4
3234,Atlantic,0,paid_social,direct,3
3235,AB,1,display,direct,4
3236,QC,0,organic_search,direct,7
3237,AB,0,paid_social,paid_search,2
3238,Prairies,0,organic_search,direct,4
3239,QC,0,paid_search,email,4
3240,Prairies,0,organic_search,email,3
3241,QC,0,paid_search,paid_social,5
3242,BC,0,organic_search,direct,5
3243,Prairies,0,paid_social,affiliate,4
3244,BC,1,display,affiliate,6
3245,ON,0,paid_social,direct,3
3246,BC,0,email,email,1
3247,Atlantic,0,direct,email,3
3248,QC,1,display,organic_search,4
3249,QC,1,display,organic_search,6
3250,BC,0,paid_search,organic_search,3
3251,Atlantic,0,display,direct,3
3252,ON,0,display,email,3
3253,Prairies,0,paid_search,paid_search,4
3254,AB,0,paid_social,email,4
3255,Atlantic,0,display,email,4
3256,ON,0,display,organic_search,3
3257,Atlantic,0,affiliate,paid_search,5
3258,ON,0,direct,direct,3
3259,BC,0,paid_social,affiliate,2
3260,Prairies,0,paid_social,paid_search,4
3261,QC,0,paid_search,paid_search,5
3262,QC,1,display,paid_search,2
3263,AB,0,organic_search,organic_search,1
3264,ON,0,paid_search,direct,2
3265,ON,1,organic_search,email,5
3266,Atlantic,1,paid_social,paid_social,6
3267,Prairies,0,display,direct,2
3268,AB,1,paid_search,affiliate,7
3269,AB,0,display,direct,2
3270,Prairies,0,organic_search,paid_search,3
3271,QC,0,display,affiliate,2
3272,ON,0,organic_search,paid_search,2
3273,Atlantic,0,paid_search,affiliate,4
3274,Atlantic,0,paid_social,direct,3
3275,QC,0,display,email,2
3276,Atlantic,0,affiliate,direct,3
3277,QC,0,paid_social,affiliate,2
3278,AB,1,paid_social,affiliate,3
3279,BC,0,display,affiliate,2
3280,Atlantic,0,affiliate,direct,5
3281,ON,0,organic_search,organic_search,4
3282,Atlantic,0,display,email,2
3283,QC,0,paid_social,paid_social,2
3284,Atlantic,0,email,paid_search,4
3285,Prairies,0,paid_social,direct,6
3286,BC,0,display,direct,2
3287,Prairies,0,paid_social,affiliate,3
3288,Atlantic,0,display,email,2
3289,ON,1,paid_search,paid_search,3
3290,ON,0,direct,direct,1
3291,ON,0,display,display,3
3292,Atlantic,0,email,email,1
3293,BC,0,organic_search,affiliate,2
3294,Atlantic,0,paid_social,direct,2
3295,BC,0,paid_search,paid_search,1
3296,BC,0,display,affiliate,6
3297,AB,0,paid_social,affiliate,5
3298,Atlantic,1,display,email,5
3299,ON,0,direct,direct,1
3300,BC,0,affiliate,direct,5
3301,Prairies,0,paid_social,organic_search,5
3302,ON,0,paid_search,display,2
3303,ON,0,display,organic_search,3
3304,Prairies,0,paid_social,paid_search,3
3305,Atlantic,1,display,organic_search,5
3306,QC,0,display,paid_search,5
3307,Atlantic,0,paid_social,organic_search,2
3308,BC,0,display,direct,2
3309,AB,0,direct,direct,1
3310,QC,1,paid_search,paid_search,2
3311,QC,0,organic_search,direct,4
3312,BC,0,paid_social,direct,4
3313,AB,0,organic_search,direct,3
3314,Prairies,0,organic_search,email,2
3315,BC,1,display,organic_search,6
3316,ON,0,direct,paid_social,5
3317,AB,0,display,direct,5
3318,ON,0,email,email,1
3319,QC,0,organic_search,direct,4
3320,QC,1,organic_search,direct,5
3321,QC,0,affiliate,email,3
3322,ON,0,paid_social,paid_search,2
3323,BC,0,direct,paid_search,3
3324,AB,0,affiliate,email,5
3325,QC,1,paid_search,direct,5
3326,ON,0,affiliate,paid_search,5
3327,Prairies,0,display,organic_search,4
3328,BC,0,paid_social,organic_search,4
3329,BC,0,display,direct,3
3330,Prairies,0,paid_search,affiliate,2
3331,ON,0,paid_social,organic_search,6
3332,BC,0,paid_search,paid_search,3
3333,Atlantic,0,organic_search,direct,4
3334,Prairies,0,paid_search,affiliate,4
3335,ON,1,paid_search,paid_search,3
3336,QC,0,organic_search,email,3
3337,AB,0,paid_social,paid_social,2
3338,Atlantic,0,paid_social,direct,3
3339,ON,0,paid_search,paid_social,4
3340,ON,0,direct,direct,2
3341,QC,0,organic_search,paid_social,4
3342,Atlantic,1,affiliate,direct,3
3343,QC,1,affiliate,direct,6
3344,Prairies,0,paid_social,direct,4
3345,BC,0,paid_social,paid_search,3
3346,Prairies,0,paid_social,email,4
3347,ON,0,paid_social,paid_search,3
3348,ON,0,paid_social,paid_search,6
3349,Atlantic,0,paid_social,email,4
3350,BC,0,paid_search,paid_search,3
3351,QC,0,organic_search,paid_search,4
3352,QC,0,paid_social,paid_social,1
3353,ON,0,direct,direct,2
3354,ON,0,organic_search,display,4
3355,Prairies,0,email,organic_search,3
3356,ON,0,affiliate,paid_search,6
3357,Prairies,0,display,direct,3
3358,BC,0,organic_search,organic_search,2
3359,QC,0,direct,direct,3
3360,AB,0,paid_social,paid_search,5
3361,Prairies,0,paid_search,paid_search,1
3362,Prairies,0,affiliate,email,2
3363,Prairies,0,organic_search,paid_social,5
3364,Prairies,1,paid_search,organic_search,6
3365,BC,0,paid_social,email,4
3366,QC,0,organic_search,organic_search,1
3367,AB,0,display,email,2
3368,QC,0,organic_search,paid_search,3
3369,Prairies,0,display,paid_search,2
3370,ON,1,paid_social,direct,5
3371,Atlantic,0,display,paid_search,3
3372,ON,0,organic_search,organic_search,3
3373,BC,0,paid_search,direct,6
3374,QC,0,affiliate,affiliate,1
3375,QC,0,display,affiliate,3
3376,ON,0,paid_social,direct,6
3377,Atlantic,0,paid_search,paid_search,6
3378,ON,0,paid_social,affiliate,3
3379,ON,0,paid_search,email,3
3380,BC,1,display,paid_search,4
3381,ON,0,display,direct,4
3382,QC,1,display,paid_social,5
3383,QC,0,display,direct,5
3384,QC,0,paid_social,affiliate,6
3385,BC,0,paid_search,paid_search,1
3386,BC,0,display,direct,3
3387,ON,0,affiliate,paid_search,4
3388,BC,1,affiliate,email,3
3389,Prairies,0,display,affiliate,7
3390,ON,0,organic_search,direct,4
3391,QC,0,organic_search,direct,4
3392,AB,0,paid_social,paid_search,6
3393,QC,0,affiliate,direct,6
3394,ON,0,display,direct,4
3395,AB,0,display,organic_search,4
3396,QC,1,organic_search,paid_search,3
3397,ON,0,display,direct,5
3398,Atlantic,0,paid_social,paid_social,6
3399,BC,0,paid_search,paid_search,1
3400,Atlantic,0,organic_search,direct,4
3401,Atlantic,0,organic_search,direct,4
3402,QC,1,organic_search,direct,6
3403,ON,0,affiliate,affiliate,2
3404,Prairies,0,paid_social,direct,2
3405,ON,1,organic_search,direct,6
3406,QC,0,paid_search,direct,3
3407,AB,0,paid_search,affiliate,3
3408,Prairies,0,paid_search,email,3
3409,BC,0,display,affiliate,4
3410,BC,0,paid_search,paid_search,5
3411,AB,0,display,organic_search,6
3412,BC,0,organic_search,paid_search,5
3413,Prairies,0,organic_search,email,2
3414,Atlantic,0,display,direct,5
3415,ON,0,display,paid_search,4
3416,AB,0,paid_social,paid_search,2
3417,AB,0,paid_search,paid_search,5
3418,ON,0,direct,direct,4
3419,Prairies,0,affiliate,display,3
3420,AB,0,paid_search,paid_search,1
3421,Prairies,0,email,email,1
3422,ON,0,paid_social,direct,3
3423,Prairies,0,display,direct,4
3424,AB,1,organic_search,paid_search,4
3425,ON,1,paid_social,direct,8
3426,AB,0,direct,direct,1
3427,QC,0,paid_search,paid_search,1
3428,Atlantic,1,paid_social,paid_search,8
3429,AB,0,display,direct,3
3430,Prairies,0,email,email,1
3431,ON,0,display,affiliate,3
3432,ON,0,paid_search,direct,2
3433,Atlantic,0,paid_social,paid_search,4
3434,AB,0,direct,direct,1
3435,AB,0,paid_social,paid_search,4
3436,ON,0,affiliate,direct,4
3437,ON,1,paid_search,paid_search,6
3438,Prairies,0,display,organic_search,2
3439,ON,0,organic_search,paid_search,5
3440,AB,0,organic_search,affiliate,3
3441,BC,0,display,email,3
3442,ON,1,display,affiliate,5
3443,ON,1,affiliate,email,3
3444,ON,0,paid_social,paid_search,3
3445,BC,0,paid_social,email,7
3446,AB,1,display,paid_search,4
3447,AB,0,organic_search,direct,3
3448,AB,0,affiliate,organic_search,5
3449,Atlantic,0,display,direct,4
3450,AB,1,affiliate,affiliate,3
3451,ON,0,email,email,5
3452,AB,1,display,paid_search,4
3453,Prairies,0,display,paid_search,7
3454,Prairies,0,organic_search,paid_search,2
3455,Prairies,0,display,paid_search,3
3456,Atlantic,0,paid_social,paid_social,1
3457,QC,0,display,email,5
3458,AB,0,display,affiliate,3
3459,Prairies,0,display,organic_search,4
3460,QC,0,direct,paid_search,2
3461,ON,0,direct,direct,1
3462,AB,0,paid_social,email,2
3463,ON,1,paid_social,paid_search,7
3464,AB,0,paid_search,paid_search,3
3465,AB,1,paid_search,paid_search,1
3466,QC,0,display,affiliate,4
3467,Atlantic,1,direct,affiliate,6
3468,ON,0,display,email,6
3469,ON,0,affiliate,paid_social,3
3470,Prairies,0,display,affiliate,5
3471,BC,0,display,email,3
3472,Prairies,0,paid_search,organic_search,4
3473,QC,0,affiliate,direct,2
3474,Atlantic,1,direct,paid_search,6
3475,Prairies,0,display,direct,5
3476,Prairies,0,paid_social,paid_search,5
3477,Prairies,0,display,paid_social,2
3478,QC,0,paid_social,paid_social,4
3479,QC,0,display,organic_search,3
3480,AB,0,affiliate,direct,3
3481,QC,0,display,paid_social,3
3482,ON,0,organic_search,paid_social,3
3483,QC,0,affiliate,affiliate,1
3484,BC,0,paid_social,paid_social,2
3485,ON,0,organic_search,affiliate,7
3486,QC,0,organic_search,email,4
3487,QC,0,affiliate,affiliate,1
3488,BC,0,paid_social,paid_search,4
3489,Atlantic,0,affiliate,direct,2
3490,QC,0,paid_search,paid_search,1
3491,Atlantic,0,display,paid_search,7
3492,BC,0,paid_social,affiliate,2
3493,QC,0,display,direct,4
3494,ON,0,direct,direct,1
3495,AB,0,display,paid_social,3
3496,Prairies,1,display,paid_search,5
3497,AB,0,display,direct,3
3498,AB,0,paid_search,direct,6
3499,ON,0,organic_search,paid_search,3
3500,Prairies,0,paid_search,direct,3
3501,AB,0,paid_social,paid_search,4
3502,Atlantic,1,display,direct,5
3503,AB,0,paid_search,organic_search,4
3504,QC,0,affiliate,affiliate,3
3505,AB,1,organic_search,paid_search,5
3506,Atlantic,0,display,direct,3
3507,ON,0,display,organic_search,2
3508,AB,0,paid_social,paid_search,7
3509,AB,0,paid_search,paid_search,1
3510,QC,0,paid_social,display,3
3511,QC,1,paid_social,email,3
3512,Prairies,0,display,paid_social,6
3513,QC,0,display,direct,2
3514,Prairies,0,display,paid_search,6
3515,Prairies,0,display,organic_search,2
3516,ON,0,affiliate,paid_search,2
3517,ON,0,affiliate,paid_search,3
3518,Atlantic,0,paid_social,affiliate,3
3519,ON,1,paid_social,direct,5
3520,QC,0,display,display,4
3521,AB,0,paid_social,paid_search,4
3522,Prairies,0,display,direct,3
3523,ON,0,organic_search,email,3
3524,QC,0,paid_social,direct,3
3525,ON,0,paid_social,paid_social,7
3526,BC,0,display,organic_search,4
3527,AB,0,organic_search,email,4
3528,Atlantic,1,paid_search,email,4
3529,QC,0,display,direct,3
3530,Prairies,0,display,email,2
3531,Atlantic,0,paid_search,direct,3
3532,BC,0,display,email,5
3533,QC,0,affiliate,direct,4
3534,QC,0,display,paid_social,5
3535,Prairies,0,affiliate,affiliate,3
3536,ON,0,direct,direct,1
3537,QC,0,paid_social,affiliate,4
3538,Atlantic,0,direct,direct,4
3539,ON,0,display,display,5
3540,Atlantic,0,paid_search,paid_search,3
3541,Prairies,0,direct,direct,5
3542,BC,0,organic_search,organic_search,2
3543,ON,0,paid_social,affiliate,4
3544,BC,0,paid_search,affiliate,2
3545,ON,0,display,direct,3
3546,Prairies,0,affiliate,paid_search,7
3547,ON,0,paid_social,email,3
3548,QC,0,display,affiliate,3
3549,Prairies,0,paid_search,paid_search,1
3550,QC,0,paid_social,direct,3
3551,ON,0,organic_search,paid_search,4
3552,BC,0,direct,affiliate,4
3553,Atlantic,0,paid_search,email,4
3554,Atlantic,0,affiliate,affiliate,2
3555,AB,0,direct,direct,3
3556,QC,0,display,paid_search,4
3557,QC,0,direct,email,3
3558,Atlantic,0,organic_search,organic_search,6
3559,Atlantic,0,direct,affiliate,5
3560,Atlantic,0,display,paid_social,3
3561,Prairies,0,organic_search,display,5
3562,Atlantic,0,paid_social,affiliate,3
3563,AB,0,display,direct,5
3564,BC,1,paid_search,email,2
3565,AB,0,paid_social,direct,3
3566,ON,0,display,paid_social,6
3567,Prairies,0,direct,affiliate,5
3568,Prairies,0,display,email,4
3569,Prairies,0,affiliate,paid_social,2
3570,QC,0,paid_social,organic_search,5
3571,AB,0,affiliate,affiliate,2
3572,AB,0,paid_search,affiliate,4
3573,AB,1,paid_search,affiliate,3
3574,QC,0,paid_social,email,4
3575,ON,0,paid_social,email,2
3576,BC,0,paid_social,email,2
3577,AB,0,display,affiliate,2
3578,Prairies,0,display,affiliate,5
3579,Atlantic,0,direct,direct,5
3580,Atlantic,0,affiliate,paid_search,2
3581,Atlantic,0,display,email,4
3582,Prairies,0,paid_search,email,3
3583,ON,0,paid_social,direct,4
3584,Prairies,0,direct,email,3
3585,Atlantic,0,display,paid_social,3
3586,Prairies,0,affiliate,organic_search,3
3587,QC,0,display,paid_search,2
3588,Prairies,0,paid_search,paid_search,4
3589,BC,0,organic_search,paid_search,3
3590,QC,0,display,direct,3
3591,AB,0,organic_search,email,5
3592,AB,0,display,direct,3
3593,Atlantic,0,paid_social,paid_social,2
3594,ON,0,paid_social,direct,3
3595,BC,0,display,affiliate,6
3596,QC,0,affiliate,direct,4
3597,QC,0,organic_search,paid_search,4
3598,QC,0,organic_search,paid_search,5
3599,Prairies,0,organic_search,paid_search,3
3600,QC,0,display,email,5
3601,AB,0,display,affiliate,3
3602,Atlantic,1,organic_search,paid_search,4
3603,Prairies,0,display,display,7
3604,QC,0,paid_search,affiliate,6
3605,Atlantic,1,organic_search,direct,4
3606,QC,0,paid_social,paid_search,4
3607,Atlantic,0,email,email,1
3608,QC,0,display,organic_search,3
3609,BC,0,display,affiliate,4
3610,ON,0,direct,direct,3
3611,ON,0,paid_social,affiliate,2
3612,AB,0,paid_social,direct,2
3613,AB,1,display,email,4
3614,ON,0,paid_search,affiliate,4
3615,QC,0,display,email,3
3616,BC,0,display,organic_search,4
3617,Prairies,0,paid_search,organic_search,3
3618,QC,1,display,direct,3
3619,QC,0,display,organic_search,4
3620,ON,0,direct,paid_search,5
3621,QC,0,paid_search,affiliate,2
3622,QC,0,display,direct,2
3623,Atlantic,0,paid_social,organic_search,4
3624,AB,0,paid_search,email,2
3625,AB,1,organic_search,email,3
3626,QC,0,paid_social,direct,2
3627,QC,0,organic_search,paid_search,3
3628,Prairies,1,affiliate,paid_search,3
3629,Prairies,0,display,affiliate,3
3630,Prairies,1,direct,organic_search,3
3631,BC,0,display,direct,5
3632,Atlantic,0,direct,direct,1
3633,Atlantic,0,direct,affiliate,3
3634,BC,0,paid_social,paid_search,4
3635,AB,1,paid_social,affiliate,3
3636,Prairies,0,paid_social,paid_search,4
3637,BC,0,direct,organic_search,4
3638,BC,0,email,email,1
3639,Atlantic,0,display,email,6
3640,Atlantic,0,email,paid_search,4
3641,QC,0,direct,organic_search,4
3642,QC,0,paid_search,email,3
3643,AB,0,organic_search,email,2
3644,Atlantic,0,paid_search,paid_search,1
3645,Atlantic,1,paid_search,paid_search,3
3646,ON,0,organic_search,affiliate,2
3647,QC,0,paid_social,affiliate,4
3648,AB,0,display,organic_search,5
3649,Atlantic,0,paid_social,display,5
3650,ON,0,display,email,4
3651,Prairies,0,paid_search,paid_search,7
3652,BC,0,paid_social,email,3
3653,ON,0,paid_search,direct,3
3654,QC,0,display,organic_search,5
3655,BC,0,paid_social,paid_search,7
3656,BC,0,paid_social,paid_search,3
3657,ON,0,paid_search,organic_search,3
3658,BC,0,paid_social,direct,2
3659,Atlantic,0,paid_search,paid_search,4
3660,BC,0,affiliate,direct,6
3661,Atlantic,0,display,affiliate,6
3662,Atlantic,0,paid_social,paid_social,3
3663,QC,0,display,paid_search,5
3664,AB,0,paid_social,affiliate,3
3665,QC,0,email,email,1
3666,BC,1,display,affiliate,5
3667,AB,0,paid_search,email,6
3668,ON,0,display,email,3
3669,BC,0,organic_search,email,8
3670,Prairies,0,paid_social,paid_social,6
3671,AB,0,paid_search,direct,6
3672,Atlantic,0,display,direct,5
3673,Atlantic,0,direct,direct,3
3674,Atlantic,0,organic_search,email,2
3675,Atlantic,0,display,direct,2
3676,ON,0,paid_search,organic_search,3
3677,BC,0,affiliate,email,4
3678,AB,0,display,email,4
3679,QC,0,direct,direct,1
3680,ON,0,affiliate,direct,8
3681,Atlantic,1,organic_search,paid_search,2
3682,ON,0,direct,affiliate,6
3683,ON,0,direct,direct,5
3684,ON,0,direct,direct,3
3685,BC,0,display,affiliate,3
3686,ON,0,organic_search,organic_search,3
3687,Prairies,0,organic_search,direct,5
3688,Atlantic,0,display,direct,6
3689,AB,0,paid_search,display,2
3690,QC,0,display,direct,4
3691,Prairies,0,paid_social,affiliate,3
3692,Prairies,0,display,paid_search,3
3693,ON,0,affiliate,affiliate,1
3694,BC,0,email,affiliate,3
3695,Prairies,0,paid_search,paid_social,2
3696,BC,0,organic_search,direct,2
3697,QC,0,organic_search,paid_social,5
3698,AB,0,organic_search,paid_search,4
3699,Atlantic,0,paid_social,paid_social,1
3700,ON,0,paid_social,paid_social,2
3701,Atlantic,0,organic_search,organic_search,4
3702,ON,0,display,email,2
3703,QC,0,paid_social,affiliate,3
3704,QC,1,display,email,3
3705,QC,0,organic_search,organic_search,3
3706,Atlantic,1,paid_social,affiliate,5
3707,BC,0,organic_search,paid_social,2
3708,Prairies,0,display,direct,2
3709,BC,0,organic_search,direct,6
3710,AB,0,display,email,5
3711,AB,0,paid_social,paid_social,3
3712,Atlantic,0,paid_search,organic_search,2
3713,QC,0,paid_social,paid_search,4
3714,BC,0,display,direct,5
3715,Atlantic,0,display,paid_search,3
3716,AB,0,organic_search,organic_search,2
3717,ON,0,display,affiliate,7
3718,Prairies,0,paid_social,affiliate,2
3719,Prairies,0,paid_search,direct,3
3720,Prairies,0,display,affiliate,4
3721,BC,0,paid_search,organic_search,5
3722,QC,0,organic_search,paid_search,9
3723,AB,0,paid_social,paid_social,2
3724,ON,0,display,paid_search,3
3725,ON,1,paid_social,email,5
3726,BC,0,display,organic_search,3
3727,AB,0,paid_social,paid_search,3
3728,BC,0,paid_social,direct,5
3729,AB,0,paid_search,paid_search,2
3730,ON,0,display,email,5
3731,AB,0,display,paid_search,4
3732,Atlantic,1,display,direct,5
3733,AB,0,email,direct,3
3734,QC,0,email,direct,3
3735,AB,0,email,display,5
3736,Prairies,0,affiliate,affiliate,1
3737,AB,0,display,email,4
3738,BC,0,display,direct,3
3739,ON,0,paid_social,paid_search,4
3740,Atlantic,0,paid_social,direct,4
3741,AB,0,display,email,5
3742,Prairies,0,display,organic_search,7
3743,BC,0,paid_search,paid_search,2
3744,Prairies,0,paid_search,direct,5
3745,QC,0,display,display,3
3746,AB,0,affiliate,direct,3
3747,Atlantic,1,paid_search,email,5
3748,BC,0,display,direct,2
3749,BC,0,paid_search,direct,4
3750,ON,0,display,direct,5
3751,BC,1,paid_social,email,4
3752,BC,0,affiliate,direct,4
3753,BC,0,display,direct,3
3754,Prairies,0,organic_search,direct,3
3755,Atlantic,0,direct,direct,4
3756,BC,0,affiliate,paid_search,5
3757,QC,0,direct,email,5
3758,Prairies,0,paid_social,paid_social,8
3759,QC,0,display,paid_search,5
3760,AB,0,display,direct,3
3761,AB,0,affiliate,paid_search,3
3762,Prairies,0,paid_social,direct,6
3763,BC,0,paid_search,affiliate,5
3764,AB,0,email,email,1
3765,Atlantic,0,paid_social,direct,5
3766,QC,0,display,paid_search,6
3767,ON,0,paid_social,direct,3
3768,BC,0,organic_search,email,3
3769,ON,0,paid_search,direct,3
3770,Atlantic,0,organic_search,affiliate,3
3771,Atlantic,1,organic_search,direct,4
3772,QC,0,paid_search,paid_search,1
3773,AB,0,direct,paid_search,3
3774,Atlantic,0,direct,direct,1
3775,QC,0,paid_social,paid_search,4
3776,Prairies,0,affiliate,direct,2
3777,BC,0,display,direct,3
3778,QC,0,organic_search,affiliate,4
3779,BC,1,paid_search,affiliate,3
3780,Prairies,0,display,direct,4
3781,Prairies,0,paid_social,paid_search,4
3782,Atlantic,0,affiliate,affiliate,1
3783,QC,0,organic_search,direct,5
3784,AB,0,display,email,6
3785,ON,0,organic_search,direct,2
3786,ON,0,paid_social,paid_search,2
3787,AB,0,display,email,4
3788,AB,0,paid_social,paid_search,3
3789,BC,1,paid_social,affiliate,3
3790,QC,0,paid_social,email,5
3791,Prairies,0,display,paid_search,3
3792,BC,0,display,affiliate,2
3793,AB,0,affiliate,direct,5
3794,AB,0,display,paid_social,3
3795,QC,0,direct,affiliate,3
3796,BC,0,paid_search,direct,2
3797,Atlantic,0,organic_search,paid_search,3
3798,Atlantic,0,direct,direct,3
3799,BC,1,paid_social,paid_search,3
3800,ON,0,display,email,5
3801,ON,0,display,paid_search,5
3802,ON,0,affiliate,affiliate,2
3803,AB,0,display,direct,2
3804,BC,0,paid_social,display,3
3805,Prairies,0,paid_social,email,3
3806,AB,0,display,direct,3
3807,ON,0,display,direct,3
3808,BC,0,display,direct,3
3809,BC,0,affiliate,affiliate,1
3810,Prairies,0,direct,direct,4
3811,ON,0,paid_social,paid_search,3
3812,Atlantic,0,paid_social,email,3
3813,Prairies,0,organic_search,paid_search,2
3814,Atlantic,0,organic_search,paid_search,3
3815,Prairies,0,organic_search,display,3
3816,Atlantic,0,direct,direct,1
3817,ON,1,affiliate,email,4
3818,QC,0,affiliate,direct,5
3819,Atlantic,0,display,paid_social,4
3820,AB,0,paid_search,organic_search,5
3821,QC,0,paid_social,email,2
3822,Prairies,0,organic_search,direct,5
3823,AB,0,display,email,2
3824,AB,0,display,paid_search,7
3825,QC,0,direct,direct,1
3826,ON,0,paid_search,paid_search,3
3827,ON,0,paid_social,organic_search,5
3828,ON,1,affiliate,paid_search,4
3829,AB,0,organic_search,affiliate,2
3830,QC,0,paid_search,email,2
3831,Atlantic,0,direct,affiliate,3
3832,ON,0,paid_search,email,2
3833,ON,0,display,paid_search,3
3834,BC,0,display,display,1
3835,ON,0,direct,direct,1
3836,Atlantic,0,organic_search,paid_search,2
3837,QC,0,direct,direct,4
3838,BC,0,organic_search,direct,6
3839,Atlantic,0,display,organic_search,3
3840,ON,0,paid_social,display,8
3841,AB,0,paid_search,paid_search,3
3842,Atlantic,1,display,email,8
3843,QC,0,paid_social,email,3
3844,ON,0,organic_search,paid_search,4
3845,QC,0,paid_search,affiliate,3
3846,Prairies,0,paid_social,paid_social,2
3847,Atlantic,0,display,direct,2
3848,Atlantic,0,email,direct,3
3849,Prairies,0,display,paid_social,4
3850,ON,0,display,direct,4
3851,ON,1,paid_social,display,4
3852,Prairies,0,direct,paid_search,6
3853,QC,0,display,affiliate,6
3854,Atlantic,1,display,direct,3
3855,QC,0,paid_search,paid_social,4
3856,ON,0,paid_social,paid_search,3
3857,BC,0,affiliate,paid_search,6
3858,BC,0,paid_search,direct,2
3859,QC,0,organic_search,affiliate,4
3860,BC,1,paid_social,paid_search,5
3861,BC,0,paid_social,organic_search,10
3862,Atlantic,0,display,paid_search,2
3863,QC,1,paid_social,paid_search,4
3864,QC,0,organic_search,email,4
3865,ON,1,display,organic_search,3
3866,ON,0,display,organic_search,2
3867,QC,0,display,affiliate,4
3868,QC,0,display,paid_search,3
3869,Prairies,1,display,direct,4
3870,BC,0,display,organic_search,3
3871,AB,0,affiliate,organic_search,3
3872,QC,0,display,email,3
3873,BC,0,organic_search,email,7
3874,BC,0,affiliate,organic_search,5
3875,Prairies,0,organic_search,direct,3
3876,QC,0,paid_social,paid_social,2
3877,AB,0,paid_search,paid_search,1
3878,QC,0,display,paid_search,4
3879,AB,0,paid_social,direct,2
3880,Prairies,0,display,email,4
3881,BC,0,affiliate,email,4
3882,BC,0,organic_search,paid_search,5
3883,Atlantic,0,paid_social,paid_social,3
3884,Prairies,0,paid_social,email,3
3885,Atlantic,0,organic_search,display,2
3886,BC,0,paid_search,paid_search,1
3887,QC,0,paid_search,direct,4
3888,QC,0,affiliate,direct,3
3889,Prairies,0,organic_search,direct,2
3890,BC,0,paid_search,direct,3
3891,Atlantic,0,display,direct,2
3892,BC,0,paid_search,paid_search,1
3893,QC,0,paid_social,direct,6
3894,ON,0,display,paid_social,3
3895,BC,0,paid_search,paid_search,3
3896,BC,0,paid_search,paid_search,1
3897,Prairies,0,affiliate,direct,4
3898,ON,1,organic_search,email,2
3899,Prairies,0,paid_social,organic_search,2
3900,QC,0,display,display,1
3901,Atlantic,1,paid_search,paid_search,2
3902,ON,1,affiliate,email,5
3903,Atlantic,0,display,display,2
3904,QC,0,affiliate,email,9
3905,ON,0,paid_social,direct,3
3906,Prairies,0,email,paid_search,4
3907,Atlantic,0,organic_search,affiliate,3
3908,AB,0,paid_social,email,6
3909,AB,0,paid_social,affiliate,3
3910,AB,1,display,email,4
3911,BC,0,paid_search,organic_search,3
3912,Atlantic,0,organic_search,direct,4
3913,Prairies,0,direct,direct,1
3914,QC,0,affiliate,direct,5
3915,ON,0,display,direct,3
3916,Atlantic,0,display,email,2
3917,BC,1,paid_social,affiliate,6
3918,BC,0,paid_social,paid_search,4
3919,ON,0,paid_social,affiliate,3
3920,AB,1,paid_search,paid_search,4
3921,QC,0,paid_social,paid_social,4
3922,BC,0,paid_social,organic_search,3
3923,Atlantic,0,paid_social,paid_search,2
3924,Atlantic,0,paid_social,paid_social,3
3925,QC,1,affiliate,paid_social,7
3926,Prairies,0,display,direct,2
3927,BC,0,paid_search,paid_search,5
3928,Prairies,1,organic_search,email,2
3929,BC,1,paid_search,email,3
3930,QC,0,affiliate,paid_social,4
3931,Atlantic,0,paid_social,affiliate,2
3932,AB,0,display,paid_search,5
3933,ON,0,direct,paid_social,7
3934,ON,0,paid_search,paid_search,4
3935,ON,0,display,paid_search,2
3936,AB,0,organic_search,affiliate,4
3937,Prairies,0,display,affiliate,4
3938,BC,1,paid_social,paid_search,6
3939,Prairies,0,direct,paid_search,4
3940,QC,0,display,direct,6
3941,BC,0,paid_search,email,4
3942,AB,0,organic_search,direct,3
3943,Atlantic,0,display,paid_search,2
3944,AB,0,organic_search,email,3
3945,BC,0,display,direct,3
3946,BC,0,paid_social,paid_search,8
3947,AB,0,display,paid_search,4
3948,Prairies,0,paid_social,direct,4
3949,Prairies,0,paid_social,email,4
3950,AB,1,organic_search,affiliate,4
3951,BC,0,organic_search,direct,4
3952,QC,0,paid_social,direct,6
3953,AB,0,paid_social,email,4
3954,AB,0,paid_social,paid_social,3
3955,ON,0,paid_social,direct,5
3956,Atlantic,0,email,email,2
3957,BC,0,display,direct,8
3958,Prairies,0,paid_search,affiliate,5
3959,BC,0,display,affiliate,6
3960,ON,0,paid_social,direct,3
3961,AB,0,paid_search,paid_search,2
3962,AB,0,organic_search,organic_search,4
3963,Prairies,0,direct,direct,3
3964,AB,0,display,direct,4
3965,QC,0,direct,direct,1
3966,QC,0,display,paid_search,2
3967,QC,0,organic_search,direct,2
3968,AB,0,display,display,2
3969,AB,0,paid_social,direct,4
3970,ON,0,paid_social,email,3
3971,BC,0,direct,email,5
3972,Prairies,1,paid_social,email,5
3973,QC,0,display,email,3
3974,ON,0,display,direct,3
3975,ON,0,paid_search,paid_search,1
3976,BC,0,display,direct,6
3977,QC,0,display,direct,6
3978,BC,0,display,paid_search,3
3979,Atlantic,0,paid_social,paid_search,2
3980,AB,0,paid_social,email,4
3981,ON,0,paid_social,display,5
3982,QC,0,affiliate,direct,2
3983,AB,0,display,affiliate,9
3984,ON,0,display,direct,6
3985,Atlantic,1,paid_social,email,4
3986,AB,1,display,paid_search,3
3987,AB,1,paid_social,direct,4
3988,AB,0,organic_search,paid_search,4
3989,Atlantic,0,display,paid_search,3
3990,Atlantic,0,display,direct,2
3991,ON,0,display,organic_search,4
3992,Atlantic,0,paid_search,direct,5
3993,Prairies,0,paid_social,email,3
3994,Atlantic,0,display,email,3
3995,QC,0,affiliate,email,5
3996,Prairies,0,display,direct,5
3997,AB,0,organic_search,paid_search,4
3998,ON,0,paid_social,affiliate,5
3999,ON,0,display,direct,5
4000,QC,0,paid_search,paid_search,1
4001,BC,1,paid_search,affiliate,3
4002,QC,0,paid_social,direct,3
4003,Atlantic,0,display,affiliate,2
4004,Atlantic,0,organic_search,email,6
4005,Prairies,0,organic_search,direct,3
4006,Atlantic,0,display,email,3
4007,Atlantic,0,direct,display,8
4008,BC,0,organic_search,affiliate,3
4009,QC,0,paid_search,direct,2
4010,ON,1,paid_search,direct,5
4011,BC,1,organic_search,email,6
4012,QC,0,paid_search,email,4
4013,Prairies,0,affiliate,email,4
4014,QC,0,paid_search,affiliate,3
4015,BC,0,organic_search,direct,4
4016,QC,0,direct,organic_search,4
4017,ON,0,display,organic_search,4
4018,AB,0,display,paid_search,8
4019,QC,0,display,paid_search,2
4020,Prairies,0,display,email,4
4021,AB,0,paid_search,email,4
4022,ON,1,affiliate,paid_social,9
4023,BC,1,paid_social,paid_search,4
4024,QC,0,organic_search,organic_search,5
4025,QC,0,paid_social,organic_search,5
4026,Atlantic,0,paid_search,email,3
4027,QC,0,paid_social,organic_search,2
4028,ON,0,paid_social,email,6
4029,Prairies,0,display,email,5
4030,BC,0,paid_social,email,4
4031,Atlantic,0,direct,affiliate,2
4032,Atlantic,0,organic_search,direct,2
4033,ON,0,paid_social,affiliate,4
4034,BC,0,display,email,2
4035,Prairies,0,affiliate,paid_social,6
4036,Prairies,0,paid_social,organic_search,4
4037,QC,1,affiliate,paid_search,2
4038,AB,0,direct,direct,1
4039,Atlantic,0,direct,direct,1
4040,ON,0,organic_search,paid_search,5
4041,Atlantic,0,display,paid_social,2
4042,AB,0,display,affiliate,4
4043,Prairies,0,paid_search,paid_search,1
4044,Atlantic,0,paid_search,direct,3
4045,AB,0,organic_search,direct,5
4046,Atlantic,0,display,paid_search,5
4047,QC,0,affiliate,email,5
4048,QC,0,display,affiliate,2
4049,ON,0,display,email,3
4050,Atlantic,0,paid_social,paid_search,6
4051,AB,0,organic_search,affiliate,4
4052,Atlantic,0,paid_search,display,4
4053,Atlantic,0,organic_search,paid_social,5
4054,ON,0,direct,paid_social,5
4055,AB,0,display,affiliate,3
4056,ON,0,paid_social,affiliate,4
4057,QC,0,display,paid_search,3
4058,AB,0,direct,email,5
4059,ON,0,paid_social,organic_search,5
4060,ON,0,organic_search,paid_search,3
4061,AB,0,display,paid_social,3
4062,Prairies,0,organic_search,direct,3
4063,Atlantic,0,direct,direct,4
4064,Atlantic,0,display,affiliate,5
4065,Prairies,0,affiliate,paid_search,6
4066,AB,0,display,paid_social,5
4067,QC,0,paid_social,paid_search,6
4068,Atlantic,0,direct,direct,1
4069,ON,0,affiliate,display,4
4070,BC,0,direct,email,2
4071,ON,1,paid_social,paid_social,3
4072,ON,0,paid_social,paid_social,3
4073,Prairies,0,paid_search,affiliate,7
4074,Atlantic,0,organic_search,display,3
4075,Atlantic,0,display,paid_search,3
4076,Prairies,0,display,paid_search,4
4077,AB,0,paid_search,direct,2
4078,QC,0,paid_social,paid_search,3
4079,AB,0,affiliate,direct,3
4080,QC,0,paid_search,direct,2
4081,ON,0,organic_search,direct,6
4082,Prairies,0,direct,direct,1
4083,QC,0,email,direct,2
4084,BC,0,paid_social,affiliate,6
4085,Prairies,0,affiliate,email,4
4086,AB,0,organic_search,paid_search,3
4087,ON,0,organic_search,email,3
4088,QC,1,paid_social,direct,4
4089,AB,0,paid_search,paid_social,3
4090,AB,0,paid_social,email,7
4091,ON,0,affiliate,affiliate,5
4092,Prairies,0,paid_social,email,6
4093,BC,1,paid_social,paid_search,6
4094,AB,0,organic_search,email,2
4095,BC,0,display,direct,5
4096,Atlantic,0,direct,direct,1
4097,Prairies,0,paid_search,paid_search,2
4098,Prairies,0,organic_search,direct,4
4099,BC,0,paid_social,direct,5
4100,BC,0,paid_social,affiliate,4
4101,Atlantic,0,paid_social,email,4
4102,Atlantic,1,paid_search,email,3
4103,BC,0,display,direct,5
4104,Prairies,0,paid_social,direct,2
4105,Prairies,1,affiliate,affiliate,5
4106,QC,0,paid_search,email,5
4107,ON,0,paid_social,paid_social,4
4108,QC,0,paid_social,affiliate,4
4109,QC,0,display,email,3
4110,QC,0,display,direct,4
4111,Atlantic,0,organic_search,email,5
4112,BC,1,paid_social,email,4
4113,Atlantic,1,display,email,3
4114,Prairies,0,paid_social,paid_social,2
4115,QC,0,paid_social,email,3
4116,QC,1,paid_social,direct,2
4117,ON,1,paid_social,affiliate,6
4118,Prairies,0,display,display,2
4119,QC,0,display,email,2
4120,ON,0,affiliate,email,4
4121,AB,1,paid_social,email,2
4122,Atlantic,0,display,paid_search,2
4123,Prairies,0,display,display,1
4124,BC,0,paid_search,organic_search,5
4125,Prairies,1,paid_social,email,8
4126,ON,0,organic_search,paid_search,6
4127,QC,0,display,affiliate,4
4128,BC,0,display,organic_search,3
4129,QC,1,organic_search,direct,3
4130,Atlantic,0,paid_social,email,4
4131,QC,0,paid_social,paid_search,3
4132,QC,0,paid_search,direct,3
4133,AB,0,paid_social,paid_search,3
4134,QC,0,display,paid_social,2
4135,Atlantic,0,organic_search,direct,2
4136,AB,0,organic_search,paid_search,3
4137,Atlantic,0,paid_social,paid_search,6
4138,AB,1,paid_social,display,4
4139,ON,0,paid_social,email,4
4140,Atlantic,0,organic_search,affiliate,2
4141,Atlantic,0,paid_search,paid_social,2
4142,Prairies,0,paid_social,direct,2
4143,Atlantic,0,paid_social,organic_search,4
4144,BC,0,paid_search,direct,3
4145,Atlantic,0,paid_search,direct,4
4146,BC,0,organic_search,email,4
4147,ON,0,paid_social,paid_search,4
4148,ON,0,display,display,2
4149,Atlantic,0,display,direct,4
4150,AB,0,display,affiliate,2
4151,Atlantic,0,direct,email,3
4152,BC,0,affiliate,affiliate,1
4153,QC,0,organic_search,organic_search,6
4154,AB,0,display,display,4
4155,QC,0,paid_social,email,4
4156,Prairies,0,paid_social,paid_search,3
4157,AB,0,organic_search,email,2
4158,Prairies,0,paid_social,affiliate,2
4159,AB,1,paid_search,paid_search,6
4160,QC,0,paid_social,direct,3
4161,ON,0,paid_search,organic_search,7
4162,QC,0,paid_social,direct,2
4163,QC,0,paid_social,organic_search,2
4164,ON,0,display,direct,3
4165,ON,0,paid_search,organic_search,4
4166,QC,0,organic_search,direct,2
4167,Atlantic,0,paid_search,email,2
4168,ON,1,paid_social,email,4
4169,Prairies,1,affiliate,paid_search,6
4170,QC,0,direct,direct,1
4171,Atlantic,0,display,email,5
4172,ON,0,paid_search,email,2
4173,ON,0,display,paid_search,2
4174,QC,0,display,paid_search,5
4175,Atlantic,0,display,organic_search,3
4176,Prairies,0,display,email,2
4177,AB,0,display,direct,3
4178,AB,0,display,direct,4
4179,AB,0,display,direct,2
4180,Atlantic,0,organic_search,paid_search,2
4181,Atlantic,0,display,direct,4
4182,BC,0,display,paid_search,2
4183,AB,0,display,paid_search,3
4184,AB,0,organic_search,direct,5
4185,Atlantic,0,display,organic_search,2
4186,BC,0,organic_search,email,3
4187,ON,0,organic_search,email,6
4188,Atlantic,0,affiliate,paid_search,4
4189,QC,0,direct,direct,3
4190,Atlantic,0,paid_social,direct,2
4191,Prairies,0,paid_social,direct,5
4192,QC,0,paid_search,organic_search,3
4193,ON,0,paid_social,direct,2
4194,QC,0,display,paid_search,3
4195,AB,0,paid_search,direct,3
4196,QC,0,paid_social,direct,5
4197,ON,0,display,direct,7
4198,QC,0,paid_search,paid_search,4
4199,Prairies,0,affiliate,affiliate,1
4200,ON,0,affiliate,direct,3
4201,AB,1,paid_search,direct,6
4202,Prairies,0,direct,direct,3
4203,QC,0,organic_search,email,4
4204,Atlantic,0,paid_search,email,5
4205,AB,0,display,paid_search,5
4206,BC,0,display,affiliate,5
4207,AB,0,organic_search,email,7
4208,BC,0,display,direct,3
4209,Atlantic,0,display,email,2
4210,Atlantic,0,paid_search,affiliate,3
4211,ON,0,direct,affiliate,3
4212,QC,0,paid_social,affiliate,4
4213,AB,0,display,paid_search,6
4214,ON,0,display,display,4
4215,BC,0,affiliate,paid_social,2
4216,AB,0,paid_search,paid_search,3
4217,Prairies,0,organic_search,affiliate,5
4218,BC,0,direct,direct,5
4219,ON,0,direct,direct,1
4220,Prairies,0,paid_social,direct,3
4221,BC,0,direct,direct,1
4222,AB,0,paid_social,direct,8
4223,BC,0,organic_search,direct,2
4224,Atlantic,0,affiliate,display,2
4225,Atlantic,0,paid_social,paid_social,4
4226,ON,0,direct,paid_search,3
4227,Prairies,0,display,organic_search,4
4228,Atlantic,0,organic_search,affiliate,5
4229,QC,0,display,paid_search,4
4230,ON,0,display,display,4
4231,Atlantic,0,organic_search,direct,3
4232,QC,0,direct,direct,1
4233,Atlantic,0,display,direct,5
4234,Atlantic,1,affiliate,affiliate,1
4235,Atlantic,0,affiliate,affiliate,3
4236,BC,1,paid_search,direct,6
4237,AB,0,display,paid_search,6
4238,ON,0,affiliate,affiliate,1
4239,Atlantic,0,affiliate,email,2
4240,AB,1,paid_search,direct,5
4241,Atlantic,0,direct,display,2
4242,QC,0,display,paid_search,4
4243,AB,0,paid_social,direct,2
4244,AB,0,organic_search,paid_search,2
4245,Atlantic,0,display,display,5
4246,Atlantic,1,paid_social,paid_social,3
4247,ON,0,paid_social,direct,3
4248,AB,0,display,display,4
4249,ON,0,display,paid_social,3
4250,Atlantic,0,affiliate,organic_search,6
4251,QC,0,display,organic_search,5
4252,AB,0,organic_search,direct,4
4253,QC,0,display,paid_search,4
4254,Prairies,0,display,paid_search,3
4255,BC,0,paid_social,organic_search,5
4256,Prairies,0,display,direct,3
4257,AB,0,organic_search,organic_search,5
4258,ON,0,paid_social,paid_search,4
4259,BC,0,display,paid_search,2
4260,AB,0,display,organic_search,2
4261,Atlantic,0,display,organic_search,3
4262,BC,0,organic_search,direct,3
4263,Atlantic,0,paid_social,direct,4
4264,AB,0,affiliate,paid_search,7
4265,BC,1,paid_search,paid_search,4
4266,QC,0,affiliate,paid_search,4
4267,QC,0,display,direct,2
4268,ON,0,organic_search,email,2
4269,QC,0,paid_search,email,4
4270,Atlantic,0,paid_search,affiliate,3
4271,Atlantic,0,email,paid_search,4
4272,Atlantic,0,paid_search,paid_social,4
4273,QC,0,email,email,1
4274,ON,0,display,organic_search,2
4275,BC,0,paid_social,email,3
4276,AB,0,paid_social,email,2
4277,ON,0,organic_search,display,4
4278,ON,0,display,email,4
4279,BC,0,paid_social,direct,3
4280,AB,0,affiliate,paid_search,2
4281,QC,0,display,display,3
4282,Prairies,0,affiliate,direct,3
4283,Prairies,0,email,affiliate,8
4284,ON,1,paid_social,organic_search,3
4285,AB,0,organic_search,direct,4
4286,BC,0,display,direct,5
4287,BC,0,direct,direct,2
4288,ON,0,affiliate,paid_search,4
4289,Prairies,0,display,paid_search,3
4290,ON,0,organic_search,affiliate,6
4291,QC,0,paid_social,affiliate,5
4292,Prairies,1,affiliate,email,4
4293,ON,0,organic_search,email,4
4294,Atlantic,0,display,email,2
4295,ON,1,paid_social,affiliate,4
4296,Prairies,1,paid_social,direct,3
4297,Prairies,0,paid_search,organic_search,3
4298,Atlantic,0,organic_search,direct,2
4299,ON,0,paid_social,affiliate,3
4300,ON,0,paid_social,direct,2
4301,BC,0,paid_social,affiliate,2
4302,AB,0,paid_social,affiliate,3
4303,AB,0,display,affiliate,4
4304,ON,1,organic_search,email,4
4305,Atlantic,0,affiliate,email,3
4306,Atlantic,0,paid_social,direct,5
4307,Prairies,1,display,paid_search,4
4308,Atlantic,0,display,organic_search,6
4309,AB,0,paid_social,paid_search,4
4310,AB,0,organic_search,direct,5
4311,ON,0,paid_social,paid_social,7
4312,AB,0,display,direct,6
4313,Atlantic,0,display,organic_search,6
4314,QC,0,paid_social,affiliate,3
4315,Prairies,0,display,paid_search,3
4316,Atlantic,1,display,direct,2
4317,AB,0,direct,direct,1
4318,AB,0,paid_search,affiliate,2
4319,BC,0,paid_search,direct,3
4320,Atlantic,1,display,display,3
4321,AB,0,organic_search,paid_search,4
4322,Prairies,0,paid_search,email,3
4323,Atlantic,0,organic_search,email,3
4324,Atlantic,0,organic_search,organic_search,5
4325,Prairies,0,paid_social,paid_search,3
4326,AB,0,organic_search,email,4
4327,Atlantic,0,display,paid_search,4
4328,AB,0,direct,paid_search,6
4329,QC,0,affiliate,direct,2
4330,AB,0,display,email,3
4331,Atlantic,1,paid_social,email,7
4332,AB,0,display,direct,2
4333,QC,0,direct,direct,1
4334,ON,0,paid_search,display,4
4335,BC,1,display,organic_search,4
4336,QC,0,display,direct,3
4337,ON,0,direct,display,4
4338,Prairies,0,organic_search,paid_search,2
4339,Atlantic,0,paid_search,organic_search,5
4340,BC,1,direct,email,7
4341,QC,1,paid_social,direct,4
4342,AB,0,display,affiliate,4
4343,Prairies,1,display,organic_search,4
4344,QC,1,paid_search,paid_search,4
4345,Atlantic,0,display,email,4
4346,BC,0,display,paid_search,3
4347,AB,0,direct,organic_search,3
4348,ON,0,paid_search,paid_search,5
4349,AB,0,email,direct,2
4350,BC,0,display,display,5
4351,BC,0,display,affiliate,5
4352,ON,1,organic_search,direct,6
4353,QC,0,paid_search,paid_search,1
4354,Prairies,0,paid_search,direct,3
4355,AB,0,organic_search,direct,2
4356,AB,0,display,affiliate,8
4357,Atlantic,0,display,email,4
4358,Prairies,0,paid_social,email,4
4359,AB,0,display,email,3
4360,BC,1,paid_social,paid_search,4
4361,ON,1,direct,paid_social,7
4362,BC,0,direct,direct,1
4363,AB,0,paid_social,display,3
4364,ON,0,paid_social,email,3
4365,Atlantic,0,paid_social,paid_social,1
4366,Prairies,0,paid_social,email,4
4367,Atlantic,0,paid_search,affiliate,2
4368,Atlantic,0,paid_social,paid_social,1
4369,Atlantic,0,email,email,4
4370,AB,0,paid_search,paid_search,2
4371,QC,0,paid_social,display,4
4372,Atlantic,0,affiliate,affiliate,1
4373,ON,0,organic_search,paid_search,2
4374,Prairies,0,paid_search,direct,3
4375,AB,0,display,display,4
4376,Prairies,0,email,paid_search,2
4377,BC,0,display,direct,4
4378,BC,0,display,paid_search,4
4379,QC,0,display,paid_search,4
4380,QC,0,organic_search,email,2
4381,Prairies,0,affiliate,direct,4
4382,Prairies,0,display,direct,2
4383,ON,0,affiliate,paid_search,5
4384,QC,0,paid_social,organic_search,5
4385,QC,1,email,direct,7
4386,ON,0,organic_search,direct,2
4387,AB,0,display,paid_search,3
4388,ON,0,display,paid_search,2
4389,Atlantic,0,paid_social,paid_search,3
4390,QC,0,paid_search,paid_search,5
4391,AB,0,email,display,3
4392,AB,0,display,paid_search,2
4393,ON,0,paid_search,paid_search,2
4394,BC,0,affiliate,affiliate,4
4395,BC,0,display,direct,2
4396,BC,0,display,organic_search,4
4397,Atlantic,0,display,affiliate,2
4398,AB,0,paid_social,direct,5
4399,Prairies,0,paid_social,direct,3
4400,ON,0,paid_social,paid_social,2
4401,Prairies,0,display,affiliate,3
4402,BC,0,display,email,2
4403,BC,0,paid_search,paid_social,3
4404,AB,0,display,email,7
4405,Prairies,0,paid_social,affiliate,2
4406,BC,1,paid_social,paid_social,7
4407,AB,0,paid_social,paid_search,4
4408,QC,0,paid_social,direct,5
4409,ON,0,paid_search,paid_search,3
4410,Prairies,0,paid_social,direct,2
4411,Prairies,0,paid_social,direct,2
4412,ON,1,paid_search,direct,5
4413,QC,0,affiliate,direct,7
4414,AB,0,display,direct,5
4415,AB,0,paid_search,paid_search,1
4416,Prairies,0,direct,direct,1
4417,QC,0,display,paid_search,2
4418,Prairies,0,paid_social,direct,3
4419,BC,0,paid_search,direct,5
4420,QC,0,paid_search,paid_search,1
4421,AB,0,email,direct,3
4422,Atlantic,0,display,paid_search,2
4423,Atlantic,0,affiliate,email,3
4424,ON,0,paid_search,paid_search,4
4425,ON,0,display,email,4
4426,Atlantic,0,display,affiliate,3
4427,Atlantic,0,direct,email,6
4428,QC,0,organic_search,direct,7
4429,BC,1,affiliate,email,3
4430,AB,1,paid_search,affiliate,5
4431,Atlantic,0,display,affiliate,4
4432,BC,1,paid_social,paid_search,4
4433,ON,0,organic_search,direct,5
4434,Atlantic,0,display,organic_search,2
4435,Atlantic,0,display,paid_social,2
4436,ON,0,paid_social,affiliate,4
4437,ON,1,organic_search,affiliate,4
4438,QC,0,paid_search,organic_search,2
4439,Prairies,0,paid_social,direct,4
4440,AB,0,display,direct,4
4441,Atlantic,0,display,direct,4
4442,BC,0,paid_social,paid_search,2
4443,AB,0,organic_search,email,4
4444,AB,0,display,email,5
4445,AB,0,affiliate,organic_search,4
4446,Atlantic,0,display,paid_search,4
4447,ON,0,display,paid_search,3
4448,AB,0,display,organic_search,4
4449,BC,0,organic_search,organic_search,3
4450,ON,0,affiliate,email,5
4451,QC,0,affiliate,direct,2
4452,BC,0,affiliate,email,6
4453,ON,0,paid_social,display,4
4454,QC,0,paid_social,paid_social,1
4455,Prairies,0,paid_social,organic_search,5
4456,BC,1,paid_social,email,5
4457,Prairies,0,display,display,1
4458,AB,0,paid_social,affiliate,2
4459,Atlantic,0,affiliate,display,4
4460,QC,0,display,email,5
4461,BC,0,display,direct,3
4462,Atlantic,1,display,affiliate,4
4463,Prairies,0,paid_social,paid_search,5
4464,BC,0,paid_social,paid_search,3
4465,BC,0,paid_search,direct,2
4466,QC,0,display,paid_search,9
4467,AB,0,organic_search,direct,2
4468,ON,0,paid_search,paid_search,1
4469,ON,0,paid_social,direct,2
4470,BC,0,paid_social,email,4
4471,Prairies,0,paid_search,paid_search,1
4472,Atlantic,0,organic_search,direct,4
4473,Atlantic,0,display,organic_search,3
4474,BC,0,display,direct,5
4475,QC,0,paid_social,direct,2
4476,ON,1,email,email,1
4477,ON,0,organic_search,paid_search,6
4478,Prairies,0,direct,direct,4
4479,QC,0,display,display,3
4480,QC,0,paid_social,email,2
4481,Prairies,0,display,paid_search,5
4482,QC,0,direct,direct,6
4483,ON,0,display,paid_search,3
4484,AB,0,paid_search,paid_search,1
4485,QC,0,direct,direct,4
4486,AB,0,direct,direct,3
4487,Prairies,0,organic_search,email,4
4488,AB,0,paid_social,affiliate,3
4489,Atlantic,0,affiliate,email,4
4490,ON,0,organic_search,display,6
4491,Prairies,0,organic_search,affiliate,3
4492,QC,0,email,email,1
4493,ON,0,paid_social,direct,9
4494,AB,0,display,paid_search,3
4495,Atlantic,0,affiliate,affiliate,2
4496,ON,0,display,email,3
4497,AB,1,display,direct,4
4498,ON,0,affiliate,direct,3
4499,QC,0,affiliate,affiliate,1
4500,Atlantic,0,display,direct,2
4501,Atlantic,0,display,direct,3
4502,ON,0,direct,direct,1
4503,QC,0,paid_social,affiliate,2
4504,QC,0,paid_search,paid_social,2
4505,QC,0,paid_search,email,4
4506,QC,0,paid_search,direct,2
4507,QC,0,email,email,1
4508,BC,0,display,paid_search,5
4509,Prairies,1,paid_social,organic_search,3
4510,Atlantic,0,affiliate,affiliate,1
4511,Atlantic,0,display,paid_social,5
4512,ON,0,organic_search,direct,4
4513,Prairies,0,display,direct,3
4514,BC,0,paid_search,paid_social,4
4515,QC,0,paid_social,paid_social,1
4516,AB,0,organic_search,organic_search,3
4517,ON,0,paid_search,paid_search,1
4518,QC,0,display,paid_search,3
4519,QC,0,paid_social,organic_search,3
4520,AB,0,affiliate,organic_search,5
4521,AB,0,email,display,5
4522,BC,0,organic_search,direct,4
4523,Prairies,0,paid_social,paid_search,2
4524,Atlantic,0,display,direct,6
4525,Atlantic,0,display,email,4
4526,QC,0,display,organic_search,4
4527,BC,0,paid_search,paid_search,1
4528,BC,0,paid_social,paid_social,4
4529,Prairies,0,paid_search,email,5
4530,Atlantic,1,paid_search,direct,4
4531,Prairies,1,paid_social,direct,4
4532,BC,0,paid_social,paid_search,2
4533,Prairies,0,paid_social,organic_search,7
4534,Prairies,0,display,email,2
4535,Prairies,0,organic_search,affiliate,3
4536,ON,1,email,direct,2
4537,AB,0,email,direct,8
4538,Atlantic,0,display,email,2
4539,QC,0,paid_social,paid_search,3
4540,ON,0,organic_search,affiliate,4
4541,Atlantic,0,display,direct,2
4542,Atlantic,0,display,direct,2
4543,QC,0,display,direct,2
4544,ON,0,paid_social,paid_search,2
4545,ON,0,organic_search,organic_search,2
4546,QC,1,paid_social,paid_search,6
4547,ON,0,email,paid_search,2
4548,QC,0,paid_social,paid_search,5
4549,Atlantic,0,paid_social,direct,3
4550,BC,0,organic_search,paid_search,4
4551,Atlantic,0,email,email,1
4552,QC,1,affiliate,direct,5
4553,Atlantic,0,paid_social,paid_search,4
4554,ON,0,organic_search,display,5
4555,Atlantic,0,affiliate,organic_search,2
4556,Prairies,0,paid_search,email,4
4557,Atlantic,0,display,direct,2
4558,Atlantic,0,display,paid_search,6
4559,QC,0,affiliate,paid_search,4
4560,QC,1,affiliate,affiliate,1
4561,Prairies,0,organic_search,paid_social,5
4562,Prairies,0,email,paid_social,4
4563,Atlantic,0,affiliate,affiliate,3
4564,Prairies,0,organic_search,email,4
4565,QC,0,affiliate,email,4
4566,BC,0,display,email,5
4567,Atlantic,0,paid_search,email,2
4568,AB,1,paid_search,paid_social,5
4569,ON,0,paid_social,paid_social,4
4570,AB,0,paid_social,email,3
4571,ON,0,paid_social,paid_search,2
4572,AB,0,organic_search,paid_search,6
4573,Atlantic,0,direct,direct,3
4574,Prairies,0,organic_search,direct,6
4575,Atlantic,0,display,direct,3
4576,QC,0,display,direct,2
4577,Atlantic,1,affiliate,email,7
4578,Prairies,0,organic_search,organic_search,2
4579,ON,0,affiliate,paid_search,2
4580,Prairies,0,organic_search,affiliate,3
4581,BC,0,affiliate,affiliate,3
4582,QC,0,paid_social,paid_social,7
4583,BC,0,paid_social,paid_social,2
4584,AB,0,paid_search,email,4
4585,Prairies,0,paid_social,direct,6
4586,Prairies,0,email,email,2
4587,QC,0,paid_social,direct,6
4588,Prairies,0,paid_search,email,2
4589,ON,0,affiliate,affiliate,3
4590,Prairies,0,email,email,2
4591,BC,0,email,organic_search,4
4592,QC,0,organic_search,email,3
4593,QC,0,display,organic_search,3
4594,BC,0,paid_social,direct,4
4595,BC,1,paid_search,direct,2
4596,Prairies,0,paid_social,paid_social,1
4597,ON,0,display,display,5
4598,ON,0,email,email,1
4599,Prairies,1,paid_search,paid_search,3
4600,BC,1,display,email,4
4601,AB,0,direct,direct,3
4602,AB,0,paid_social,paid_search,3
4603,Atlantic,0,organic_search,organic_search,1
4604,BC,0,display,direct,5
4605,ON,0,email,display,2
4606,Prairies,0,paid_social,paid_search,2
4607,QC,0,paid_search,organic_search,4
4608,Prairies,0,affiliate,email,4
4609,ON,0,organic_search,email,6
4610,Atlantic,0,paid_search,affiliate,9
4611,BC,0,paid_social,direct,5
4612,Prairies,1,organic_search,paid_search,4
4613,Prairies,0,display,email,3
4614,Prairies,0,paid_social,paid_search,3
4615,BC,0,organic_search,paid_social,3
4616,Prairies,1,display,paid_social,4
4617,AB,0,paid_social,email,2
4618,Atlantic,0,display,paid_search,4
4619,QC,0,paid_social,email,5
4620,AB,0,direct,organic_search,3
4621,Atlantic,0,paid_search,paid_search,3
4622,AB,0,paid_search,direct,2
4623,AB,0,organic_search,direct,5
4624,Prairies,0,display,paid_search,2
4625,ON,0,paid_social,paid_search,4
4626,ON,0,display,affiliate,4
4627,ON,0,organic_search,direct,2
4628,BC,0,paid_social,direct,4
4629,QC,0,affiliate,direct,5
4630,QC,0,display,paid_social,3
4631,QC,0,paid_social,affiliate,4
4632,AB,0,paid_social,affiliate,3
4633,Prairies,0,direct,direct,1
4634,Atlantic,0,paid_social,organic_search,2
4635,Prairies,0,display,email,2
4636,Prairies,0,organic_search,email,4
4637,Prairies,0,paid_search,paid_search,1
4638,QC,1,paid_social,paid_search,2
4639,QC,0,direct,direct,1
4640,AB,0,display,direct,3
4641,Atlantic,0,paid_social,paid_search,5
4642,BC,0,email,affiliate,3
4643,ON,0,paid_social,email,2
4644,BC,1,paid_social,direct,5
4645,Atlantic,0,display,organic_search,2
4646,ON,1,display,paid_search,5
4647,AB,1,paid_social,direct,5
4648,Prairies,1,email,paid_search,2
4649,QC,1,paid_social,affiliate,4
4650,QC,0,display,paid_search,3
4651,AB,0,email,paid_social,3
4652,Prairies,1,affiliate,paid_search,4
4653,ON,0,paid_social,affiliate,7
4654,ON,0,organic_search,direct,4
4655,Atlantic,0,organic_search,direct,2
4656,BC,0,display,paid_search,2
4657,ON,0,organic_search,direct,5
4658,QC,0,paid_social,direct,3
4659,Prairies,0,display,organic_search,2
4660,Atlantic,0,organic_search,organic_search,5
4661,Atlantic,1,direct,direct,7
4662,Prairies,0,organic_search,direct,6
4663,AB,0,paid_social,affiliate,3
4664,AB,0,paid_social,affiliate,2
4665,BC,0,direct,organic_search,6
4666,AB,0,paid_social,direct,4
4667,AB,0,paid_social,direct,2
4668,BC,0,display,affiliate,6
4669,Atlantic,0,organic_search,paid_social,3
4670,Atlantic,0,direct,direct,1
4671,Prairies,0,organic_search,paid_search,2
4672,ON,1,affiliate,paid_social,2
4673,Atlantic,0,organic_search,organic_search,8
4674,Prairies,0,display,email,5
4675,AB,1,paid_social,direct,6
4676,Atlantic,0,email,affiliate,6
4677,QC,0,organic_search,organic_search,3
4678,BC,0,organic_search,direct,5
4679,BC,0,organic_search,paid_social,2
4680,Atlantic,0,paid_social,display,2
4681,ON,0,paid_social,display,3
4682,ON,0,display,organic_search,3
4683,AB,1,paid_search,email,3
4684,BC,0,display,paid_social,2
4685,AB,0,affiliate,direct,6
4686,ON,0,paid_social,paid_search,4
4687,BC,0,paid_social,direct,2
4688,AB,0,display,paid_search,3
4689,ON,0,direct,direct,1
4690,Prairies,0,organic_search,direct,5
4691,AB,1,paid_social,paid_search,3
4692,AB,0,affiliate,organic_search,2
4693,QC,1,paid_search,direct,6
4694,AB,0,organic_search,paid_search,2
4695,Atlantic,0,paid_search,direct,2
4696,AB,0,paid_social,paid_search,2
4697,Prairies,0,display,direct,3
4698,AB,0,display,affiliate,2
4699,ON,0,display,paid_search,4
4700,Atlantic,0,paid_social,direct,5
4701,Atlantic,0,paid_social,paid_search,2
4702,Prairies,0,display,paid_search,4
4703,Prairies,0,paid_search,email,6
4704,ON,0,direct,direct,1
4705,QC,0,paid_search,organic_search,4
4706,AB,1,display,direct,6
4707,AB,0,display,direct,3
4708,Prairies,1,display,direct,3
4709,AB,0,paid_search,email,4
4710,AB,0,paid_search,email,5
4711,QC,0,paid_social,email,4
4712,Atlantic,0,affiliate,paid_search,4
4713,Atlantic,0,paid_social,direct,4
4714,BC,0,display,paid_search,3
4715,QC,0,direct,paid_search,4
4716,AB,0,paid_social,organic_search,2
4717,AB,0,paid_search,affiliate,3
4718,AB,1,display,affiliate,3
4719,Prairies,0,display,email,4
4720,ON,0,affiliate,paid_search,2
4721,ON,0,paid_social,direct,3
4722,AB,0,email,direct,3
4723,Prairies,0,organic_search,direct,3
4724,AB,1,display,paid_search,3
4725,Prairies,0,display,direct,3
4726,ON,1,display,email,7
4727,Prairies,0,display,paid_search,5
4728,ON,0,display,paid_social,4
4729,AB,0,email,organic_search,4
4730,AB,0,paid_search,paid_search,4
4731,ON,0,affiliate,direct,4
4732,QC,0,paid_social,direct,3
4733,AB,0,display,email,2
4734,BC,0,paid_social,direct,3
4735,ON,0,paid_search,email,2
4736,ON,0,paid_search,direct,4
4737,QC,0,paid_search,direct,3
4738,Atlantic,0,paid_social,direct,5
4739,QC,0,display,paid_search,6
4740,Prairies,0,direct,direct,1
4741,Prairies,0,display,affiliate,2
4742,BC,0,organic_search,email,2
4743,ON,0,paid_search,direct,4
4744,ON,0,display,direct,5
4745,QC,0,display,affiliate,4
4746,AB,0,direct,paid_search,2
4747,Prairies,0,direct,direct,4
4748,Atlantic,1,paid_social,email,5
4749,QC,0,affiliate,direct,4
4750,BC,0,display,affiliate,5
4751,Prairies,0,paid_search,organic_search,3
4752,Atlantic,0,paid_social,paid_search,4
4753,Atlantic,0,organic_search,organic_search,1
4754,Prairies,0,direct,direct,2
4755,Prairies,0,direct,direct,2
4756,ON,1,display,display,5
4757,BC,0,direct,direct,1
4758,Atlantic,0,display,display,2
4759,QC,0,direct,direct,2
4760,BC,0,affiliate,email,3
4761,ON,0,paid_social,direct,2
4762,BC,1,paid_search,direct,5
4763,Atlantic,0,paid_social,direct,8
4764,Atlantic,0,email,email,1
4765,ON,0,paid_social,email,2
4766,Prairies,1,organic_search,paid_search,5
4767,ON,0,organic_search,paid_social,6
4768,QC,0,paid_search,affiliate,4
4769,Atlantic,0,display,display,1
4770,Prairies,0,email,paid_social,3
4771,ON,0,direct,direct,1
4772,BC,0,organic_search,organic_search,4
4773,BC,0,organic_search,paid_social,3
4774,Atlantic,0,affiliate,affiliate,6
4775,Atlantic,0,display,paid_social,6
4776,Prairies,0,display,organic_search,2
4777,QC,0,paid_search,direct,3
4778,QC,0,organic_search,affiliate,3
4779,QC,0,organic_search,organic_search,1
4780,Atlantic,0,email,email,7
4781,QC,0,paid_social,paid_social,3
4782,BC,0,organic_search,email,5
4783,Atlantic,0,display,display,5
4784,QC,0,display,organic_search,4
4785,AB,0,direct,email,3
4786,ON,0,organic_search,affiliate,2
4787,BC,1,paid_social,paid_search,3
4788,QC,0,direct,direct,1
4789,Atlantic,1,affiliate,direct,2
4790,ON,0,paid_social,organic_search,5
4791,Atlantic,0,display,email,8
4792,ON,0,direct,direct,1
4793,QC,0,paid_social,direct,5
4794,QC,0,paid_social,direct,5
4795,Atlantic,1,affiliate,organic_search,5
4796,QC,1,paid_social,direct,6
4797,Atlantic,0,direct,direct,1
4798,ON,0,paid_social,paid_social,4
4799,AB,0,display,paid_search,3
4800,QC,0,organic_search,email,2
4801,Prairies,0,direct,direct,1
4802,ON,0,organic_search,paid_search,4
4803,QC,0,display,organic_search,4
4804,AB,0,paid_search,affiliate,4
4805,QC,0,direct,direct,4
4806,Atlantic,0,direct,direct,7
4807,ON,0,display,display,5
4808,BC,0,paid_social,paid_social,4
4809,ON,0,organic_search,direct,4
4810,Prairies,0,display,paid_search,2
4811,QC,0,display,email,5
4812,BC,0,display,paid_search,4
4813,QC,0,paid_social,paid_social,3
4814,ON,0,paid_social,affiliate,4
4815,QC,1,organic_search,organic_search,8
4816,Atlantic,0,organic_search,organic_search,2
4817,Prairies,0,paid_social,direct,4
4818,AB,0,organic_search,affiliate,2
4819,BC,0,display,display,4
4820,Atlantic,0,organic_search,paid_search,3
4821,Prairies,0,paid_social,direct,5
4822,Prairies,0,paid_social,paid_social,2
4823,ON,0,paid_social,organic_search,2
4824,Prairies,0,email,direct,5
4825,QC,1,paid_social,paid_search,4
4826,QC,0,direct,paid_search,4
4827,ON,0,paid_social,email,7
4828,Atlantic,0,paid_social,email,6
4829,ON,0,organic_search,organic_search,4
4830,ON,0,organic_search,organic_search,2
4831,ON,0,organic_search,organic_search,1
4832,ON,0,paid_search,paid_search,1
4833,Prairies,0,paid_search,email,2
4834,BC,0,email,paid_search,3
4835,AB,0,organic_search,direct,3
4836,Atlantic,0,organic_search,paid_social,5
4837,QC,0,organic_search,paid_social,3
4838,Prairies,0,paid_social,email,3
4839,BC,0,paid_social,email,4
4840,Atlantic,0,display,paid_search,3
4841,Prairies,0,direct,direct,1
4842,Atlantic,1,paid_search,paid_search,1
4843,BC,0,paid_social,direct,4
4844,Atlantic,0,paid_social,affiliate,2
4845,Prairies,0,email,email,4
4846,ON,0,organic_search,affiliate,2
4847,ON,0,display,paid_social,3
4848,QC,1,email,email,1
4849,ON,0,paid_social,email,4
4850,Atlantic,1,direct,paid_search,5
4851,Prairies,0,display,display,2
4852,AB,0,display,direct,4
4853,Prairies,0,affiliate,affiliate,1
4854,Atlantic,0,affiliate,affiliate,1
4855,Prairies,0,organic_search,organic_search,3
4856,AB,0,display,organic_search,2
4857,AB,0,paid_social,paid_search,3
4858,QC,0,email,affiliate,2
4859,BC,1,organic_search,direct,3
4860,Atlantic,0,display,affiliate,3
4861,AB,0,paid_social,direct,4
4862,QC,1,email,email,1
4863,BC,0,display,direct,2
4864,Prairies,0,display,paid_search,4
4865,QC,0,paid_social,organic_search,4
4866,QC,1,paid_search,affiliate,4
4867,BC,0,paid_social,affiliate,5
4868,BC,0,direct,email,4
4869,BC,0,paid_social,affiliate,2
4870,ON,0,organic_search,organic_search,1
4871,Prairies,0,display,paid_search,2
4872,Atlantic,0,paid_social,direct,3
4873,Atlantic,0,affiliate,display,6
4874,AB,0,paid_social,paid_search,2
4875,BC,0,organic_search,email,2
4876,Prairies,0,direct,direct,1
4877,BC,0,display,email,5
4878,BC,0,display,paid_search,3
4879,Prairies,0,paid_social,direct,2
4880,Prairies,0,display,direct,4
4881,ON,0,paid_social,paid_search,3
4882,Prairies,0,display,email,2
4883,QC,0,affiliate,affiliate,1
4884,AB,0,display,email,3
4885,BC,0,paid_search,direct,4
4886,Prairies,1,paid_social,paid_search,4
4887,QC,0,organic_search,direct,2
4888,Atlantic,0,direct,direct,1
4889,ON,0,direct,direct,3
4890,Prairies,0,affiliate,organic_search,3
4891,Atlantic,0,affiliate,organic_search,5
4892,ON,0,affiliate,display,4
4893,BC,0,display,paid_search,2
4894,BC,0,display,organic_search,6
4895,AB,0,display,email,4
4896,QC,0,paid_social,direct,2
4897,AB,0,display,email,5
4898,QC,0,paid_social,direct,6
4899,BC,0,direct,affiliate,3
4900,AB,0,display,direct,4
4901,Atlantic,0,organic_search,direct,2
4902,ON,0,paid_social,email,6
4903,Atlantic,0,organic_search,paid_social,3
4904,Prairies,0,organic_search,direct,2
4905,BC,0,display,display,5
4906,Prairies,0,display,email,4
4907,AB,0,paid_social,organic_search,2
4908,QC,0,paid_search,direct,2
4909,AB,0,paid_search,display,2
4910,ON,0,paid_social,email,3
4911,Atlantic,0,display,paid_search,7
4912,QC,0,affiliate,paid_social,3
4913,AB,0,paid_search,paid_search,1
4914,Atlantic,0,email,email,1
4915,BC,0,paid_search,email,4
4916,ON,0,direct,organic_search,5
4917,QC,0,paid_search,direct,3
4918,Atlantic,0,display,email,3
4919,BC,0,direct,direct,1
4920,Prairies,1,email,email,1
4921,Prairies,0,paid_social,organic_search,2
4922,Prairies,0,display,direct,4
4923,Prairies,1,affiliate,affiliate,4
4924,QC,0,paid_social,display,3
4925,QC,0,paid_social,organic_search,3
4926,AB,0,display,email,2
4927,ON,0,paid_search,email,4
4928,QC,0,display,paid_search,4
4929,ON,0,paid_social,organic_search,5
4930,QC,0,organic_search,email,3
4931,Prairies,0,paid_search,direct,3
4932,Atlantic,0,paid_social,direct,4
4933,AB,0,display,email,6
4934,Prairies,1,affiliate,paid_search,4
4935,BC,0,paid_social,direct,4
4936,QC,0,display,email,3
4937,ON,0,organic_search,email,2
4938,Atlantic,0,display,direct,3
4939,ON,0,paid_social,affiliate,4
4940,QC,0,paid_social,email,4
4941,QC,0,affiliate,paid_search,3
4942,BC,0,organic_search,affiliate,4
4943,BC,0,paid_social,paid_search,2
4944,AB,0,paid_social,affiliate,6
4945,QC,0,paid_search,paid_search,1
4946,AB,0,paid_social,organic_search,3
4947,Atlantic,0,paid_social,organic_search,4
4948,Atlantic,1,paid_social,email,2
4949,AB,0,organic_search,direct,3
4950,BC,0,display,email,3
4951,QC,0,email,affiliate,6
4952,Atlantic,0,organic_search,direct,3
4953,Atlantic,0,paid_social,email,2
4954,QC,0,display,paid_social,6
4955,AB,0,display,direct,4
4956,BC,0,direct,paid_search,2
4957,ON,0,organic_search,organic_search,1
4958,Atlantic,0,display,paid_search,3
4959,ON,0,paid_social,direct,2
4960,QC,0,direct,paid_search,2
4961,ON,0,paid_search,direct,3
4962,Prairies,0,affiliate,display,4
4963,Atlantic,0,display,direct,3
4964,ON,0,direct,direct,1
4965,Atlantic,0,paid_search,organic_search,3
4966,Prairies,0,paid_search,paid_search,3
4967,Prairies,0,paid_social,organic_search,5
4968,AB,0,direct,direct,2
4969,ON,0,paid_social,direct,2
4970,Prairies,1,paid_search,paid_search,1
4971,QC,0,organic_search,paid_search,3
4972,ON,0,paid_social,direct,5
4973,AB,0,display,organic_search,4
4974,BC,0,direct,email,4
4975,BC,0,display,organic_search,4
4976,BC,1,paid_search,affiliate,3
4977,QC,0,paid_social,paid_search,8
4978,Prairies,0,paid_search,organic_search,3
4979,BC,0,display,organic_search,3
4980,BC,1,paid_search,organic_search,4
4981,Atlantic,0,affiliate,affiliate,4
4982,QC,0,paid_social,affiliate,4
4983,QC,0,paid_social,email,4
4984,Atlantic,0,paid_social,email,3
4985,Prairies,1,display,affiliate,5
4986,ON,0,display,email,4
4987,AB,1,affiliate,direct,4
4988,BC,0,direct,direct,1
4989,Prairies,0,paid_social,email,4
4990,ON,0,paid_search,affiliate,2
4991,ON,0,paid_social,paid_social,1
4992,Prairies,0,paid_social,email,3
4993,Atlantic,0,email,direct,4
4994,Atlantic,0,direct,affiliate,3
4995,QC,0,paid_social,direct,7
4996,Prairies,1,paid_search,direct,4
4997,QC,0,organic_search,paid_search,5
4998,QC,0,display,paid_search,3
4999,QC,0,direct,paid_search,7
5000,QC,0,paid_social,direct,3
5001,Prairies,0,paid_social,affiliate,4
5002,BC,0,affiliate,affiliate,4
5003,AB,0,paid_social,paid_social,1
5004,QC,0,paid_social,email,2
5005,Prairies,0,paid_search,direct,4
5006,ON,0,display,paid_search,4
5007,ON,1,display,affiliate,6
5008,Prairies,0,display,paid_search,5
5009,ON,1,display,email,3
5010,Prairies,0,direct,direct,6
5011,AB,0,display,email,4
5012,Prairies,0,paid_search,affiliate,3
5013,BC,0,direct,email,4
5014,AB,0,display,paid_search,5
5015,AB,0,paid_social,direct,4
5016,ON,0,direct,display,3
5017,ON,0,display,organic_search,5
5018,Atlantic,0,paid_search,paid_search,3
5019,QC,0,paid_search,paid_search,3
5020,ON,0,email,affiliate,2
5021,Atlantic,0,affiliate,email,3
5022,Atlantic,0,email,direct,6
5023,Prairies,0,paid_social,paid_search,6
5024,AB,0,paid_social,organic_search,9
5025,ON,0,affiliate,direct,5
5026,Atlantic,0,affiliate,paid_search,4
5027,BC,0,display,direct,4
5028,AB,0,affiliate,affiliate,1
5029,QC,0,display,email,4
5030,QC,0,affiliate,direct,4
5031,AB,0,display,email,5
5032,AB,1,paid_social,paid_search,5
5033,QC,0,display,affiliate,4
5034,Prairies,0,direct,direct,1
5035,Prairies,1,display,direct,3
5036,QC,0,affiliate,paid_social,5
5037,Prairies,0,affiliate,paid_search,4
5038,BC,0,organic_search,organic_search,6
5039,Prairies,1,email,email,1
5040,Atlantic,0,direct,paid_search,2
5041,Prairies,0,paid_search,organic_search,3
5042,AB,0,paid_social,email,2
5043,Atlantic,0,display,paid_social,4
5044,ON,0,display,organic_search,3
5045,Prairies,0,display,affiliate,2
5046,Atlantic,0,direct,paid_search,6
5047,Atlantic,0,affiliate,paid_social,5
5048,Prairies,0,paid_social,direct,2
5049,Atlantic,0,display,affiliate,3
5050,ON,0,paid_social,direct,4
5051,Prairies,0,display,affiliate,3
5052,Prairies,0,organic_search,direct,5
5053,Atlantic,0,organic_search,organic_search,5
5054,Prairies,0,affiliate,affiliate,1
5055,ON,0,paid_social,paid_search,8
5056,BC,0,email,email,1
5057,Atlantic,0,display,paid_social,4
5058,Atlantic,0,organic_search,direct,3
5059,BC,0,display,organic_search,2
5060,Prairies,0,direct,paid_search,2
5061,ON,0,email,paid_search,4
5062,BC,0,display,direct,3
5063,AB,0,display,direct,7
5064,BC,0,paid_social,paid_social,2
5065,Atlantic,0,paid_social,email,3
5066,AB,0,display,email,2
5067,BC,0,paid_search,direct,3
5068,BC,1,organic_search,paid_social,5
5069,QC,0,paid_social,direct,4
5070,BC,1,paid_social,direct,4
5071,BC,0,display,paid_search,2
5072,BC,0,organic_search,direct,4
5073,Prairies,0,display,paid_search,3
5074,QC,0,paid_social,paid_search,3
5075,BC,0,paid_social,direct,5
5076,AB,0,paid_social,paid_social,3
5077,ON,1,display,direct,2
5078,QC,0,direct,paid_search,5
5079,Prairies,0,organic_search,paid_search,3
5080,Prairies,1,paid_search,organic_search,6
5081,ON,0,organic_search,paid_social,3
5082,BC,0,paid_search,direct,2
5083,Atlantic,0,display,organic_search,2
5084,AB,0,display,direct,3
5085,ON,1,paid_search,affiliate,4
5086,QC,0,paid_social,organic_search,3
5087,BC,0,organic_search,email,5
5088,BC,0,direct,email,6
5089,AB,0,display,organic_search,3
5090,Atlantic,0,affiliate,paid_search,4
5091,Prairies,0,direct,email,2
5092,AB,0,affiliate,direct,2
5093,Prairies,0,paid_social,direct,5
5094,AB,0,paid_search,direct,5
5095,Atlantic,0,paid_social,direct,4
5096,Atlantic,0,direct,direct,3
5097,Atlantic,0,display,direct,5
5098,BC,0,paid_search,direct,3
5099,AB,0,paid_search,email,2
5100,QC,0,display,direct,4
5101,AB,0,affiliate,affiliate,1
5102,QC,0,display,paid_search,5
5103,BC,0,affiliate,direct,3
5104,Atlantic,0,display,email,4
5105,Atlantic,0,paid_search,paid_search,3
5106,AB,0,paid_search,paid_search,3
5107,QC,0,paid_social,direct,4
5108,Atlantic,0,paid_social,direct,3
5109,Prairies,0,display,direct,2
5110,Atlantic,0,affiliate,direct,2
5111,Prairies,0,paid_search,email,5
5112,Prairies,0,organic_search,organic_search,1
5113,QC,0,paid_search,affiliate,3
5114,Atlantic,0,display,direct,2
5115,Atlantic,0,display,organic_search,5
5116,QC,0,direct,email,3
5117,Atlantic,0,paid_search,direct,5
5118,Atlantic,0,display,paid_search,7
5119,AB,0,display,paid_search,5
5120,Prairies,0,paid_social,direct,7
5121,QC,1,display,direct,2
5122,Atlantic,0,display,paid_search,3
5123,Atlantic,0,paid_search,paid_search,2
5124,ON,0,organic_search,direct,4
5125,AB,0,organic_search,direct,4
5126,QC,0,email,paid_search,3
5127,QC,0,direct,display,2
5128,Atlantic,0,affiliate,email,2
5129,Atlantic,0,paid_social,affiliate,5
5130,BC,1,organic_search,paid_search,3
5131,Atlantic,0,paid_search,email,4
5132,ON,0,email,email,1
5133,ON,0,direct,direct,1
5134,BC,0,paid_social,paid_search,4
5135,Prairies,0,affiliate,email,3
5136,Prairies,0,direct,organic_search,4
5137,BC,0,display,email,3
5138,Prairies,0,organic_search,affiliate,7
5139,Atlantic,0,display,paid_search,2
5140,Atlantic,0,paid_social,paid_search,4
5141,QC,0,paid_search,email,6
5142,AB,0,organic_search,affiliate,5
5143,Atlantic,0,paid_social,email,3
5144,QC,0,email,organic_search,2
5145,QC,0,affiliate,direct,2
5146,Prairies,0,organic_search,affiliate,8
5147,ON,1,paid_search,direct,2
5148,AB,0,paid_search,display,3
5149,BC,0,display,email,3
5150,ON,0,display,affiliate,4
5151,BC,0,display,email,3
5152,Atlantic,0,paid_social,paid_social,3
5153,QC,0,display,direct,4
5154,ON,0,organic_search,paid_search,3
5155,QC,0,direct,affiliate,5
5156,AB,0,paid_social,direct,3
5157,ON,0,direct,direct,2
5158,AB,0,display,paid_search,2
5159,ON,1,paid_social,email,6
5160,Prairies,0,direct,organic_search,3
5161,Prairies,0,paid_social,email,4
5162,Atlantic,0,direct,paid_search,5
5163,ON,0,organic_search,affiliate,3
5164,Prairies,0,paid_search,direct,7
5165,AB,0,direct,paid_search,6
5166,ON,0,paid_social,affiliate,4
5167,QC,0,email,email,5
5168,Prairies,0,paid_search,affiliate,2
5169,QC,0,paid_social,direct,7
5170,BC,0,display,direct,11
5171,ON,0,direct,direct,1
5172,BC,0,paid_search,email,2
5173,AB,1,display,direct,6
5174,AB,0,display,email,5
5175,Prairies,0,organic_search,email,4
5176,QC,0,direct,direct,5
5177,QC,1,paid_search,direct,4
5178,ON,1,paid_search,display,2
5179,ON,0,organic_search,paid_search,5
5180,ON,0,affiliate,affiliate,5
5181,Prairies,0,display,email,5
5182,Atlantic,0,paid_social,direct,3
5183,Prairies,1,display,email,2
5184,Atlantic,0,affiliate,email,2
5185,ON,0,display,affiliate,3
5186,Prairies,0,direct,direct,3
5187,Prairies,1,organic_search,direct,5
5188,Atlantic,0,affiliate,organic_search,2
5189,ON,0,organic_search,paid_social,2
5190,AB,0,paid_search,paid_search,4
5191,ON,0,organic_search,paid_search,4
5192,Atlantic,0,organic_search,email,6
5193,AB,0,paid_search,email,4
5194,AB,0,display,direct,3
5195,QC,1,display,paid_social,8
5196,Atlantic,0,paid_search,paid_search,3
5197,AB,0,direct,paid_social,3
5198,BC,0,direct,direct,4
5199,Prairies,0,display,email,4
5200,Atlantic,0,display,affiliate,2
5201,AB,0,display,paid_search,4
5202,QC,0,paid_search,direct,2
5203,QC,0,display,email,2
5204,AB,0,paid_social,direct,3
5205,Prairies,0,display,email,3
5206,QC,1,display,display,4
5207,QC,1,paid_social,display,5
5208,ON,0,affiliate,affiliate,1
5209,BC,0,display,affiliate,2
5210,QC,0,organic_search,affiliate,2
5211,Prairies,0,email,paid_search,3
5212,BC,0,email,email,1
5213,Atlantic,0,affiliate,direct,3
5214,BC,0,display,direct,5
5215,BC,0,email,organic_search,3
5216,ON,0,organic_search,email,3
5217,QC,0,paid_search,email,5
5218,BC,1,paid_social,paid_search,5
5219,QC,0,paid_social,affiliate,5
5220,Prairies,0,display,email,4
5221,QC,0,paid_social,organic_search,6
5222,AB,0,affiliate,direct,3
5223,Atlantic,0,display,direct,7
5224,QC,0,paid_social,paid_search,2
5225,BC,0,display,direct,4
5226,BC,0,display,paid_social,3
5227,AB,0,affiliate,paid_search,3
5228,AB,0,paid_social,paid_social,5
5229,QC,0,display,paid_search,3
5230,QC,0,paid_social,paid_search,6
5231,QC,0,organic_search,direct,3
5232,AB,0,direct,direct,3
5233,BC,1,paid_social,paid_search,7
5234,BC,0,paid_social,paid_search,5
5235,AB,0,display,direct,3
5236,AB,0,paid_social,paid_search,2
5237,QC,0,display,paid_social,6
5238,Atlantic,0,display,email,3
5239,AB,0,direct,email,2
5240,QC,0,paid_social,direct,6
5241,ON,0,paid_social,direct,3
5242,QC,1,organic_search,paid_search,5
5243,BC,0,organic_search,organic_search,6
5244,QC,0,direct,organic_search,3
5245,ON,0,display,paid_search,4
5246,BC,0,organic_search,affiliate,2
5247,BC,0,display,direct,3
5248,AB,0,organic_search,paid_search,7
5249,Atlantic,0,direct,direct,1
5250,BC,0,display,paid_social,2
5251,QC,0,paid_social,organic_search,6
5252,ON,0,paid_social,paid_social,1
5253,QC,0,paid_search,affiliate,3
5254,QC,0,paid_social,email,6
5255,ON,1,organic_search,direct,4
5256,AB,0,paid_social,paid_search,6
5257,ON,0,paid_social,affiliate,2
5258,BC,0,paid_search,paid_social,5
5259,ON,0,display,affiliate,6
5260,Atlantic,0,paid_social,paid_social,5
5261,BC,0,paid_search,email,4
5262,Prairies,0,paid_social,direct,4
5263,Prairies,0,display,email,4
5264,ON,0,paid_social,direct,7
5265,AB,0,paid_social,paid_social,4
5266,BC,0,display,paid_search,4
5267,Atlantic,0,display,direct,3
5268,AB,0,direct,paid_search,2
5269,Atlantic,0,direct,direct,1
5270,ON,0,affiliate,paid_social,6
5271,ON,0,affiliate,email,2
5272,BC,0,paid_search,paid_search,3
5273,BC,0,display,email,6
5274,Prairies,0,affiliate,affiliate,1
5275,AB,0,direct,paid_social,2
5276,AB,0,organic_search,email,2
5277,BC,0,display,email,4
5278,QC,0,display,paid_search,2
5279,QC,0,display,email,5
5280,Prairies,0,direct,organic_search,7
5281,BC,1,organic_search,paid_search,4
5282,BC,0,display,paid_social,3
5283,QC,0,affiliate,organic_search,3
5284,QC,0,display,direct,4
5285,BC,0,paid_social,paid_search,2
5286,BC,0,organic_search,affiliate,7
5287,Prairies,0,paid_social,paid_search,3
5288,AB,0,organic_search,direct,5
5289,BC,1,display,affiliate,4
5290,Prairies,0,direct,paid_search,2
5291,Prairies,0,paid_social,paid_search,3
5292,AB,0,display,paid_search,3
5293,BC,0,paid_social,direct,3
5294,ON,0,affiliate,paid_search,2
5295,BC,0,paid_social,paid_search,6
5296,Prairies,0,display,organic_search,4
5297,QC,0,paid_social,email,2
5298,Prairies,0,display,paid_search,4
5299,Prairies,1,organic_search,direct,2
5300,ON,0,affiliate,email,2
5301,Prairies,0,organic_search,organic_search,1
5302,QC,0,paid_search,direct,6
5303,AB,0,direct,direct,1
5304,Prairies,0,display,affiliate,5
5305,Atlantic,0,display,paid_social,5
5306,AB,0,organic_search,direct,4
5307,AB,1,display,paid_search,3
5308,ON,0,organic_search,direct,7
5309,AB,0,organic_search,affiliate,2
5310,QC,0,display,direct,4
5311,Atlantic,0,display,direct,4
5312,AB,0,organic_search,direct,2
5313,QC,0,paid_social,direct,5
5314,Prairies,0,paid_search,direct,3
5315,QC,0,organic_search,organic_search,3
5316,ON,0,display,email,3
5317,Atlantic,0,paid_search,direct,2
5318,Prairies,0,paid_search,paid_search,3
5319,QC,0,email,email,1
5320,Prairies,0,direct,display,2
5321,AB,0,paid_search,paid_social,3
5322,Prairies,0,display,direct,3
5323,AB,1,display,email,4
5324,AB,0,paid_social,affiliate,2
5325,QC,0,paid_social,direct,3
5326,AB,0,display,email,5
5327,BC,0,paid_social,direct,3
5328,ON,0,direct,paid_social,2
5329,QC,0,affiliate,affiliate,7
5330,AB,0,organic_search,direct,7
5331,ON,0,organic_search,affiliate,5
5332,QC,0,direct,paid_search,5
5333,AB,0,paid_search,direct,4
5334,QC,0,affiliate,direct,3
5335,AB,0,display,direct,5
5336,ON,0,paid_social,direct,2
5337,ON,1,display,paid_search,6
5338,AB,0,paid_social,direct,7
5339,BC,0,paid_social,email,2
5340,Prairies,0,display,direct,3
5341,Atlantic,1,direct,direct,1
5342,ON,0,paid_search,paid_search,7
5343,QC,0,organic_search,direct,3
5344,BC,0,direct,email,4
5345,AB,0,display,direct,3
5346,QC,0,organic_search,organic_search,4
5347,ON,1,organic_search,paid_search,10
5348,Prairies,0,paid_social,email,2
5349,AB,0,organic_search,direct,2
5350,QC,0,display,display,3
5351,Atlantic,0,organic_search,paid_social,3
5352,QC,0,paid_social,direct,5
5353,QC,0,display,direct,4
5354,Atlantic,1,organic_search,paid_search,6
5355,Atlantic,0,paid_social,paid_search,5
5356,ON,0,display,direct,3
5357,ON,0,display,affiliate,4
5358,Prairies,0,email,direct,3
5359,BC,0,display,paid_search,7
5360,ON,0,paid_search,paid_search,2
5361,BC,1,paid_social,paid_social,5
5362,Prairies,0,display,organic_search,4
5363,AB,0,organic_search,paid_search,4
5364,ON,0,display,email,2
5365,QC,0,paid_search,paid_search,2
5366,AB,0,paid_search,direct,2
5367,ON,1,display,paid_search,2
5368,Prairies,0,organic_search,direct,2
5369,Prairies,0,display,email,2
5370,BC,0,paid_search,direct,4
5371,Atlantic,0,paid_search,direct,3
5372,Prairies,0,organic_search,paid_search,6
5373,ON,0,display,paid_social,5
5374,ON,0,display,direct,4
5375,Prairies,0,display,direct,6
5376,QC,0,affiliate,direct,4
5377,AB,0,organic_search,direct,6
5378,AB,1,organic_search,email,2
5379,AB,0,organic_search,paid_social,2
5380,QC,0,organic_search,direct,3
5381,BC,0,display,direct,2
5382,QC,1,paid_social,direct,6
5383,ON,0,organic_search,direct,5
5384,AB,0,paid_social,email,5
5385,AB,1,paid_social,direct,4
5386,QC,0,display,organic_search,3
5387,QC,0,display,organic_search,3
5388,Prairies,0,display,display,4
5389,Prairies,0,paid_search,direct,3
5390,ON,0,paid_search,paid_search,5
5391,Prairies,0,display,paid_search,4
5392,AB,1,paid_search,affiliate,4
5393,QC,0,display,affiliate,6
5394,QC,0,paid_search,email,4
5395,ON,0,organic_search,direct,4
5396,QC,0,display,affiliate,3
5397,QC,0,display,direct,3
5398,Atlantic,0,affiliate,affiliate,1
5399,AB,0,display,direct,2
5400,Prairies,0,display,affiliate,6
5401,Atlantic,0,display,paid_search,4
5402,Prairies,0,affiliate,affiliate,1
5403,Prairies,0,organic_search,paid_search,2
5404,Atlantic,1,display,email,3
5405,AB,0,organic_search,paid_search,4
5406,QC,0,paid_social,direct,2
5407,BC,0,organic_search,organic_search,1
5408,ON,1,organic_search,direct,2
5409,BC,1,paid_social,direct,2
5410,BC,0,display,paid_search,6
5411,QC,0,display,paid_search,4
5412,ON,0,organic_search,paid_search,6
5413,Atlantic,0,display,paid_search,7
5414,QC,0,paid_social,email,3
5415,AB,0,paid_social,direct,2
5416,BC,0,paid_social,direct,5
5417,BC,0,organic_search,direct,6
5418,Prairies,0,affiliate,direct,3
5419,QC,1,display,paid_search,4
5420,AB,0,paid_search,affiliate,3
5421,BC,0,paid_search,paid_search,2
5422,Atlantic,0,paid_search,affiliate,4
5423,AB,0,paid_search,paid_social,5
5424,Prairies,0,affiliate,paid_search,2
5425,Prairies,1,direct,organic_search,5
5426,Atlantic,0,paid_search,direct,4
5427,QC,0,direct,organic_search,4
5428,BC,1,organic_search,paid_search,5
5429,Atlantic,0,organic_search,direct,3
5430,Prairies,0,affiliate,affiliate,5
5431,AB,0,paid_social,paid_search,3
5432,QC,0,organic_search,direct,7
5433,QC,0,direct,affiliate,2
5434,QC,0,display,affiliate,4
5435,AB,0,paid_search,direct,3
5436,QC,0,organic_search,direct,2
5437,AB,0,paid_social,paid_social,1
5438,BC,0,paid_social,affiliate,4
5439,AB,0,organic_search,email,5
5440,Atlantic,0,paid_social,email,2
5441,AB,0,paid_social,paid_social,1
5442,QC,0,organic_search,affiliate,6
5443,ON,0,paid_search,paid_search,1
5444,Prairies,1,paid_social,direct,3
5445,Prairies,0,affiliate,direct,3
5446,Atlantic,1,organic_search,email,3
5447,AB,0,direct,direct,1
5448,Prairies,0,paid_social,organic_search,3
5449,QC,0,display,paid_social,2
5450,QC,0,affiliate,direct,5
5451,AB,0,display,direct,4
5452,QC,0,organic_search,direct,4
5453,BC,0,paid_social,paid_search,5
5454,Atlantic,0,paid_social,display,3
5455,BC,0,paid_social,affiliate,7
5456,Atlantic,1,organic_search,email,3
5457,AB,0,paid_social,direct,4
5458,Prairies,1,organic_search,paid_search,3
5459,AB,1,organic_search,paid_search,3
5460,AB,0,email,email,3
5461,ON,0,display,direct,3
5462,ON,0,display,direct,2
5463,ON,0,display,paid_social,2
5464,BC,0,affiliate,direct,6
5465,QC,0,organic_search,direct,5
5466,AB,0,organic_search,email,4
5467,ON,0,paid_social,paid_search,9
5468,ON,0,direct,direct,4
5469,Prairies,0,direct,direct,4
5470,Prairies,0,paid_search,direct,4
5471,ON,0,organic_search,display,5
5472,QC,0,organic_search,paid_search,2
5473,Atlantic,0,paid_social,direct,4
5474,AB,0,organic_search,email,3
5475,BC,1,display,direct,3
5476,QC,0,paid_social,direct,4
5477,QC,0,paid_social,paid_social,2
5478,Prairies,0,display,paid_search,3
5479,BC,0,paid_social,display,2
5480,ON,0,paid_social,email,2
5481,AB,0,affiliate,direct,3
5482,AB,0,display,affiliate,2
5483,AB,0,direct,direct,1
5484,QC,1,display,email,5
5485,Prairies,0,display,paid_search,5
5486,Prairies,0,paid_social,paid_search,3
5487,Prairies,0,direct,direct,4
5488,QC,0,organic_search,email,3
5489,Atlantic,0,direct,direct,1
5490,QC,0,paid_social,paid_search,4
5491,AB,0,paid_search,display,3
5492,ON,0,direct,direct,1
5493,AB,0,affiliate,organic_search,2
5494,AB,0,organic_search,direct,6
5495,QC,0,paid_social,direct,2
5496,Prairies,0,affiliate,direct,6
5497,Prairies,0,organic_search,organic_search,4
5498,Prairies,0,email,direct,2
5499,AB,0,paid_search,paid_search,2
5500,QC,0,organic_search,email,3
5501,AB,0,paid_search,organic_search,3
5502,QC,0,paid_social,paid_search,4
5503,Prairies,1,affiliate,organic_search,2
5504,Atlantic,0,display,paid_search,2
5505,Atlantic,1,affiliate,display,5
5506,Prairies,0,display,affiliate,2
5507,Prairies,0,display,affiliate,4
5508,BC,0,affiliate,email,4
5509,QC,0,display,email,4
5510,AB,0,paid_social,organic_search,7
5511,ON,0,paid_social,paid_search,3
5512,Atlantic,0,organic_search,direct,4
5513,ON,1,paid_social,organic_search,4
5514,AB,0,display,paid_search,4
5515,Prairies,0,display,paid_social,5
5516,ON,0,paid_search,paid_search,9
5517,Atlantic,0,display,paid_social,2
5518,Prairies,1,organic_search,display,4
5519,AB,0,paid_social,organic_search,4
5520,AB,0,email,paid_search,6
5521,Prairies,0,display,organic_search,5
5522,QC,0,display,paid_search,4
5523,Atlantic,0,paid_social,paid_search,3
5524,AB,0,display,organic_search,3
5525,Atlantic,0,organic_search,direct,2
5526,Prairies,0,paid_social,affiliate,4
5527,Prairies,0,organic_search,direct,3
5528,AB,0,organic_search,email,3
5529,BC,0,display,paid_search,6
5530,Atlantic,0,display,organic_search,2
5531,Prairies,0,email,email,1
5532,Prairies,0,organic_search,affiliate,3
5533,QC,0,display,direct,3
5534,Atlantic,0,direct,organic_search,4
5535,ON,0,affiliate,direct,3
5536,QC,1,organic_search,organic_search,4
5537,Atlantic,0,organic_search,direct,2
5538,AB,0,paid_social,paid_search,4
5539,Atlantic,0,paid_search,organic_search,6
5540,BC,0,paid_social,affiliate,4
5541,Prairies,0,display,direct,5
5542,Atlantic,0,paid_social,organic_search,4
5543,QC,0,affiliate,direct,2
5544,ON,0,paid_social,paid_search,5
5545,ON,0,organic_search,affiliate,4
5546,QC,0,organic_search,organic_search,2
5547,AB,0,paid_search,paid_search,1
5548,QC,0,organic_search,paid_search,4
5549,AB,0,organic_search,direct,4
5550,AB,0,paid_social,paid_search,3
5551,ON,0,paid_search,direct,4
5552,AB,0,paid_social,direct,3
5553,AB,0,paid_social,affiliate,3
5554,Atlantic,0,email,email,1
5555,AB,0,direct,paid_social,2
5556,Atlantic,0,paid_social,direct,2
5557,Prairies,0,paid_social,affiliate,4
5558,QC,0,organic_search,direct,7
5559,BC,0,affiliate,direct,4
5560,Atlantic,0,organic_search,organic_search,1
5561,Prairies,0,organic_search,affiliate,4
5562,Atlantic,1,display,organic_search,3
5563,Atlantic,0,organic_search,direct,4
5564,ON,0,paid_social,paid_search,5
5565,Atlantic,0,paid_social,affiliate,2
5566,AB,0,paid_social,email,2
5567,Atlantic,0,organic_search,organic_search,1
5568,Atlantic,0,display,paid_social,4
5569,Prairies,0,paid_social,affiliate,2
5570,Atlantic,0,display,email,3
5571,QC,0,display,direct,5
5572,Prairies,0,direct,direct,6
5573,Atlantic,0,paid_social,direct,2
5574,Prairies,0,display,paid_search,5
5575,ON,0,organic_search,organic_search,1
5576,Prairies,0,organic_search,direct,7
5577,BC,1,display,email,2
5578,ON,0,paid_social,direct,3
5579,QC,1,display,email,2
5580,BC,0,email,paid_search,2
5581,Atlantic,0,display,organic_search,6
5582,ON,1,display,direct,5
5583,BC,0,paid_search,paid_search,3
5584,Prairies,0,affiliate,paid_search,3
5585,Atlantic,0,organic_search,paid_social,4
5586,QC,1,display,paid_search,7
5587,ON,1,direct,paid_social,5
5588,Prairies,0,affiliate,direct,4
5589,QC,0,paid_social,email,5
5590,ON,0,paid_search,paid_social,3
5591,ON,0,paid_social,paid_search,5
5592,QC,0,paid_search,direct,3
5593,BC,0,affiliate,paid_search,3
5594,AB,0,paid_social,direct,7
5595,Atlantic,0,display,email,4
5596,AB,0,email,email,1
5597,QC,0,affiliate,direct,5
5598,AB,0,direct,direct,4
5599,Atlantic,0,display,paid_social,5
5600,Atlantic,0,display,paid_search,3
5601,BC,1,organic_search,affiliate,2
5602,ON,1,paid_search,email,6
5603,Prairies,0,organic_search,direct,6
5604,BC,0,display,affiliate,2
5605,BC,0,paid_social,affiliate,4
5606,ON,0,organic_search,affiliate,4
5607,ON,0,organic_search,paid_search,5
5608,Atlantic,0,email,paid_search,5
5609,AB,0,display,paid_search,3
5610,AB,0,display,paid_social,4
5611,Atlantic,0,display,paid_social,3
5612,BC,1,organic_search,affiliate,3
5613,AB,0,paid_search,email,2
5614,AB,0,affiliate,organic_search,5
5615,Atlantic,0,display,direct,3
5616,AB,1,email,display,3
5617,ON,0,display,direct,4
5618,ON,0,paid_search,email,3
5619,AB,0,display,organic_search,5
5620,QC,0,paid_social,affiliate,4
5621,ON,0,organic_search,email,5
5622,Atlantic,0,display,direct,3
5623,ON,0,display,paid_social,3
5624,Prairies,0,email,direct,3
5625,AB,0,paid_social,direct,3
5626,Prairies,0,paid_social,paid_social,1
5627,AB,0,organic_search,affiliate,2
5628,ON,0,direct,organic_search,4
5629,QC,0,paid_social,paid_search,2
5630,ON,0,paid_social,email,3
5631,Atlantic,1,organic_search,paid_social,5
5632,QC,0,display,direct,5
5633,AB,0,paid_search,direct,4
5634,BC,0,display,paid_search,5
5635,BC,0,affiliate,paid_search,5
5636,ON,1,paid_social,paid_social,7
5637,BC,0,organic_search,organic_search,3
5638,Prairies,1,affiliate,affiliate,6
5639,QC,0,display,direct,4
5640,QC,0,paid_social,affiliate,4
5641,QC,0,organic_search,email,2
5642,Prairies,0,paid_social,email,3
5643,QC,0,paid_search,affiliate,5
5644,BC,0,organic_search,email,4
5645,Atlantic,1,paid_search,paid_search,1
5646,AB,0,display,paid_search,3
5647,Prairies,0,display,email,2
5648,AB,0,paid_social,paid_social,1
5649,AB,0,paid_social,direct,3
5650,BC,1,email,direct,7
5651,ON,0,paid_social,direct,4
5652,AB,0,direct,paid_search,4
5653,Prairies,0,organic_search,organic_search,2
5654,QC,0,email,email,1
5655,Atlantic,0,display,direct,3
5656,QC,0,email,paid_social,4
5657,ON,0,display,affiliate,6
5658,ON,0,display,direct,4
5659,ON,0,paid_search,email,5
5660,BC,0,paid_social,paid_search,2
5661,AB,0,display,direct,2
5662,Prairies,0,paid_social,organic_search,3
5663,ON,0,affiliate,affiliate,4
5664,Atlantic,0,paid_social,affiliate,5
5665,AB,0,display,direct,4
5666,BC,0,paid_social,paid_search,2
5667,Prairies,0,paid_social,email,2
5668,BC,0,paid_social,affiliate,5
5669,AB,0,paid_social,affiliate,5
5670,BC,0,paid_social,email,3
5671,ON,0,display,organic_search,3
5672,AB,0,paid_search,affiliate,3
5673,Prairies,1,direct,direct,8
5674,AB,0,paid_search,affiliate,2
5675,Atlantic,0,paid_search,organic_search,3
5676,Atlantic,0,paid_social,email,2
5677,BC,0,organic_search,organic_search,3
5678,Atlantic,0,affiliate,affiliate,5
5679,BC,0,display,paid_social,9
5680,QC,0,display,direct,2
5681,AB,0,paid_social,affiliate,3
5682,ON,0,display,paid_search,5
5683,Atlantic,0,paid_search,direct,5
5684,BC,0,affiliate,display,4
5685,BC,0,organic_search,organic_search,6
5686,BC,0,organic_search,paid_search,2
5687,QC,0,paid_search,paid_search,1
5688,ON,0,display,direct,3
5689,ON,0,organic_search,paid_social,4
5690,Atlantic,0,display,direct,3
5691,Prairies,1,paid_social,affiliate,4
5692,BC,0,organic_search,direct,2
5693,QC,0,display,organic_search,6
5694,QC,0,organic_search,organic_search,1
5695,Atlantic,0,organic_search,direct,5
5696,AB,0,display,affiliate,3
5697,Atlantic,0,paid_social,organic_search,2
5698,BC,0,affiliate,paid_search,3
5699,QC,0,display,paid_search,2
5700,AB,0,affiliate,direct,3
5701,BC,0,paid_social,affiliate,3
5702,QC,0,display,paid_social,4
5703,AB,0,display,email,5
5704,AB,0,display,affiliate,2
5705,BC,0,paid_social,paid_search,4
5706,Atlantic,0,display,direct,4
5707,Atlantic,0,organic_search,display,5
5708,Atlantic,0,display,paid_search,2
5709,Atlantic,0,paid_social,email,4
5710,BC,1,paid_social,direct,4
5711,Atlantic,1,display,paid_search,4
5712,Prairies,0,paid_social,paid_search,2
5713,ON,0,display,affiliate,3
5714,BC,0,display,direct,4
5715,AB,1,paid_social,email,4
5716,QC,0,paid_search,direct,4
5717,Atlantic,0,direct,direct,1
5718,QC,0,display,direct,2
5719,QC,1,organic_search,email,3
5720,AB,0,paid_search,affiliate,4
5721,QC,0,display,direct,2
5722,BC,0,display,email,2
5723,BC,0,organic_search,paid_social,3
5724,Prairies,0,display,direct,5
5725,QC,0,paid_social,organic_search,2
5726,QC,0,paid_search,affiliate,4
5727,Atlantic,0,paid_search,direct,3
5728,Prairies,0,direct,paid_search,3
5729,Prairies,0,display,paid_social,4
5730,BC,0,display,paid_social,2
5731,Atlantic,1,paid_search,email,3
5732,Atlantic,0,direct,direct,1
5733,QC,0,paid_social,direct,3
5734,BC,0,display,direct,3
5735,ON,0,email,paid_social,2
5736,BC,0,paid_social,direct,3
5737,QC,0,paid_social,email,5
5738,AB,0,affiliate,organic_search,3
5739,AB,0,organic_search,direct,4
5740,AB,0,paid_search,email,6
5741,AB,0,organic_search,paid_search,2
5742,QC,0,display,paid_search,5
5743,ON,0,organic_search,email,5
5744,ON,0,direct,organic_search,2
5745,Prairies,0,affiliate,organic_search,2
5746,Prairies,0,display,affiliate,2
5747,AB,0,paid_search,paid_search,4
5748,Prairies,0,paid_social,paid_search,3
5749,AB,1,display,email,3
5750,Atlantic,0,direct,paid_search,7
5751,Prairies,1,paid_social,direct,4
5752,Prairies,0,paid_search,paid_search,2
5753,Atlantic,1,organic_search,direct,7
5754,AB,0,display,paid_search,3
5755,AB,0,paid_social,email,5
5756,Prairies,0,display,direct,2
5757,QC,0,paid_social,direct,5
5758,AB,0,paid_social,paid_search,6
5759,BC,0,paid_social,direct,3
5760,BC,0,display,paid_search,6
5761,BC,0,organic_search,affiliate,4
5762,ON,0,paid_search,direct,3
5763,Atlantic,0,display,email,2
5764,AB,1,organic_search,paid_search,2
5765,BC,0,paid_social,organic_search,7
5766,QC,0,display,direct,2
5767,BC,1,direct,direct,4
5768,Prairies,0,paid_search,display,4
5769,AB,0,paid_search,paid_social,5
5770,AB,0,organic_search,affiliate,2
5771,AB,0,display,organic_search,2
5772,Atlantic,0,display,paid_search,6
5773,Atlantic,0,display,direct,4
5774,Prairies,0,display,paid_search,3
5775,AB,1,organic_search,paid_search,2
5776,Atlantic,0,paid_social,direct,2
5777,Prairies,0,organic_search,email,3
5778,ON,1,organic_search,direct,6
5779,AB,0,organic_search,direct,2
5780,AB,0,direct,organic_search,2
5781,QC,0,organic_search,direct,6
5782,ON,0,paid_social,display,4
5783,Atlantic,0,display,display,6
5784,Atlantic,0,display,direct,2
5785,QC,0,affiliate,direct,4
5786,Atlantic,1,organic_search,paid_social,7
5787,ON,0,display,paid_social,5
5788,BC,0,paid_social,paid_search,6
5789,Prairies,0,organic_search,direct,4
5790,AB,0,paid_social,email,2
5791,Prairies,0,display,affiliate,3
5792,AB,0,paid_search,organic_search,2
5793,ON,0,display,paid_search,3
5794,Prairies,0,affiliate,paid_search,6
5795,Prairies,0,display,direct,3
5796,Prairies,0,paid_social,paid_social,3
5797,AB,0,display,direct,3
5798,BC,0,organic_search,paid_social,4
5799,ON,0,display,direct,3
5800,Atlantic,1,display,organic_search,5
5801,BC,0,paid_social,direct,8
5802,ON,0,display,paid_search,2
5803,Prairies,0,display,organic_search,2
5804,Prairies,0,display,email,5
5805,QC,1,display,paid_search,5
5806,Prairies,0,display,email,5
5807,BC,0,paid_social,paid_search,3
5808,BC,0,paid_search,display,3
5809,QC,0,display,organic_search,4
5810,QC,0,email,direct,3
5811,Prairies,0,affiliate,affiliate,1
5812,Prairies,0,paid_social,direct,4
5813,QC,0,direct,direct,5
5814,Prairies,0,display,email,2
5815,QC,0,paid_social,paid_social,4
5816,BC,0,paid_social,direct,5
5817,AB,1,organic_search,direct,4
5818,AB,0,paid_social,email,4
5819,BC,0,display,direct,3
5820,BC,0,display,paid_social,3
5821,QC,1,display,direct,5
5822,ON,0,display,organic_search,4
5823,QC,0,paid_search,email,3
5824,Atlantic,0,affiliate,affiliate,2
5825,ON,0,display,email,3
5826,Atlantic,0,organic_search,organic_search,1
5827,Prairies,0,display,direct,4
5828,Prairies,0,organic_search,paid_search,3
5829,Prairies,0,paid_social,affiliate,6
5830,ON,0,email,display,2
5831,ON,0,direct,direct,1
5832,QC,0,organic_search,email,2
5833,BC,0,paid_social,direct,4
5834,Atlantic,0,affiliate,email,4
5835,Prairies,0,paid_search,paid_search,4
5836,AB,0,display,paid_social,2
5837,QC,0,paid_social,direct,3
5838,BC,1,affiliate,paid_search,9
5839,Atlantic,0,paid_search,affiliate,2
5840,Prairies,0,display,affiliate,5
5841,ON,0,paid_search,paid_search,6
5842,ON,0,paid_search,paid_search,1
5843,Prairies,0,paid_social,paid_search,4
5844,Atlantic,0,organic_search,organic_search,5
5845,Atlantic,0,paid_social,organic_search,4
5846,Prairies,0,display,email,4
5847,ON,0,display,affiliate,5
5848,Prairies,0,direct,affiliate,3
5849,ON,0,display,paid_search,5
5850,Prairies,0,display,organic_search,4
5851,ON,0,display,paid_search,2
5852,QC,0,affiliate,email,5
5853,Atlantic,0,paid_social,email,5
5854,QC,0,display,email,3
5855,QC,0,paid_social,email,2
5856,BC,0,paid_social,direct,3
5857,Atlantic,0,display,direct,2
5858,QC,0,organic_search,paid_search,3
5859,ON,0,paid_search,paid_search,1
5860,BC,0,paid_social,direct,4
5861,Atlantic,0,paid_social,direct,3
5862,BC,0,paid_search,direct,3
5863,Prairies,0,display,organic_search,2
5864,AB,0,paid_social,affiliate,2
5865,Atlantic,0,direct,direct,5
5866,Atlantic,0,email,paid_search,4
5867,QC,0,display,email,3
5868,ON,0,paid_search,organic_search,4
5869,QC,1,display,direct,2
5870,AB,0,paid_social,organic_search,3
5871,Atlantic,0,display,paid_search,2
5872,Atlantic,1,organic_search,paid_search,5
5873,QC,1,organic_search,email,5
5874,QC,0,display,email,6
5875,AB,0,organic_search,email,5
5876,ON,0,display,direct,4
5877,QC,0,paid_social,direct,5
5878,Prairies,0,paid_social,affiliate,3
5879,BC,0,organic_search,organic_search,1
5880,BC,0,direct,email,4
5881,ON,0,display,direct,6
5882,BC,1,display,direct,4
5883,Atlantic,0,display,direct,2
5884,Prairies,0,paid_search,paid_social,6
5885,Atlantic,0,affiliate,direct,3
5886,AB,0,affiliate,paid_search,4
5887,ON,0,paid_social,affiliate,5
5888,Atlantic,0,paid_social,direct,2
5889,Atlantic,0,paid_social,organic_search,3
5890,BC,0,paid_search,paid_search,5
5891,AB,0,paid_search,direct,3
5892,AB,0,affiliate,direct,4
5893,QC,0,affiliate,organic_search,3
5894,QC,0,paid_social,email,3
5895,AB,0,display,direct,3
5896,ON,0,paid_social,direct,6
5897,ON,0,display,organic_search,5
5898,ON,0,display,email,4
5899,QC,0,paid_search,paid_search,1
5900,AB,0,organic_search,email,2
5901,ON,0,display,paid_search,4
5902,Atlantic,0,affiliate,email,2
5903,Prairies,0,display,affiliate,2
5904,BC,0,direct,direct,1
5905,BC,0,paid_search,organic_search,5
5906,QC,1,display,affiliate,3
5907,BC,0,affiliate,affiliate,4
5908,QC,0,affiliate,organic_search,5
5909,QC,0,paid_search,organic_search,4
5910,ON,0,display,paid_social,3
5911,AB,0,organic_search,organic_search,4
5912,Atlantic,0,paid_social,direct,4
5913,Atlantic,0,affiliate,organic_search,2
5914,AB,0,paid_search,paid_search,3
5915,Prairies,0,display,direct,2
5916,AB,0,paid_search,organic_search,5
5917,Prairies,0,paid_social,email,3
5918,ON,0,paid_social,organic_search,5
5919,BC,0,display,email,4
5920,QC,0,display,email,2
5921,Prairies,0,display,email,3
5922,BC,0,display,direct,4
5923,Atlantic,0,paid_search,direct,5
5924,BC,0,affiliate,paid_search,2
5925,AB,0,display,email,3
5926,AB,0,paid_social,direct,5
5927,ON,0,organic_search,organic_search,1
5928,Prairies,0,direct,email,2
5929,BC,0,organic_search,organic_search,1
5930,Atlantic,0,display,direct,4
5931,BC,0,organic_search,paid_social,4
5932,Atlantic,0,organic_search,organic_search,1
5933,BC,0,affiliate,direct,2
5934,BC,0,email,display,3
5935,QC,0,organic_search,email,4
5936,Atlantic,0,affiliate,affiliate,3
5937,BC,0,organic_search,direct,2
5938,BC,1,paid_social,email,6
5939,Atlantic,0,organic_search,direct,2
5940,AB,0,paid_search,affiliate,3
5941,AB,0,display,paid_search,3
5942,QC,0,paid_social,direct,6
5943,QC,0,display,direct,4
5944,Prairies,0,paid_social,direct,3
5945,QC,0,display,paid_social,6
5946,Prairies,0,paid_social,direct,6
5947,Prairies,0,paid_search,paid_search,1
5948,AB,0,direct,email,6
5949,Prairies,0,paid_social,email,3
5950,BC,0,display,affiliate,5
5951,Prairies,0,organic_search,paid_social,4
5952,AB,0,organic_search,organic_search,4
5953,AB,1,paid_social,paid_social,5
5954,AB,0,display,affiliate,3
5955,Prairies,0,organic_search,direct,2
5956,BC,0,affiliate,paid_search,4
5957,BC,0,direct,paid_search,4
5958,BC,0,paid_social,affiliate,2
5959,Atlantic,0,organic_search,organic_search,2
5960,Atlantic,0,display,email,4
5961,Prairies,0,organic_search,paid_social,4
5962,BC,1,display,paid_search,2
5963,Prairies,0,affiliate,paid_search,4
5964,Atlantic,0,display,email,4
5965,AB,0,paid_social,email,2
5966,ON,1,display,paid_search,4
5967,Atlantic,0,paid_social,paid_search,2
5968,Prairies,1,paid_search,direct,2
5969,QC,0,display,paid_search,6
5970,ON,0,display,direct,5
5971,BC,0,paid_social,direct,2
5972,ON,1,display,email,3
5973,Atlantic,0,display,direct,3
5974,AB,1,email,email,1
5975,BC,0,paid_social,affiliate,6
5976,QC,0,organic_search,email,5
5977,BC,0,display,direct,2
5978,BC,0,display,affiliate,5
5979,BC,0,display,affiliate,5
5980,Prairies,1,display,paid_search,5
5981,ON,0,affiliate,paid_search,2
5982,BC,0,display,affiliate,2
5983,BC,0,display,affiliate,3
5984,BC,0,direct,paid_search,4
5985,BC,0,paid_search,organic_search,3
5986,QC,0,paid_search,paid_social,2
5987,Prairies,1,organic_search,paid_social,4
5988,Prairies,0,display,paid_social,2
5989,AB,1,paid_social,paid_search,4
5990,Prairies,0,display,email,5
5991,Prairies,0,paid_social,paid_search,5
5992,BC,0,display,display,4
5993,Atlantic,0,display,affiliate,8
5994,ON,0,display,paid_search,3
5995,Prairies,0,display,display,2
5996,Prairies,1,paid_social,affiliate,4
5997,Atlantic,1,affiliate,paid_search,6
5998,Atlantic,0,display,paid_search,3
5999,AB,0,paid_social,direct,6
6000,ON,0,organic_search,organic_search,4
6001,QC,0,paid_social,affiliate,2
6002,Atlantic,0,paid_search,paid_search,3
6003,BC,0,display,direct,2
6004,Prairies,0,display,email,6
6005,Atlantic,0,email,organic_search,2
6006,QC,0,organic_search,paid_social,3
6007,ON,0,display,organic_search,5
6008,Atlantic,0,display,paid_search,4
6009,AB,0,paid_social,affiliate,5
6010,Atlantic,0,organic_search,email,5
6011,Atlantic,0,organic_search,affiliate,3
6012,Atlantic,0,affiliate,organic_search,3
6013,ON,0,paid_search,direct,6
6014,ON,0,paid_search,direct,6
6015,Atlantic,0,paid_social,email,3
6016,BC,0,display,direct,5
6017,Prairies,0,display,direct,3
6018,BC,1,paid_search,organic_search,3
6019,ON,0,paid_search,email,2
6020,Prairies,1,paid_search,direct,2
6021,ON,0,paid_social,direct,4
6022,BC,0,display,email,5
6023,BC,0,email,organic_search,2
6024,Atlantic,0,paid_social,paid_search,4
6025,ON,0,display,email,4
6026,Atlantic,0,direct,affiliate,3
6027,Prairies,0,organic_search,direct,2
6028,QC,0,paid_social,email,4
6029,Prairies,0,direct,paid_social,4
6030,Prairies,0,organic_search,affiliate,6
6031,AB,0,paid_social,direct,3
6032,Atlantic,0,affiliate,affiliate,2
6033,AB,1,organic_search,display,6
6034,Prairies,0,organic_search,email,2
6035,AB,0,organic_search,direct,5
6036,Atlantic,0,email,affiliate,8
6037,Atlantic,0,display,display,3
6038,ON,0,paid_social,affiliate,4
6039,Atlantic,0,paid_search,paid_social,3
6040,BC,0,organic_search,paid_search,2
6041,QC,1,affiliate,paid_search,5
6042,AB,0,display,organic_search,2
6043,Prairies,0,direct,direct,5
6044,BC,0,organic_search,paid_social,3
6045,Prairies,0,direct,direct,1
6046,AB,0,display,direct,6
6047,AB,0,display,email,2
6048,AB,0,paid_search,affiliate,2
6049,ON,0,paid_social,paid_search,2
6050,Prairies,0,display,paid_search,3
6051,BC,0,display,affiliate,5
6052,Prairies,0,paid_social,direct,3
6053,ON,0,direct,direct,4
6054,BC,0,paid_search,paid_search,7
6055,QC,0,organic_search,direct,4
6056,BC,0,direct,email,4
6057,QC,0,display,paid_social,3
6058,BC,0,paid_search,paid_social,5
6059,ON,0,paid_search,paid_search,3
6060,BC,1,display,affiliate,4
6061,ON,0,paid_social,paid_search,5
6062,ON,0,affiliate,direct,2
6063,ON,0,paid_search,direct,3
6064,BC,0,display,organic_search,3
6065,BC,0,display,affiliate,7
6066,Prairies,1,paid_social,paid_social,2
6067,Prairies,0,affiliate,organic_search,7
6068,BC,0,affiliate,direct,3
6069,QC,0,paid_search,direct,3
6070,QC,0,direct,direct,1
6071,QC,0,paid_search,email,3
6072,BC,1,organic_search,direct,6
6073,Atlantic,0,organic_search,email,3
6074,Atlantic,0,organic_search,direct,2
6075,BC,0,display,direct,3
6076,BC,0,organic_search,direct,4
6077,Atlantic,0,email,email,1
6078,AB,0,display,affiliate,4
6079,QC,0,paid_social,paid_search,4
6080,QC,0,display,paid_social,2
6081,Atlantic,0,affiliate,organic_search,2
6082,BC,0,paid_social,organic_search,3
6083,Atlantic,0,paid_social,affiliate,2
6084,BC,0,paid_social,direct,2
6085,Prairies,0,display,email,2
6086,Atlantic,0,display,direct,2
6087,Atlantic,0,display,affiliate,3
6088,Prairies,0,display,email,5
6089,Prairies,0,display,direct,4
6090,ON,1,paid_search,paid_search,5
6091,BC,1,paid_social,paid_search,6
6092,ON,1,display,email,4
6093,BC,1,email,affiliate,4
6094,ON,1,affiliate,paid_search,4
6095,BC,0,email,email,1
6096,Prairies,0,email,email,1
6097,ON,0,paid_social,paid_social,1
6098,QC,1,paid_search,direct,3
6099,ON,1,affiliate,affiliate,1
6100,QC,0,display,direct,4
6101,BC,0,direct,affiliate,3
6102,QC,0,display,organic_search,3
6103,BC,0,paid_search,affiliate,6
6104,QC,0,paid_social,direct,4
6105,ON,0,direct,direct,2
6106,Prairies,0,paid_social,paid_search,3
6107,BC,0,paid_social,direct,3
6108,AB,0,display,paid_search,4
6109,BC,0,paid_search,paid_search,6
6110,Atlantic,0,paid_social,direct,2
6111,Atlantic,0,display,paid_search,4
6112,AB,0,paid_social,direct,5
6113,AB,0,direct,organic_search,3
6114,Atlantic,0,direct,direct,1
6115,ON,0,organic_search,paid_search,4
6116,QC,0,paid_search,direct,2
6117,BC,0,display,organic_search,2
6118,ON,0,affiliate,paid_search,4
6119,Prairies,0,email,email,4
6120,BC,0,display,paid_search,2
6121,AB,0,paid_search,email,4
6122,BC,0,display,paid_social,3
6123,Prairies,0,paid_social,email,3
6124,BC,0,direct,email,4
6125,BC,1,paid_search,direct,4
6126,BC,0,paid_search,direct,3
6127,AB,0,organic_search,direct,2
6128,QC,0,paid_social,affiliate,2
6129,AB,1,paid_social,organic_search,5
6130,Atlantic,0,paid_search,direct,6
6131,BC,0,email,email,1
6132,QC,0,organic_search,organic_search,4
6133,Atlantic,0,paid_search,affiliate,8
6134,AB,0,paid_social,direct,4
6135,BC,1,paid_social,direct,2
6136,AB,0,organic_search,paid_search,5
6137,AB,0,paid_social,direct,2
6138,AB,0,organic_search,direct,3
6139,AB,0,paid_social,paid_search,2
6140,Atlantic,0,display,affiliate,3
6141,ON,0,display,email,2
6142,Atlantic,1,organic_search,email,5
6143,BC,1,paid_search,affiliate,3
6144,AB,1,paid_search,paid_search,3
6145,BC,0,display,affiliate,4
6146,BC,0,paid_social,paid_search,3
6147,BC,0,display,direct,2
6148,BC,0,display,affiliate,3
6149,Atlantic,0,paid_social,direct,5
6150,BC,0,paid_social,email,6
6151,AB,0,display,direct,3
6152,QC,0,display,organic_search,4
6153,AB,0,display,affiliate,4
6154,QC,0,paid_social,email,4
6155,Prairies,0,organic_search,email,4
6156,AB,0,direct,direct,2
6157,QC,0,paid_search,direct,4
6158,Atlantic,0,display,paid_social,6
6159,ON,0,paid_social,direct,5
6160,Atlantic,0,paid_search,email,3
6161,ON,0,paid_search,organic_search,3
6162,QC,0,affiliate,affiliate,2
6163,Prairies,0,organic_search,direct,3
6164,Atlantic,0,affiliate,email,4
6165,BC,0,direct,email,3
6166,ON,0,paid_search,email,5
6167,Prairies,0,paid_search,email,4
6168,AB,0,paid_search,paid_search,1
6169,BC,0,display,affiliate,4
6170,QC,1,display,affiliate,5
6171,Atlantic,0,display,paid_search,4
6172,ON,0,paid_search,email,9
6173,AB,0,organic_search,organic_search,3
6174,Prairies,0,display,display,4
6175,Atlantic,0,organic_search,organic_search,2
6176,BC,0,organic_search,paid_social,2
6177,ON,0,organic_search,paid_search,4
6178,Atlantic,0,email,email,3
6179,Prairies,0,display,affiliate,3
6180,QC,1,paid_social,direct,4
6181,Atlantic,0,paid_social,direct,3
6182,ON,0,paid_social,affiliate,5
6183,ON,0,paid_social,organic_search,2
6184,Atlantic,1,email,email,4
6185,QC,0,affiliate,email,2
6186,Atlantic,0,display,paid_search,2
6187,Prairies,0,display,organic_search,7
6188,QC,1,affiliate,affiliate,4
6189,QC,0,paid_search,paid_search,3
6190,Atlantic,1,paid_search,paid_search,5
6191,AB,0,paid_social,paid_social,4
6192,ON,0,paid_social,affiliate,5
6193,Prairies,0,organic_search,email,3
6194,ON,0,display,direct,5
6195,ON,0,display,affiliate,4
6196,AB,0,email,direct,3
6197,BC,0,display,paid_search,3
6198,QC,0,display,affiliate,4
6199,QC,0,display,email,5
6200,ON,0,display,direct,3
6201,AB,0,paid_social,paid_search,2
6202,AB,0,display,email,3
6203,AB,0,organic_search,display,3
6204,Atlantic,0,affiliate,paid_search,4
6205,Prairies,0,paid_social,paid_search,3
6206,Prairies,1,display,direct,2
6207,AB,0,paid_social,direct,6
6208,BC,0,email,paid_search,3
6209,BC,1,paid_social,paid_search,4
6210,QC,0,display,direct,3
6211,ON,0,paid_social,paid_search,3
6212,ON,0,affiliate,organic_search,2
6213,BC,0,display,direct,4
6214,ON,0,paid_social,organic_search,4
6215,AB,0,paid_social,email,2
6216,AB,0,direct,direct,1
6217,Atlantic,0,display,organic_search,2
6218,ON,0,paid_search,email,5
6219,Atlantic,0,paid_social,paid_search,5
6220,QC,0,display,organic_search,6
6221,ON,0,display,direct,2
6222,Prairies,0,direct,email,3
6223,Atlantic,0,email,email,1
6224,AB,0,organic_search,paid_social,4
6225,ON,0,paid_social,organic_search,3
6226,BC,0,display,paid_search,3
6227,Prairies,0,organic_search,direct,3
6228,Atlantic,0,display,direct,2
6229,QC,0,display,direct,2
6230,ON,0,direct,direct,1
6231,Prairies,0,paid_search,paid_social,2
6232,ON,0,organic_search,display,2
6233,AB,0,paid_search,paid_search,7
6234,BC,0,email,email,1
6235,Atlantic,0,display,paid_search,2
6236,AB,0,paid_social,email,3
6237,BC,0,paid_search,paid_search,1
6238,Atlantic,0,display,paid_social,7
6239,ON,0,organic_search,direct,4
6240,Prairies,0,display,organic_search,2
6241,BC,0,direct,direct,1
6242,QC,0,paid_search,display,2
6243,QC,0,paid_search,paid_social,3
6244,ON,0,affiliate,affiliate,6
6245,AB,0,display,organic_search,2
6246,AB,0,display,organic_search,3
6247,QC,0,paid_search,direct,5
6248,Prairies,0,direct,direct,3
6249,QC,0,display,paid_search,3
6250,QC,0,organic_search,email,6
6251,Prairies,0,organic_search,email,4
6252,AB,0,direct,affiliate,3
6253,BC,0,organic_search,paid_search,6
6254,Atlantic,0,direct,direct,1
6255,ON,1,organic_search,organic_search,3
6256,QC,0,paid_social,display,3
6257,BC,0,organic_search,affiliate,4
6258,BC,0,affiliate,email,2
6259,ON,0,paid_social,affiliate,3
6260,BC,0,paid_social,email,4
6261,AB,1,paid_social,direct,4
6262,BC,0,affiliate,email,4
6263,ON,1,paid_social,paid_search,2
6264,BC,0,paid_search,direct,2
6265,Prairies,1,display,organic_search,2
6266,AB,0,display,paid_search,4
6267,AB,0,paid_social,affiliate,3
6268,BC,0,organic_search,direct,2
6269,Atlantic,0,display,affiliate,3
6270,Atlantic,0,organic_search,direct,2
6271,AB,0,affiliate,organic_search,2
6272,ON,1,paid_social,direct,2
6273,Atlantic,0,email,email,1
6274,ON,0,paid_search,paid_search,1
6275,BC,0,display,affiliate,5
6276,Prairies,0,paid_social,affiliate,3
6277,ON,0,organic_search,direct,4
6278,Atlantic,0,display,affiliate,4
6279,Atlantic,0,paid_social,paid_search,5
6280,Prairies,0,organic_search,paid_search,3
6281,ON,0,display,paid_social,8
6282,Atlantic,0,paid_search,direct,6
6283,AB,0,affiliate,paid_search,5
6284,AB,0,paid_search,direct,2
6285,QC,0,paid_social,email,3
6286,BC,1,organic_search,paid_social,4
6287,ON,0,paid_search,paid_search,2
6288,Prairies,0,paid_social,email,4
6289,Atlantic,0,organic_search,email,6
6290,Prairies,0,display,paid_search,3
6291,Prairies,0,display,affiliate,6
6292,BC,0,display,affiliate,2
6293,AB,0,email,email,1
6294,Atlantic,1,display,display,4
6295,Prairies,0,organic_search,direct,2
6296,Prairies,0,affiliate,affiliate,1
6297,Atlantic,0,paid_social,direct,2
6298,BC,0,paid_social,direct,3
6299,Atlantic,0,paid_social,affiliate,10
6300,QC,0,paid_social,affiliate,3
6301,BC,0,organic_search,affiliate,5
6302,BC,0,paid_social,paid_social,1
6303,BC,0,organic_search,organic_search,7
6304,QC,0,affiliate,paid_search,2
6305,ON,0,display,paid_search,3
6306,AB,0,paid_social,email,3
6307,ON,0,paid_social,direct,3
6308,Atlantic,0,display,email,5
6309,Prairies,1,paid_social,direct,3
6310,Atlantic,0,display,email,2
6311,ON,1,paid_social,affiliate,5
6312,BC,0,direct,direct,4
6313,ON,0,display,paid_search,10
6314,QC,0,paid_social,organic_search,6
6315,ON,0,direct,paid_search,3
6316,ON,0,direct,direct,4
6317,Prairies,0,organic_search,organic_search,6
6318,AB,1,email,email,5
6319,Atlantic,0,affiliate,direct,5
6320,Prairies,0,organic_search,organic_search,1
6321,QC,0,paid_search,email,7
6322,BC,0,organic_search,organic_search,3
6323,AB,0,display,direct,6
6324,BC,0,display,paid_search,4
6325,QC,0,direct,direct,2
6326,Atlantic,0,organic_search,affiliate,3
6327,ON,0,paid_search,organic_search,2
6328,AB,0,email,organic_search,3
6329,Prairies,0,display,paid_search,6
6330,BC,0,direct,organic_search,2
6331,Prairies,0,organic_search,paid_social,3
6332,Atlantic,0,display,direct,3
6333,Prairies,0,paid_social,paid_search,2
6334,ON,0,paid_social,direct,3
6335,QC,0,organic_search,affiliate,4
6336,QC,0,paid_search,affiliate,2
6337,BC,1,paid_search,paid_social,5
6338,Prairies,0,organic_search,email,4
6339,QC,0,paid_social,paid_social,4
6340,AB,0,organic_search,paid_search,4
6341,ON,0,affiliate,paid_search,3
6342,Atlantic,0,paid_social,direct,4
6343,ON,0,display,email,3
6344,Atlantic,0,display,paid_social,3
6345,ON,0,affiliate,direct,4
6346,Prairies,0,display,organic_search,3
6347,AB,0,display,email,5
6348,Atlantic,0,paid_social,direct,4
6349,AB,0,display,direct,5
6350,AB,0,paid_social,paid_search,3
6351,QC,0,paid_social,affiliate,5
6352,ON,0,paid_social,email,3
6353,Atlantic,0,affiliate,direct,2
6354,Atlantic,0,organic_search,direct,2
6355,AB,0,email,paid_search,5
6356,Atlantic,0,paid_social,email,3
6357,QC,0,display,paid_search,6
6358,AB,0,paid_social,paid_search,5
6359,AB,0,paid_social,direct,6
6360,Atlantic,0,direct,direct,4
6361,QC,0,display,email,2
6362,QC,0,paid_social,paid_search,2
6363,QC,0,display,email,4
6364,QC,1,paid_social,paid_social,4
6365,QC,0,organic_search,organic_search,1
6366,BC,0,direct,affiliate,3
6367,Prairies,0,paid_social,direct,3
6368,ON,0,direct,paid_search,2
6369,ON,0,paid_social,direct,4
6370,Prairies,0,email,paid_search,3
6371,QC,0,organic_search,email,2
6372,BC,0,paid_social,affiliate,5
6373,AB,0,email,email,1
6374,Atlantic,0,paid_social,email,3
6375,Prairies,0,organic_search,email,6
6376,QC,0,organic_search,paid_social,5
6377,AB,0,display,organic_search,6
6378,Prairies,0,affiliate,display,5
6379,ON,0,display,direct,6
6380,Prairies,0,paid_search,paid_search,4
6381,QC,0,paid_social,paid_search,3
6382,AB,1,display,organic_search,4
6383,Atlantic,0,display,affiliate,4
6384,BC,0,affiliate,paid_search,3
6385,BC,0,display,organic_search,2
6386,Prairies,0,paid_social,paid_search,3
6387,QC,0,organic_search,direct,7
6388,QC,0,display,paid_social,5
6389,ON,0,display,direct,4
6390,Atlantic,0,paid_social,display,6
6391,BC,0,paid_search,direct,6
6392,ON,0,paid_search,direct,2
6393,Prairies,1,display,email,4
6394,AB,0,organic_search,direct,8
6395,QC,0,direct,direct,3
6396,Prairies,0,organic_search,affiliate,3
6397,Prairies,0,organic_search,organic_search,2
6398,QC,0,organic_search,direct,3
6399,Atlantic,0,direct,organic_search,4
6400,AB,0,paid_social,email,6
6401,BC,0,paid_social,paid_search,5
6402,Atlantic,0,direct,direct,1
6403,ON,0,paid_social,affiliate,2
6404,Atlantic,0,display,direct,5
6405,ON,0,display,email,3
6406,Atlantic,0,display,email,5
6407,AB,0,paid_social,direct,2
6408,Prairies,0,display,email,5
6409,AB,0,display,display,2
6410,Atlantic,0,affiliate,affiliate,1
6411,AB,0,organic_search,direct,4
6412,Atlantic,0,paid_search,paid_search,1
6413,Prairies,1,paid_social,paid_search,4
6414,Atlantic,0,organic_search,direct,3
6415,QC,0,display,display,6
6416,QC,0,paid_social,email,5
6417,Prairies,0,paid_social,email,3
6418,ON,0,paid_social,direct,5
6419,Prairies,0,paid_search,direct,3
6420,Atlantic,0,paid_social,paid_search,5
6421,ON,0,direct,paid_social,2
6422,Atlantic,0,paid_social,email,3
6423,Prairies,0,organic_search,organic_search,5
6424,ON,1,display,paid_search,4
6425,AB,0,display,organic_search,4
6426,AB,0,affiliate,direct,3
6427,Atlantic,0,display,direct,2
6428,BC,0,paid_search,email,4
6429,BC,0,email,email,5
6430,Atlantic,0,email,email,1
6431,ON,1,organic_search,direct,6
6432,Prairies,0,organic_search,paid_search,3
6433,ON,0,paid_social,email,3
6434,QC,0,affiliate,paid_search,5
6435,Prairies,0,organic_search,affiliate,4
6436,Atlantic,0,paid_social,direct,3
6437,ON,0,organic_search,direct,3
6438,BC,0,display,display,2
6439,BC,0,display,email,3
6440,Atlantic,0,organic_search,email,5
6441,Atlantic,0,direct,direct,1
6442,ON,0,direct,affiliate,3
6443,Atlantic,0,paid_search,organic_search,3
6444,BC,0,paid_social,email,4
6445,Atlantic,1,paid_search,email,2
6446,QC,0,affiliate,paid_social,4
6447,ON,0,paid_social,affiliate,2
6448,Prairies,0,organic_search,paid_search,4
6449,Atlantic,0,paid_search,direct,2
6450,ON,0,paid_social,affiliate,5
6451,BC,0,display,direct,5
6452,Atlantic,0,direct,direct,1
6453,QC,0,affiliate,organic_search,4
6454,AB,0,display,paid_social,5
6455,Atlantic,0,paid_social,paid_search,5
6456,Atlantic,0,organic_search,direct,3
6457,Atlantic,0,paid_social,direct,4
6458,BC,0,display,affiliate,5
6459,BC,0,paid_social,paid_search,4
6460,Atlantic,0,paid_social,direct,3
6461,AB,1,paid_social,direct,3
6462,BC,0,paid_search,organic_search,5
6463,BC,0,organic_search,direct,5
6464,QC,0,paid_social,organic_search,2
6465,Atlantic,0,direct,affiliate,3
6466,BC,0,paid_social,email,2
6467,BC,1,paid_search,direct,6
6468,BC,0,direct,direct,4
6469,QC,0,paid_social,email,3
6470,Prairies,0,display,direct,4
6471,QC,0,paid_social,direct,3
6472,ON,0,organic_search,direct,4
6473,AB,0,display,paid_social,5
6474,Prairies,0,organic_search,organic_search,1
6475,BC,0,paid_social,direct,2
6476,AB,0,paid_social,paid_social,5
6477,Atlantic,0,direct,email,2
6478,ON,0,display,email,2
6479,ON,0,paid_search,email,4
6480,Atlantic,0,display,organic_search,3
6481,Prairies,0,display,paid_search,3
6482,ON,0,organic_search,affiliate,3
6483,QC,0,display,affiliate,3
6484,Prairies,0,paid_social,email,4
6485,QC,0,email,display,5
6486,Atlantic,0,paid_search,paid_search,1
6487,Prairies,0,organic_search,organic_search,1
6488,ON,0,affiliate,display,2
6489,ON,1,paid_search,paid_social,3
6490,ON,0,organic_search,organic_search,1
6491,Atlantic,0,paid_search,affiliate,3
6492,QC,0,paid_social,direct,3
6493,Atlantic,0,display,direct,4
6494,AB,0,paid_social,email,5
6495,Atlantic,0,paid_social,direct,3
6496,Atlantic,0,paid_social,display,6
6497,AB,0,display,paid_search,7
6498,QC,1,paid_social,direct,2
6499,AB,0,organic_search,display,4
6500,Atlantic,0,paid_social,display,7
6501,ON,0,affiliate,direct,2
6502,ON,0,organic_search,affiliate,3
6503,QC,0,paid_social,email,7
6504,ON,0,organic_search,direct,2
6505,Prairies,0,paid_search,direct,6
6506,BC,0,display,direct,4
6507,BC,0,organic_search,paid_social,4
6508,AB,0,affiliate,organic_search,4
6509,Atlantic,0,display,direct,3
6510,QC,0,paid_social,organic_search,3
6511,Prairies,0,affiliate,email,3
6512,BC,0,paid_search,direct,5
6513,AB,0,display,email,3
6514,Prairies,0,paid_social,paid_social,2
6515,Atlantic,0,paid_social,email,5
6516,BC,0,display,direct,3
6517,ON,0,organic_search,direct,3
6518,BC,1,paid_social,direct,5
6519,ON,0,affiliate,paid_social,5
6520,BC,0,display,affiliate,5
6521,ON,0,paid_social,paid_search,4
6522,BC,0,display,direct,5
6523,ON,0,paid_search,paid_search,1
6524,QC,0,paid_social,email,3
6525,BC,0,display,email,2
6526,ON,0,email,organic_search,2
6527,Atlantic,0,paid_social,direct,3
6528,ON,0,display,direct,2
6529,QC,0,email,email,1
6530,Atlantic,0,affiliate,organic_search,10
6531,QC,0,paid_search,affiliate,3
6532,ON,0,paid_social,paid_search,3
6533,Atlantic,0,paid_search,paid_search,2
6534,ON,1,affiliate,paid_search,4
6535,Prairies,0,display,direct,2
6536,QC,0,display,email,4
6537,QC,0,direct,direct,1
6538,AB,0,affiliate,email,4
6539,AB,0,display,affiliate,6
6540,Atlantic,0,direct,affiliate,2
6541,QC,0,organic_search,email,2
6542,Atlantic,0,display,paid_search,3
6543,AB,1,organic_search,display,4
6544,AB,0,organic_search,paid_search,2
6545,ON,0,paid_social,direct,5
6546,BC,0,organic_search,paid_search,2
6547,Atlantic,0,display,paid_search,12
6548,QC,0,display,direct,2
6549,AB,0,direct,paid_search,5
6550,QC,0,paid_search,direct,2
6551,ON,1,affiliate,direct,2
6552,ON,0,email,email,1
6553,AB,0,direct,direct,4
6554,QC,0,affiliate,direct,5
6555,ON,0,paid_search,direct,2
6556,Atlantic,0,paid_social,affiliate,4
6557,BC,0,paid_social,paid_search,2
6558,AB,0,paid_social,organic_search,4
6559,Prairies,1,paid_search,email,5
6560,ON,0,paid_search,paid_search,3
6561,Atlantic,1,paid_search,direct,5
6562,Prairies,0,display,direct,2
6563,Atlantic,0,display,direct,4
6564,Atlantic,0,organic_search,organic_search,1
6565,QC,0,display,paid_search,4
6566,ON,0,paid_social,direct,3
6567,BC,0,display,direct,3
6568,Prairies,0,direct,paid_search,2
6569,Atlantic,0,organic_search,affiliate,4
6570,BC,1,organic_search,direct,7
6571,QC,0,organic_search,direct,6
6572,BC,0,display,organic_search,5
6573,AB,0,direct,paid_social,3
6574,AB,0,affiliate,direct,3
6575,AB,0,direct,direct,1
6576,QC,1,display,direct,5
6577,Prairies,1,paid_social,paid_search,2
6578,Prairies,0,display,affiliate,4
6579,Prairies,0,organic_search,direct,4
6580,Atlantic,0,display,organic_search,5
6581,ON,0,paid_social,paid_search,2
6582,QC,0,display,display,1
6583,ON,0,organic_search,email,2
6584,AB,0,display,direct,3
6585,Atlantic,1,display,direct,10
6586,BC,0,paid_social,organic_search,3
6587,BC,0,organic_search,direct,4
6588,Prairies,0,paid_search,affiliate,4
6589,Prairies,0,display,direct,5
6590,Atlantic,0,affiliate,affiliate,1
6591,Atlantic,0,display,paid_social,5
6592,BC,0,affiliate,direct,5
6593,Prairies,0,paid_social,affiliate,6
6594,ON,0,display,paid_search,2
6595,Atlantic,0,paid_social,direct,4
6596,Prairies,0,paid_social,direct,6
6597,AB,0,organic_search,paid_search,4
6598,Atlantic,0,direct,direct,1
6599,QC,0,direct,paid_search,2
6600,ON,0,affiliate,organic_search,2
6601,BC,0,display,direct,3
6602,BC,0,display,direct,4
6603,QC,1,paid_social,email,6
6604,BC,0,direct,direct,5
6605,AB,1,organic_search,affiliate,4
6606,BC,0,display,organic_search,2
6607,QC,0,display,direct,5
6608,AB,0,display,direct,2
6609,BC,0,display,affiliate,3
6610,QC,0,paid_social,paid_social,2
6611,BC,0,paid_social,display,2
6612,BC,0,paid_search,paid_search,3
6613,AB,0,display,affiliate,6
6614,BC,0,display,email,5
6615,BC,0,organic_search,paid_search,2
6616,BC,0,email,paid_search,2
6617,BC,0,paid_social,paid_social,3
6618,AB,0,organic_search,direct,3
6619,Atlantic,0,organic_search,paid_social,4
6620,Prairies,0,paid_search,paid_social,3
6621,Prairies,0,display,direct,3
6622,ON,0,paid_social,organic_search,3
6623,BC,1,paid_social,direct,5
6624,ON,0,display,organic_search,2
6625,AB,0,organic_search,email,5
6626,AB,0,organic_search,email,2
6627,QC,0,display,direct,4
6628,Prairies,0,paid_social,email,4
6629,Prairies,0,paid_social,paid_search,6
6630,QC,0,display,paid_social,7
6631,Prairies,1,organic_search,email,9
6632,BC,0,paid_search,direct,3
6633,Atlantic,0,paid_social,email,2
6634,ON,0,affiliate,direct,3
6635,BC,0,organic_search,direct,2
6636,Atlantic,0,direct,email,2
6637,Atlantic,0,email,email,3
6638,AB,0,direct,paid_search,6
6639,AB,0,paid_social,email,4
6640,ON,0,display,paid_search,2
6641,BC,0,organic_search,paid_search,3
6642,BC,0,organic_search,email,4
6643,QC,0,paid_search,email,2
6644,AB,0,display,affiliate,5
6645,Atlantic,0,email,paid_search,5
6646,AB,0,paid_search,paid_search,3
6647,QC,0,paid_social,paid_search,4
6648,BC,0,email,email,5
6649,Atlantic,0,paid_social,display,3
6650,QC,0,display,organic_search,2
6651,ON,0,paid_search,display,5
6652,QC,0,organic_search,paid_search,4
6653,BC,0,paid_social,direct,2
6654,Prairies,0,display,email,3
6655,ON,0,display,paid_social,3
6656,Prairies,0,direct,paid_search,4
6657,BC,0,direct,organic_search,4
6658,QC,0,display,email,3
6659,Prairies,0,display,email,3
6660,QC,0,display,direct,3
6661,BC,0,paid_search,paid_search,2
6662,AB,0,display,direct,2
6663,Atlantic,0,affiliate,affiliate,5
6664,QC,0,display,organic_search,5
6665,Atlantic,0,email,paid_search,5
6666,BC,0,paid_search,paid_search,1
6667,Prairies,0,paid_search,organic_search,2
6668,BC,0,display,paid_search,4
6669,AB,0,affiliate,affiliate,3
6670,AB,0,display,direct,3
6671,Atlantic,1,paid_search,direct,3
6672,Atlantic,0,display,affiliate,6
6673,Atlantic,0,display,organic_search,2
6674,AB,1,display,direct,4
6675,AB,0,display,email,2
6676,Atlantic,0,paid_search,organic_search,3
6677,ON,0,affiliate,organic_search,4
6678,Prairies,0,display,paid_social,5
6679,QC,0,display,direct,5
6680,QC,0,affiliate,affiliate,1
6681,Prairies,0,paid_social,email,5
6682,QC,0,display,direct,5
6683,Prairies,0,paid_social,direct,4
6684,ON,0,affiliate,paid_search,2
6685,ON,0,display,paid_search,3
6686,Atlantic,0,display,direct,2
6687,QC,0,paid_search,paid_search,1
6688,Prairies,0,display,paid_social,6
6689,Atlantic,0,paid_social,email,4
6690,QC,1,display,paid_search,7
6691,Atlantic,0,organic_search,email,3
6692,ON,0,organic_search,paid_search,4
6693,ON,0,display,email,5
6694,ON,0,display,email,3
6695,AB,0,organic_search,paid_search,9
6696,BC,0,paid_search,email,2
6697,QC,1,paid_social,organic_search,3
6698,Prairies,0,affiliate,affiliate,1
6699,Atlantic,0,display,affiliate,4
6700,ON,0,organic_search,affiliate,5
6701,BC,0,organic_search,email,3
6702,ON,0,paid_social,paid_social,4
6703,Prairies,1,email,direct,5
6704,BC,0,paid_social,email,3
6705,Prairies,0,direct,email,3
6706,QC,1,affiliate,paid_search,4
6707,Atlantic,0,direct,affiliate,3
6708,ON,0,display,paid_search,4
6709,Atlantic,0,display,affiliate,4
6710,BC,1,display,paid_search,4
6711,Atlantic,1,display,direct,5
6712,QC,0,paid_social,direct,7
6713,BC,0,paid_search,direct,2
6714,ON,0,display,email,4
6715,ON,0,paid_search,email,3
6716,Atlantic,0,display,affiliate,4
6717,ON,0,display,direct,4
6718,QC,0,paid_social,organic_search,6
6719,ON,0,display,paid_social,5
6720,ON,0,affiliate,direct,3
6721,Atlantic,0,organic_search,organic_search,1
6722,Atlantic,0,display,affiliate,5
6723,ON,0,paid_social,paid_search,4
6724,Atlantic,0,display,paid_search,3
6725,AB,0,display,paid_search,5
6726,BC,0,display,email,4
6727,QC,0,direct,organic_search,3
6728,Atlantic,0,organic_search,email,2
6729,QC,0,display,affiliate,3
6730,QC,0,paid_social,paid_social,1
6731,BC,0,display,paid_search,5
6732,AB,0,display,direct,3
6733,AB,0,organic_search,paid_search,3
6734,Atlantic,0,direct,email,2
6735,ON,0,paid_social,organic_search,4
6736,Prairies,0,affiliate,email,3
6737,AB,0,affiliate,paid_search,5
6738,AB,0,display,organic_search,3
6739,Atlantic,0,display,paid_search,2
6740,AB,0,organic_search,display,6
6741,Prairies,0,display,paid_search,5
6742,ON,0,direct,organic_search,3
6743,Atlantic,1,paid_search,organic_search,2
6744,Atlantic,0,paid_search,paid_search,5
6745,AB,1,paid_search,affiliate,2
6746,BC,0,paid_social,direct,2
6747,Prairies,0,paid_search,direct,2
6748,AB,0,display,paid_search,4
6749,BC,1,display,direct,5
6750,Atlantic,0,paid_social,organic_search,2
6751,BC,0,paid_social,direct,5
6752,Atlantic,0,direct,organic_search,3
6753,BC,0,organic_search,direct,4
6754,BC,0,organic_search,direct,3
6755,AB,1,email,paid_search,3
6756,AB,0,display,email,4
6757,BC,0,paid_social,direct,3
6758,ON,0,paid_social,direct,4
6759,AB,0,organic_search,paid_search,3
6760,Atlantic,0,paid_social,direct,4
6761,BC,0,paid_social,email,3
6762,AB,1,organic_search,direct,5
6763,ON,0,organic_search,display,4
6764,Prairies,0,display,email,3
6765,ON,0,paid_social,paid_social,3
6766,AB,0,paid_search,organic_search,5
6767,QC,1,paid_social,paid_search,3
6768,ON,0,paid_search,email,5
6769,AB,0,display,direct,6
6770,QC,0,organic_search,organic_search,1
6771,ON,0,display,organic_search,3
6772,AB,0,display,organic_search,5
6773,QC,0,paid_social,paid_search,4
6774,BC,0,organic_search,email,3
6775,ON,0,organic_search,direct,3
6776,ON,0,display,organic_search,2
6777,AB,0,display,direct,5
6778,Prairies,0,paid_social,email,4
6779,Prairies,0,email,email,2
6780,Prairies,0,display,paid_search,2
6781,BC,0,paid_search,affiliate,2
6782,Atlantic,0,organic_search,affiliate,3
6783,Atlantic,0,paid_social,email,5
6784,Atlantic,1,organic_search,direct,8
6785,AB,0,display,affiliate,4
6786,AB,0,display,paid_search,6
6787,Atlantic,1,paid_social,direct,3
6788,ON,0,affiliate,affiliate,1
6789,AB,0,organic_search,organic_search,3
6790,Prairies,0,organic_search,email,2
6791,Atlantic,1,display,direct,4
6792,Atlantic,0,affiliate,affiliate,1
6793,Atlantic,0,paid_social,direct,7
6794,Atlantic,0,organic_search,paid_social,3
6795,Prairies,0,paid_social,paid_social,4
6796,ON,0,paid_search,organic_search,3
6797,ON,0,paid_search,paid_social,5
6798,BC,0,display,paid_search,2
6799,AB,0,display,paid_search,3
6800,BC,0,organic_search,affiliate,3
6801,Prairies,0,direct,email,5
6802,ON,0,paid_social,paid_search,6
6803,ON,1,paid_social,direct,4
6804,BC,0,affiliate,paid_search,4
6805,QC,1,paid_social,paid_search,4
6806,ON,0,display,organic_search,4
6807,BC,0,affiliate,display,3
6808,Atlantic,0,direct,direct,3
6809,AB,0,display,paid_social,3
6810,Prairies,0,paid_search,paid_search,3
6811,QC,0,direct,email,4
6812,AB,1,display,email,5
6813,Prairies,0,direct,direct,1
6814,Atlantic,0,paid_search,email,3
6815,BC,0,organic_search,direct,3
6816,BC,0,paid_social,paid_search,3
6817,QC,0,affiliate,direct,3
6818,BC,0,direct,direct,1
6819,ON,0,paid_search,paid_search,1
6820,BC,0,affiliate,affiliate,1
6821,BC,0,email,direct,4
6822,QC,0,display,direct,4
6823,BC,0,organic_search,email,5
6824,BC,1,affiliate,email,4
6825,ON,0,paid_social,affiliate,2
6826,BC,0,paid_search,paid_search,1
6827,ON,0,paid_social,affiliate,4
6828,Atlantic,0,organic_search,display,3
6829,BC,0,paid_social,email,2
6830,Prairies,0,direct,paid_search,2
6831,ON,0,paid_social,affiliate,4
6832,AB,0,display,paid_search,4
6833,AB,0,display,email,3
6834,ON,0,organic_search,paid_search,3
6835,AB,0,display,affiliate,3
6836,QC,0,paid_search,display,4
6837,Atlantic,0,display,paid_search,2
6838,AB,0,paid_social,paid_social,2
6839,ON,0,paid_search,email,4
6840,BC,0,organic_search,paid_search,4
6841,QC,0,organic_search,paid_search,2
6842,ON,0,direct,direct,2
6843,ON,0,paid_social,direct,2
6844,ON,1,display,paid_search,5
6845,Atlantic,0,paid_social,affiliate,6
6846,ON,1,organic_search,email,3
6847,Prairies,0,affiliate,email,2
6848,Prairies,0,direct,paid_search,3
6849,AB,0,paid_social,direct,3
6850,ON,0,direct,direct,1
6851,Atlantic,0,display,paid_search,3
6852,Prairies,0,organic_search,direct,4
6853,AB,0,display,direct,4
6854,Prairies,0,display,paid_search,2
6855,ON,0,paid_social,paid_search,5
6856,QC,0,paid_social,paid_search,4
6857,BC,0,paid_search,paid_search,1
6858,AB,0,display,email,2
6859,QC,0,paid_social,organic_search,2
6860,Prairies,0,paid_social,paid_search,4
6861,Prairies,0,affiliate,paid_search,2
6862,ON,0,paid_search,direct,6
6863,BC,1,organic_search,paid_search,4
6864,ON,0,paid_search,email,4
6865,Atlantic,0,affiliate,organic_search,3
6866,QC,0,paid_social,direct,3
6867,AB,0,paid_social,affiliate,5
6868,ON,0,paid_search,paid_search,3
6869,QC,0,affiliate,direct,3
6870,Prairies,0,paid_search,direct,3
6871,Atlantic,0,affiliate,affiliate,2
6872,Atlantic,0,display,affiliate,2
6873,ON,0,display,email,4
6874,Atlantic,1,paid_search,email,4
6875,QC,0,display,paid_social,5
6876,AB,0,paid_social,paid_social,5
6877,BC,0,paid_social,paid_search,3
6878,ON,0,paid_social,paid_search,3
6879,Atlantic,0,affiliate,paid_search,4
6880,AB,0,display,display,3
6881,QC,0,paid_social,email,4
6882,Prairies,0,organic_search,direct,3
6883,ON,0,paid_social,email,4
6884,Atlantic,0,paid_search,paid_social,2
6885,AB,1,paid_social,organic_search,4
6886,Atlantic,0,paid_social,organic_search,3
6887,AB,0,display,direct,4
6888,QC,0,paid_social,affiliate,3
6889,ON,0,paid_social,organic_search,4
6890,Atlantic,0,display,paid_social,2
6891,BC,0,display,display,1
6892,AB,0,paid_search,affiliate,2
6893,QC,0,paid_social,email,6
6894,Atlantic,0,organic_search,paid_social,2
6895,Atlantic,0,email,email,1
6896,Prairies,0,paid_search,paid_social,5
6897,BC,0,affiliate,paid_social,2
6898,Prairies,0,direct,direct,1
6899,QC,0,affiliate,paid_search,3
6900,AB,0,display,paid_social,2
6901,AB,0,display,direct,6
6902,QC,0,paid_social,organic_search,2
6903,Atlantic,0,paid_social,direct,6
6904,Prairies,0,paid_search,paid_search,2
6905,Atlantic,0,direct,paid_search,2
6906,BC,0,paid_social,organic_search,4
6907,Atlantic,0,direct,affiliate,4
6908,QC,0,paid_social,paid_search,6
6909,AB,0,display,email,3
6910,BC,0,display,organic_search,5
6911,ON,0,paid_search,email,3
6912,AB,0,affiliate,affiliate,1
6913,Atlantic,0,paid_search,direct,3
6914,Prairies,0,display,direct,2
6915,AB,0,paid_social,email,2
6916,Atlantic,0,display,email,5
6917,AB,0,paid_social,direct,3
6918,QC,0,paid_search,affiliate,4
6919,ON,0,paid_social,email,2
6920,ON,0,paid_social,direct,7
6921,BC,0,organic_search,organic_search,4
6922,Prairies,0,display,affiliate,4
6923,ON,0,email,direct,4
6924,Prairies,0,paid_social,paid_social,4
6925,ON,0,paid_social,organic_search,3
6926,Atlantic,0,affiliate,direct,4
6927,Atlantic,0,email,email,2
6928,Prairies,0,display,affiliate,2
6929,QC,1,display,paid_search,3
6930,BC,0,display,paid_search,3
6931,Prairies,0,display,organic_search,3
6932,Prairies,1,paid_search,paid_search,1
6933,ON,0,paid_social,direct,2
6934,QC,0,direct,email,3
6935,Atlantic,0,paid_social,direct,3
6936,BC,0,display,paid_search,7
6937,ON,0,paid_search,paid_social,5
6938,AB,0,affiliate,direct,2
6939,ON,0,display,paid_search,4
6940,Atlantic,0,paid_social,affiliate,4
6941,QC,0,affiliate,email,4
6942,ON,0,organic_search,organic_search,1
6943,Prairies,0,paid_social,direct,4
6944,QC,0,paid_social,direct,3
6945,QC,0,direct,organic_search,4
6946,Prairies,0,paid_search,organic_search,7
6947,AB,0,organic_search,email,2
6948,Prairies,0,organic_search,display,2
6949,QC,0,paid_social,direct,2
6950,Prairies,0,email,affiliate,5
6951,QC,0,paid_social,email,2
6952,Atlantic,0,affiliate,email,3
6953,Atlantic,0,display,organic_search,3
6954,Prairies,0,direct,direct,1
6955,QC,0,direct,affiliate,3
6956,Atlantic,0,paid_social,paid_social,5
6957,AB,0,paid_search,organic_search,4
6958,Prairies,0,paid_search,affiliate,3
6959,QC,0,affiliate,direct,6
6960,QC,1,display,direct,4
6961,BC,0,affiliate,email,5
6962,Atlantic,0,paid_search,direct,7
6963,ON,0,direct,direct,1
6964,Prairies,0,paid_search,direct,5
6965,ON,0,direct,paid_search,4
6966,BC,0,direct,organic_search,5
6967,Prairies,0,paid_social,direct,3
6968,Prairies,0,organic_search,direct,3
6969,Atlantic,0,paid_social,organic_search,3
6970,Atlantic,0,paid_social,paid_social,2
6971,BC,0,email,affiliate,4
6972,AB,0,paid_social,paid_search,3
6973,Prairies,0,paid_search,affiliate,4
6974,Atlantic,1,paid_search,email,4
6975,Prairies,0,paid_social,paid_social,1
6976,BC,0,paid_social,paid_social,4
6977,QC,0,paid_social,affiliate,5
6978,BC,0,affiliate,email,2
6979,ON,0,direct,organic_search,2
6980,Atlantic,0,organic_search,paid_social,4
6981,Atlantic,0,organic_search,organic_search,4
6982,BC,0,paid_search,direct,3
6983,AB,0,display,email,2
6984,Atlantic,0,organic_search,paid_search,3
6985,QC,0,paid_social,affiliate,6
6986,Prairies,0,affiliate,email,4
6987,QC,0,paid_social,direct,2
6988,QC,0,direct,direct,1
6989,QC,0,display,direct,2
6990,BC,1,paid_search,paid_search,4
6991,QC,0,paid_search,paid_search,1
6992,BC,0,organic_search,paid_search,3
6993,Prairies,0,paid_social,affiliate,4
6994,Atlantic,0,affiliate,direct,3
6995,Prairies,0,affiliate,affiliate,8
6996,Prairies,0,affiliate,email,4
6997,ON,0,paid_search,affiliate,6
6998,BC,0,paid_social,paid_social,1
6999,Atlantic,0,paid_social,organic_search,4
7000,Prairies,0,affiliate,email,9
7001,Prairies,0,organic_search,organic_search,3
7002,BC,0,paid_search,organic_search,3
7003,ON,0,direct,email,5
7004,AB,1,paid_social,paid_search,4
7005,QC,1,paid_search,paid_search,6
7006,ON,0,paid_search,paid_search,3
7007,BC,0,paid_social,affiliate,5
7008,ON,0,affiliate,direct,3
7009,ON,0,organic_search,direct,10
7010,Atlantic,0,display,direct,2
7011,Prairies,0,display,email,3
7012,BC,1,paid_social,paid_search,4
7013,AB,0,paid_social,affiliate,2
7014,Atlantic,0,organic_search,paid_search,2
7015,ON,0,paid_search,email,7
7016,Atlantic,0,organic_search,email,5
7017,QC,0,paid_social,organic_search,2
7018,QC,1,paid_search,paid_search,2
7019,Atlantic,1,paid_search,paid_search,8
7020,AB,0,email,direct,2
7021,BC,0,affiliate,organic_search,5
7022,ON,0,organic_search,paid_social,2
7023,BC,0,paid_social,direct,3
7024,Atlantic,0,paid_social,affiliate,7
7025,AB,0,paid_social,email,2
7026,Atlantic,0,display,direct,3
7027,AB,1,display,direct,2
7028,QC,0,display,organic_search,5
7029,ON,0,display,affiliate,3
7030,QC,0,paid_search,paid_search,1
7031,Atlantic,0,paid_social,paid_social,2
7032,AB,0,affiliate,paid_search,3
7033,Prairies,0,paid_social,organic_search,5
7034,ON,0,organic_search,direct,4
7035,QC,0,display,direct,8
7036,Atlantic,1,paid_social,paid_search,2
7037,ON,0,affiliate,paid_search,4
7038,QC,0,paid_search,paid_social,4
7039,Atlantic,0,affiliate,organic_search,3
7040,BC,1,display,paid_social,4
7041,Atlantic,0,paid_social,email,5
7042,Atlantic,0,display,direct,6
7043,AB,0,direct,affiliate,2
7044,AB,0,affiliate,paid_search,4
7045,QC,0,direct,direct,4
7046,Atlantic,0,direct,direct,1
7047,BC,0,display,affiliate,2
7048,BC,0,display,organic_search,3
7049,Atlantic,0,paid_social,direct,5
7050,Atlantic,0,organic_search,email,2
7051,BC,0,display,paid_search,4
7052,ON,0,paid_social,organic_search,3
7053,Atlantic,0,display,email,4
7054,ON,0,display,direct,4
7055,ON,1,email,paid_social,6
7056,BC,0,organic_search,affiliate,5
7057,Atlantic,0,email,direct,3
7058,Prairies,0,paid_social,paid_social,1
7059,ON,0,paid_social,affiliate,5
7060,AB,0,paid_search,email,2
7061,AB,0,paid_search,direct,3
7062,ON,0,display,direct,2
7063,AB,0,display,direct,4
7064,ON,1,paid_social,paid_search,5
7065,Prairies,0,paid_social,paid_social,6
7066,BC,0,paid_social,paid_search,2
7067,AB,0,organic_search,organic_search,2
7068,ON,0,direct,direct,1
7069,BC,0,email,affiliate,7
7070,Prairies,0,paid_social,email,4
7071,Prairies,1,organic_search,display,4
7072,Atlantic,0,direct,email,5
7073,Prairies,0,organic_search,paid_search,4
7074,BC,0,paid_social,paid_search,3
7075,BC,0,paid_social,paid_search,4
7076,ON,0,organic_search,paid_search,4
7077,BC,1,display,email,4
7078,Prairies,0,direct,email,6
7079,AB,0,paid_social,direct,2
7080,Atlantic,0,paid_social,paid_social,4
7081,Atlantic,0,paid_social,paid_social,4
7082,AB,1,paid_search,direct,4
7083,Atlantic,0,organic_search,paid_search,5
7084,Atlantic,0,paid_social,paid_search,4
7085,AB,0,affiliate,affiliate,1
7086,ON,0,organic_search,paid_social,8
7087,Prairies,0,organic_search,email,5
7088,ON,0,paid_social,direct,3
7089,Prairies,1,display,organic_search,7
7090,Prairies,0,display,paid_social,4
7091,QC,1,organic_search,direct,6
7092,Atlantic,0,display,email,5
7093,Atlantic,0,display,organic_search,7
7094,ON,0,organic_search,direct,5
7095,QC,0,display,direct,5
7096,QC,0,organic_search,email,3
7097,ON,0,display,display,4
7098,QC,0,paid_search,direct,6
7099,AB,0,display,paid_search,3
7100,Atlantic,0,paid_search,paid_search,6
7101,Prairies,0,paid_social,email,4
7102,Atlantic,0,email,paid_search,3
7103,QC,0,direct,direct,1
7104,AB,0,paid_search,paid_search,3
7105,AB,0,organic_search,direct,2
7106,ON,0,paid_social,paid_social,3
7107,BC,0,display,email,6
7108,ON,0,paid_social,direct,3
7109,AB,0,organic_search,email,5
7110,Prairies,0,affiliate,paid_search,3
7111,BC,0,email,organic_search,4
7112,AB,0,display,paid_search,6
7113,Atlantic,1,organic_search,email,2
7114,ON,1,paid_search,organic_search,3
7115,AB,0,paid_social,affiliate,3
7116,BC,0,paid_social,email,5
7117,AB,0,organic_search,email,4
7118,Prairies,0,display,email,6
7119,Prairies,1,organic_search,paid_search,5
7120,AB,0,display,email,6
7121,BC,0,paid_social,affiliate,4
7122,BC,0,organic_search,paid_search,3
7123,ON,0,paid_search,direct,3
7124,QC,0,paid_search,direct,3
7125,QC,0,paid_social,organic_search,4
7126,BC,0,paid_social,affiliate,3
7127,Prairies,0,direct,paid_search,2
7128,AB,0,paid_social,direct,3
7129,QC,0,direct,direct,3
7130,Atlantic,0,paid_social,affiliate,3
7131,AB,0,display,direct,3
7132,BC,0,display,display,3
7133,QC,0,paid_social,paid_search,3
7134,Prairies,0,paid_social,direct,2
7135,Atlantic,0,affiliate,direct,4
7136,QC,0,paid_search,direct,4
7137,Atlantic,0,paid_search,direct,2
7138,Prairies,0,affiliate,affiliate,2
7139,Atlantic,0,organic_search,organic_search,4
7140,Atlantic,0,paid_search,email,3
7141,AB,0,paid_social,paid_search,6
7142,AB,0,paid_social,paid_search,3
7143,ON,0,paid_social,direct,4
7144,BC,0,organic_search,organic_search,4
7145,Prairies,1,display,direct,7
7146,AB,0,organic_search,display,3
7147,ON,0,display,paid_search,3
7148,BC,0,affiliate,paid_social,3
7149,QC,1,paid_search,paid_search,4
7150,BC,0,display,email,2
7151,BC,0,display,paid_social,5
7152,BC,1,direct,paid_search,4
7153,Atlantic,0,direct,direct,1
7154,AB,0,display,organic_search,3
7155,Atlantic,0,display,direct,5
7156,Prairies,0,paid_social,affiliate,3
7157,Prairies,0,organic_search,organic_search,4
7158,BC,0,direct,direct,1
7159,AB,0,paid_search,direct,2
7160,ON,0,display,affiliate,4
7161,BC,0,direct,direct,1
7162,ON,0,direct,direct,1
7163,BC,0,display,paid_search,4
7164,Prairies,0,display,affiliate,4
7165,ON,0,display,paid_search,5
7166,ON,0,paid_social,paid_search,2
7167,QC,0,paid_search,display,3
7168,Atlantic,0,paid_social,paid_social,3
7169,BC,0,display,direct,3
7170,QC,0,organic_search,organic_search,5
7171,QC,0,direct,paid_search,3
7172,ON,0,paid_social,affiliate,2
7173,Atlantic,0,paid_search,direct,2
7174,ON,0,organic_search,paid_search,4
7175,QC,0,organic_search,email,2
7176,Prairies,0,direct,direct,1
7177,AB,1,organic_search,affiliate,5
7178,AB,0,paid_social,display,4
7179,QC,0,organic_search,paid_social,5
7180,QC,0,display,email,8
7181,AB,0,direct,paid_search,3
7182,Atlantic,0,display,affiliate,3
7183,AB,0,paid_social,direct,3
7184,QC,0,paid_search,organic_search,3
7185,Atlantic,0,organic_search,organic_search,3
7186,Prairies,0,paid_social,email,2
7187,BC,0,display,paid_search,2
7188,ON,0,display,direct,5
7189,QC,0,organic_search,direct,3
7190,AB,0,display,display,2
7191,Prairies,1,organic_search,organic_search,4
7192,Prairies,0,display,direct,2
7193,BC,0,display,affiliate,4
7194,BC,1,organic_search,organic_search,3
7195,ON,0,paid_social,organic_search,3
7196,Prairies,0,paid_social,paid_social,7
7197,QC,1,display,affiliate,6
7198,BC,0,email,organic_search,4
7199,QC,0,paid_search,affiliate,2
7200,Prairies,0,paid_search,paid_search,3
7201,Prairies,0,email,email,1
7202,QC,0,paid_social,affiliate,4
7203,ON,0,display,direct,7
7204,ON,0,paid_search,paid_search,5
7205,AB,0,display,display,5
7206,BC,0,affiliate,direct,3
7207,AB,0,display,email,5
7208,Atlantic,0,display,paid_social,5
7209,BC,0,organic_search,direct,3
7210,ON,0,organic_search,direct,4
7211,Atlantic,0,paid_search,display,3
7212,QC,0,paid_search,email,4
7213,AB,0,paid_social,paid_search,5
7214,AB,0,affiliate,direct,3
7215,BC,0,organic_search,paid_search,2
7216,Atlantic,0,paid_social,paid_search,5
7217,ON,1,paid_search,organic_search,5
7218,Prairies,0,display,affiliate,3
7219,Prairies,1,organic_search,email,3
7220,Prairies,0,paid_social,email,3
7221,BC,1,paid_search,organic_search,3
7222,QC,0,display,direct,6
7223,AB,0,paid_search,display,4
7224,ON,0,organic_search,display,6
7225,QC,0,direct,direct,3
7226,Atlantic,0,paid_social,direct,4
7227,Atlantic,0,paid_social,email,4
7228,AB,0,paid_search,direct,5
7229,ON,0,direct,organic_search,2
7230,BC,0,paid_social,paid_social,1
7231,Atlantic,0,paid_social,email,3
7232,AB,0,affiliate,affiliate,1
7233,ON,0,paid_social,display,2
7234,BC,0,display,direct,2
7235,Prairies,1,paid_search,paid_search,7
7236,QC,0,direct,email,3
7237,QC,0,paid_search,affiliate,3
7238,Prairies,0,organic_search,affiliate,3
7239,AB,0,paid_social,email,4
7240,AB,0,paid_search,display,5
7241,AB,0,affiliate,direct,3
7242,ON,0,paid_social,organic_search,3
7243,ON,0,paid_search,affiliate,7
7244,Atlantic,0,affiliate,email,2
7245,ON,0,paid_search,organic_search,2
7246,ON,0,paid_social,paid_social,5
7247,AB,0,display,display,3
7248,BC,0,paid_social,paid_social,1
7249,Atlantic,1,organic_search,paid_social,5
7250,AB,0,organic_search,paid_search,2
7251,QC,0,display,paid_search,2
7252,Atlantic,0,paid_social,display,10
7253,Prairies,0,paid_social,email,6
7254,Prairies,0,display,affiliate,2
7255,AB,0,paid_search,direct,2
7256,QC,0,direct,direct,1
7257,QC,0,display,organic_search,3
7258,Atlantic,0,paid_search,email,5
7259,Atlantic,0,email,direct,5
7260,Prairies,0,paid_social,paid_search,4
7261,ON,0,display,organic_search,4
7262,ON,0,email,email,1
7263,ON,0,organic_search,direct,2
7264,Atlantic,0,display,display,4
7265,QC,0,paid_social,organic_search,2
7266,BC,0,organic_search,direct,3
7267,ON,0,paid_search,direct,7
7268,Atlantic,0,paid_social,affiliate,3
7269,AB,0,paid_search,affiliate,3
7270,ON,0,paid_social,direct,4
7271,AB,0,paid_search,affiliate,4
7272,AB,0,display,email,5
7273,Prairies,0,affiliate,affiliate,1
7274,Prairies,0,display,direct,3
7275,Atlantic,0,display,paid_social,6
7276,Atlantic,0,organic_search,direct,4
7277,ON,0,email,email,1
7278,AB,0,direct,direct,5
7279,Atlantic,0,affiliate,paid_search,3
7280,Prairies,0,paid_search,paid_social,3
7281,BC,0,paid_search,direct,6
7282,AB,0,paid_social,direct,4
7283,Atlantic,0,direct,direct,1
7284,QC,1,affiliate,affiliate,4
7285,AB,0,display,direct,4
7286,Prairies,0,display,email,2
7287,Atlantic,0,paid_search,paid_search,3
7288,ON,1,affiliate,direct,5
7289,QC,0,direct,direct,1
7290,QC,0,paid_social,paid_social,3
7291,Prairies,0,direct,display,6
7292,Prairies,0,display,direct,6
7293,BC,0,display,direct,3
7294,AB,0,paid_social,direct,4
7295,BC,0,paid_search,paid_search,5
7296,BC,0,display,direct,7
7297,ON,0,affiliate,direct,6
7298,BC,0,paid_social,email,3
7299,ON,0,email,direct,3
7300,Prairies,0,display,direct,3
7301,Atlantic,0,display,affiliate,3
7302,QC,0,email,direct,6
7303,ON,0,organic_search,paid_search,4
7304,QC,0,paid_search,direct,4
7305,Prairies,0,paid_social,email,4
7306,Prairies,1,paid_search,email,4
7307,QC,0,organic_search,email,3
7308,Atlantic,1,direct,paid_search,4
7309,QC,0,affiliate,direct,5
7310,AB,0,organic_search,direct,9
7311,Prairies,0,email,email,1
7312,QC,0,organic_search,direct,7
7313,AB,0,paid_social,paid_search,3
7314,ON,0,direct,direct,1
7315,BC,0,paid_search,email,2
7316,ON,1,organic_search,paid_search,4
7317,BC,0,display,paid_search,3
7318,ON,0,email,paid_search,3
7319,QC,0,paid_search,organic_search,5
7320,Atlantic,0,organic_search,affiliate,5
7321,ON,0,display,paid_search,3
7322,BC,1,organic_search,paid_search,4
7323,ON,0,paid_search,direct,4
7324,AB,0,affiliate,direct,2
7325,QC,0,organic_search,affiliate,3
7326,Atlantic,0,organic_search,direct,6
7327,AB,0,display,affiliate,3
7328,QC,0,paid_social,direct,5
7329,Atlantic,0,paid_search,paid_search,1
7330,Prairies,0,paid_social,affiliate,4
7331,Atlantic,0,display,paid_search,4
7332,Prairies,0,display,direct,7
7333,BC,0,paid_social,paid_search,2
7334,AB,1,paid_social,direct,3
7335,AB,0,display,display,3
7336,Prairies,0,paid_search,direct,4
7337,AB,0,affiliate,affiliate,1
7338,Prairies,0,paid_social,direct,2
7339,QC,0,organic_search,direct,5
7340,QC,0,organic_search,affiliate,3
7341,AB,0,direct,email,2
7342,ON,0,paid_social,paid_social,3
7343,AB,0,organic_search,paid_social,4
7344,Prairies,0,paid_search,paid_social,4
7345,Prairies,1,display,direct,5
7346,Atlantic,0,affiliate,direct,4
7347,ON,0,paid_social,paid_search,4
7348,BC,0,direct,direct,4
7349,BC,0,paid_social,direct,2
7350,ON,0,affiliate,direct,6
7351,Atlantic,0,display,paid_search,2
7352,BC,0,paid_search,organic_search,3
7353,AB,0,direct,direct,1
7354,QC,0,organic_search,paid_search,3
7355,ON,0,organic_search,paid_search,4
7356,QC,0,paid_social,email,2
7357,AB,0,display,direct,7
7358,ON,0,organic_search,organic_search,5
7359,Prairies,0,display,paid_search,5
7360,QC,1,paid_search,paid_search,1
7361,Prairies,0,display,email,3
7362,QC,0,email,email,1
7363,BC,0,paid_social,direct,5
7364,Prairies,0,display,email,2
7365,Atlantic,0,paid_social,direct,2
7366,ON,0,affiliate,paid_search,3
7367,Atlantic,0,paid_social,direct,5
7368,AB,0,paid_social,paid_search,3
7369,AB,0,organic_search,paid_search,4
7370,AB,0,direct,paid_search,2
7371,Atlantic,0,display,email,3
7372,Atlantic,0,direct,direct,1
7373,Atlantic,1,display,paid_search,6
7374,Atlantic,0,organic_search,paid_social,5
7375,ON,0,direct,direct,1
7376,QC,0,paid_social,paid_search,3
7377,Atlantic,0,organic_search,organic_search,1
7378,AB,0,affiliate,affiliate,4
7379,Prairies,0,email,email,1
7380,BC,0,affiliate,organic_search,2
7381,BC,0,paid_search,affiliate,3
7382,BC,0,display,email,5
7383,Atlantic,1,affiliate,organic_search,2
7384,BC,0,display,paid_search,2
7385,BC,0,organic_search,organic_search,1
7386,QC,0,paid_social,direct,2
7387,AB,0,direct,direct,1
7388,BC,0,paid_search,paid_search,1
7389,QC,1,paid_search,direct,5
7390,Prairies,0,direct,email,8
7391,ON,0,organic_search,direct,4
7392,Prairies,0,organic_search,email,3
7393,QC,0,paid_social,direct,6
7394,Atlantic,1,display,display,4
7395,Atlantic,0,organic_search,email,3
7396,AB,0,paid_search,affiliate,7
7397,Prairies,1,affiliate,organic_search,2
7398,BC,0,paid_search,paid_search,1
7399,ON,1,email,email,4
7400,BC,0,display,direct,4
7401,Atlantic,0,paid_social,email,3
7402,Prairies,0,organic_search,paid_search,3
7403,Atlantic,0,display,direct,6
7404,AB,0,organic_search,paid_search,3
7405,ON,0,paid_social,direct,3
7406,ON,0,display,affiliate,8
7407,Atlantic,0,display,direct,3
7408,ON,0,direct,direct,4
7409,Atlantic,0,affiliate,affiliate,1
7410,QC,1,organic_search,paid_search,2
7411,AB,0,paid_search,affiliate,6
7412,Prairies,0,email,organic_search,6
7413,Atlantic,0,email,email,1
7414,Atlantic,0,email,email,2
7415,Atlantic,0,display,organic_search,6
7416,Prairies,0,organic_search,paid_search,2
7417,AB,1,affiliate,direct,2
7418,ON,0,display,direct,3
7419,QC,0,direct,display,3
7420,BC,1,organic_search,direct,3
7421,QC,0,display,paid_social,4
7422,Atlantic,0,display,email,3
7423,Prairies,0,paid_social,affiliate,5
7424,BC,0,display,direct,3
7425,BC,0,paid_search,direct,3
7426,QC,0,organic_search,direct,4
7427,QC,0,direct,affiliate,2
7428,ON,1,organic_search,paid_social,6
7429,Atlantic,0,display,email,3
7430,QC,0,paid_social,paid_social,1
7431,Prairies,0,display,email,5
7432,BC,0,paid_social,paid_search,2
7433,BC,0,email,email,1
7434,Atlantic,1,affiliate,organic_search,6
7435,ON,0,organic_search,paid_search,6
7436,Atlantic,0,display,affiliate,3
7437,AB,0,affiliate,direct,3
7438,Prairies,0,display,display,5
7439,QC,0,display,direct,5
7440,Atlantic,0,paid_social,direct,5
7441,ON,0,paid_social,direct,4
7442,QC,0,paid_social,direct,4
7443,ON,0,display,paid_search,4
7444,QC,0,display,direct,3
7445,BC,0,paid_social,email,3
7446,QC,0,paid_social,direct,2
7447,BC,0,direct,direct,7
7448,QC,0,direct,paid_search,4
7449,Prairies,0,paid_social,direct,2
7450,ON,0,affiliate,email,3
7451,Atlantic,1,display,affiliate,5
7452,Prairies,0,display,organic_search,4
7453,ON,0,display,organic_search,4
7454,Atlantic,0,paid_search,paid_search,3
7455,Prairies,1,paid_social,affiliate,3
7456,ON,1,paid_social,paid_search,4
7457,AB,0,direct,direct,1
7458,Atlantic,0,paid_social,affiliate,4
7459,ON,0,paid_social,affiliate,2
7460,AB,0,display,paid_search,4
7461,ON,0,organic_search,email,4
7462,QC,0,paid_search,paid_search,1
7463,AB,0,display,paid_search,8
7464,Prairies,0,direct,affiliate,5
7465,BC,0,display,organic_search,6
7466,Prairies,0,paid_social,paid_search,6
7467,Prairies,0,affiliate,direct,4
7468,ON,0,organic_search,email,4
7469,ON,0,display,email,5
7470,AB,0,display,paid_search,3
7471,Prairies,0,paid_search,paid_search,1
7472,QC,0,display,direct,2
7473,Prairies,0,paid_search,direct,3
7474,QC,0,direct,email,3
7475,Atlantic,0,organic_search,affiliate,2
7476,BC,0,display,paid_search,3
7477,BC,1,paid_social,email,2
7478,Atlantic,0,email,email,1
7479,ON,0,email,direct,4
7480,ON,0,display,email,2
7481,BC,0,organic_search,organic_search,1
7482,AB,0,paid_search,direct,2
7483,ON,0,organic_search,paid_search,2
7484,Prairies,0,display,display,7
7485,Atlantic,0,paid_social,paid_search,5
7486,BC,0,display,direct,4
7487,Atlantic,0,paid_search,organic_search,2
7488,QC,0,paid_search,affiliate,3
7489,ON,1,paid_social,paid_social,3
7490,Prairies,1,display,organic_search,4
7491,Prairies,0,paid_social,affiliate,4
7492,ON,0,affiliate,email,5
7493,Atlantic,0,display,organic_search,3
7494,Prairies,0,paid_social,paid_search,3
7495,QC,0,direct,direct,1
7496,ON,0,organic_search,direct,4
7497,Prairies,0,organic_search,affiliate,3
7498,AB,0,email,organic_search,4
7499,BC,1,paid_search,direct,7
7500,BC,0,paid_search,email,2
7501,Atlantic,0,paid_search,direct,4
7502,ON,1,paid_search,email,6
7503,ON,0,organic_search,direct,2
7504,AB,0,direct,affiliate,3
7505,Prairies,0,display,paid_search,2
7506,Atlantic,0,paid_social,organic_search,2
7507,AB,0,organic_search,organic_search,6
7508,QC,0,paid_social,affiliate,6
7509,QC,0,paid_search,direct,5
7510,Atlantic,0,display,direct,2
7511,Prairies,0,organic_search,direct,2
7512,ON,0,display,direct,5
7513,AB,1,organic_search,affiliate,4
7514,ON,0,organic_search,organic_search,2
7515,ON,0,affiliate,paid_search,4
7516,BC,0,direct,direct,3
7517,AB,0,paid_social,direct,3
7518,Atlantic,0,affiliate,paid_search,3
7519,Atlantic,0,organic_search,organic_search,3
7520,Atlantic,0,paid_search,paid_search,5
7521,AB,0,organic_search,paid_search,2
7522,ON,0,display,display,1
7523,AB,0,display,paid_search,6
7524,AB,0,organic_search,paid_search,2
7525,Atlantic,0,display,paid_search,5
7526,AB,0,paid_social,paid_social,4
7527,ON,0,direct,direct,5
7528,BC,0,display,paid_search,4
7529,Prairies,0,organic_search,direct,3
7530,Atlantic,0,paid_search,direct,2
7531,BC,0,paid_search,paid_search,4
7532,QC,0,affiliate,email,2
7533,Atlantic,0,direct,affiliate,6
7534,ON,0,paid_social,direct,7
7535,Prairies,0,display,paid_search,3
7536,QC,0,email,direct,5
7537,QC,0,organic_search,affiliate,3
7538,QC,0,organic_search,paid_search,3
7539,BC,0,paid_social,paid_search,2
7540,Atlantic,0,display,email,5
7541,AB,0,paid_social,direct,4
7542,Atlantic,0,display,organic_search,5
7543,Prairies,0,display,direct,2
7544,ON,0,direct,direct,1
7545,QC,0,organic_search,direct,3
7546,Atlantic,0,display,paid_search,4
7547,QC,0,organic_search,affiliate,5
7548,ON,0,paid_social,direct,4
7549,QC,0,affiliate,email,2
7550,Prairies,0,paid_social,paid_search,3
7551,ON,0,paid_search,direct,2
7552,AB,0,paid_social,direct,2
7553,Prairies,0,paid_social,direct,2
7554,Prairies,0,paid_social,direct,3
7555,BC,1,paid_social,direct,4
7556,Atlantic,0,direct,direct,9
7557,Atlantic,0,organic_search,paid_search,3
7558,Atlantic,0,paid_social,paid_search,2
7559,ON,0,organic_search,organic_search,3
7560,BC,0,paid_social,email,4
7561,BC,0,email,direct,3
7562,ON,0,affiliate,email,2
7563,Prairies,0,paid_search,paid_search,3
7564,Atlantic,0,organic_search,email,4
7565,Prairies,0,display,direct,3
7566,BC,0,organic_search,paid_social,3
7567,BC,0,paid_social,affiliate,4
7568,AB,0,email,paid_search,2
7569,ON,0,email,email,2
7570,Prairies,0,paid_social,affiliate,2
7571,QC,0,display,paid_search,4
7572,Atlantic,0,paid_social,email,5
7573,AB,0,paid_social,paid_search,2
7574,AB,0,paid_search,paid_search,1
7575,Prairies,0,paid_social,email,5
7576,AB,0,paid_social,organic_search,4
7577,ON,0,affiliate,email,3
7578,BC,0,paid_search,paid_search,5
7579,Atlantic,0,paid_social,direct,3
7580,ON,0,display,direct,2
7581,Prairies,0,direct,direct,3
7582,AB,0,paid_search,paid_search,2
7583,ON,0,organic_search,direct,2
7584,Prairies,0,organic_search,email,3
7585,ON,1,paid_social,direct,3
7586,AB,0,paid_search,direct,4
7587,QC,0,display,direct,4
7588,Prairies,0,display,paid_social,5
7589,QC,0,paid_search,affiliate,4
7590,AB,0,paid_social,paid_search,3
7591,QC,0,paid_search,paid_search,1
7592,ON,0,display,email,5
7593,QC,0,organic_search,direct,3
7594,AB,0,affiliate,affiliate,2
7595,Prairies,1,organic_search,affiliate,5
7596,BC,0,display,organic_search,2
7597,Prairies,0,paid_social,direct,3
7598,ON,1,organic_search,affiliate,3
7599,Prairies,0,paid_search,direct,6
7600,QC,0,affiliate,paid_search,2
7601,QC,0,display,paid_search,2
7602,ON,0,organic_search,paid_social,2
7603,Prairies,0,display,direct,5
7604,Prairies,0,paid_social,paid_search,2
7605,Atlantic,1,paid_social,organic_search,5
7606,Prairies,0,organic_search,direct,6
7607,BC,0,paid_social,email,2
7608,BC,0,paid_social,direct,5
7609,Atlantic,0,paid_social,paid_search,6
7610,Atlantic,0,organic_search,paid_search,4
7611,Atlantic,0,paid_social,direct,2
7612,BC,0,display,paid_search,2
7613,ON,0,direct,direct,3
7614,AB,0,organic_search,paid_search,3
7615,AB,0,organic_search,paid_search,2
7616,AB,0,organic_search,organic_search,3
7617,Atlantic,0,organic_search,direct,2
7618,Atlantic,0,paid_search,paid_search,1
7619,ON,0,display,paid_search,2
7620,ON,0,organic_search,email,7
7621,BC,0,display,direct,2
7622,BC,0,display,paid_social,2
7623,QC,0,paid_social,organic_search,2
7624,ON,0,organic_search,email,4
7625,BC,0,organic_search,paid_search,3
7626,Atlantic,0,display,display,3
7627,Prairies,0,display,direct,4
7628,ON,0,paid_social,organic_search,2
7629,ON,0,organic_search,direct,2
7630,Atlantic,0,organic_search,affiliate,3
7631,Atlantic,0,display,email,4
7632,Atlantic,0,paid_social,email,3
7633,Atlantic,0,paid_social,organic_search,3
7634,ON,0,email,email,3
7635,AB,0,display,direct,2
7636,QC,0,organic_search,organic_search,2
7637,ON,0,paid_social,display,3
7638,ON,0,display,organic_search,2
7639,BC,0,display,paid_search,4
7640,BC,0,display,affiliate,5
7641,AB,0,affiliate,affiliate,4
7642,QC,1,organic_search,direct,6
7643,AB,0,paid_search,email,3
7644,AB,0,email,direct,3
7645,AB,0,organic_search,paid_search,3
7646,BC,0,paid_social,display,6
7647,Prairies,0,display,affiliate,3
7648,BC,0,display,email,5
7649,Prairies,0,direct,affiliate,3
7650,QC,0,organic_search,direct,2
7651,QC,0,paid_search,paid_search,4
7652,Prairies,0,display,direct,3
7653,AB,0,paid_social,affiliate,5
7654,BC,0,display,direct,5
7655,BC,0,paid_search,email,3
7656,AB,1,organic_search,direct,3
7657,AB,0,display,affiliate,2
7658,AB,0,email,paid_search,2
7659,Prairies,0,paid_social,direct,3
7660,AB,0,paid_social,direct,4
7661,ON,0,paid_social,display,3
7662,QC,0,paid_social,organic_search,4
7663,BC,1,display,paid_search,4
7664,QC,0,display,direct,3
7665,Prairies,0,email,organic_search,4
7666,Prairies,0,organic_search,direct,3
7667,ON,0,paid_social,affiliate,4
7668,BC,0,display,paid_search,3
7669,Atlantic,0,paid_social,email,4
7670,Prairies,1,organic_search,paid_search,2
7671,AB,0,organic_search,direct,5
7672,BC,0,display,email,5
7673,AB,0,affiliate,direct,4
7674,BC,0,organic_search,paid_search,2
7675,BC,0,paid_social,affiliate,5
7676,ON,0,organic_search,organic_search,4
7677,BC,0,display,affiliate,2
7678,BC,0,organic_search,paid_search,3
7679,BC,0,direct,direct,1
7680,Atlantic,1,paid_search,email,3
7681,Prairies,1,affiliate,paid_social,5
7682,Prairies,0,display,affiliate,4
7683,Atlantic,0,display,paid_search,3
7684,Prairies,0,direct,direct,1
7685,Atlantic,0,paid_social,paid_search,6
7686,Atlantic,0,paid_social,direct,3
7687,Prairies,1,organic_search,email,3
7688,Atlantic,0,email,email,1
7689,BC,0,paid_search,affiliate,2
7690,ON,1,paid_search,direct,2
7691,Atlantic,1,organic_search,email,3
7692,Prairies,1,organic_search,direct,4
7693,AB,0,organic_search,direct,4
7694,Atlantic,0,paid_search,affiliate,4
7695,BC,0,organic_search,direct,4
7696,ON,0,affiliate,paid_search,3
7697,AB,0,paid_search,display,2
7698,Prairies,0,display,email,5
7699,Atlantic,1,display,affiliate,7
7700,BC,0,display,direct,5
7701,AB,0,display,direct,2
7702,BC,0,paid_search,paid_social,3
7703,Prairies,0,organic_search,paid_social,3
7704,Atlantic,0,paid_social,direct,3
7705,ON,0,paid_social,affiliate,8
7706,BC,0,direct,email,2
7707,ON,0,email,email,1
7708,Prairies,0,display,paid_search,5
7709,QC,0,paid_social,direct,5
7710,AB,1,paid_search,organic_search,4
7711,AB,0,affiliate,direct,4
7712,Prairies,0,affiliate,paid_social,6
7713,QC,0,display,direct,4
7714,Prairies,1,paid_social,organic_search,6
7715,AB,0,direct,direct,5
7716,ON,1,display,email,4
7717,ON,0,email,display,5
7718,Atlantic,0,display,direct,8
7719,AB,1,display,paid_search,6
7720,BC,0,paid_social,organic_search,4
7721,QC,0,paid_social,paid_social,5
7722,Atlantic,0,direct,paid_search,5
7723,ON,0,organic_search,organic_search,1
7724,Atlantic,0,direct,paid_search,2
7725,Prairies,0,affiliate,direct,3
7726,ON,0,affiliate,display,3
7727,QC,0,paid_search,direct,2
7728,Prairies,0,direct,email,3
7729,Prairies,0,direct,direct,1
7730,BC,1,direct,affiliate,3
7731,ON,0,display,paid_social,4
7732,BC,0,paid_social,direct,4
7733,ON,0,display,paid_search,3
7734,AB,1,display,paid_search,2
7735,Atlantic,0,paid_social,paid_search,5
7736,AB,0,paid_social,paid_search,6
7737,BC,0,display,organic_search,3
7738,ON,0,direct,display,3
7739,Prairies,0,paid_social,affiliate,5
7740,Atlantic,0,direct,direct,1
7741,AB,1,organic_search,email,8
7742,AB,1,paid_social,display,3
7743,Prairies,0,display,affiliate,4
7744,BC,0,organic_search,affiliate,4
7745,ON,0,organic_search,affiliate,3
7746,QC,0,display,email,6
7747,ON,0,paid_social,paid_search,3
7748,ON,0,email,email,4
7749,BC,0,display,direct,4
7750,AB,1,paid_search,organic_search,7
7751,QC,0,organic_search,direct,6
7752,BC,0,display,paid_search,5
7753,AB,0,paid_search,paid_social,8
7754,Prairies,0,paid_search,email,5
7755,QC,0,affiliate,organic_search,3
7756,BC,0,paid_social,direct,2
7757,ON,0,display,paid_search,4
7758,QC,0,display,direct,5
7759,Atlantic,0,organic_search,affiliate,4
7760,AB,0,direct,direct,1
7761,ON,0,affiliate,paid_search,2
7762,Atlantic,0,paid_social,organic_search,5
7763,AB,0,display,organic_search,3
7764,Prairies,0,organic_search,organic_search,4
7765,QC,0,paid_social,paid_search,5
7766,Atlantic,0,affiliate,email,3
7767,AB,0,display,organic_search,2
7768,ON,0,organic_search,organic_search,1
7769,ON,0,paid_search,direct,4
7770,QC,0,paid_search,affiliate,2
7771,AB,0,display,paid_social,2
7772,BC,0,display,display,1
7773,ON,0,organic_search,affiliate,4
7774,Prairies,0,organic_search,direct,4
7775,AB,0,paid_social,organic_search,2
7776,ON,0,organic_search,organic_search,6
7777,QC,0,paid_social,affiliate,2
7778,ON,0,display,paid_search,2
7779,BC,0,paid_social,paid_social,9
7780,Atlantic,0,display,paid_search,2
7781,BC,0,paid_search,organic_search,2
7782,Atlantic,1,paid_social,email,2
7783,AB,0,organic_search,affiliate,4
7784,AB,0,direct,email,6
7785,Atlantic,0,paid_search,email,5
7786,AB,0,display,email,5
7787,Atlantic,1,organic_search,email,5
7788,AB,0,paid_social,paid_search,4
7789,Prairies,0,paid_social,direct,4
7790,AB,0,affiliate,organic_search,2
7791,QC,0,paid_search,affiliate,3
7792,Prairies,0,paid_search,paid_search,6
7793,AB,0,affiliate,organic_search,4
7794,Atlantic,0,paid_social,direct,3
7795,QC,0,organic_search,paid_search,3
7796,Prairies,1,paid_search,paid_search,5
7797,BC,0,organic_search,email,4
7798,Prairies,1,organic_search,direct,4
7799,Prairies,0,direct,paid_search,3
7800,QC,0,paid_social,paid_search,2
7801,ON,0,display,organic_search,4
7802,AB,0,paid_social,display,5
7803,BC,0,paid_social,affiliate,3
7804,Prairies,0,paid_social,email,3
7805,BC,0,display,direct,4
7806,QC,0,paid_social,paid_social,5
7807,QC,0,affiliate,affiliate,1
7808,AB,0,direct,paid_search,2
7809,Prairies,0,paid_social,paid_social,1
7810,Prairies,0,paid_social,email,3
7811,Prairies,0,display,direct,4
7812,BC,0,paid_search,paid_search,1
7813,Atlantic,0,email,direct,2
7814,AB,0,display,paid_social,3
7815,Atlantic,1,organic_search,direct,3
7816,Prairies,0,paid_social,direct,5
7817,AB,0,direct,organic_search,5
7818,Prairies,0,paid_search,direct,4
7819,AB,0,paid_search,email,5
7820,Atlantic,0,direct,direct,1
7821,Atlantic,0,organic_search,email,6
7822,AB,0,affiliate,direct,4
7823,AB,0,organic_search,paid_search,3
7824,Prairies,0,organic_search,paid_search,2
7825,Atlantic,0,paid_social,email,6
7826,QC,0,display,direct,2
7827,ON,0,display,paid_search,6
7828,QC,0,display,email,2
7829,ON,0,affiliate,email,2
7830,ON,0,paid_search,paid_search,1
7831,QC,0,paid_social,direct,5
7832,Prairies,1,paid_search,paid_social,7
7833,QC,0,paid_social,email,3
7834,BC,1,paid_social,paid_search,2
7835,QC,0,display,affiliate,3
7836,Atlantic,0,display,paid_search,7
7837,Prairies,0,display,paid_search,5
7838,Prairies,0,organic_search,email,5
7839,QC,0,display,paid_search,3
7840,ON,0,organic_search,direct,3
7841,QC,0,organic_search,email,4
7842,BC,0,display,paid_search,4
7843,AB,0,display,organic_search,3
7844,Atlantic,0,paid_search,paid_search,1
7845,BC,0,display,direct,4
7846,Atlantic,0,organic_search,paid_search,2
7847,Prairies,0,display,organic_search,3
7848,ON,0,paid_search,email,5
7849,AB,0,display,paid_social,2
7850,Prairies,0,display,direct,4
7851,BC,0,paid_social,email,3
7852,QC,0,organic_search,paid_social,5
7853,Atlantic,0,paid_social,affiliate,3
7854,Atlantic,1,paid_social,organic_search,4
7855,QC,0,paid_search,paid_search,1
7856,Prairies,0,paid_search,paid_social,4
7857,QC,0,paid_social,organic_search,4
7858,ON,0,display,direct,3
7859,AB,0,direct,email,2
7860,BC,0,paid_search,direct,3
7861,QC,1,paid_search,affiliate,2
7862,AB,1,organic_search,email,7
7863,BC,0,affiliate,display,2
7864,ON,0,paid_search,direct,4
7865,QC,0,paid_social,paid_search,4
7866,ON,0,paid_social,email,3
7867,ON,0,organic_search,organic_search,1
7868,QC,0,display,email,6
7869,Atlantic,0,display,organic_search,5
7870,ON,0,email,direct,6
7871,QC,0,paid_social,paid_search,4
7872,ON,0,organic_search,direct,5
7873,Prairies,0,organic_search,direct,7
7874,Prairies,0,display,affiliate,2
7875,Atlantic,1,paid_social,direct,3
7876,Prairies,0,display,direct,3
7877,ON,0,display,organic_search,4
7878,BC,0,email,email,1
7879,ON,0,paid_search,paid_search,1
7880,QC,0,display,direct,3
7881,ON,0,affiliate,affiliate,1
7882,AB,0,paid_social,display,5
7883,BC,0,paid_search,direct,2
7884,Atlantic,0,affiliate,direct,2
7885,AB,0,paid_social,direct,2
7886,BC,0,paid_social,email,3
7887,AB,1,organic_search,direct,6
7888,Prairies,0,paid_search,display,5
7889,QC,1,organic_search,organic_search,3
7890,AB,0,display,paid_search,3
7891,AB,0,display,affiliate,3
7892,QC,0,paid_social,direct,4
7893,ON,0,display,affiliate,2
7894,BC,0,organic_search,direct,6
7895,Prairies,0,paid_social,direct,2
7896,AB,0,display,email,3
7897,AB,0,display,affiliate,7
7898,AB,0,paid_search,paid_search,1
7899,QC,1,display,affiliate,3
7900,AB,0,organic_search,direct,3
7901,AB,0,paid_search,paid_search,3
7902,QC,0,display,paid_social,4
7903,ON,1,display,paid_search,4
7904,ON,0,email,direct,4
7905,BC,0,affiliate,direct,3
7906,Atlantic,0,affiliate,paid_search,3
7907,Atlantic,0,paid_social,email,2
7908,Prairies,0,paid_search,paid_search,1
7909,Atlantic,0,display,email,5
7910,Prairies,0,display,direct,2
7911,Atlantic,0,paid_search,email,4
7912,BC,0,organic_search,direct,3
7913,AB,0,paid_search,paid_search,4
7914,QC,0,affiliate,direct,3
7915,Prairies,0,paid_social,email,2
7916,QC,0,direct,paid_search,4
7917,Atlantic,0,paid_search,paid_social,3
7918,QC,0,paid_search,paid_search,8
7919,QC,0,display,direct,3
7920,AB,1,paid_social,affiliate,7
7921,BC,0,display,paid_search,3
7922,BC,0,paid_social,direct,2
7923,ON,0,affiliate,email,3
7924,ON,0,paid_social,paid_search,3
7925,Atlantic,0,paid_social,affiliate,3
7926,AB,0,display,paid_search,4
7927,QC,0,paid_social,organic_search,2
7928,AB,0,paid_social,paid_search,2
7929,Atlantic,0,direct,organic_search,3
7930,AB,0,paid_social,organic_search,5
7931,BC,0,paid_social,paid_search,2
7932,ON,0,organic_search,direct,6
7933,AB,0,display,display,1
7934,BC,0,organic_search,organic_search,1
7935,Prairies,0,organic_search,organic_search,5
7936,Prairies,0,paid_social,paid_social,5
7937,Atlantic,0,organic_search,paid_search,3
7938,ON,1,paid_social,paid_search,2
7939,Atlantic,0,affiliate,email,6
7940,Prairies,0,display,affiliate,3
7941,QC,0,paid_social,affiliate,4
7942,Atlantic,0,paid_search,email,2
7943,Prairies,0,affiliate,email,3
7944,ON,0,organic_search,email,4
7945,ON,0,display,paid_search,3
7946,ON,0,display,paid_search,4
7947,Atlantic,0,organic_search,organic_search,1
7948,QC,0,paid_social,direct,6
7949,ON,0,organic_search,direct,7
7950,ON,1,paid_social,paid_search,6
7951,AB,0,direct,organic_search,4
7952,Prairies,0,direct,email,3
7953,Prairies,0,paid_social,organic_search,2
7954,ON,0,direct,direct,4
7955,BC,1,paid_social,paid_search,4
7956,Atlantic,0,display,paid_search,2
7957,BC,0,paid_search,paid_search,1
7958,AB,0,paid_social,paid_social,3
7959,QC,0,paid_social,organic_search,2
7960,Prairies,0,paid_search,paid_search,1
7961,ON,0,organic_search,organic_search,5
7962,AB,0,paid_social,paid_search,2
7963,BC,0,display,affiliate,3
7964,Prairies,0,organic_search,direct,3
7965,Prairies,0,organic_search,affiliate,2
7966,BC,0,paid_search,paid_search,8
7967,Prairies,0,paid_search,display,4
7968,Prairies,0,paid_search,affiliate,3
7969,Prairies,0,organic_search,direct,4
7970,ON,0,paid_social,email,2
7971,BC,0,affiliate,organic_search,4
7972,BC,1,display,affiliate,5
7973,AB,0,paid_search,affiliate,4
7974,QC,0,direct,paid_search,3
7975,Prairies,0,affiliate,paid_search,3
7976,Atlantic,1,paid_social,direct,5
7977,Atlantic,0,organic_search,direct,2
7978,Atlantic,1,display,organic_search,7
7979,Atlantic,0,display,paid_search,4
7980,AB,0,display,direct,9
7981,BC,0,paid_search,direct,4
7982,Prairies,1,paid_search,email,4
7983,QC,0,paid_search,paid_search,1
7984,AB,0,email,email,1
7985,BC,0,affiliate,paid_search,5
7986,QC,0,paid_social,direct,5
7987,QC,0,direct,direct,1
7988,AB,0,display,paid_search,4
7989,BC,0,paid_social,email,2
7990,QC,0,affiliate,direct,6
7991,ON,0,paid_social,email,2
7992,QC,0,email,email,1
7993,BC,0,display,affiliate,4
7994,Atlantic,0,paid_social,direct,6
7995,Atlantic,0,display,direct,4
7996,Atlantic,0,display,direct,2
7997,Prairies,0,paid_search,direct,2
7998,Atlantic,0,paid_social,direct,6
7999,Prairies,0,display,direct,2
8000,QC,0,display,email,5
8001,Prairies,0,paid_search,organic_search,5
8002,BC,0,display,paid_search,2
8003,Prairies,0,email,direct,3
8004,QC,0,display,paid_social,3
8005,AB,0,email,organic_search,5
8006,Prairies,0,paid_search,direct,3
8007,AB,1,paid_social,paid_search,2
8008,ON,0,paid_social,paid_search,4
8009,Atlantic,0,paid_search,direct,7
8010,AB,0,paid_search,direct,2
8011,AB,0,paid_social,display,3
8012,ON,0,paid_social,organic_search,3
8013,Atlantic,0,organic_search,email,5
8014,Atlantic,0,paid_search,direct,2
8015,BC,0,paid_social,paid_search,5
8016,ON,0,display,paid_search,2
8017,BC,0,paid_search,direct,2
8018,BC,0,display,affiliate,4
8019,QC,0,paid_social,direct,6
8020,QC,0,affiliate,paid_search,3
8021,BC,0,organic_search,affiliate,5
8022,Prairies,0,paid_social,direct,2
8023,AB,0,display,paid_search,3
8024,AB,0,paid_search,organic_search,3
8025,ON,0,display,affiliate,3
8026,QC,0,display,affiliate,3
8027,QC,0,email,direct,5
8028,ON,0,direct,direct,1
8029,BC,0,display,paid_search,5
8030,AB,0,organic_search,direct,2
8031,ON,0,paid_social,direct,4
8032,ON,0,display,direct,3
8033,BC,0,affiliate,display,4
8034,AB,0,direct,paid_search,2
8035,BC,0,display,direct,3
8036,Prairies,0,display,direct,3
8037,Atlantic,0,paid_search,paid_search,2
8038,AB,0,paid_search,direct,5
8039,Prairies,0,display,paid_search,3
8040,Prairies,0,paid_search,direct,4
8041,BC,1,display,display,3
8042,QC,0,paid_social,paid_search,2
8043,BC,0,display,paid_social,7
8044,ON,0,display,display,4
8045,Prairies,0,paid_social,direct,3
8046,BC,0,paid_social,email,3
8047,ON,0,paid_search,paid_search,1
8048,ON,0,affiliate,email,7
8049,Prairies,0,paid_social,paid_search,5
8050,AB,0,paid_social,email,2
8051,Atlantic,0,affiliate,affiliate,1
8052,QC,0,email,organic_search,6
8053,Prairies,0,paid_search,organic_search,3
8054,AB,0,paid_social,direct,3
8055,BC,0,display,direct,2
8056,Atlantic,0,paid_social,organic_search,4
8057,AB,1,paid_social,display,5
8058,QC,0,organic_search,paid_search,5
8059,BC,0,display,paid_search,2
8060,BC,0,paid_social,affiliate,2
8061,ON,0,paid_social,direct,3
8062,Atlantic,0,display,email,6
8063,Prairies,0,paid_social,paid_search,2
8064,Prairies,0,display,paid_search,4
8065,ON,0,display,paid_search,4
8066,BC,0,display,affiliate,2
8067,AB,0,paid_social,direct,2
8068,QC,0,paid_social,email,5
8069,BC,0,email,direct,5
8070,BC,1,display,direct,7
8071,QC,0,organic_search,paid_search,3
8072,QC,0,direct,direct,1
8073,BC,0,display,email,6
8074,Prairies,0,paid_social,paid_search,3
8075,QC,0,display,direct,5
8076,BC,0,organic_search,paid_search,2
8077,AB,0,display,display,4
8078,ON,0,paid_social,email,4
8079,BC,0,affiliate,affiliate,4
8080,Atlantic,1,display,paid_search,3
8081,QC,0,display,display,2
8082,ON,1,display,paid_search,3
8083,Atlantic,0,paid_search,direct,5
8084,ON,0,display,email,4
8085,Prairies,0,paid_social,direct,4
8086,BC,0,display,organic_search,5
8087,ON,0,organic_search,direct,3
8088,ON,0,display,affiliate,4
8089,Atlantic,0,affiliate,direct,4
8090,ON,0,organic_search,email,3
8091,Atlantic,0,paid_social,email,3
8092,AB,0,paid_search,organic_search,6
8093,Atlantic,0,organic_search,email,2
8094,Atlantic,1,paid_social,email,4
8095,QC,0,organic_search,paid_search,2
8096,ON,0,paid_search,paid_search,1
8097,AB,0,display,email,7
8098,Prairies,0,display,email,3
8099,BC,0,affiliate,affiliate,1
8100,BC,0,paid_social,direct,4
8101,ON,0,display,direct,4
8102,Atlantic,0,display,paid_search,2
8103,Atlantic,0,email,display,3
8104,BC,0,direct,direct,1
8105,QC,0,direct,direct,1
8106,Prairies,0,display,display,5
8107,Atlantic,1,paid_social,paid_search,6
8108,ON,0,display,direct,3
8109,AB,0,display,paid_search,3
8110,AB,0,paid_social,direct,3
8111,AB,0,display,affiliate,2
8112,Prairies,0,organic_search,organic_search,4
8113,ON,0,paid_social,affiliate,3
8114,AB,0,paid_social,organic_search,3
8115,BC,0,paid_search,paid_search,1
8116,Prairies,1,organic_search,paid_social,5
8117,ON,0,affiliate,direct,2
8118,BC,0,display,affiliate,5
8119,AB,1,paid_social,direct,4
8120,QC,0,affiliate,paid_search,4
8121,QC,0,display,paid_search,3
8122,Prairies,0,paid_search,affiliate,2
8123,AB,0,direct,direct,1
8124,ON,0,affiliate,affiliate,6
8125,Atlantic,0,display,direct,4
8126,Prairies,0,paid_search,organic_search,4
8127,BC,1,email,paid_search,5
8128,AB,0,affiliate,affiliate,2
8129,Atlantic,0,affiliate,email,4
8130,BC,0,display,paid_social,3
8131,BC,0,display,direct,3
8132,Prairies,0,organic_search,direct,5
8133,QC,0,direct,direct,6
8134,Prairies,0,paid_social,organic_search,3
8135,BC,0,direct,direct,5
8136,BC,1,paid_social,organic_search,4
8137,ON,0,display,paid_search,2
8138,BC,0,display,email,6
8139,Atlantic,0,display,organic_search,3
8140,Prairies,1,display,organic_search,8
8141,BC,1,affiliate,paid_search,3
8142,Atlantic,0,direct,affiliate,6
8143,Atlantic,0,paid_social,direct,2
8144,QC,0,paid_social,affiliate,2
8145,BC,0,organic_search,display,3
8146,QC,0,affiliate,direct,2
8147,QC,0,display,paid_search,4
8148,ON,0,paid_social,organic_search,3
8149,Atlantic,0,paid_social,affiliate,2
8150,QC,0,display,email,3
8151,Atlantic,0,direct,email,3
8152,Prairies,0,email,affiliate,6
8153,ON,0,affiliate,direct,3
8154,BC,0,paid_social,affiliate,3
8155,QC,0,display,direct,2
8156,BC,0,paid_search,organic_search,5
8157,AB,1,affiliate,direct,5
8158,Prairies,0,display,email,6
8159,ON,0,organic_search,direct,4
8160,AB,0,display,paid_search,4
8161,AB,0,paid_search,affiliate,6
8162,BC,0,direct,direct,1
8163,BC,1,paid_social,paid_social,2
8164,Atlantic,0,direct,direct,1
8165,ON,0,paid_search,email,3
8166,Prairies,0,affiliate,organic_search,7
8167,BC,0,display,direct,5
8168,BC,0,paid_social,organic_search,5
8169,Atlantic,0,paid_social,display,5
8170,AB,0,display,direct,3
8171,QC,0,paid_social,direct,4
8172,QC,0,paid_social,display,6
8173,QC,0,paid_social,direct,3
8174,AB,0,paid_social,organic_search,6
8175,QC,0,organic_search,organic_search,4
8176,Prairies,0,affiliate,paid_search,4
8177,ON,0,paid_social,paid_social,3
8178,QC,0,paid_search,paid_search,1
8179,Prairies,0,paid_social,email,4
8180,Prairies,1,display,affiliate,4
8181,BC,0,organic_search,paid_search,6
8182,QC,0,direct,organic_search,3
8183,BC,0,affiliate,organic_search,4
8184,AB,0,organic_search,paid_search,3
8185,Prairies,1,paid_social,paid_search,2
8186,BC,0,organic_search,direct,3
8187,QC,0,paid_social,direct,2
8188,AB,0,direct,affiliate,5
8189,BC,0,paid_social,paid_search,2
8190,Prairies,0,display,paid_social,4
8191,ON,0,email,paid_social,6
8192,AB,0,paid_social,paid_search,5
8193,Prairies,0,affiliate,affiliate,1
8194,AB,0,paid_social,email,3
8195,Prairies,0,organic_search,direct,4
8196,BC,0,organic_search,organic_search,1
8197,QC,0,paid_social,paid_search,2
8198,QC,0,paid_social,direct,4
8199,QC,0,paid_social,direct,2
8200,QC,0,display,direct,4
8201,QC,0,organic_search,email,6
8202,BC,0,paid_social,email,3
8203,QC,0,paid_social,paid_search,5
8204,Atlantic,0,display,direct,4
8205,Prairies,0,display,direct,4
8206,AB,0,display,direct,5
8207,ON,0,organic_search,paid_search,3
8208,BC,0,paid_social,affiliate,4
8209,AB,0,paid_social,affiliate,3
8210,QC,0,display,paid_social,5
8211,ON,0,paid_social,email,3
8212,BC,0,display,email,2
8213,ON,0,organic_search,direct,2
8214,Atlantic,0,paid_search,paid_search,4
8215,BC,0,paid_search,display,5
8216,BC,0,email,email,1
8217,QC,0,paid_social,affiliate,4
8218,Atlantic,0,paid_social,display,4
8219,ON,0,paid_social,display,3
8220,AB,1,direct,paid_social,4
8221,ON,0,display,email,4
8222,QC,1,display,direct,4
8223,BC,0,display,organic_search,4
8224,Atlantic,0,organic_search,email,6
8225,Atlantic,1,organic_search,affiliate,6
8226,Prairies,0,display,direct,2
8227,AB,0,affiliate,organic_search,5
8228,Atlantic,0,affiliate,direct,2
8229,ON,0,paid_social,direct,5
8230,QC,1,organic_search,affiliate,4
8231,Atlantic,0,paid_social,direct,2
8232,ON,0,direct,organic_search,3
8233,Atlantic,0,affiliate,paid_social,4
8234,AB,1,direct,paid_social,4
8235,QC,0,paid_social,paid_social,1
8236,Atlantic,0,organic_search,paid_search,5
8237,ON,0,organic_search,paid_social,2
8238,BC,1,paid_social,paid_search,4
8239,ON,0,paid_search,direct,4
8240,Prairies,0,paid_search,paid_search,4
8241,BC,0,paid_social,direct,3
8242,QC,0,organic_search,email,3
8243,QC,0,direct,direct,1
8244,ON,0,paid_search,affiliate,4
8245,BC,0,display,paid_social,5
8246,Prairies,0,paid_social,direct,4
8247,ON,0,display,paid_search,5
8248,AB,0,paid_search,organic_search,4
8249,QC,0,direct,paid_search,2
8250,Prairies,0,display,affiliate,6
8251,QC,0,affiliate,affiliate,1
8252,BC,0,direct,direct,1
8253,BC,0,paid_search,email,5
8254,ON,0,organic_search,direct,3
8255,AB,0,display,paid_social,3
8256,QC,0,paid_social,affiliate,4
8257,BC,1,display,affiliate,5
8258,Prairies,0,direct,direct,1
8259,ON,0,paid_search,email,6
8260,BC,1,paid_social,paid_social,3
8261,BC,0,paid_search,direct,3
8262,Prairies,0,display,display,2
8263,Atlantic,0,direct,direct,1
8264,ON,1,display,email,3
8265,ON,0,paid_search,display,5
8266,Prairies,0,paid_social,paid_search,4
8267,Prairies,1,organic_search,affiliate,4
8268,QC,0,paid_social,email,3
8269,BC,0,display,paid_search,2
8270,AB,1,paid_search,direct,4
8271,BC,0,display,direct,2
8272,QC,0,affiliate,affiliate,4
8273,Atlantic,0,display,organic_search,4
8274,ON,0,organic_search,direct,3
8275,BC,0,paid_social,email,3
8276,Atlantic,0,paid_search,paid_search,1
8277,Prairies,0,paid_search,paid_social,2
8278,BC,0,display,paid_search,3
8279,Prairies,0,paid_social,direct,3
8280,AB,0,display,direct,4
8281,ON,0,paid_social,email,3
8282,Atlantic,0,paid_search,email,3
8283,Atlantic,1,display,organic_search,5
8284,QC,0,paid_social,email,4
8285,Atlantic,0,display,affiliate,3
8286,Atlantic,0,organic_search,email,4
8287,QC,1,display,paid_social,6
8288,Atlantic,0,email,email,5
8289,AB,1,organic_search,direct,3
8290,Prairies,0,email,email,1
8291,Atlantic,0,display,affiliate,5
8292,BC,0,display,organic_search,2
8293,QC,1,direct,paid_search,5
8294,ON,1,paid_social,paid_search,4
8295,ON,0,email,email,1
8296,Prairies,0,display,direct,4
8297,Atlantic,0,organic_search,affiliate,4
8298,AB,0,paid_social,organic_search,7
8299,QC,0,direct,direct,8
8300,BC,0,organic_search,direct,2
8301,QC,0,display,email,4
8302,Atlantic,0,organic_search,email,3
8303,Prairies,0,paid_social,affiliate,3
8304,Prairies,0,affiliate,paid_search,5
8305,Prairies,0,organic_search,paid_social,2
8306,Prairies,0,display,email,2
8307,QC,0,display,affiliate,3
8308,AB,0,paid_search,direct,4
8309,Atlantic,0,organic_search,paid_search,3
8310,Atlantic,0,display,direct,6
8311,Atlantic,0,organic_search,organic_search,1
8312,Prairies,0,display,email,4
8313,BC,0,paid_social,direct,7
8314,Atlantic,0,email,email,1
8315,ON,0,display,email,4
8316,Prairies,0,affiliate,affiliate,1
8317,Prairies,0,display,email,5
8318,Prairies,0,display,direct,7
8319,Prairies,0,display,paid_search,4
8320,Prairies,0,affiliate,email,3
8321,ON,0,display,email,3
8322,ON,0,organic_search,paid_social,5
8323,QC,0,display,paid_social,4
8324,AB,0,direct,direct,5
8325,QC,0,direct,direct,1
8326,QC,1,affiliate,affiliate,3
8327,BC,0,display,email,2
8328,BC,1,display,paid_social,4
8329,Prairies,0,organic_search,email,2
8330,Atlantic,1,affiliate,affiliate,1
8331,Prairies,0,paid_search,paid_search,2
8332,Prairies,0,paid_social,paid_search,3
8333,Prairies,0,organic_search,paid_search,3
8334,BC,0,display,direct,2
8335,Atlantic,0,affiliate,direct,5
8336,AB,1,display,direct,2
8337,Atlantic,0,email,affiliate,2
8338,Atlantic,0,affiliate,paid_search,6
8339,BC,0,affiliate,paid_search,3
8340,BC,0,paid_social,direct,3
8341,ON,1,paid_search,affiliate,2
8342,AB,0,paid_social,paid_search,4
8343,QC,1,display,affiliate,6
8344,Prairies,0,paid_social,paid_search,4
8345,AB,0,direct,organic_search,4
8346,BC,0,paid_social,direct,4
8347,Prairies,0,paid_search,paid_search,1
8348,QC,0,organic_search,paid_search,3
8349,Atlantic,0,affiliate,organic_search,7
8350,AB,0,paid_search,direct,3
8351,QC,0,organic_search,direct,6
8352,ON,0,paid_social,email,4
8353,BC,0,display,paid_search,5
8354,QC,0,display,affiliate,5
8355,ON,0,organic_search,organic_search,3
8356,BC,0,paid_social,organic_search,6
8357,BC,0,email,paid_search,3
8358,BC,0,display,paid_social,2
8359,AB,0,organic_search,email,3
8360,BC,0,display,affiliate,7
8361,BC,0,affiliate,email,3
8362,QC,0,direct,affiliate,4
8363,AB,0,email,paid_search,3
8364,Prairies,0,paid_search,direct,3
8365,QC,0,organic_search,organic_search,1
8366,Prairies,0,affiliate,direct,3
8367,BC,0,paid_search,paid_social,5
8368,Atlantic,1,affiliate,direct,4
8369,Prairies,0,affiliate,email,3
8370,ON,0,email,email,1
8371,QC,0,display,direct,3
8372,QC,0,display,paid_search,3
8373,AB,0,organic_search,affiliate,2
8374,BC,0,organic_search,direct,3
8375,AB,0,display,direct,5
8376,AB,0,paid_social,organic_search,2
8377,ON,0,organic_search,display,5
8378,BC,0,email,email,2
8379,QC,1,affiliate,email,2
8380,BC,0,paid_social,direct,4
8381,QC,0,organic_search,paid_search,2
8382,BC,0,paid_social,paid_social,1
8383,Atlantic,1,affiliate,direct,7
8384,AB,0,paid_search,paid_search,4
8385,AB,0,display,direct,3
8386,Atlantic,0,display,paid_search,6
8387,Prairies,0,paid_social,paid_search,3
8388,QC,0,paid_search,paid_search,1
8389,AB,0,organic_search,direct,4
8390,Atlantic,0,affiliate,paid_search,5
8391,ON,0,paid_search,paid_search,3
8392,Atlantic,0,organic_search,email,6
8393,AB,0,email,email,2
8394,AB,0,affiliate,paid_search,4
8395,Atlantic,1,display,affiliate,6
8396,Atlantic,1,organic_search,paid_search,3
8397,BC,0,paid_social,direct,3
8398,Prairies,0,organic_search,direct,5
8399,Atlantic,1,organic_search,paid_search,3
8400,ON,0,organic_search,affiliate,3
8401,Atlantic,1,paid_social,affiliate,6
8402,AB,0,organic_search,organic_search,3
8403,Atlantic,0,affiliate,direct,7
8404,ON,0,organic_search,organic_search,1
8405,ON,0,paid_social,paid_search,3
8406,ON,0,paid_social,email,7
8407,BC,0,organic_search,direct,4
8408,AB,0,display,organic_search,2
8409,AB,1,organic_search,direct,4
8410,BC,1,affiliate,direct,3
8411,BC,0,paid_social,paid_search,3
8412,ON,0,paid_search,direct,4
8413,BC,0,paid_search,paid_search,2
8414,ON,0,affiliate,organic_search,4
8415,ON,0,paid_search,organic_search,3
8416,Atlantic,0,paid_social,affiliate,5
8417,Atlantic,0,organic_search,paid_search,4
8418,ON,0,paid_social,paid_search,5
8419,Atlantic,1,paid_social,direct,5
8420,BC,1,display,paid_search,4
8421,Atlantic,0,direct,email,7
8422,ON,0,paid_search,email,5
8423,ON,1,paid_social,paid_search,3
8424,AB,0,paid_social,direct,2
8425,Atlantic,0,paid_social,paid_search,3
8426,Prairies,0,affiliate,email,2
8427,QC,0,paid_search,email,3
8428,Prairies,1,paid_search,organic_search,2
8429,AB,0,paid_social,organic_search,3
8430,Atlantic,0,paid_search,direct,2
8431,BC,1,paid_social,email,5
8432,ON,1,paid_social,direct,3
8433,Prairies,0,paid_search,affiliate,4
8434,AB,0,direct,email,3
8435,BC,0,organic_search,paid_search,4
8436,Prairies,0,email,display,2
8437,BC,0,display,paid_search,3
8438,ON,0,affiliate,paid_search,5
8439,AB,1,organic_search,paid_search,5
8440,ON,0,paid_social,email,6
8441,AB,0,paid_social,affiliate,2
8442,BC,0,organic_search,organic_search,5
8443,QC,0,email,direct,5
8444,BC,0,paid_social,direct,2
8445,ON,0,display,paid_social,5
8446,Prairies,0,direct,paid_search,4
8447,AB,1,display,direct,6
8448,Prairies,0,organic_search,paid_search,5
8449,QC,0,organic_search,email,6
8450,Prairies,0,direct,email,5
8451,ON,1,organic_search,organic_search,7
8452,BC,0,paid_social,organic_search,3
8453,Prairies,0,organic_search,organic_search,5
8454,AB,0,display,direct,2
8455,BC,0,direct,affiliate,2
8456,Atlantic,0,paid_search,paid_search,1
8457,Atlantic,0,display,email,5
8458,ON,0,paid_search,direct,2
8459,AB,1,paid_social,affiliate,4
8460,ON,0,display,affiliate,4
8461,Prairies,0,paid_social,direct,3
8462,Atlantic,0,paid_social,affiliate,4
8463,QC,0,paid_search,paid_search,4
8464,BC,0,organic_search,paid_social,4
8465,BC,0,display,paid_search,4
8466,BC,0,affiliate,direct,3
8467,BC,0,display,email,8
8468,Atlantic,1,paid_search,paid_social,3
8469,BC,0,display,affiliate,6
8470,ON,0,paid_social,display,8
8471,Atlantic,0,paid_social,email,3
8472,Prairies,1,paid_social,paid_search,2
8473,AB,0,direct,paid_search,4
8474,Atlantic,0,affiliate,paid_search,4
8475,Atlantic,0,organic_search,organic_search,4
8476,Prairies,0,direct,direct,1
8477,Prairies,0,organic_search,organic_search,3
8478,AB,1,organic_search,direct,7
8479,BC,0,display,organic_search,2
8480,Prairies,0,display,paid_search,2
8481,BC,0,paid_search,email,4
8482,Atlantic,0,organic_search,paid_search,2
8483,AB,0,paid_social,display,6
8484,QC,0,email,paid_search,2
8485,QC,1,organic_search,email,3
8486,Atlantic,0,organic_search,email,2
8487,AB,0,organic_search,organic_search,1
8488,BC,0,paid_social,email,4
8489,Atlantic,0,display,paid_search,3
8490,BC,0,paid_social,display,6
8491,BC,0,paid_social,organic_search,2
8492,Atlantic,1,organic_search,affiliate,4
8493,QC,0,affiliate,email,3
8494,Atlantic,0,paid_search,organic_search,3
8495,ON,0,paid_social,email,3
8496,Prairies,1,paid_social,paid_social,1
8497,Prairies,1,display,organic_search,5
8498,QC,0,display,organic_search,5
8499,QC,0,display,affiliate,4
8500,Atlantic,0,paid_social,affiliate,2
8501,Atlantic,0,display,organic_search,5
8502,AB,0,paid_search,display,2
8503,Atlantic,1,email,paid_search,3
8504,Prairies,0,paid_social,paid_social,2
8505,ON,0,display,affiliate,3
8506,QC,0,paid_search,paid_search,3
8507,QC,0,display,affiliate,2
8508,ON,0,affiliate,paid_search,4
8509,Atlantic,0,display,email,5
8510,BC,0,direct,direct,2
8511,Atlantic,0,display,affiliate,2
8512,Prairies,0,display,display,4
8513,QC,0,direct,direct,1
8514,Prairies,1,affiliate,email,2
8515,BC,0,paid_social,direct,6
8516,QC,0,paid_search,direct,4
8517,BC,0,display,email,5
8518,BC,0,paid_search,direct,4
8519,AB,0,email,email,1
8520,ON,0,paid_social,direct,3
8521,BC,0,display,organic_search,2
8522,Atlantic,0,display,paid_search,4
8523,Atlantic,0,paid_social,paid_search,5
8524,Atlantic,0,affiliate,affiliate,4
8525,Atlantic,0,display,direct,4
8526,BC,0,display,paid_search,4
8527,AB,0,affiliate,email,2
8528,Atlantic,0,display,display,4
8529,QC,0,paid_social,paid_social,2
8530,Prairies,0,display,paid_search,2
8531,Prairies,0,paid_social,paid_search,2
8532,QC,0,paid_social,email,3
8533,Atlantic,0,direct,affiliate,4
8534,AB,0,affiliate,affiliate,1
8535,ON,0,display,email,4
8536,AB,0,paid_social,paid_search,3
8537,Prairies,0,organic_search,email,3
8538,Prairies,0,email,email,3
8539,Atlantic,1,display,affiliate,6
8540,Prairies,0,paid_social,organic_search,4
8541,BC,0,organic_search,display,6
8542,AB,0,display,direct,3
8543,QC,0,direct,paid_social,2
8544,Prairies,0,display,paid_search,4
8545,Prairies,0,display,paid_search,5
8546,Atlantic,0,paid_social,paid_search,5
8547,BC,0,direct,direct,1
8548,AB,0,organic_search,display,3
8549,BC,0,affiliate,affiliate,5
8550,BC,1,display,paid_social,6
8551,Atlantic,0,display,paid_social,5
8552,QC,0,display,paid_search,4
8553,Prairies,0,email,email,1
8554,Prairies,0,organic_search,email,2
8555,Prairies,0,display,email,5
8556,ON,0,organic_search,display,6
8557,AB,0,display,direct,7
8558,BC,0,paid_social,paid_search,4
8559,Atlantic,0,paid_search,paid_search,2
8560,AB,0,organic_search,email,3
8561,BC,0,organic_search,organic_search,1
8562,Atlantic,0,paid_social,direct,5
8563,QC,0,display,display,4
8564,AB,0,paid_social,direct,4
8565,QC,0,display,email,6
8566,ON,0,display,paid_social,5
8567,ON,0,display,paid_search,4
8568,BC,0,organic_search,email,2
8569,BC,0,direct,direct,1
8570,Atlantic,0,organic_search,paid_search,3
8571,Atlantic,0,paid_social,direct,4
8572,QC,0,paid_search,email,4
8573,ON,0,affiliate,direct,7
8574,Atlantic,1,display,paid_search,7
8575,AB,0,paid_social,affiliate,3
8576,BC,0,paid_search,organic_search,2
8577,ON,0,display,paid_search,4
8578,Atlantic,0,organic_search,affiliate,2
8579,QC,0,paid_search,paid_search,7
8580,Atlantic,0,paid_search,direct,4
8581,BC,0,paid_social,paid_search,4
8582,Prairies,0,paid_search,organic_search,2
8583,AB,0,organic_search,organic_search,5
8584,ON,0,paid_social,email,3
8585,AB,0,paid_search,direct,7
8586,BC,0,display,direct,4
8587,AB,0,organic_search,direct,3
8588,ON,0,organic_search,direct,2
8589,QC,1,organic_search,paid_search,4
8590,AB,0,organic_search,email,6
8591,Prairies,1,organic_search,paid_search,4
8592,Atlantic,0,display,organic_search,3
8593,BC,0,direct,direct,1
8594,Atlantic,0,display,paid_search,2
8595,Atlantic,0,organic_search,organic_search,3
8596,AB,0,organic_search,direct,2
8597,QC,0,paid_social,paid_search,3
8598,ON,1,paid_social,paid_search,5
8599,Atlantic,0,display,paid_search,4
8600,BC,0,organic_search,email,3
8601,QC,1,paid_social,paid_search,8
8602,QC,0,paid_social,paid_search,6
8603,Atlantic,0,display,email,3
8604,AB,0,affiliate,direct,2
8605,QC,0,display,direct,2
8606,ON,0,organic_search,paid_search,4
8607,Prairies,0,affiliate,direct,6
8608,AB,0,paid_social,organic_search,3
8609,Atlantic,0,organic_search,email,4
8610,Atlantic,0,organic_search,direct,3
8611,Atlantic,0,paid_search,organic_search,8
8612,AB,0,paid_search,display,5
8613,Prairies,0,organic_search,affiliate,4
8614,QC,0,organic_search,affiliate,2
8615,Prairies,0,display,paid_search,2
8616,Prairies,0,display,email,6
8617,AB,0,display,direct,3
8618,QC,0,organic_search,direct,4
8619,BC,1,email,paid_search,2
8620,BC,0,display,paid_social,2
8621,ON,0,affiliate,display,2
8622,ON,0,organic_search,organic_search,2
8623,Prairies,0,paid_social,paid_social,2
8624,Atlantic,0,paid_social,display,6
8625,Prairies,0,paid_social,direct,5
8626,BC,0,organic_search,organic_search,1
8627,ON,0,display,paid_search,4
8628,QC,0,organic_search,email,4
8629,BC,1,paid_search,email,4
8630,BC,0,paid_search,organic_search,4
8631,QC,0,display,direct,4
8632,BC,0,paid_search,paid_search,1
8633,AB,1,direct,organic_search,4
8634,ON,0,paid_search,organic_search,4
8635,BC,0,paid_social,email,6
8636,QC,0,display,direct,4
8637,QC,0,paid_social,direct,4
8638,Prairies,0,paid_search,paid_search,2
8639,ON,0,display,email,4
8640,Prairies,0,paid_search,direct,3
8641,Prairies,0,display,affiliate,2
8642,BC,0,display,affiliate,4
8643,AB,0,email,paid_search,2
8644,AB,0,paid_search,email,3
8645,QC,0,affiliate,paid_search,6
8646,Prairies,0,paid_search,affiliate,5
8647,QC,0,display,paid_search,2
8648,Atlantic,0,organic_search,email,5
8649,Atlantic,0,paid_social,email,3
8650,BC,0,direct,direct,1
8651,BC,0,email,paid_search,2
8652,Atlantic,0,direct,direct,4
8653,ON,0,affiliate,email,3
8654,AB,0,paid_social,paid_search,2
8655,Prairies,0,paid_social,affiliate,3
8656,Prairies,0,direct,paid_social,5
8657,Prairies,1,paid_search,paid_search,4
8658,BC,0,organic_search,paid_search,4
8659,QC,0,organic_search,organic_search,1
8660,ON,0,paid_social,display,5
8661,BC,0,organic_search,paid_search,3
8662,Prairies,1,display,display,5
8663,Atlantic,0,direct,direct,1
8664,Atlantic,0,display,organic_search,3
8665,Prairies,0,display,paid_search,2
8666,QC,0,paid_social,email,3
8667,Atlantic,0,display,paid_search,5
8668,QC,0,paid_search,direct,2
8669,QC,0,display,email,3
8670,AB,0,paid_social,email,3
8671,Prairies,0,direct,direct,3
8672,QC,0,display,affiliate,2
8673,BC,0,display,paid_search,3
8674,AB,0,display,email,3
8675,BC,0,paid_search,direct,4
8676,Atlantic,0,paid_social,paid_social,5
8677,AB,0,organic_search,affiliate,5
8678,ON,0,display,direct,4
8679,ON,0,paid_social,paid_social,5
8680,Atlantic,0,paid_social,paid_social,3
8681,QC,0,organic_search,direct,7
8682,AB,0,affiliate,direct,3
8683,Atlantic,0,organic_search,email,4
8684,BC,0,display,affiliate,6
8685,AB,0,paid_search,affiliate,6
8686,ON,1,display,email,3
8687,ON,0,paid_social,direct,3
8688,Atlantic,0,organic_search,direct,2
8689,ON,0,direct,direct,1
8690,BC,0,display,paid_search,4
8691,Atlantic,0,paid_social,affiliate,3
8692,Prairies,0,display,paid_search,4
8693,AB,0,organic_search,direct,2
8694,Prairies,0,paid_social,paid_search,2
8695,BC,0,paid_social,email,6
8696,ON,0,paid_social,affiliate,4
8697,QC,1,organic_search,paid_search,5
8698,ON,0,paid_search,email,7
8699,AB,0,paid_social,email,2
8700,Prairies,0,email,email,1
8701,Prairies,0,organic_search,organic_search,4
8702,Atlantic,0,affiliate,affiliate,4
8703,AB,0,direct,paid_search,3
8704,ON,0,paid_search,direct,3
8705,QC,0,email,email,1
8706,BC,0,paid_search,direct,2
8707,BC,0,display,paid_search,2
8708,Prairies,0,display,paid_search,5
8709,Prairies,1,paid_social,direct,6
8710,Atlantic,0,paid_search,direct,5
8711,QC,0,display,affiliate,4
8712,Atlantic,0,direct,paid_search,3
8713,QC,0,paid_social,direct,5
8714,QC,0,affiliate,email,6
8715,QC,0,paid_social,email,6
8716,QC,0,display,direct,4
8717,AB,0,paid_social,display,6
8718,AB,0,display,paid_search,3
8719,BC,0,display,email,3
8720,QC,0,display,paid_search,3
8721,QC,0,organic_search,affiliate,3
8722,ON,0,organic_search,direct,4
8723,ON,0,paid_social,paid_social,1
8724,Atlantic,0,paid_search,organic_search,3
8725,QC,0,direct,direct,3
8726,QC,0,paid_search,email,3
8727,QC,0,affiliate,direct,5
8728,BC,1,display,display,5
8729,AB,0,affiliate,direct,9
8730,ON,0,display,direct,2
8731,AB,1,paid_social,paid_search,5
8732,ON,0,email,email,3
8733,Atlantic,0,paid_search,paid_search,4
8734,QC,0,affiliate,email,5
8735,Prairies,0,paid_search,paid_social,4
8736,AB,1,organic_search,email,2
8737,Atlantic,0,organic_search,direct,2
8738,QC,0,display,direct,2
8739,BC,0,affiliate,email,6
8740,QC,0,display,affiliate,5
8741,ON,0,display,direct,3
8742,QC,0,organic_search,paid_search,4
8743,AB,0,affiliate,organic_search,3
8744,ON,1,affiliate,affiliate,5
8745,Prairies,0,paid_social,paid_search,5
8746,BC,0,paid_social,paid_search,3
8747,Prairies,0,paid_social,affiliate,4
8748,BC,0,affiliate,direct,5
8749,ON,0,affiliate,direct,3
8750,ON,0,affiliate,paid_search,4
8751,ON,0,display,direct,3
8752,AB,0,display,email,5
8753,ON,0,affiliate,direct,3
8754,QC,0,paid_social,email,4
8755,Atlantic,1,paid_social,display,2
8756,AB,0,paid_social,direct,4
8757,BC,0,organic_search,email,4
8758,BC,0,organic_search,email,4
8759,ON,0,paid_social,paid_search,2
8760,QC,0,organic_search,direct,5
8761,BC,0,paid_social,paid_search,5
8762,BC,0,paid_search,direct,3
8763,BC,0,display,direct,2
8764,ON,0,display,email,4
8765,AB,0,organic_search,paid_search,5
8766,QC,0,display,organic_search,5
8767,BC,0,organic_search,paid_search,2
8768,Atlantic,0,paid_social,affiliate,5
8769,QC,0,organic_search,paid_search,6
8770,BC,0,display,affiliate,4
8771,ON,0,display,paid_search,2
8772,QC,1,email,organic_search,6
8773,ON,0,email,email,3
8774,Atlantic,0,display,organic_search,4
8775,BC,0,display,paid_search,2
8776,AB,0,direct,paid_search,2
8777,QC,0,display,direct,4
8778,QC,0,paid_search,direct,5
8779,AB,0,email,email,1
8780,Atlantic,0,display,direct,3
8781,Prairies,0,organic_search,affiliate,3
8782,Prairies,0,direct,paid_search,4
8783,Atlantic,0,organic_search,direct,3
8784,AB,0,paid_social,direct,3
8785,BC,0,paid_social,email,3
8786,ON,0,affiliate,display,5
8787,BC,0,organic_search,direct,2
8788,AB,0,paid_social,email,2
8789,Atlantic,0,display,affiliate,5
8790,AB,0,paid_social,email,3
8791,QC,0,display,direct,4
8792,AB,0,affiliate,affiliate,5
8793,Prairies,0,display,email,3
8794,AB,0,organic_search,direct,5
8795,Prairies,0,direct,direct,3
8796,QC,0,organic_search,email,7
8797,ON,0,organic_search,affiliate,4
8798,QC,0,paid_search,paid_search,1
8799,Atlantic,0,paid_search,direct,5
8800,Atlantic,0,paid_social,direct,6
8801,BC,1,affiliate,affiliate,4
8802,ON,0,paid_search,organic_search,6
8803,ON,1,organic_search,paid_search,3
8804,ON,0,display,organic_search,3
8805,ON,0,paid_social,affiliate,2
8806,ON,0,display,organic_search,5
8807,BC,0,display,organic_search,2
8808,ON,1,display,direct,4
8809,QC,0,display,email,3
8810,AB,0,paid_social,paid_social,5
8811,AB,0,organic_search,display,4
8812,Atlantic,0,paid_social,direct,2
8813,Prairies,0,direct,paid_search,5
8814,ON,0,display,organic_search,4
8815,ON,0,paid_search,paid_search,3
8816,ON,0,affiliate,paid_search,4
8817,AB,0,direct,direct,1
8818,Atlantic,1,paid_social,direct,4
8819,Atlantic,0,direct,direct,3
8820,QC,0,display,affiliate,4
8821,Prairies,0,paid_social,paid_search,10
8822,Atlantic,1,paid_search,direct,4
8823,QC,0,display,affiliate,2
8824,AB,0,direct,direct,1
8825,AB,0,display,direct,5
8826,ON,0,paid_search,direct,5
8827,Atlantic,0,display,paid_search,6
8828,QC,0,organic_search,affiliate,3
8829,ON,0,paid_search,email,3
8830,Atlantic,0,paid_social,paid_search,4
8831,Atlantic,0,organic_search,paid_search,3
8832,Atlantic,0,display,direct,2
8833,BC,0,organic_search,email,5
8834,Prairies,0,paid_search,paid_search,1
8835,Atlantic,0,paid_search,email,2
8836,BC,0,email,email,1
8837,ON,0,organic_search,direct,2
8838,BC,0,paid_social,email,2
8839,Atlantic,0,organic_search,direct,3
8840,AB,1,paid_social,affiliate,3
8841,AB,1,display,paid_search,3
8842,Atlantic,0,display,affiliate,4
8843,AB,0,organic_search,affiliate,3
8844,ON,0,paid_search,organic_search,4
8845,QC,0,display,direct,7
8846,ON,0,affiliate,direct,3
8847,Atlantic,1,affiliate,paid_social,3
8848,Prairies,0,affiliate,paid_search,3
8849,Atlantic,0,paid_search,display,5
8850,Atlantic,0,display,direct,6
8851,Prairies,0,organic_search,paid_social,6
8852,QC,0,display,paid_search,6
8853,ON,0,direct,email,4
8854,QC,0,email,display,5
8855,ON,0,organic_search,paid_search,3
8856,AB,0,affiliate,affiliate,1
8857,Prairies,0,display,paid_social,4
8858,AB,0,affiliate,paid_search,3
8859,Atlantic,0,affiliate,email,3
8860,AB,0,paid_social,paid_search,2
8861,ON,1,paid_social,paid_social,9
8862,AB,0,affiliate,direct,2
8863,Atlantic,0,paid_social,affiliate,3
8864,Prairies,1,paid_search,direct,4
8865,ON,0,display,direct,5
8866,AB,0,display,paid_search,4
8867,ON,0,email,direct,2
8868,BC,0,paid_social,direct,3
8869,BC,0,display,email,3
8870,AB,0,organic_search,direct,6
8871,ON,0,paid_search,paid_search,1
8872,BC,0,organic_search,organic_search,1
8873,ON,0,paid_search,paid_social,2
8874,Prairies,1,organic_search,paid_search,6
8875,QC,0,display,direct,4
8876,Atlantic,0,display,display,3
8877,ON,0,paid_search,direct,4
8878,Atlantic,0,paid_social,direct,3
8879,Atlantic,0,display,paid_search,4
8880,Atlantic,0,paid_search,paid_search,3
8881,QC,0,paid_search,organic_search,4
8882,Prairies,0,display,paid_search,4
8883,AB,1,display,email,5
8884,BC,0,paid_social,affiliate,4
8885,Prairies,0,display,affiliate,5
8886,ON,0,organic_search,direct,4
8887,AB,0,display,email,5
8888,BC,0,display,paid_search,8
8889,ON,0,paid_social,direct,3
8890,ON,0,email,affiliate,4
8891,Prairies,0,organic_search,paid_social,5
8892,AB,0,display,affiliate,2
8893,BC,0,organic_search,direct,5
8894,ON,0,paid_social,direct,3
8895,AB,1,organic_search,direct,5
8896,Prairies,0,paid_social,email,3
8897,AB,0,paid_search,display,3
8898,Atlantic,0,paid_social,direct,2
8899,AB,0,display,organic_search,3
8900,AB,0,paid_social,affiliate,5
8901,Prairies,0,paid_social,direct,5
8902,ON,0,paid_search,email,5
8903,AB,1,organic_search,paid_search,6
8904,Atlantic,0,direct,direct,1
8905,Atlantic,0,paid_search,direct,4
8906,BC,1,paid_social,paid_search,3
8907,Atlantic,0,organic_search,email,3
8908,Atlantic,0,display,direct,5
8909,Atlantic,0,paid_social,affiliate,2
8910,ON,1,organic_search,organic_search,4
8911,QC,0,direct,paid_social,2
8912,ON,0,direct,direct,1
8913,Atlantic,1,paid_search,paid_search,3
8914,BC,1,affiliate,affiliate,1
8915,AB,0,email,organic_search,3
8916,ON,1,paid_social,paid_search,2
8917,Prairies,0,organic_search,direct,4
8918,Prairies,0,display,paid_search,2
8919,Prairies,0,paid_search,organic_search,6
8920,ON,0,paid_social,affiliate,7
8921,Prairies,0,display,direct,3
8922,ON,0,paid_search,organic_search,10
8923,Prairies,0,paid_search,affiliate,4
8924,BC,0,affiliate,affiliate,1
8925,ON,0,display,direct,3
8926,AB,0,paid_social,email,3
8927,QC,0,display,organic_search,4
8928,Prairies,0,email,affiliate,4
8929,QC,0,email,direct,4
8930,AB,1,paid_search,paid_search,4
8931,Atlantic,0,display,organic_search,4
8932,BC,0,affiliate,email,2
8933,QC,0,display,organic_search,3
8934,Prairies,0,paid_social,direct,5
8935,QC,0,display,display,2
8936,ON,0,display,affiliate,4
8937,QC,0,display,paid_search,2
8938,ON,1,organic_search,paid_search,2
8939,ON,0,organic_search,paid_social,5
8940,Atlantic,0,paid_search,email,4
8941,AB,1,paid_social,direct,5
8942,ON,0,paid_social,email,2
8943,BC,0,affiliate,affiliate,4
8944,BC,0,display,direct,3
8945,ON,0,display,affiliate,5
8946,Prairies,0,display,paid_search,5
8947,BC,0,paid_search,email,4
8948,BC,0,display,paid_search,6
8949,ON,0,organic_search,paid_social,4
8950,Atlantic,0,email,direct,4
8951,AB,0,paid_social,paid_social,6
8952,Prairies,0,affiliate,direct,4
8953,Atlantic,0,paid_social,paid_search,3
8954,ON,0,paid_social,email,4
8955,Atlantic,0,affiliate,organic_search,4
8956,AB,0,direct,paid_search,3
8957,QC,0,organic_search,organic_search,1
8958,Prairies,0,paid_social,affiliate,3
8959,ON,0,paid_social,affiliate,2
8960,Prairies,0,email,direct,6
8961,BC,0,organic_search,organic_search,6
8962,QC,0,paid_search,email,6
8963,BC,0,paid_social,affiliate,5
8964,ON,0,direct,direct,1
8965,Prairies,0,direct,paid_search,2
8966,BC,0,display,email,4
8967,Prairies,0,paid_search,paid_social,4
8968,QC,0,display,organic_search,5
8969,Atlantic,0,organic_search,email,5
8970,Atlantic,0,organic_search,organic_search,1
8971,BC,0,organic_search,direct,2
8972,Atlantic,0,paid_social,organic_search,2
8973,Atlantic,0,paid_social,direct,4
8974,Atlantic,0,paid_social,email,2
8975,AB,0,display,direct,5
8976,AB,0,paid_social,organic_search,4
8977,AB,1,paid_social,direct,2
8978,Atlantic,0,direct,direct,3
8979,AB,0,display,direct,2
8980,AB,0,paid_search,email,5
8981,QC,0,paid_social,direct,4
8982,AB,0,paid_search,affiliate,5
8983,AB,0,paid_search,affiliate,3
8984,QC,0,display,affiliate,8
8985,QC,0,organic_search,direct,9
8986,Prairies,1,paid_search,paid_search,4
8987,AB,0,display,direct,2
8988,Atlantic,0,paid_social,direct,4
8989,QC,0,display,display,2
8990,Atlantic,0,affiliate,affiliate,1
8991,Atlantic,0,email,email,4
8992,BC,0,affiliate,direct,2
8993,ON,0,paid_search,paid_search,1
8994,Atlantic,0,paid_social,direct,6
8995,Prairies,0,paid_search,paid_social,2
8996,AB,1,paid_social,paid_search,3
8997,QC,0,paid_social,direct,5
8998,Atlantic,0,paid_social,email,5
8999,ON,0,paid_search,email,2
9000,ON,0,organic_search,direct,4
9001,AB,0,organic_search,direct,3
9002,AB,0,paid_social,display,5
9003,Atlantic,0,display,paid_search,3
9004,BC,0,paid_search,paid_search,5
9005,QC,0,paid_social,paid_search,2
9006,Prairies,0,paid_social,paid_search,3
9007,AB,0,organic_search,direct,2
9008,AB,1,paid_search,affiliate,2
9009,Atlantic,0,organic_search,organic_search,4
9010,QC,0,display,affiliate,4
9011,AB,0,display,email,3
9012,QC,0,display,organic_search,3
9013,AB,0,display,paid_search,4
9014,Atlantic,0,display,paid_search,4
9015,QC,0,paid_social,paid_search,3
9016,QC,0,paid_social,email,2
9017,BC,0,display,paid_search,3
9018,Atlantic,0,paid_search,paid_social,2
9019,BC,0,organic_search,paid_search,4
9020,QC,0,direct,direct,4
9021,AB,0,paid_social,direct,5
9022,AB,0,paid_social,affiliate,3
9023,ON,0,affiliate,direct,5
9024,Prairies,0,paid_social,paid_search,6
9025,QC,0,paid_social,paid_search,3
9026,BC,0,paid_search,email,3
9027,ON,1,paid_social,paid_search,4
9028,Prairies,0,display,email,5
9029,AB,1,display,affiliate,4
9030,Atlantic,0,display,organic_search,2
9031,Prairies,0,affiliate,email,7
9032,Prairies,0,affiliate,direct,3
9033,BC,0,organic_search,direct,8
9034,Prairies,0,organic_search,email,2
9035,QC,0,display,display,3
9036,Prairies,0,paid_search,paid_search,1
9037,QC,0,email,email,3
9038,QC,0,paid_social,paid_search,2
9039,Prairies,0,display,email,2
9040,AB,0,paid_social,email,3
9041,Prairies,0,paid_social,direct,3
9042,ON,0,paid_social,direct,6
9043,ON,0,direct,direct,1
9044,Prairies,0,paid_social,direct,7
9045,QC,0,organic_search,paid_search,5
9046,Atlantic,1,paid_search,paid_search,4
9047,BC,0,paid_search,paid_search,3
9048,BC,0,organic_search,direct,2
9049,QC,0,affiliate,affiliate,1
9050,Atlantic,0,organic_search,paid_social,4
9051,Atlantic,1,paid_social,direct,5
9052,AB,0,email,email,1
9053,BC,0,paid_social,direct,5
9054,AB,0,paid_search,direct,5
9055,BC,0,affiliate,direct,2
9056,BC,0,display,paid_search,4
9057,ON,0,organic_search,direct,2
9058,QC,0,affiliate,direct,3
9059,ON,0,paid_search,email,3
9060,BC,0,paid_social,direct,2
9061,Atlantic,0,paid_search,organic_search,6
9062,QC,0,affiliate,paid_social,3
9063,AB,0,paid_social,paid_search,3
9064,BC,0,email,email,1
9065,ON,0,affiliate,organic_search,3
9066,Atlantic,0,paid_social,direct,5
9067,ON,0,display,affiliate,3
9068,Prairies,0,display,paid_social,3
9069,AB,0,paid_search,email,3
9070,Prairies,0,paid_search,direct,3
9071,AB,0,paid_social,direct,2
9072,AB,0,paid_social,paid_search,5
9073,Prairies,0,direct,direct,3
9074,Atlantic,0,affiliate,email,5
9075,AB,0,display,affiliate,4
9076,QC,0,paid_social,affiliate,3
9077,AB,0,paid_social,paid_social,1
9078,AB,0,paid_search,email,4
9079,Prairies,1,affiliate,direct,8
9080,BC,0,display,paid_search,5
9081,QC,0,display,direct,3
9082,AB,0,affiliate,email,4
9083,AB,0,email,paid_search,2
9084,BC,0,paid_social,affiliate,2
9085,AB,1,display,direct,4
9086,AB,1,paid_search,email,2
9087,Prairies,0,affiliate,email,5
9088,Atlantic,0,paid_social,direct,3
9089,AB,0,paid_social,affiliate,4
9090,AB,0,paid_search,direct,4
9091,Atlantic,0,paid_search,affiliate,6
9092,BC,0,paid_social,paid_social,3
9093,QC,0,paid_social,paid_social,9
9094,QC,0,organic_search,organic_search,1
9095,Atlantic,0,organic_search,paid_search,5
9096,BC,0,display,direct,4
9097,Atlantic,0,organic_search,email,3
9098,Prairies,1,display,direct,3
9099,Atlantic,0,paid_social,paid_search,2
9100,BC,0,affiliate,email,3
9101,Prairies,0,paid_social,email,5
9102,AB,0,paid_social,paid_social,8
9103,BC,0,direct,direct,1
9104,Prairies,0,display,email,4
9105,ON,0,paid_social,direct,4
9106,Prairies,0,display,email,4
9107,AB,0,email,email,4
9108,AB,0,display,direct,6
9109,QC,0,display,organic_search,5
9110,QC,0,paid_social,paid_search,4
9111,ON,0,paid_search,paid_search,1
9112,AB,0,direct,affiliate,2
9113,Atlantic,0,email,email,1
9114,AB,0,display,affiliate,2
9115,ON,0,paid_social,paid_social,6
9116,ON,0,paid_social,paid_search,3
9117,Prairies,0,paid_search,paid_search,1
9118,ON,0,direct,paid_search,3
9119,Prairies,0,paid_search,email,4
9120,Prairies,0,paid_social,direct,2
9121,Prairies,0,affiliate,affiliate,2
9122,AB,0,direct,email,2
9123,Prairies,0,paid_social,affiliate,4
9124,BC,0,paid_social,organic_search,6
9125,BC,1,display,direct,6
9126,AB,1,display,affiliate,4
9127,QC,0,paid_social,paid_social,1
9128,Prairies,0,paid_social,direct,4
9129,BC,1,display,organic_search,5
9130,Atlantic,0,display,paid_search,5
9131,ON,0,organic_search,direct,2
9132,AB,0,paid_social,direct,5
9133,Prairies,0,email,direct,2
9134,ON,0,paid_search,paid_social,3
9135,BC,0,display,direct,4
9136,BC,0,affiliate,direct,2
9137,ON,0,display,paid_social,4
9138,Atlantic,0,affiliate,affiliate,1
9139,Prairies,1,paid_search,direct,3
9140,AB,0,display,email,2
9141,Prairies,0,display,paid_search,2
9142,BC,0,organic_search,email,6
9143,BC,0,direct,affiliate,4
9144,ON,0,paid_search,paid_search,1
9145,Atlantic,0,display,direct,5
9146,AB,0,paid_search,direct,5
9147,BC,0,paid_search,organic_search,3
9148,Atlantic,0,affiliate,affiliate,1
9149,Atlantic,0,direct,organic_search,3
9150,BC,0,affiliate,direct,3
9151,Prairies,0,display,direct,2
9152,Prairies,1,affiliate,direct,4
9153,AB,0,paid_social,organic_search,2
9154,ON,0,email,display,4
9155,AB,0,email,affiliate,2
9156,Prairies,0,paid_social,direct,3
9157,QC,0,organic_search,paid_search,3
9158,QC,0,display,paid_search,4
9159,Prairies,0,display,direct,4
9160,QC,1,affiliate,paid_social,7
9161,BC,0,organic_search,email,3
9162,ON,1,organic_search,paid_search,3
9163,ON,1,paid_social,email,5
9164,QC,1,paid_social,organic_search,4
9165,AB,0,paid_social,direct,3
9166,Prairies,0,display,direct,2
9167,AB,0,direct,paid_search,2
9168,AB,0,display,direct,3
9169,QC,0,paid_social,email,3
9170,BC,0,paid_social,paid_search,3
9171,Prairies,0,display,paid_search,3
9172,AB,0,display,paid_social,3
9173,Atlantic,0,paid_social,direct,5
9174,Prairies,1,display,direct,2
9175,QC,0,paid_social,direct,5
9176,Atlantic,0,paid_social,paid_search,4
9177,AB,0,direct,paid_search,3
9178,BC,0,organic_search,direct,2
9179,Atlantic,0,organic_search,direct,5
9180,Atlantic,0,paid_social,affiliate,6
9181,ON,0,display,affiliate,3
9182,Atlantic,0,paid_social,direct,6
9183,ON,0,paid_social,direct,3
9184,AB,0,organic_search,direct,5
9185,Atlantic,0,organic_search,paid_search,3
9186,QC,1,display,direct,3
9187,ON,0,paid_social,email,4
9188,QC,0,paid_search,paid_social,2
9189,Atlantic,0,direct,direct,4
9190,Prairies,0,affiliate,display,3
9191,Prairies,0,paid_social,email,2
9192,QC,0,email,organic_search,3
9193,BC,0,direct,direct,1
9194,Atlantic,0,direct,affiliate,2
9195,QC,0,paid_search,paid_search,1
9196,Atlantic,0,direct,direct,6
9197,AB,0,paid_social,direct,2
9198,Prairies,0,affiliate,direct,2
9199,BC,0,display,organic_search,2
9200,Prairies,0,affiliate,organic_search,6
9201,ON,0,display,direct,5
9202,QC,0,organic_search,direct,4
9203,ON,0,paid_social,email,6
9204,Atlantic,0,paid_search,email,5
9205,QC,0,affiliate,direct,5
9206,Atlantic,0,display,email,3
9207,QC,0,organic_search,organic_search,3
9208,QC,0,paid_social,direct,2
9209,Atlantic,0,organic_search,affiliate,2
9210,Prairies,0,display,email,9
9211,Atlantic,0,direct,direct,5
9212,Prairies,0,organic_search,email,5
9213,ON,1,paid_social,direct,4
9214,Atlantic,0,display,display,4
9215,BC,0,paid_social,affiliate,6
9216,AB,0,paid_social,direct,2
9217,ON,1,paid_search,paid_search,2
9218,QC,0,paid_search,organic_search,4
9219,Prairies,0,organic_search,email,4
9220,AB,0,affiliate,organic_search,3
9221,Atlantic,0,display,direct,2
9222,ON,0,paid_social,direct,5
9223,AB,0,email,paid_search,2
9224,QC,1,paid_social,email,6
9225,BC,0,paid_social,paid_search,5
9226,Atlantic,0,email,affiliate,3
9227,Prairies,0,organic_search,email,2
9228,Atlantic,0,display,organic_search,3
9229,BC,0,paid_social,affiliate,2
9230,ON,0,paid_social,display,3
9231,BC,0,email,organic_search,6
9232,AB,0,affiliate,affiliate,1
9233,QC,0,paid_search,paid_search,3
9234,Atlantic,0,paid_search,direct,4
9235,Prairies,0,display,email,3
9236,Atlantic,0,display,email,2
9237,AB,0,paid_social,direct,3
9238,Prairies,1,paid_social,affiliate,4
9239,ON,0,direct,affiliate,5
9240,QC,1,display,paid_search,4
9241,Prairies,0,organic_search,affiliate,5
9242,QC,0,affiliate,direct,4
9243,ON,0,display,direct,4
9244,ON,0,paid_search,paid_search,5
9245,QC,0,paid_social,affiliate,3
9246,BC,0,display,paid_social,3
9247,QC,0,display,direct,2
9248,QC,0,display,paid_search,6
9249,ON,0,display,direct,2
9250,Atlantic,0,affiliate,affiliate,1
9251,Atlantic,1,affiliate,affiliate,6
9252,Atlantic,1,paid_social,direct,3
9253,ON,0,display,paid_social,7
9254,Atlantic,0,organic_search,affiliate,3
9255,ON,0,email,email,1
9256,Prairies,0,direct,paid_search,3
9257,Atlantic,0,paid_search,paid_search,8
9258,Prairies,0,display,email,3
9259,QC,0,paid_social,email,2
9260,ON,0,paid_search,affiliate,5
9261,AB,0,paid_social,email,3
9262,QC,1,affiliate,direct,6
9263,QC,0,paid_social,display,6
9264,Atlantic,0,paid_social,organic_search,3
9265,ON,1,paid_social,display,4
9266,Atlantic,0,paid_search,direct,5
9267,BC,0,affiliate,paid_search,5
9268,ON,0,display,direct,5
9269,Prairies,1,display,email,2
9270,BC,0,paid_search,direct,2
9271,BC,0,affiliate,paid_search,2
9272,Atlantic,0,display,direct,5
9273,BC,1,paid_social,direct,4
9274,ON,0,paid_social,direct,6
9275,BC,0,direct,direct,3
9276,ON,0,paid_social,direct,4
9277,Atlantic,0,display,direct,7
9278,QC,0,display,organic_search,2
9279,QC,0,paid_social,email,3
9280,Prairies,0,organic_search,direct,4
9281,Atlantic,0,paid_search,affiliate,6
9282,Atlantic,1,display,email,6
9283,AB,0,paid_social,paid_social,2
9284,Prairies,0,paid_social,paid_search,5
9285,AB,0,display,direct,2
9286,ON,0,organic_search,paid_search,3
9287,Prairies,0,affiliate,direct,3
9288,Atlantic,0,email,email,1
9289,QC,0,paid_social,organic_search,2
9290,ON,0,paid_social,direct,2
9291,ON,0,paid_social,direct,4
9292,AB,0,display,affiliate,4
9293,ON,0,display,affiliate,4
9294,Atlantic,0,display,paid_search,6
9295,QC,0,display,direct,2
9296,QC,0,affiliate,direct,5
9297,Prairies,0,display,direct,4
9298,AB,1,paid_search,affiliate,3
9299,Atlantic,0,display,paid_social,4
9300,ON,0,display,direct,2
9301,AB,0,paid_social,direct,7
9302,AB,1,direct,affiliate,5
9303,Atlantic,0,paid_social,paid_social,4
9304,BC,0,paid_social,direct,2
9305,BC,0,display,direct,5
9306,BC,0,paid_social,paid_search,3
9307,BC,0,display,affiliate,2
9308,ON,0,direct,paid_search,5
9309,ON,0,email,email,1
9310,QC,0,paid_social,paid_search,4
9311,Atlantic,0,paid_social,paid_search,4
9312,Atlantic,0,display,direct,5
9313,ON,0,display,display,1
9314,ON,1,paid_search,email,6
9315,Atlantic,0,email,direct,5
9316,QC,0,organic_search,direct,4
9317,AB,0,organic_search,paid_social,5
9318,ON,0,affiliate,affiliate,3
9319,QC,0,organic_search,paid_search,6
9320,Prairies,1,paid_search,paid_social,6
9321,ON,0,organic_search,paid_social,3
9322,Atlantic,0,display,direct,2
9323,BC,0,display,affiliate,3
9324,ON,0,paid_social,organic_search,6
9325,BC,0,organic_search,direct,3
9326,BC,0,display,direct,4
9327,BC,0,display,direct,4
9328,ON,0,paid_social,paid_search,7
9329,ON,0,paid_search,paid_search,1
9330,AB,0,direct,paid_social,2
9331,Prairies,0,display,paid_social,2
9332,QC,0,paid_social,direct,2
9333,Prairies,0,display,direct,4
9334,BC,0,paid_social,paid_search,6
9335,BC,0,organic_search,paid_search,6
9336,BC,0,display,email,4
9337,QC,0,display,affiliate,2
9338,BC,0,paid_social,email,3
9339,ON,1,display,paid_search,4
9340,Prairies,0,email,direct,4
9341,Atlantic,0,paid_social,paid_search,3
9342,Atlantic,1,email,email,4
9343,Atlantic,1,paid_search,affiliate,4
9344,Atlantic,0,direct,paid_search,5
9345,BC,0,paid_social,email,2
9346,AB,0,display,email,4
9347,QC,0,paid_social,paid_search,4
9348,AB,0,paid_search,paid_search,2
9349,ON,0,paid_social,direct,6
9350,Prairies,0,affiliate,affiliate,1
9351,AB,0,display,email,4
9352,QC,0,display,direct,5
9353,Atlantic,1,paid_search,email,6
9354,BC,0,display,direct,4
9355,Prairies,0,organic_search,paid_search,3
9356,Atlantic,0,paid_social,direct,7
9357,BC,1,display,affiliate,4
9358,QC,0,paid_social,organic_search,4
9359,Prairies,0,paid_social,direct,2
9360,Prairies,0,display,direct,3
9361,Atlantic,0,affiliate,direct,2
9362,AB,0,affiliate,direct,2
9363,Atlantic,0,email,direct,4
9364,AB,0,display,direct,4
9365,Atlantic,0,paid_search,paid_search,1
9366,ON,0,display,paid_social,3
9367,ON,0,organic_search,email,6
9368,AB,1,affiliate,organic_search,4
9369,QC,0,direct,direct,1
9370,Atlantic,0,display,organic_search,2
9371,QC,0,email,email,1
9372,AB,0,organic_search,direct,2
9373,AB,0,email,direct,2
9374,Prairies,0,display,direct,4
9375,Prairies,0,paid_social,email,4
9376,Atlantic,0,paid_social,affiliate,3
9377,Atlantic,0,direct,direct,3
9378,BC,0,direct,paid_search,4
9379,Prairies,0,display,email,4
9380,ON,1,display,organic_search,2
9381,Atlantic,0,direct,direct,1
9382,QC,1,display,direct,3
9383,AB,0,paid_social,paid_social,1
9384,Atlantic,0,paid_social,paid_search,5
9385,BC,0,direct,direct,1
9386,QC,1,display,direct,4
9387,Prairies,0,display,paid_search,2
9388,QC,0,organic_search,organic_search,1
9389,Atlantic,0,display,direct,2
9390,QC,0,display,direct,2
9391,QC,0,display,direct,4
9392,QC,0,paid_social,direct,4
9393,Prairies,1,organic_search,paid_search,6
9394,ON,0,organic_search,email,3
9395,AB,0,paid_social,paid_search,4
9396,AB,0,paid_social,affiliate,2
9397,Atlantic,0,paid_search,paid_search,9
9398,ON,0,display,paid_social,4
9399,ON,0,direct,direct,1
9400,Prairies,0,paid_social,affiliate,6
9401,AB,0,paid_social,affiliate,5
9402,Atlantic,1,display,email,8
9403,Prairies,0,paid_social,email,4
9404,BC,0,organic_search,email,6
9405,QC,0,organic_search,direct,3
9406,AB,0,paid_search,affiliate,4
9407,QC,0,organic_search,direct,4
9408,QC,0,organic_search,email,4
9409,AB,0,display,affiliate,2
9410,AB,0,affiliate,paid_social,4
9411,QC,0,display,affiliate,4
9412,ON,0,organic_search,organic_search,1
9413,AB,0,paid_social,direct,3
9414,AB,0,display,paid_social,4
9415,ON,0,paid_social,paid_search,3
9416,QC,0,organic_search,affiliate,3
9417,Atlantic,0,direct,organic_search,3
9418,QC,1,paid_social,paid_search,5
9419,Prairies,0,display,paid_social,2
9420,Prairies,0,display,affiliate,4
9421,QC,0,display,paid_search,3
9422,QC,0,organic_search,direct,3
9423,Atlantic,0,affiliate,paid_search,2
9424,BC,0,paid_search,paid_search,5
9425,Prairies,0,organic_search,email,4
9426,Prairies,1,organic_search,organic_search,2
9427,ON,0,organic_search,organic_search,4
9428,ON,0,display,affiliate,5
9429,Atlantic,0,paid_social,paid_search,4
9430,QC,0,organic_search,paid_search,3
9431,BC,0,paid_social,affiliate,4
9432,AB,0,email,direct,2
9433,QC,1,organic_search,direct,3
9434,AB,1,display,direct,4
9435,Prairies,0,paid_search,direct,3
9436,AB,0,affiliate,direct,6
9437,Prairies,0,organic_search,email,3
9438,Atlantic,0,paid_social,direct,5
9439,Atlantic,0,paid_social,paid_social,3
9440,Prairies,0,affiliate,email,2
9441,Atlantic,1,paid_social,paid_search,6
9442,Atlantic,0,display,display,3
9443,AB,0,paid_social,paid_search,5
9444,Atlantic,0,display,organic_search,4
9445,ON,0,paid_social,direct,4
9446,AB,0,direct,email,2
9447,AB,0,organic_search,paid_search,4
9448,Prairies,0,display,paid_social,7
9449,AB,0,organic_search,direct,3
9450,ON,0,organic_search,paid_social,5
9451,AB,0,paid_social,email,2
9452,ON,1,display,direct,5
9453,ON,0,paid_social,organic_search,3
9454,Prairies,0,display,affiliate,4
9455,AB,0,paid_search,paid_search,1
9456,ON,0,paid_social,organic_search,2
9457,Atlantic,0,display,direct,6
9458,ON,0,affiliate,affiliate,3
9459,AB,0,display,organic_search,2
9460,QC,0,paid_social,direct,4
9461,ON,0,paid_social,email,2
9462,AB,0,direct,direct,3
9463,ON,0,paid_search,paid_search,3
9464,QC,0,organic_search,paid_search,2
9465,Prairies,0,email,affiliate,2
9466,BC,0,paid_social,direct,2
9467,Atlantic,0,organic_search,direct,2
9468,QC,0,display,direct,3
9469,AB,0,paid_search,paid_search,1
9470,AB,0,paid_social,direct,4
9471,BC,0,affiliate,display,6
9472,ON,0,affiliate,email,6
9473,AB,0,direct,paid_search,5
9474,AB,0,display,direct,4
9475,ON,0,display,direct,3
9476,Prairies,0,paid_search,organic_search,5
9477,BC,0,paid_search,affiliate,2
9478,Prairies,0,display,paid_social,8
9479,AB,0,paid_social,direct,5
9480,ON,0,organic_search,paid_search,2
9481,Atlantic,0,paid_social,direct,3
9482,Prairies,0,affiliate,direct,2
9483,Atlantic,0,display,direct,3
9484,Atlantic,0,organic_search,direct,2
9485,QC,0,organic_search,direct,2
9486,Atlantic,0,direct,email,3
9487,Atlantic,0,paid_search,direct,3
9488,BC,0,paid_social,email,2
9489,QC,0,paid_social,affiliate,7
9490,BC,0,display,direct,2
9491,BC,0,display,organic_search,3
9492,BC,1,paid_social,organic_search,5
9493,QC,0,paid_social,affiliate,3
9494,QC,0,direct,email,3
9495,AB,0,display,direct,3
9496,AB,0,display,display,1
9497,Prairies,0,organic_search,affiliate,5
9498,BC,0,organic_search,organic_search,4
9499,Atlantic,1,direct,direct,1
9500,AB,0,paid_social,paid_social,3
9501,ON,0,paid_social,paid_social,5
9502,Atlantic,0,paid_social,affiliate,4
9503,AB,0,display,paid_search,5
9504,BC,0,display,direct,4
9505,QC,0,affiliate,direct,4
9506,BC,0,display,email,4
9507,ON,0,paid_social,paid_search,2
9508,ON,0,paid_social,email,4
9509,AB,0,paid_social,direct,6
9510,AB,0,display,direct,3
9511,BC,0,direct,direct,2
9512,BC,1,organic_search,organic_search,3
9513,QC,0,display,paid_search,6
9514,BC,0,display,email,5
9515,ON,0,display,direct,4
9516,ON,0,display,direct,4
9517,AB,0,paid_search,paid_search,1
9518,QC,0,display,direct,3
9519,QC,1,paid_search,paid_search,3
9520,QC,1,display,direct,2
9521,Prairies,0,affiliate,direct,4
9522,Prairies,0,display,paid_search,3
9523,Prairies,0,display,affiliate,5
9524,Atlantic,0,paid_social,direct,7
9525,Atlantic,0,direct,paid_search,2
9526,ON,0,email,email,1
9527,ON,0,paid_social,affiliate,5
9528,QC,0,paid_social,organic_search,3
9529,QC,0,email,direct,2
9530,QC,0,display,direct,3
9531,QC,1,paid_social,paid_search,3
9532,QC,1,direct,organic_search,3
9533,BC,0,paid_social,affiliate,4
9534,Atlantic,0,display,direct,2
9535,QC,0,display,display,6
9536,AB,0,organic_search,email,6
9537,Prairies,1,paid_social,email,5
9538,BC,0,display,paid_search,4
9539,Prairies,0,paid_social,paid_search,5
9540,ON,0,display,paid_search,2
9541,AB,0,organic_search,direct,2
9542,QC,0,paid_social,direct,5
9543,QC,0,paid_social,paid_social,4
9544,Prairies,0,organic_search,organic_search,1
9545,ON,0,paid_social,paid_social,2
9546,ON,0,display,direct,4
9547,Prairies,0,display,direct,4
9548,QC,0,display,paid_search,6
9549,Atlantic,0,organic_search,direct,3
9550,ON,0,organic_search,email,6
9551,Prairies,0,paid_social,affiliate,2
9552,Prairies,0,direct,direct,2
9553,AB,0,paid_search,email,2
9554,Prairies,0,email,affiliate,6
9555,QC,0,paid_social,paid_search,3
9556,ON,0,direct,paid_search,2
9557,AB,0,display,paid_social,2
9558,ON,0,paid_search,organic_search,3
9559,ON,0,display,paid_search,2
9560,AB,0,email,direct,2
9561,AB,0,paid_social,paid_social,4
9562,QC,1,display,paid_search,7
9563,AB,1,affiliate,email,4
9564,Atlantic,0,paid_social,direct,2
9565,AB,0,paid_search,email,6
9566,ON,0,organic_search,affiliate,4
9567,ON,0,paid_social,organic_search,6
9568,QC,0,paid_social,organic_search,6
9569,ON,0,direct,direct,1
9570,Prairies,0,paid_social,direct,5
9571,BC,0,display,organic_search,4
9572,ON,1,paid_social,direct,5
9573,Prairies,0,paid_search,email,3
9574,ON,0,display,affiliate,3
9575,BC,0,affiliate,direct,3
9576,ON,0,display,direct,3
9577,AB,1,organic_search,organic_search,2
9578,Atlantic,0,display,direct,3
9579,Atlantic,0,organic_search,organic_search,1
9580,QC,0,organic_search,direct,2
9581,Atlantic,0,direct,paid_search,2
9582,AB,0,paid_search,paid_search,5
9583,AB,0,affiliate,affiliate,6
9584,BC,0,paid_search,affiliate,6
9585,Prairies,0,display,display,1
9586,AB,0,organic_search,organic_search,1
9587,BC,0,display,email,3
9588,ON,0,display,direct,6
9589,ON,0,paid_social,direct,6
9590,QC,0,organic_search,affiliate,3
9591,AB,0,organic_search,organic_search,1
9592,QC,0,paid_social,paid_social,3
9593,AB,0,display,direct,4
9594,ON,0,organic_search,paid_search,3
9595,Atlantic,0,organic_search,email,6
9596,Prairies,0,display,paid_search,4
9597,AB,0,paid_social,affiliate,2
9598,Prairies,0,display,affiliate,4
9599,AB,0,display,paid_search,7
9600,Prairies,0,affiliate,email,4
9601,AB,0,paid_search,organic_search,5
9602,BC,0,paid_social,direct,6
9603,Prairies,0,affiliate,paid_search,4
9604,Atlantic,0,direct,direct,1
9605,Prairies,0,paid_search,affiliate,2
9606,Prairies,0,display,display,3
9607,Atlantic,0,direct,paid_social,2
9608,AB,0,direct,email,5
9609,Prairies,0,paid_social,paid_social,5
9610,BC,0,organic_search,direct,4
9611,Prairies,0,display,email,5
9612,BC,0,organic_search,direct,3
9613,QC,0,display,direct,3
9614,Prairies,0,display,email,2
9615,Atlantic,0,organic_search,email,2
9616,BC,0,display,direct,2
9617,AB,0,direct,direct,1
9618,Prairies,1,paid_social,email,2
9619,AB,0,paid_social,email,6
9620,Prairies,0,affiliate,paid_social,3
9621,Atlantic,0,paid_social,email,5
9622,QC,0,paid_search,organic_search,3
9623,Prairies,0,affiliate,email,4
9624,QC,0,paid_social,direct,5
9625,ON,0,display,direct,2
9626,Atlantic,0,display,paid_social,2
9627,Prairies,1,display,direct,6
9628,Prairies,0,organic_search,paid_search,2
9629,ON,0,display,email,3
9630,AB,0,email,email,3
9631,AB,0,paid_social,paid_social,3
9632,Atlantic,0,affiliate,paid_social,2
9633,Prairies,0,paid_social,direct,3
9634,BC,0,display,email,4
9635,Prairies,0,paid_social,email,3
9636,QC,0,paid_social,affiliate,2
9637,ON,0,paid_social,direct,2
9638,QC,1,paid_search,affiliate,3
9639,ON,0,paid_search,organic_search,3
9640,ON,0,paid_search,email,3
9641,AB,0,paid_social,email,3
9642,BC,0,direct,direct,1
9643,AB,0,display,direct,2
9644,QC,0,paid_social,paid_social,2
9645,QC,0,display,email,5
9646,BC,0,display,display,4
9647,AB,0,organic_search,direct,3
9648,ON,0,paid_search,direct,4
9649,AB,0,paid_search,direct,2
9650,AB,0,organic_search,organic_search,6
9651,Prairies,0,display,display,1
9652,ON,1,display,direct,4
9653,BC,0,paid_social,direct,5
9654,Prairies,0,affiliate,affiliate,1
9655,ON,0,display,email,5
9656,Atlantic,0,direct,direct,4
9657,BC,0,display,email,4
9658,QC,0,display,email,6
9659,AB,0,paid_social,direct,7
9660,ON,0,affiliate,paid_search,3
9661,ON,1,paid_social,paid_search,3
9662,Prairies,0,display,direct,5
9663,QC,0,display,paid_search,8
9664,Atlantic,0,paid_search,paid_search,6
9665,ON,0,paid_search,paid_social,2
9666,QC,0,affiliate,email,5
9667,Prairies,0,affiliate,affiliate,3
9668,Atlantic,1,paid_search,display,6
9669,Atlantic,1,display,organic_search,4
9670,ON,1,organic_search,organic_search,5
9671,QC,0,display,paid_search,4
9672,Atlantic,0,organic_search,paid_social,3
9673,AB,1,display,organic_search,3
9674,Prairies,0,paid_social,email,2
9675,Atlantic,0,organic_search,direct,4
9676,ON,0,display,direct,3
9677,ON,0,paid_social,affiliate,3
9678,Prairies,0,affiliate,paid_social,6
9679,Prairies,0,display,direct,4
9680,QC,0,affiliate,affiliate,1
9681,ON,0,paid_social,direct,2
9682,Prairies,0,direct,email,2
9683,ON,0,paid_search,paid_search,1
9684,Prairies,0,organic_search,affiliate,5
9685,QC,0,paid_social,email,5
9686,BC,0,paid_search,paid_search,3
9687,Atlantic,0,paid_search,paid_social,3
9688,QC,0,paid_search,affiliate,2
9689,QC,0,organic_search,paid_social,2
9690,ON,0,direct,affiliate,6
9691,Prairies,0,display,paid_search,5
9692,ON,0,paid_social,organic_search,6
9693,AB,0,organic_search,paid_search,4
9694,QC,0,paid_social,direct,3
9695,QC,0,paid_search,affiliate,4
9696,QC,0,display,organic_search,2
9697,Atlantic,0,organic_search,organic_search,4
9698,AB,0,affiliate,direct,4
9699,AB,0,paid_social,affiliate,4
9700,QC,0,paid_social,paid_search,4
9701,AB,0,paid_social,email,2
9702,ON,0,direct,direct,1
9703,AB,0,paid_social,paid_social,5
9704,Atlantic,0,display,paid_search,2
9705,Atlantic,0,display,organic_search,3
9706,QC,0,paid_search,direct,2
9707,Atlantic,0,display,paid_search,6
9708,QC,0,organic_search,email,5
9709,QC,0,paid_search,direct,4
9710,ON,0,paid_social,direct,2
9711,AB,0,display,direct,6
9712,ON,1,paid_social,paid_search,3
9713,Prairies,0,organic_search,direct,4
9714,Prairies,0,email,email,1
9715,AB,0,direct,affiliate,4
9716,ON,0,display,email,4
9717,ON,0,display,paid_search,3
9718,BC,0,organic_search,direct,4
9719,BC,0,organic_search,direct,4
9720,AB,0,organic_search,paid_search,3
9721,QC,0,organic_search,direct,2
9722,BC,0,paid_social,email,7
9723,ON,1,email,paid_search,3
9724,QC,0,display,direct,5
9725,QC,0,paid_social,paid_search,4
9726,Prairies,0,paid_social,direct,3
9727,BC,0,display,paid_search,3
9728,AB,1,paid_social,paid_search,5
9729,QC,0,paid_social,direct,2
9730,BC,0,display,display,1
9731,Atlantic,0,display,direct,2
9732,Prairies,0,paid_social,affiliate,3
9733,Prairies,0,organic_search,affiliate,2
9734,BC,1,affiliate,paid_search,6
9735,Prairies,0,affiliate,paid_search,4
9736,AB,0,direct,paid_search,5
9737,ON,0,paid_social,direct,2
9738,ON,0,paid_social,organic_search,5
9739,Atlantic,1,display,affiliate,9
9740,Prairies,0,paid_social,paid_search,5
9741,Prairies,0,direct,email,6
9742,BC,0,paid_search,paid_search,3
9743,AB,0,organic_search,paid_search,7
9744,BC,0,paid_search,affiliate,4
9745,QC,0,display,direct,2
9746,Prairies,0,affiliate,affiliate,1
9747,QC,0,paid_search,direct,4
9748,Prairies,0,paid_search,email,4
9749,QC,0,display,affiliate,4
9750,Atlantic,0,organic_search,organic_search,4
9751,ON,0,organic_search,paid_search,3
9752,BC,0,direct,direct,3
9753,ON,0,paid_search,affiliate,5
9754,QC,0,organic_search,organic_search,1
9755,Prairies,0,organic_search,paid_social,3
9756,Prairies,1,organic_search,paid_search,7
9757,AB,0,display,display,4
9758,Prairies,0,direct,paid_search,2
9759,Atlantic,1,organic_search,paid_search,3
9760,BC,0,affiliate,direct,8
9761,Atlantic,0,paid_social,affiliate,2
9762,Atlantic,0,paid_social,direct,4
9763,AB,1,affiliate,affiliate,1
9764,Prairies,0,paid_social,email,5
9765,Atlantic,0,display,direct,2
9766,AB,1,paid_social,email,9
9767,Prairies,0,affiliate,direct,3
9768,QC,0,paid_social,affiliate,5
9769,BC,0,display,direct,6
9770,QC,0,organic_search,paid_social,5
9771,AB,0,display,display,2
9772,Atlantic,1,organic_search,paid_search,7
9773,QC,0,organic_search,paid_social,3
9774,ON,0,paid_social,organic_search,5
9775,Prairies,0,organic_search,email,4
9776,Prairies,0,display,email,3
9777,Prairies,0,display,direct,6
9778,BC,0,organic_search,direct,3
9779,BC,0,display,email,2
9780,Prairies,0,paid_social,affiliate,2
9781,BC,0,paid_search,paid_social,3
9782,ON,0,paid_social,affiliate,5
9783,ON,0,affiliate,paid_search,3
9784,AB,0,email,email,4
9785,AB,0,display,organic_search,2
9786,Prairies,1,paid_social,email,4
9787,QC,0,paid_search,paid_search,6
9788,QC,0,paid_social,email,4
9789,ON,0,display,direct,3
9790,ON,0,paid_search,affiliate,2
9791,ON,1,organic_search,direct,2
9792,QC,0,display,paid_search,4
9793,AB,0,organic_search,affiliate,4
9794,ON,1,paid_search,organic_search,6
9795,ON,0,paid_social,direct,5
9796,BC,0,paid_search,direct,3
9797,BC,1,paid_social,direct,3
9798,BC,0,display,display,5
9799,Prairies,0,paid_search,paid_social,6
9800,QC,0,direct,direct,1
9801,BC,0,affiliate,paid_search,6
9802,AB,0,display,organic_search,2
9803,Atlantic,0,paid_search,organic_search,4
9804,QC,0,affiliate,direct,2
9805,ON,1,direct,paid_search,5
9806,QC,0,paid_search,paid_social,4
9807,BC,1,display,organic_search,3
9808,QC,0,paid_social,direct,4
9809,AB,0,affiliate,direct,4
9810,AB,0,display,paid_search,4
9811,AB,1,affiliate,paid_social,9
9812,Atlantic,0,display,paid_search,4
9813,Prairies,0,organic_search,paid_search,6
9814,AB,0,organic_search,email,6
9815,BC,0,affiliate,organic_search,5
9816,Atlantic,0,affiliate,affiliate,1
9817,BC,0,organic_search,organic_search,5
9818,Prairies,0,organic_search,paid_search,5
9819,Atlantic,0,display,paid_search,3
9820,ON,0,paid_search,affiliate,4
9821,BC,0,organic_search,email,2
9822,Prairies,0,affiliate,email,2
9823,ON,0,paid_social,email,2
9824,ON,0,display,affiliate,2
9825,Prairies,0,paid_search,paid_search,1
9826,BC,0,paid_social,organic_search,2
9827,BC,0,paid_social,organic_search,3
9828,AB,0,paid_social,paid_search,4
9829,QC,0,paid_search,direct,5
9830,ON,0,direct,direct,2
9831,AB,0,paid_social,paid_search,6
9832,QC,1,paid_social,affiliate,3
9833,ON,0,affiliate,direct,3
9834,BC,0,organic_search,direct,3
9835,ON,0,organic_search,organic_search,1
9836,QC,1,display,paid_search,2
9837,AB,1,display,direct,4
9838,BC,0,display,direct,2
9839,ON,0,display,display,4
9840,BC,0,paid_search,direct,3
9841,Prairies,0,paid_search,organic_search,6
9842,Prairies,0,organic_search,affiliate,4
9843,Atlantic,0,email,email,1
9844,QC,0,direct,direct,5
9845,ON,0,email,email,1
9846,Prairies,0,display,display,6
9847,ON,0,display,direct,4
9848,Atlantic,0,direct,direct,1
9849,ON,0,display,paid_search,6
9850,ON,0,email,direct,2
9851,QC,0,display,email,5
9852,Atlantic,0,paid_social,organic_search,4
9853,QC,0,paid_search,direct,6
9854,Prairies,0,paid_search,email,5
9855,AB,0,paid_search,organic_search,4
9856,AB,0,display,display,5
9857,Prairies,0,display,display,4
9858,ON,0,email,paid_search,3
9859,Prairies,0,paid_search,paid_search,1
9860,ON,0,paid_social,paid_social,4
9861,Prairies,0,paid_social,direct,6
9862,Atlantic,0,direct,direct,1
9863,QC,0,paid_search,paid_search,5
9864,Prairies,0,display,direct,4
9865,Prairies,0,paid_social,direct,2
9866,BC,0,organic_search,direct,5
9867,AB,0,paid_social,affiliate,4
9868,ON,0,display,paid_search,2
9869,BC,0,paid_social,affiliate,4
9870,ON,0,paid_social,paid_search,2
9871,BC,0,organic_search,direct,4
9872,Prairies,0,paid_social,paid_search,4
9873,ON,0,affiliate,email,4
9874,Atlantic,0,paid_social,paid_search,2
9875,ON,0,affiliate,paid_search,3
9876,Atlantic,0,paid_search,direct,6
9877,Atlantic,0,display,organic_search,3
9878,BC,0,paid_search,affiliate,2
9879,QC,0,affiliate,affiliate,1
9880,Prairies,0,display,direct,2
9881,Prairies,0,direct,direct,6
9882,Prairies,0,display,email,3
9883,ON,0,display,paid_search,6
9884,BC,0,paid_social,email,4
9885,Atlantic,1,direct,direct,5
9886,BC,0,organic_search,direct,5
9887,ON,0,display,affiliate,2
9888,Atlantic,1,paid_social,paid_search,4
9889,Prairies,0,organic_search,paid_social,2
9890,Prairies,0,organic_search,organic_search,4
9891,AB,0,paid_social,email,2
9892,AB,0,organic_search,email,2
9893,BC,0,paid_social,direct,2
9894,Prairies,0,organic_search,affiliate,6
9895,BC,0,email,affiliate,7
9896,Prairies,0,direct,direct,2
9897,Atlantic,0,display,affiliate,3
9898,AB,0,display,display,6
9899,AB,1,paid_search,paid_search,6
9900,ON,1,organic_search,email,4
9901,Atlantic,0,display,direct,4
9902,Atlantic,0,affiliate,direct,7
9903,Atlantic,0,paid_social,direct,3
9904,Atlantic,0,affiliate,paid_social,5
9905,Prairies,0,paid_search,direct,7
9906,Prairies,0,paid_search,direct,5
9907,ON,0,organic_search,direct,3
9908,Prairies,0,display,direct,5
9909,ON,0,paid_social,direct,5
9910,Atlantic,1,affiliate,paid_search,6
9911,BC,0,paid_search,affiliate,2
9912,BC,1,affiliate,paid_search,3
9913,ON,0,display,direct,4
9914,ON,0,display,affiliate,5
9915,AB,1,display,email,4
9916,Prairies,0,organic_search,email,2
9917,ON,0,organic_search,email,5
9918,ON,0,paid_social,paid_search,2
9919,Atlantic,0,organic_search,paid_search,3
9920,Atlantic,0,paid_social,paid_social,3
9921,Atlantic,0,paid_social,paid_search,4
9922,QC,0,display,direct,3
9923,Prairies,0,paid_social,direct,7
9924,QC,0,paid_social,affiliate,3
9925,ON,0,affiliate,paid_social,2
9926,Prairies,1,paid_social,direct,5
9927,QC,0,display,organic_search,4
9928,Prairies,0,display,organic_search,3
9929,AB,0,paid_search,email,4
9930,Prairies,0,paid_social,direct,4
9931,AB,0,paid_social,direct,3
9932,ON,0,paid_social,affiliate,3
9933,ON,0,display,email,2
9934,Prairies,0,paid_search,direct,2
9935,Prairies,0,paid_social,paid_social,3
9936,AB,0,email,direct,4
9937,ON,1,paid_social,paid_social,5
9938,AB,0,paid_social,direct,2
9939,Prairies,0,display,direct,6
9940,Prairies,0,organic_search,affiliate,3
9941,QC,0,direct,email,3
9942,AB,0,organic_search,affiliate,2
9943,Atlantic,0,display,email,3
9944,QC,0,affiliate,direct,6
9945,Atlantic,0,paid_social,paid_search,5
9946,BC,0,email,email,1
9947,AB,0,organic_search,paid_search,4
9948,QC,0,display,paid_search,4
9949,BC,0,organic_search,direct,2
9950,AB,0,paid_social,paid_social,2
9951,Atlantic,0,paid_search,direct,4
9952,ON,0,affiliate,affiliate,1
9953,Prairies,0,affiliate,affiliate,5
9954,Prairies,0,paid_search,paid_search,5
9955,Prairies,0,paid_social,direct,4
9956,Atlantic,0,display,email,2
9957,BC,0,direct,email,6
9958,Prairies,0,display,direct,5
9959,Atlantic,0,affiliate,direct,6
9960,Atlantic,0,paid_social,direct,3
9961,Atlantic,0,display,organic_search,3
9962,BC,0,display,display,5
9963,BC,0,paid_social,paid_search,7
9964,BC,0,paid_search,direct,5
9965,AB,1,paid_search,direct,3
9966,Atlantic,0,paid_social,direct,3
9967,Prairies,0,affiliate,paid_search,4
9968,Prairies,0,paid_social,email,2
9969,Atlantic,0,paid_social,affiliate,5
9970,Atlantic,0,direct,direct,3
9971,AB,0,display,organic_search,2
9972,Atlantic,1,paid_search,direct,2
9973,Prairies,0,paid_social,paid_search,5
9974,ON,0,paid_search,direct,4
9975,Prairies,0,paid_search,email,4
9976,Prairies,0,affiliate,organic_search,6
9977,ON,0,display,paid_search,2
9978,Atlantic,0,paid_search,paid_search,1
9979,ON,0,affiliate,direct,3
9980,Atlantic,0,paid_social,email,4
9981,Atlantic,0,organic_search,direct,5
9982,Atlantic,0,display,organic_search,2
9983,BC,0,display,paid_social,5
9984,Prairies,1,paid_search,paid_search,4
9985,Atlantic,0,paid_social,organic_search,5
9986,Atlantic,0,paid_search,direct,2
9987,AB,0,display,direct,2
9988,QC,0,direct,paid_social,3
9989,BC,0,affiliate,affiliate,5
9990,QC,1,affiliate,direct,9
9991,QC,0,paid_search,affiliate,3
9992,AB,0,paid_social,direct,4
9993,BC,0,organic_search,organic_search,4
9994,Atlantic,0,display,direct,2
9995,Atlantic,1,affiliate,direct,5
9996,Prairies,0,email,paid_search,5
9997,Atlantic,0,display,paid_search,5
9998,Atlantic,0,organic_search,paid_search,3
9999,QC,0,direct,direct,4
10000,Prairies,0,display,direct,3
10001,QC,0,paid_social,direct,6
10002,QC,0,display,direct,2
10003,BC,0,display,paid_search,4
10004,Atlantic,0,display,paid_search,5
10005,Atlantic,0,paid_social,organic_search,4
10006,BC,0,paid_search,affiliate,4
10007,ON,0,paid_social,organic_search,5
10008,BC,0,paid_search,affiliate,8
10009,QC,0,paid_search,paid_social,3
10010,Atlantic,0,paid_social,affiliate,4
10011,ON,0,paid_social,direct,7
10012,Prairies,0,paid_social,paid_search,5
10013,Atlantic,0,organic_search,affiliate,3
10014,AB,0,affiliate,direct,3
10015,AB,0,display,organic_search,5
10016,ON,1,paid_social,paid_search,6
10017,QC,0,display,paid_search,3
10018,Prairies,0,display,affiliate,2
10019,QC,0,display,paid_search,6
10020,ON,0,display,direct,6
10021,Atlantic,0,display,display,3
10022,BC,0,display,display,3
10023,ON,0,paid_search,display,4
10024,ON,1,display,paid_search,4
10025,Prairies,0,display,paid_search,6
10026,BC,0,paid_social,email,2
10027,AB,1,direct,paid_social,2
10028,BC,0,direct,email,2
10029,QC,0,affiliate,direct,4
10030,Prairies,0,paid_social,direct,4
10031,BC,0,paid_search,paid_social,4
10032,Prairies,0,organic_search,paid_search,5
10033,Atlantic,0,paid_social,organic_search,3
10034,Atlantic,1,display,paid_search,5
10035,BC,0,direct,display,6
10036,ON,0,display,direct,5
10037,QC,0,direct,paid_social,5
10038,Prairies,0,affiliate,email,3
10039,Atlantic,0,direct,direct,6
10040,QC,0,paid_social,direct,3
10041,Prairies,0,organic_search,direct,5
10042,AB,1,paid_search,direct,6
10043,BC,0,display,email,2
10044,QC,0,paid_search,affiliate,4
10045,AB,0,paid_search,affiliate,4
10046,Prairies,0,display,paid_search,3
10047,BC,0,email,email,1
10048,ON,0,direct,direct,1
10049,AB,0,display,paid_search,2
10050,AB,0,paid_social,organic_search,6
10051,ON,0,display,direct,4
10052,Atlantic,0,paid_search,direct,2
10053,QC,1,organic_search,email,4
10054,Prairies,0,organic_search,paid_search,2
10055,Prairies,0,direct,affiliate,4
10056,BC,0,paid_search,email,3
10057,Atlantic,0,email,direct,5
10058,ON,0,direct,direct,1
10059,BC,1,affiliate,direct,3
10060,ON,0,organic_search,paid_search,2
10061,Prairies,0,paid_search,email,5
10062,Atlantic,0,organic_search,direct,2
10063,AB,1,paid_social,paid_search,2
10064,Prairies,0,organic_search,direct,5
10065,Atlantic,0,display,affiliate,6
10066,Atlantic,1,email,organic_search,3
10067,Atlantic,0,organic_search,organic_search,3
10068,Prairies,0,email,display,2
10069,Prairies,0,display,email,5
10070,AB,0,paid_social,affiliate,4
10071,BC,1,paid_social,paid_search,5
10072,QC,0,organic_search,email,2
10073,AB,0,paid_social,direct,3
10074,Prairies,0,paid_search,email,5
10075,ON,0,paid_social,paid_search,4
10076,QC,1,organic_search,direct,7
10077,Prairies,0,email,paid_social,4
10078,BC,0,organic_search,email,5
10079,QC,0,paid_search,direct,6
10080,Prairies,0,display,direct,4
10081,BC,0,email,email,2
10082,Atlantic,0,paid_search,direct,4
10083,AB,0,paid_social,affiliate,3
10084,AB,1,paid_search,direct,2
10085,AB,0,paid_social,affiliate,5
10086,Atlantic,0,display,paid_social,3
10087,BC,0,paid_search,paid_search,1
10088,Atlantic,0,organic_search,direct,6
10089,QC,0,direct,paid_search,4
10090,Prairies,0,direct,direct,1
10091,QC,0,display,paid_social,4
10092,QC,0,direct,direct,1
10093,Atlantic,0,paid_social,email,4
10094,Prairies,0,display,paid_search,7
10095,Prairies,1,display,paid_search,2
10096,BC,0,paid_social,display,3
10097,AB,0,organic_search,email,3
10098,QC,0,organic_search,organic_search,5
10099,Prairies,0,affiliate,paid_search,2
10100,BC,0,organic_search,direct,3
10101,QC,0,display,email,4
10102,BC,0,direct,direct,4
10103,QC,0,display,direct,5
10104,BC,0,paid_social,affiliate,5
10105,AB,0,organic_search,direct,5
10106,Prairies,0,organic_search,direct,2
10107,Prairies,0,direct,direct,1
10108,BC,0,paid_social,paid_search,4
10109,Prairies,0,affiliate,paid_search,3
10110,Prairies,0,affiliate,affiliate,1
10111,Prairies,1,organic_search,direct,4
10112,BC,1,paid_social,direct,5
10113,ON,1,paid_social,organic_search,5
10114,AB,0,affiliate,organic_search,2
10115,QC,0,paid_social,organic_search,3
10116,AB,1,paid_social,affiliate,5
10117,ON,0,display,direct,4
10118,AB,0,direct,direct,6
10119,AB,0,display,direct,5
10120,BC,0,display,paid_search,3
10121,BC,0,email,paid_search,4
10122,Prairies,0,organic_search,paid_search,4
10123,Atlantic,0,affiliate,paid_search,4
10124,Atlantic,0,organic_search,direct,4
10125,AB,0,direct,direct,1
10126,QC,0,paid_search,email,4
10127,AB,0,paid_search,affiliate,4
10128,AB,0,paid_social,email,6
10129,AB,0,paid_social,direct,5
10130,Prairies,0,email,email,1
10131,ON,0,paid_search,paid_social,3
10132,BC,0,paid_social,paid_social,1
10133,AB,0,display,email,2
10134,AB,0,paid_social,paid_search,2
10135,Prairies,1,paid_social,direct,4
10136,ON,1,display,affiliate,3
10137,Atlantic,0,display,affiliate,3
10138,QC,0,display,paid_search,6
10139,QC,0,display,paid_search,3
10140,ON,0,direct,direct,1
10141,Prairies,0,display,organic_search,2
10142,Prairies,0,paid_social,paid_social,3
10143,Prairies,0,paid_social,paid_search,5
10144,Prairies,0,display,direct,2
10145,Prairies,0,organic_search,paid_social,5
10146,ON,0,display,organic_search,2
10147,AB,0,paid_search,direct,6
10148,ON,0,direct,direct,3
10149,ON,0,paid_social,affiliate,7
10150,Prairies,1,paid_social,organic_search,5
10151,Atlantic,0,display,email,2
10152,Atlantic,0,paid_social,affiliate,2
10153,AB,0,paid_social,paid_social,3
10154,BC,0,display,organic_search,3
10155,Prairies,0,display,affiliate,2
10156,Atlantic,0,organic_search,affiliate,4
10157,Atlantic,0,organic_search,direct,5
10158,Prairies,0,organic_search,direct,4
10159,Prairies,1,organic_search,affiliate,6
10160,BC,0,display,direct,2
10161,AB,0,organic_search,paid_social,3
10162,BC,0,paid_social,direct,2
10163,Prairies,1,paid_social,paid_search,8
10164,BC,0,display,organic_search,3
10165,AB,1,paid_search,affiliate,5
10166,Atlantic,0,display,direct,6
10167,Atlantic,0,paid_search,direct,4
10168,Atlantic,0,paid_search,email,3
10169,QC,0,paid_social,email,3
10170,AB,0,display,affiliate,2
10171,ON,0,paid_social,paid_search,2
10172,QC,0,paid_search,email,2
10173,Prairies,1,paid_search,direct,3
10174,AB,0,paid_social,email,3
10175,AB,0,display,organic_search,4
10176,BC,0,paid_social,organic_search,5
10177,Atlantic,0,display,direct,12
10178,Atlantic,0,paid_social,direct,6
10179,QC,0,direct,paid_social,4
10180,Atlantic,0,paid_social,direct,7
10181,Prairies,0,paid_social,organic_search,3
10182,Atlantic,0,paid_search,email,5
10183,ON,0,direct,display,3
10184,AB,0,display,email,4
10185,ON,0,direct,paid_social,3
10186,ON,0,organic_search,direct,3
10187,Prairies,0,display,display,1
10188,QC,0,paid_social,display,2
10189,Atlantic,0,paid_social,paid_search,4
10190,AB,0,organic_search,direct,2
10191,QC,0,direct,email,2
10192,Atlantic,0,organic_search,direct,2
10193,Atlantic,0,affiliate,organic_search,2
10194,QC,0,display,paid_search,4
10195,AB,1,paid_social,paid_social,4
10196,Atlantic,0,paid_social,direct,6
10197,Prairies,0,display,paid_search,3
10198,Atlantic,0,display,organic_search,3
10199,ON,0,organic_search,display,4
10200,Atlantic,0,paid_social,direct,4
10201,Prairies,0,organic_search,direct,4
10202,Prairies,0,display,direct,3
10203,BC,0,affiliate,affiliate,1
10204,Atlantic,1,organic_search,organic_search,7
10205,ON,0,affiliate,direct,4
10206,Prairies,0,organic_search,organic_search,2
10207,BC,0,display,paid_social,4
10208,ON,0,paid_search,paid_search,3
10209,Atlantic,0,paid_search,direct,3
10210,BC,0,direct,email,2
10211,Atlantic,1,paid_search,organic_search,3
10212,QC,0,display,affiliate,4
10213,Prairies,0,paid_social,organic_search,4
10214,Atlantic,0,direct,direct,1
10215,QC,0,paid_social,display,4
10216,AB,0,display,affiliate,3
10217,Prairies,0,paid_search,paid_search,2
10218,BC,0,display,organic_search,5
10219,Atlantic,0,display,email,5
10220,BC,0,organic_search,email,5
10221,Prairies,0,organic_search,paid_social,2
10222,QC,0,display,paid_search,3
10223,AB,1,affiliate,direct,8
10224,Atlantic,0,paid_social,paid_social,4
10225,QC,0,affiliate,affiliate,1
10226,BC,0,display,affiliate,4
10227,Atlantic,0,paid_social,organic_search,5
10228,Atlantic,0,paid_social,email,3
10229,QC,1,paid_social,organic_search,3
10230,Prairies,0,display,organic_search,7
10231,QC,0,display,organic_search,3
10232,Atlantic,0,direct,direct,4
10233,Atlantic,0,paid_search,direct,8
10234,QC,0,display,direct,3
10235,BC,0,paid_search,direct,3
10236,ON,0,display,email,6
10237,Atlantic,0,display,email,4
10238,ON,0,display,direct,2
10239,ON,0,direct,direct,1
10240,QC,0,display,direct,5
10241,AB,0,paid_social,direct,4
10242,Prairies,0,display,paid_search,5
10243,ON,0,direct,organic_search,3
10244,ON,0,display,email,4
10245,Atlantic,0,organic_search,paid_search,4
10246,AB,0,display,direct,6
10247,QC,1,affiliate,paid_search,3
10248,AB,0,paid_social,direct,3
10249,BC,0,organic_search,direct,4
10250,ON,0,affiliate,email,2
10251,BC,1,paid_search,organic_search,4
10252,BC,0,direct,paid_search,3
10253,QC,0,email,paid_search,5
10254,Atlantic,0,paid_search,paid_search,3
10255,Prairies,0,display,direct,2
10256,Atlantic,0,affiliate,organic_search,7
10257,AB,0,display,direct,4
10258,AB,0,direct,display,2
10259,Atlantic,0,paid_search,email,3
10260,ON,0,paid_search,organic_search,4
10261,AB,0,paid_social,direct,4
10262,BC,0,display,direct,4
10263,Prairies,0,organic_search,direct,3
10264,Atlantic,1,organic_search,affiliate,6
10265,BC,1,organic_search,paid_search,3
10266,BC,0,paid_social,organic_search,5
10267,BC,1,paid_search,affiliate,4
10268,AB,0,display,direct,2
10269,ON,0,paid_social,email,3
10270,ON,0,organic_search,email,4
10271,Prairies,0,display,paid_search,4
10272,Prairies,0,affiliate,paid_social,4
10273,AB,0,paid_search,direct,6
10274,ON,0,paid_social,organic_search,4
10275,Prairies,0,affiliate,affiliate,5
10276,BC,0,organic_search,direct,4
10277,Atlantic,0,paid_search,direct,6
10278,Atlantic,0,paid_social,organic_search,6
10279,QC,0,paid_social,organic_search,6
10280,Prairies,0,organic_search,direct,3
10281,Atlantic,0,display,email,6
10282,AB,0,display,organic_search,4
10283,AB,0,paid_social,direct,3
10284,ON,0,organic_search,affiliate,3
10285,ON,0,display,paid_social,4
10286,Atlantic,0,display,paid_search,4
10287,AB,0,paid_search,paid_search,5
10288,QC,0,display,affiliate,3
10289,ON,0,paid_social,direct,2
10290,QC,0,email,direct,3
10291,AB,0,paid_social,direct,4
10292,ON,0,display,direct,3
10293,Prairies,0,affiliate,paid_search,4
10294,QC,0,paid_search,affiliate,5
10295,BC,0,display,direct,3
10296,BC,0,organic_search,paid_social,3
10297,QC,0,paid_search,direct,6
10298,QC,0,direct,direct,1
10299,Atlantic,0,direct,direct,2
10300,ON,0,paid_social,email,4
10301,ON,1,organic_search,email,7
10302,AB,0,direct,display,3
10303,ON,1,email,direct,3
10304,Prairies,0,direct,email,2
10305,AB,0,display,paid_social,4
10306,Atlantic,0,paid_social,email,3
10307,AB,0,organic_search,paid_search,4
10308,ON,0,affiliate,organic_search,3
10309,Prairies,0,paid_social,email,3
10310,Atlantic,0,organic_search,email,4
10311,ON,0,paid_search,direct,2
10312,AB,0,paid_search,paid_search,3
10313,Atlantic,0,organic_search,email,4
10314,ON,0,paid_search,direct,2
10315,AB,0,affiliate,paid_search,3
10316,Atlantic,0,paid_search,organic_search,2
10317,Atlantic,0,organic_search,direct,4
10318,AB,0,paid_social,display,4
10319,QC,0,paid_search,organic_search,4
10320,BC,0,paid_search,organic_search,6
10321,Prairies,0,organic_search,organic_search,2
10322,BC,0,display,direct,4
10323,AB,0,direct,paid_search,3
10324,Atlantic,0,organic_search,direct,2
10325,QC,0,organic_search,paid_social,5
10326,AB,0,display,affiliate,6
10327,Prairies,1,organic_search,direct,4
10328,ON,0,email,organic_search,3
10329,ON,0,display,direct,3
10330,Atlantic,0,paid_search,direct,3
10331,AB,0,email,email,1
10332,QC,1,display,direct,6
10333,ON,0,organic_search,organic_search,1
10334,ON,0,display,direct,3
10335,BC,0,organic_search,paid_search,8
10336,Prairies,0,direct,direct,1
10337,Prairies,0,organic_search,email,5
10338,AB,0,paid_social,direct,4
10339,Prairies,0,organic_search,affiliate,2
10340,QC,0,direct,direct,1
10341,QC,0,display,direct,6
10342,AB,0,paid_search,direct,3
10343,BC,0,display,direct,6
10344,QC,0,organic_search,paid_search,2
10345,Atlantic,0,paid_search,paid_search,1
10346,Atlantic,0,display,paid_social,5
10347,ON,0,paid_search,organic_search,2
10348,AB,0,email,direct,3
10349,Prairies,0,organic_search,direct,4
10350,AB,0,organic_search,direct,3
10351,Prairies,0,paid_social,paid_social,1
10352,Atlantic,0,affiliate,display,4
10353,BC,1,paid_social,email,2
10354,QC,0,paid_social,organic_search,4
10355,BC,0,paid_search,paid_search,1
10356,AB,0,paid_search,paid_search,1
10357,ON,0,organic_search,affiliate,5
10358,ON,0,direct,direct,1
10359,QC,0,paid_social,paid_search,4
10360,QC,0,display,paid_search,6
10361,ON,0,organic_search,affiliate,5
10362,ON,0,organic_search,affiliate,6
10363,QC,1,display,direct,4
10364,BC,0,paid_social,paid_search,5
10365,BC,0,paid_search,direct,3
10366,Atlantic,0,organic_search,direct,4
10367,AB,0,organic_search,direct,3
10368,AB,0,paid_social,paid_search,3
10369,QC,0,affiliate,paid_search,3
10370,Atlantic,0,paid_search,direct,5
10371,Prairies,0,display,affiliate,5
10372,Prairies,0,display,affiliate,2
10373,QC,0,organic_search,organic_search,3
10374,AB,0,paid_social,display,2
10375,AB,1,display,paid_search,2
10376,Prairies,0,paid_search,affiliate,3
10377,QC,0,paid_social,direct,2
10378,BC,0,organic_search,direct,5
10379,QC,0,paid_social,paid_search,3
10380,Atlantic,1,display,affiliate,5
10381,AB,0,email,affiliate,3
10382,QC,0,display,email,3
10383,BC,0,organic_search,paid_search,4
10384,AB,0,paid_social,affiliate,2
10385,ON,0,display,affiliate,3
10386,AB,0,display,email,2
10387,Prairies,0,paid_social,affiliate,4
10388,QC,1,paid_social,organic_search,7
10389,AB,0,email,direct,4
10390,AB,0,organic_search,paid_search,4
10391,BC,0,display,affiliate,4
10392,QC,0,display,paid_search,3
10393,ON,0,paid_social,organic_search,4
10394,ON,0,paid_search,organic_search,4
10395,BC,0,paid_search,display,5
10396,ON,0,paid_social,organic_search,3
10397,Prairies,1,affiliate,email,2
10398,QC,0,organic_search,organic_search,7
10399,Prairies,1,paid_social,display,5
10400,Atlantic,0,paid_search,direct,5
10401,ON,0,display,affiliate,5
10402,Prairies,0,organic_search,paid_search,2
10403,QC,0,organic_search,direct,3
10404,Atlantic,0,display,paid_social,3
10405,Atlantic,0,direct,paid_search,3
10406,ON,0,paid_social,direct,6
10407,QC,0,email,paid_search,6
10408,AB,0,display,paid_search,4
10409,Atlantic,1,paid_social,direct,4
10410,AB,0,display,email,3
10411,Prairies,0,paid_social,display,2
10412,QC,0,paid_social,organic_search,4
10413,ON,0,display,paid_social,6
10414,Atlantic,0,paid_social,direct,2
10415,ON,0,affiliate,direct,2
10416,Atlantic,0,direct,direct,1
10417,Prairies,0,organic_search,paid_social,3
10418,ON,0,paid_social,direct,5
10419,Prairies,1,organic_search,affiliate,3
10420,Prairies,1,display,paid_search,5
10421,Prairies,0,display,paid_search,3
10422,QC,0,paid_social,affiliate,5
10423,BC,0,display,direct,5
10424,BC,0,organic_search,affiliate,3
10425,BC,0,direct,email,6
10426,BC,0,paid_search,paid_search,4
10427,ON,0,paid_search,paid_social,4
10428,ON,1,paid_search,email,4
10429,QC,0,direct,direct,3
10430,BC,1,paid_search,paid_search,4
10431,Prairies,0,display,email,4
10432,BC,0,display,affiliate,3
10433,QC,0,display,direct,4
10434,BC,0,organic_search,affiliate,4
10435,QC,0,display,direct,5
10436,AB,0,organic_search,paid_social,3
10437,AB,0,affiliate,direct,3
10438,BC,1,affiliate,email,3
10439,ON,0,paid_social,affiliate,4
10440,Atlantic,0,paid_search,paid_search,1
10441,ON,0,paid_search,email,5
10442,QC,0,affiliate,paid_social,5
10443,Prairies,0,direct,affiliate,3
10444,BC,0,affiliate,direct,2
10445,BC,0,organic_search,direct,4
10446,Prairies,0,paid_social,affiliate,2
10447,Atlantic,0,direct,direct,7
10448,Atlantic,0,affiliate,email,4
10449,QC,0,paid_social,email,2
10450,Atlantic,0,display,paid_search,4
10451,Atlantic,0,display,direct,5
10452,Atlantic,0,paid_social,organic_search,2
10453,AB,0,display,affiliate,6
10454,AB,0,organic_search,direct,3
10455,QC,0,display,affiliate,2
10456,ON,0,affiliate,direct,3
10457,Atlantic,0,paid_social,affiliate,6
10458,BC,0,display,direct,7
10459,Prairies,0,display,direct,3
10460,AB,0,direct,paid_search,3
10461,Atlantic,1,display,affiliate,4
10462,AB,1,direct,organic_search,2
10463,Atlantic,0,paid_search,direct,4
10464,QC,0,affiliate,direct,2
10465,Prairies,0,direct,email,5
10466,AB,1,paid_social,paid_search,3
10467,Atlantic,0,direct,paid_search,4
10468,BC,0,direct,direct,1
10469,Atlantic,0,paid_social,display,6
10470,BC,0,direct,direct,4
10471,ON,0,affiliate,paid_search,5
10472,Atlantic,0,display,paid_search,2
10473,Prairies,0,affiliate,direct,3
10474,Prairies,0,organic_search,paid_search,3
10475,BC,0,affiliate,direct,2
10476,QC,0,paid_social,direct,4
10477,BC,1,organic_search,direct,3
10478,QC,0,display,display,1
10479,Prairies,0,paid_search,direct,3
10480,QC,0,display,paid_search,5
10481,QC,0,paid_search,email,7
10482,Prairies,0,organic_search,direct,2
10483,Prairies,0,organic_search,direct,3
10484,AB,1,paid_search,email,4
10485,Atlantic,0,organic_search,affiliate,7
10486,ON,1,organic_search,paid_search,4
10487,BC,0,paid_social,email,3
10488,Prairies,1,organic_search,organic_search,3
10489,Prairies,0,organic_search,organic_search,3
10490,Prairies,0,paid_social,email,3
10491,Atlantic,0,display,email,4
10492,ON,0,paid_social,affiliate,4
10493,BC,1,paid_social,direct,5
10494,AB,0,direct,email,5
10495,Prairies,1,paid_social,email,4
10496,BC,0,organic_search,organic_search,1
10497,BC,0,display,paid_search,2
10498,AB,0,display,direct,2
10499,ON,0,display,email,4
10500,BC,0,affiliate,affiliate,1
10501,ON,0,display,direct,2
10502,QC,1,direct,email,6
10503,Atlantic,0,affiliate,affiliate,1
10504,BC,0,email,direct,2
10505,Atlantic,0,direct,paid_search,2
10506,ON,0,direct,direct,2
10507,AB,0,organic_search,paid_search,4
10508,BC,0,organic_search,affiliate,3
10509,BC,0,affiliate,display,2
10510,Atlantic,0,display,affiliate,2
10511,AB,0,organic_search,direct,3
10512,BC,0,organic_search,direct,2
10513,QC,0,display,direct,4
10514,ON,0,paid_social,direct,4
10515,QC,0,organic_search,direct,2
10516,Prairies,0,paid_social,paid_search,2
10517,Atlantic,0,paid_search,paid_search,3
10518,ON,0,paid_social,organic_search,7
10519,AB,0,display,organic_search,2
10520,ON,0,paid_social,direct,4
10521,Atlantic,0,display,paid_search,2
10522,QC,0,display,display,1
10523,QC,0,paid_social,email,4
10524,QC,0,display,direct,3
10525,Atlantic,0,organic_search,direct,3
10526,ON,0,affiliate,display,4
10527,AB,0,display,organic_search,4
10528,ON,0,organic_search,email,6
10529,BC,0,display,organic_search,5
10530,AB,0,organic_search,direct,4
10531,Atlantic,0,affiliate,affiliate,6
10532,ON,0,paid_search,direct,5
10533,Prairies,0,organic_search,paid_search,5
10534,ON,0,organic_search,email,2
10535,Prairies,0,direct,direct,6
10536,AB,0,paid_search,direct,5
10537,QC,0,direct,paid_search,3
10538,QC,0,paid_search,affiliate,3
10539,QC,0,paid_social,display,4
10540,AB,0,direct,email,3
10541,ON,0,display,display,4
10542,Atlantic,1,organic_search,affiliate,6
10543,QC,0,display,organic_search,4
10544,BC,0,direct,direct,1
10545,AB,0,display,paid_social,2
10546,Prairies,1,affiliate,paid_social,4
10547,ON,0,display,email,2
10548,AB,1,paid_search,email,4
10549,BC,0,paid_social,affiliate,2
10550,BC,0,organic_search,email,2
10551,QC,0,display,organic_search,5
10552,AB,1,paid_social,organic_search,6
10553,Atlantic,0,direct,direct,1
10554,AB,0,paid_social,paid_social,4
10555,AB,0,paid_social,email,4
10556,ON,0,organic_search,paid_search,2
10557,AB,0,organic_search,organic_search,2
10558,BC,0,display,direct,2
10559,AB,0,paid_social,paid_search,2
10560,QC,0,paid_search,email,4
10561,Prairies,0,paid_search,email,7
10562,ON,0,organic_search,direct,4
10563,QC,0,direct,email,3
10564,ON,0,display,email,3
10565,ON,0,display,direct,3
10566,Prairies,0,paid_social,display,3
10567,AB,0,display,direct,3
10568,Atlantic,0,paid_social,direct,3
10569,ON,0,email,email,1
10570,QC,0,paid_social,affiliate,3
10571,BC,0,display,direct,5
10572,Atlantic,0,organic_search,display,4
10573,Prairies,0,paid_social,paid_social,4
10574,QC,0,affiliate,paid_search,5
10575,QC,0,paid_social,email,4
10576,Atlantic,1,paid_search,direct,2
10577,Atlantic,0,paid_social,organic_search,2
10578,Prairies,0,direct,paid_search,3
10579,Prairies,0,paid_search,email,2
10580,BC,0,display,affiliate,2
10581,Atlantic,0,paid_social,direct,5
10582,AB,0,paid_social,paid_search,3
10583,BC,0,paid_social,paid_social,1
10584,ON,0,email,direct,3
10585,QC,0,paid_social,email,4
10586,QC,0,display,affiliate,4
10587,QC,0,display,email,3
10588,BC,0,organic_search,organic_search,7
10589,Prairies,0,display,direct,3
10590,Prairies,0,display,organic_search,4
10591,BC,0,paid_search,paid_search,1
10592,ON,0,display,email,5
10593,ON,0,paid_social,direct,4
10594,BC,0,organic_search,direct,6
10595,BC,0,display,email,7
10596,AB,0,organic_search,direct,4
10597,BC,0,paid_social,paid_social,4
10598,Prairies,0,paid_social,organic_search,4
10599,Prairies,1,paid_search,paid_social,3
10600,ON,0,display,direct,5
10601,Atlantic,0,email,direct,3
10602,Prairies,0,organic_search,affiliate,3
10603,ON,0,organic_search,direct,4
10604,AB,1,display,email,3
10605,BC,0,organic_search,paid_search,2
10606,AB,0,display,paid_search,3
10607,QC,0,organic_search,paid_search,3
10608,ON,0,paid_social,email,3
10609,AB,0,paid_search,affiliate,3
10610,ON,1,paid_search,affiliate,3
10611,AB,0,paid_search,email,3
10612,QC,0,display,paid_search,2
10613,ON,0,display,direct,2
10614,ON,0,display,affiliate,4
10615,ON,0,display,display,4
10616,Atlantic,1,paid_social,organic_search,4
10617,Atlantic,0,email,email,1
10618,Prairies,0,paid_social,affiliate,4
10619,ON,1,organic_search,organic_search,3
10620,BC,0,paid_search,paid_search,3
10621,ON,0,display,paid_search,2
10622,Prairies,0,direct,direct,1
10623,AB,0,paid_social,paid_search,2
10624,Atlantic,0,organic_search,paid_search,2
10625,AB,0,paid_social,email,3
10626,ON,0,organic_search,direct,6
10627,Atlantic,0,display,paid_search,3
10628,AB,0,display,direct,4
10629,ON,0,paid_search,email,4
10630,Prairies,0,affiliate,email,3
10631,Atlantic,0,display,email,2
10632,BC,0,display,paid_search,9
10633,Atlantic,0,email,paid_search,5
10634,BC,0,paid_search,affiliate,8
10635,Prairies,0,direct,organic_search,3
10636,QC,0,display,affiliate,6
10637,Prairies,0,display,display,3
10638,ON,0,display,direct,4
10639,ON,1,paid_social,paid_search,5
10640,Prairies,0,paid_social,affiliate,3
10641,Atlantic,0,display,direct,2
10642,Prairies,0,display,direct,3
10643,BC,1,organic_search,direct,4
10644,QC,0,email,organic_search,5
10645,Prairies,0,organic_search,email,3
10646,Prairies,0,organic_search,email,2
10647,ON,0,affiliate,direct,3
10648,ON,1,affiliate,organic_search,6
10649,Prairies,1,display,direct,3
10650,Prairies,0,display,paid_social,3
10651,Prairies,0,display,paid_search,2
10652,BC,0,affiliate,direct,2
10653,ON,0,display,paid_search,3
10654,BC,0,organic_search,affiliate,3
10655,BC,0,affiliate,direct,3
10656,AB,0,paid_social,organic_search,6
10657,Atlantic,1,paid_search,affiliate,5
10658,AB,0,paid_search,affiliate,6
10659,QC,0,display,affiliate,3
10660,Prairies,0,display,organic_search,3
10661,BC,0,paid_social,paid_search,6
10662,QC,0,paid_search,paid_social,2
10663,Prairies,0,paid_search,paid_search,5
10664,BC,0,paid_social,paid_search,2
10665,QC,0,paid_search,display,2
10666,Atlantic,0,paid_social,direct,4
10667,Prairies,0,paid_search,direct,4
10668,Atlantic,0,paid_social,direct,4
10669,Prairies,0,direct,paid_social,3
10670,Atlantic,0,paid_search,display,3
10671,ON,1,paid_social,direct,2
10672,Atlantic,0,display,email,4
10673,BC,1,paid_social,paid_search,7
10674,QC,0,email,direct,3
10675,BC,0,paid_social,direct,10
10676,Prairies,1,paid_social,affiliate,8
10677,AB,0,paid_social,paid_search,3
10678,AB,0,affiliate,organic_search,4
10679,BC,0,affiliate,affiliate,1
10680,AB,0,affiliate,paid_social,2
10681,Prairies,0,paid_search,paid_search,1
10682,QC,0,display,email,4
10683,Atlantic,1,organic_search,email,7
10684,AB,1,affiliate,direct,9
10685,Atlantic,0,paid_social,direct,3
10686,Atlantic,0,display,direct,3
10687,QC,0,display,affiliate,4
10688,QC,0,paid_social,affiliate,2
10689,Atlantic,0,display,paid_search,2
10690,QC,0,paid_social,affiliate,4
10691,AB,1,display,paid_search,4
10692,AB,0,display,affiliate,2
10693,QC,0,direct,affiliate,4
10694,AB,0,direct,affiliate,3
10695,Atlantic,1,paid_search,email,3
10696,Prairies,0,display,paid_social,2
10697,QC,0,display,direct,5
10698,AB,1,paid_social,direct,8
10699,ON,0,display,display,4
10700,ON,0,display,direct,2
10701,BC,0,organic_search,paid_search,3
10702,Atlantic,0,paid_social,direct,4
10703,AB,0,paid_social,direct,6
10704,AB,0,paid_search,direct,5
10705,Atlantic,1,paid_search,affiliate,7
10706,BC,0,display,direct,3
10707,AB,1,display,organic_search,5
10708,BC,0,paid_social,direct,3
10709,Prairies,0,display,email,3
10710,Atlantic,1,display,affiliate,4
10711,Prairies,0,paid_search,direct,3
10712,QC,0,display,organic_search,4
10713,Prairies,0,organic_search,paid_search,4
10714,BC,0,paid_social,paid_social,5
10715,QC,0,display,paid_search,2
10716,ON,0,display,email,4
10717,BC,0,direct,direct,3
10718,Atlantic,0,paid_search,paid_search,4
10719,BC,0,organic_search,paid_social,4
10720,QC,0,display,direct,2
10721,QC,0,affiliate,direct,4
10722,Atlantic,0,display,organic_search,3
10723,Atlantic,0,affiliate,affiliate,7
10724,ON,0,paid_social,paid_social,7
10725,AB,0,organic_search,direct,6
10726,QC,0,paid_social,email,3
10727,AB,1,paid_social,paid_social,1
10728,QC,0,paid_social,paid_search,2
10729,AB,0,display,paid_search,2
10730,QC,0,paid_social,direct,4
10731,ON,0,display,direct,3
10732,BC,1,display,display,2
10733,AB,0,paid_search,direct,6
10734,QC,0,display,direct,4
10735,AB,0,paid_social,direct,2
10736,ON,0,paid_search,direct,2
10737,AB,0,paid_social,paid_search,3
10738,AB,0,direct,affiliate,3
10739,BC,1,display,paid_social,8
10740,QC,0,organic_search,direct,2
10741,BC,0,paid_social,email,3
10742,QC,1,paid_social,affiliate,3
10743,QC,1,email,paid_search,5
10744,ON,1,display,direct,3
10745,BC,0,email,email,1
10746,AB,0,direct,direct,1
10747,Atlantic,0,paid_social,email,2
10748,QC,0,direct,direct,4
10749,BC,0,display,paid_search,4
10750,Atlantic,1,display,paid_search,6
10751,Prairies,0,display,email,5
10752,AB,0,organic_search,paid_search,4
10753,ON,0,paid_search,direct,6
10754,Atlantic,0,display,paid_search,5
10755,Prairies,0,email,email,1
10756,Prairies,0,direct,paid_search,4
10757,BC,0,email,direct,4
10758,AB,0,affiliate,paid_search,3
10759,AB,0,organic_search,paid_search,5
10760,Atlantic,1,display,email,5
10761,BC,1,organic_search,paid_search,4
10762,ON,0,display,paid_search,5
10763,AB,0,affiliate,affiliate,3
10764,QC,0,organic_search,organic_search,4
10765,QC,1,email,direct,7
10766,AB,0,organic_search,email,5
10767,BC,0,paid_social,email,7
10768,AB,0,direct,direct,3
10769,Atlantic,0,affiliate,email,2
10770,BC,0,display,paid_social,4
10771,BC,0,display,organic_search,2
10772,Atlantic,0,paid_search,direct,2
10773,Prairies,1,display,affiliate,3
10774,Atlantic,0,direct,direct,1
10775,AB,0,organic_search,direct,4
10776,Atlantic,0,display,organic_search,5
10777,Prairies,0,affiliate,paid_search,2
10778,AB,0,affiliate,paid_social,5
10779,BC,0,paid_search,display,3
10780,AB,0,email,email,5
10781,Prairies,0,direct,direct,5
10782,QC,0,display,paid_social,2
10783,BC,0,display,email,3
10784,Atlantic,0,display,email,2
10785,AB,0,display,paid_social,3
10786,Prairies,0,paid_social,email,4
10787,AB,0,paid_social,direct,2
10788,ON,0,paid_social,organic_search,6
10789,ON,0,organic_search,paid_search,4
10790,Prairies,0,organic_search,paid_social,4
10791,Atlantic,0,affiliate,organic_search,3
10792,Atlantic,0,email,email,3
10793,Prairies,0,direct,direct,1
10794,AB,0,paid_search,organic_search,2
10795,ON,1,paid_social,affiliate,6
10796,AB,0,paid_search,paid_search,1
10797,Atlantic,0,display,paid_social,5
10798,Prairies,0,paid_social,paid_social,1
10799,BC,0,display,direct,3
10800,Prairies,0,paid_social,direct,2
10801,BC,0,organic_search,organic_search,4
10802,QC,0,paid_search,affiliate,4
10803,AB,0,paid_search,direct,3
10804,Prairies,0,affiliate,email,7
10805,BC,0,display,paid_search,6
10806,BC,1,direct,organic_search,4
10807,ON,1,display,affiliate,6
10808,QC,0,paid_social,paid_search,2
10809,BC,0,display,paid_search,2
10810,QC,0,affiliate,email,5
10811,Prairies,0,paid_search,paid_search,4
10812,AB,0,display,paid_search,5
10813,ON,0,display,organic_search,6
10814,BC,0,display,direct,6
10815,BC,0,display,display,2
10816,Prairies,0,paid_search,affiliate,3
10817,BC,0,affiliate,direct,5
10818,Prairies,0,paid_search,direct,8
10819,BC,0,paid_social,email,3
10820,Atlantic,1,organic_search,email,5
10821,Atlantic,1,display,display,5
10822,Atlantic,0,organic_search,paid_search,3
10823,ON,0,display,paid_search,4
10824,AB,0,paid_social,organic_search,6
10825,ON,0,paid_search,paid_search,7
10826,ON,0,affiliate,organic_search,3
10827,QC,0,paid_social,paid_search,2
10828,ON,0,display,email,3
10829,BC,0,organic_search,organic_search,7
10830,ON,0,organic_search,email,2
10831,BC,0,display,direct,3
10832,Atlantic,0,display,direct,3
10833,Atlantic,0,display,direct,3
10834,Prairies,0,organic_search,email,5
10835,Atlantic,0,paid_search,affiliate,4
10836,Prairies,0,paid_social,direct,2
10837,QC,0,paid_social,direct,3
10838,AB,0,paid_social,paid_search,5
10839,Atlantic,0,paid_social,organic_search,2
10840,QC,0,display,direct,3
10841,QC,0,display,organic_search,4
10842,Prairies,0,paid_social,display,4
10843,AB,0,display,affiliate,5
10844,AB,0,email,paid_search,5
10845,QC,0,paid_search,email,6
10846,Prairies,0,paid_social,organic_search,7
10847,Prairies,0,direct,direct,4
10848,AB,0,paid_social,direct,4
10849,BC,0,paid_social,paid_search,3
10850,QC,0,organic_search,paid_search,5
10851,AB,0,display,email,4
10852,ON,0,organic_search,organic_search,3
10853,QC,0,paid_search,paid_search,6
10854,Prairies,0,organic_search,organic_search,2
10855,ON,0,organic_search,direct,5
10856,QC,0,paid_social,direct,3
10857,Prairies,0,direct,paid_social,2
10858,BC,0,display,organic_search,5
10859,Atlantic,0,display,direct,5
10860,QC,0,affiliate,affiliate,2
10861,QC,1,organic_search,paid_search,5
10862,Prairies,0,affiliate,email,4
10863,QC,1,paid_search,paid_social,3
10864,Atlantic,0,display,direct,5
10865,AB,1,paid_search,direct,3
10866,Prairies,0,organic_search,paid_social,4
10867,Atlantic,0,display,paid_search,2
10868,Prairies,0,organic_search,paid_search,3
10869,Prairies,0,organic_search,direct,2
10870,Prairies,0,paid_social,affiliate,3
10871,Prairies,0,paid_search,paid_search,3
10872,Atlantic,0,organic_search,email,2
10873,Prairies,0,affiliate,email,4
10874,ON,0,paid_social,paid_search,3
10875,QC,1,display,direct,7
10876,QC,0,organic_search,email,3
10877,AB,1,paid_search,paid_search,1
10878,Atlantic,0,display,direct,4
10879,ON,0,direct,email,6
10880,ON,0,affiliate,email,3
10881,BC,0,affiliate,email,10
10882,BC,0,paid_search,email,2
10883,Atlantic,0,direct,direct,3
10884,AB,0,direct,paid_search,6
10885,Prairies,0,display,direct,4
10886,ON,0,display,direct,2
10887,QC,0,paid_search,paid_search,2
10888,ON,0,organic_search,direct,3
10889,Prairies,0,display,paid_social,5
10890,Atlantic,0,paid_social,paid_social,2
10891,AB,0,paid_social,direct,2
10892,QC,0,organic_search,affiliate,6
10893,Atlantic,0,paid_social,direct,2
10894,BC,0,email,email,1
10895,ON,0,paid_social,paid_search,3
10896,BC,0,paid_search,email,2
10897,Atlantic,0,paid_search,email,3
10898,BC,0,display,affiliate,4
10899,Atlantic,0,display,email,3
10900,Atlantic,0,organic_search,email,2
10901,QC,0,display,display,1
10902,QC,0,display,paid_search,5
10903,QC,0,display,organic_search,2
10904,QC,0,paid_social,affiliate,4
10905,ON,0,paid_search,direct,3
10906,BC,0,paid_social,email,3
10907,ON,0,organic_search,affiliate,2
10908,Prairies,0,paid_social,display,2
10909,AB,0,display,affiliate,6
10910,ON,0,organic_search,organic_search,6
10911,BC,0,paid_social,email,5
10912,Atlantic,0,display,paid_search,5
10913,BC,0,paid_social,email,2
10914,QC,1,organic_search,affiliate,3
10915,QC,0,paid_social,direct,4
10916,QC,0,paid_search,email,4
10917,ON,1,paid_search,email,5
10918,QC,1,display,paid_search,5
10919,Prairies,1,display,direct,6
10920,ON,0,paid_search,organic_search,3
10921,Atlantic,0,paid_search,organic_search,2
10922,Prairies,0,display,paid_social,4
10923,ON,0,paid_search,affiliate,6
10924,AB,0,paid_search,paid_search,5
10925,Prairies,0,display,organic_search,4
10926,AB,0,direct,direct,1
10927,AB,0,organic_search,affiliate,3
10928,Atlantic,0,paid_social,display,3
10929,ON,1,organic_search,direct,3
10930,QC,0,display,email,7
10931,BC,0,display,direct,3
10932,QC,1,display,email,3
10933,Prairies,0,organic_search,display,3
10934,ON,0,paid_social,affiliate,2
10935,Atlantic,0,display,email,3
10936,Prairies,0,affiliate,email,2
10937,Prairies,0,organic_search,affiliate,2
10938,Prairies,1,display,email,6
10939,AB,0,paid_search,direct,5
10940,Atlantic,0,paid_social,direct,3
10941,Prairies,1,affiliate,organic_search,4
10942,QC,0,affiliate,affiliate,5
10943,AB,1,paid_social,paid_search,3
10944,AB,0,organic_search,direct,3
10945,Atlantic,0,display,email,3
10946,ON,1,display,paid_search,4
10947,QC,1,paid_search,paid_search,3
10948,Prairies,0,display,display,3
10949,AB,0,direct,direct,4
10950,QC,0,display,email,5
10951,QC,0,affiliate,paid_social,4
10952,Atlantic,0,display,paid_search,6
10953,BC,0,paid_social,direct,2
10954,AB,1,display,affiliate,8
10955,QC,0,organic_search,affiliate,3
10956,AB,0,paid_social,affiliate,2
10957,BC,0,direct,paid_search,5
10958,BC,0,paid_social,direct,3
10959,ON,0,organic_search,paid_social,2
10960,QC,0,paid_social,paid_social,5
10961,AB,0,display,affiliate,2
10962,AB,0,organic_search,paid_search,4
10963,BC,0,email,paid_search,3
10964,Prairies,0,organic_search,direct,3
10965,Prairies,0,paid_social,direct,3
10966,Prairies,0,organic_search,direct,3
10967,BC,0,display,direct,3
10968,ON,1,paid_social,paid_social,2
10969,Prairies,0,affiliate,direct,4
10970,Prairies,0,organic_search,organic_search,3
10971,BC,0,display,direct,3
10972,ON,1,affiliate,direct,3
10973,ON,0,paid_social,display,8
10974,BC,0,paid_social,paid_social,3
10975,ON,0,display,paid_search,3
10976,Atlantic,0,organic_search,organic_search,3
10977,ON,0,paid_social,organic_search,2
10978,QC,1,organic_search,organic_search,5
10979,Atlantic,0,display,display,4
10980,BC,0,paid_social,paid_social,1
10981,Prairies,0,affiliate,affiliate,1
10982,ON,0,display,display,1
10983,Atlantic,0,paid_social,direct,4
10984,Prairies,0,organic_search,affiliate,2
10985,BC,0,organic_search,organic_search,2
10986,Prairies,0,paid_social,direct,4
10987,ON,0,direct,direct,1
10988,ON,0,paid_search,paid_search,4
10989,Prairies,0,display,paid_search,4
10990,QC,0,display,paid_social,3
10991,BC,1,display,email,2
10992,BC,0,affiliate,paid_search,4
10993,Prairies,0,organic_search,email,3
10994,AB,1,affiliate,organic_search,3
10995,Prairies,0,paid_social,paid_search,3
10996,ON,0,organic_search,email,6
10997,BC,0,paid_search,direct,4
10998,ON,0,display,paid_social,4
10999,ON,1,organic_search,email,2
11000,QC,0,organic_search,paid_search,6
11001,ON,0,display,organic_search,3
11002,AB,0,display,display,3
11003,AB,0,paid_social,paid_social,3
11004,ON,0,paid_social,paid_search,7
11005,ON,1,organic_search,email,3
11006,Atlantic,0,paid_social,direct,3
11007,Atlantic,0,display,direct,6
11008,QC,0,paid_search,email,4
11009,QC,0,affiliate,affiliate,4
11010,QC,0,display,affiliate,5
11011,BC,0,paid_social,paid_search,2
11012,ON,0,affiliate,affiliate,1
11013,AB,0,organic_search,affiliate,4
11014,BC,0,display,affiliate,4
11015,Prairies,0,organic_search,direct,4
11016,BC,0,paid_social,paid_search,6
11017,QC,0,paid_search,email,4
11018,ON,0,organic_search,affiliate,4
11019,Atlantic,1,direct,organic_search,6
11020,BC,0,organic_search,paid_search,3
11021,Atlantic,0,direct,paid_search,3
11022,ON,0,paid_social,affiliate,4
11023,QC,0,display,affiliate,3
11024,ON,0,paid_social,direct,4
11025,Prairies,0,display,direct,4
11026,QC,0,paid_search,affiliate,2
11027,AB,0,direct,email,2
11028,QC,0,affiliate,paid_search,3
11029,QC,0,display,paid_search,5
11030,BC,0,paid_social,direct,7
11031,AB,0,display,organic_search,2
11032,QC,0,paid_search,email,3
11033,BC,1,paid_social,email,4
11034,BC,0,paid_social,email,4
11035,ON,1,paid_social,paid_search,5
11036,Atlantic,0,paid_social,email,4
11037,Atlantic,0,paid_search,affiliate,4
11038,Prairies,0,paid_search,direct,3
11039,BC,0,email,direct,3
11040,Prairies,0,direct,email,4
11041,ON,0,paid_social,affiliate,3
11042,BC,0,email,email,1
11043,AB,0,affiliate,affiliate,1
11044,QC,0,paid_social,affiliate,5
11045,Prairies,0,affiliate,direct,3
11046,BC,0,paid_social,direct,6
11047,Prairies,0,direct,direct,4
11048,AB,0,organic_search,paid_social,3
11049,Atlantic,0,organic_search,paid_search,5
11050,QC,0,paid_social,paid_search,4
11051,AB,0,affiliate,paid_social,5
11052,BC,0,display,direct,4
11053,Atlantic,0,paid_search,email,2
11054,BC,0,paid_search,paid_social,4
11055,Atlantic,0,paid_search,affiliate,4
11056,QC,0,display,direct,3
11057,AB,0,display,organic_search,2
11058,BC,0,affiliate,affiliate,1
11059,QC,1,organic_search,affiliate,2
11060,QC,0,email,paid_search,6
11061,AB,0,display,email,6
11062,Atlantic,0,paid_search,direct,6
11063,ON,0,display,display,2
11064,Prairies,0,affiliate,email,3
11065,ON,0,email,display,5
11066,AB,0,display,paid_search,5
11067,Prairies,1,organic_search,paid_social,4
11068,ON,0,paid_search,email,7
11069,BC,0,paid_search,affiliate,6
11070,QC,0,direct,direct,2
11071,AB,0,paid_search,paid_search,6
11072,QC,0,paid_search,paid_search,1
11073,Prairies,0,display,affiliate,3
11074,BC,0,affiliate,organic_search,2
11075,QC,0,paid_search,affiliate,5
11076,Atlantic,1,email,paid_search,5
11077,QC,0,display,email,3
11078,QC,0,display,paid_search,4
11079,QC,0,paid_search,display,3
11080,Prairies,0,paid_social,email,3
11081,Prairies,0,affiliate,direct,3
11082,Atlantic,0,paid_social,direct,3
11083,ON,0,affiliate,direct,5
11084,ON,0,organic_search,paid_search,2
11085,ON,0,paid_social,paid_search,3
11086,AB,1,organic_search,direct,4
11087,AB,0,paid_search,affiliate,2
11088,BC,0,paid_social,direct,2
11089,Prairies,0,organic_search,affiliate,3
11090,AB,0,direct,direct,4
11091,Prairies,0,paid_social,paid_search,5
11092,Prairies,0,direct,direct,4
11093,BC,0,affiliate,affiliate,1
11094,ON,0,organic_search,organic_search,3
11095,ON,0,organic_search,direct,4
11096,Atlantic,0,display,paid_social,6
11097,Atlantic,0,display,direct,2
11098,Atlantic,0,display,organic_search,4
11099,AB,0,organic_search,paid_social,2
11100,BC,0,display,email,3
11101,AB,0,organic_search,affiliate,2
11102,QC,0,paid_social,email,2
11103,AB,1,paid_social,paid_search,4
11104,Prairies,1,paid_social,paid_search,3
11105,ON,0,paid_social,direct,7
11106,AB,0,paid_social,direct,8
11107,AB,0,paid_social,organic_search,3
11108,QC,0,direct,paid_search,5
11109,BC,1,paid_search,direct,6
11110,Atlantic,0,organic_search,paid_search,2
11111,Atlantic,1,display,paid_search,5
11112,Atlantic,0,organic_search,direct,5
11113,BC,1,organic_search,paid_search,2
11114,ON,0,paid_search,direct,2
11115,BC,0,paid_social,email,3
11116,BC,0,affiliate,organic_search,6
11117,Atlantic,1,display,organic_search,5
11118,Prairies,0,paid_social,paid_social,3
11119,AB,0,display,email,5
11120,BC,0,display,email,2
11121,Atlantic,0,display,direct,3
11122,AB,0,paid_social,email,3
11123,QC,0,display,email,3
11124,BC,0,paid_social,organic_search,5
11125,BC,0,paid_search,direct,3
11126,BC,1,organic_search,affiliate,2
11127,QC,0,paid_search,paid_search,1
11128,ON,0,direct,direct,1
11129,Prairies,0,paid_social,email,3
11130,Atlantic,0,display,direct,2
11131,Prairies,0,display,affiliate,4
11132,ON,0,paid_search,direct,4
11133,Prairies,0,display,direct,5
11134,Atlantic,0,paid_social,direct,3
11135,BC,1,paid_social,affiliate,3
11136,Prairies,0,display,direct,4
11137,QC,0,organic_search,organic_search,1
11138,QC,0,paid_search,email,3
11139,Atlantic,0,paid_social,organic_search,3
11140,ON,0,paid_social,paid_search,3
11141,BC,0,display,paid_search,2
11142,AB,0,paid_social,direct,4
11143,Atlantic,0,paid_social,direct,3
11144,QC,0,paid_search,email,4
11145,BC,0,paid_search,paid_search,6
11146,Prairies,0,display,paid_search,3
11147,Atlantic,0,display,paid_search,2
11148,Atlantic,0,paid_social,organic_search,5
11149,QC,0,display,direct,3
11150,Prairies,0,direct,paid_social,2
11151,Atlantic,0,display,paid_search,5
11152,ON,1,paid_social,direct,2
11153,ON,1,display,organic_search,3
11154,ON,0,paid_social,paid_social,3
11155,AB,0,display,email,3
11156,AB,0,display,paid_search,5
11157,Atlantic,0,affiliate,direct,4
11158,BC,0,organic_search,paid_search,2
11159,BC,1,display,affiliate,3
11160,BC,0,paid_search,email,5
11161,Prairies,0,paid_social,affiliate,3
11162,BC,0,paid_search,email,3
11163,QC,0,direct,direct,6
11164,QC,0,display,organic_search,4
11165,AB,0,paid_social,email,2
11166,AB,0,display,paid_search,3
11167,ON,1,paid_search,email,4
11168,AB,0,display,display,1
11169,QC,0,paid_social,paid_search,5
11170,QC,0,affiliate,paid_social,5
11171,ON,0,email,direct,5
11172,QC,0,paid_search,email,3
11173,AB,0,paid_social,affiliate,3
11174,BC,0,display,organic_search,3
11175,AB,1,display,email,2
11176,AB,0,paid_social,organic_search,3
11177,AB,0,display,display,2
11178,ON,0,display,email,5
11179,Atlantic,0,paid_social,display,7
11180,ON,0,paid_search,paid_search,4
11181,BC,1,paid_search,paid_social,5
11182,Prairies,0,organic_search,direct,3
11183,Prairies,0,paid_social,paid_search,4
11184,BC,0,organic_search,direct,6
11185,Atlantic,0,display,direct,4
11186,AB,0,paid_social,direct,7
11187,BC,0,organic_search,paid_search,2
11188,ON,0,paid_social,paid_search,5
11189,Atlantic,0,organic_search,paid_search,5
11190,Prairies,0,direct,organic_search,8
11191,Atlantic,0,organic_search,direct,4
11192,Atlantic,0,display,affiliate,3
11193,QC,1,organic_search,paid_search,3
11194,ON,0,paid_social,direct,3
11195,Prairies,0,display,display,2
11196,QC,0,direct,paid_social,3
11197,Prairies,0,affiliate,direct,2
11198,QC,0,organic_search,paid_search,3
11199,BC,0,display,paid_search,3
11200,Prairies,0,display,direct,5
11201,Atlantic,0,display,direct,3
11202,ON,0,paid_social,affiliate,3
11203,QC,0,organic_search,paid_search,5
11204,BC,0,display,email,4
11205,Prairies,1,email,paid_search,5
11206,BC,1,paid_search,display,5
11207,Prairies,1,affiliate,organic_search,4
11208,AB,0,paid_search,affiliate,2
11209,Prairies,0,direct,direct,5
11210,Atlantic,0,display,email,3
11211,AB,0,paid_search,paid_search,3
11212,Prairies,0,paid_social,direct,7
11213,BC,0,direct,email,2
11214,AB,0,paid_search,organic_search,4
11215,AB,0,paid_search,paid_social,2
11216,QC,0,display,direct,2
11217,AB,0,paid_social,email,2
11218,AB,0,affiliate,affiliate,4
11219,Atlantic,0,affiliate,paid_social,5
11220,Prairies,0,direct,direct,4
11221,ON,0,paid_search,paid_social,8
11222,Atlantic,0,organic_search,email,4
11223,QC,0,organic_search,organic_search,3
11224,ON,0,paid_social,email,3
11225,Atlantic,0,organic_search,email,3
11226,AB,1,organic_search,email,2
11227,ON,1,paid_search,organic_search,5
11228,BC,0,display,affiliate,7
11229,AB,1,organic_search,email,3
11230,Prairies,0,paid_search,paid_search,5
11231,QC,1,organic_search,direct,2
11232,ON,0,organic_search,paid_search,3
11233,Prairies,0,email,email,3
11234,QC,0,paid_search,display,3
11235,Prairies,0,display,email,2
11236,Atlantic,0,display,paid_social,4
11237,QC,0,display,affiliate,6
11238,Atlantic,0,affiliate,email,5
11239,Atlantic,0,organic_search,paid_search,5
11240,QC,0,affiliate,paid_search,3
11241,Atlantic,0,paid_search,paid_search,2
11242,BC,0,paid_social,paid_search,3
11243,AB,0,paid_social,direct,3
11244,AB,1,display,paid_search,6
11245,QC,1,paid_search,paid_search,1
11246,Atlantic,0,direct,direct,1
11247,AB,0,affiliate,paid_social,8
11248,ON,0,organic_search,direct,4
11249,AB,0,organic_search,email,4
11250,Atlantic,0,organic_search,paid_search,5
11251,BC,0,direct,email,4
11252,Prairies,0,affiliate,direct,2
11253,BC,0,affiliate,paid_social,4
11254,Atlantic,1,display,email,4
11255,ON,0,affiliate,organic_search,2
11256,QC,0,display,paid_search,5
11257,BC,1,paid_search,email,3
11258,Prairies,0,display,organic_search,3
11259,AB,0,display,display,1
11260,BC,0,organic_search,paid_search,4
11261,Prairies,0,organic_search,direct,3
11262,Prairies,0,organic_search,affiliate,4
11263,AB,0,paid_social,organic_search,4
11264,QC,0,organic_search,direct,2
11265,BC,0,display,email,3
11266,Atlantic,0,email,email,3
11267,ON,0,paid_social,direct,2
11268,BC,0,paid_search,organic_search,6
11269,QC,1,paid_search,affiliate,6
11270,Atlantic,0,affiliate,affiliate,1
11271,BC,1,affiliate,direct,6
11272,Prairies,1,paid_social,email,3
11273,ON,0,organic_search,email,5
11274,AB,0,paid_social,paid_search,5
11275,Atlantic,0,organic_search,paid_search,4
11276,AB,0,paid_search,direct,2
11277,Prairies,0,direct,direct,1
11278,ON,0,paid_search,organic_search,4
11279,QC,0,display,display,3
11280,QC,0,display,email,2
11281,ON,0,organic_search,paid_search,4
11282,Atlantic,0,affiliate,direct,4
11283,Prairies,0,affiliate,email,2
11284,Prairies,0,paid_social,display,5
11285,QC,0,display,affiliate,6
11286,Atlantic,1,paid_search,direct,5
11287,ON,0,paid_search,paid_social,5
11288,BC,0,affiliate,organic_search,3
11289,BC,0,display,paid_search,4
11290,AB,0,display,direct,5
11291,BC,1,organic_search,affiliate,5
11292,AB,0,paid_social,direct,3
11293,BC,0,paid_social,paid_social,1
11294,Prairies,0,paid_social,email,5
11295,Prairies,0,paid_social,direct,5
11296,BC,0,display,paid_search,4
11297,BC,0,paid_social,organic_search,2
11298,ON,0,display,direct,3
11299,BC,0,display,email,3
11300,BC,0,display,email,3
11301,AB,0,display,organic_search,6
11302,Atlantic,0,paid_social,paid_search,3
11303,Prairies,0,affiliate,paid_search,2
11304,Prairies,0,organic_search,paid_search,4
11305,BC,0,affiliate,paid_search,4
11306,Prairies,0,paid_search,organic_search,2
11307,BC,0,organic_search,organic_search,3
11308,QC,0,display,direct,3
11309,Atlantic,0,paid_search,email,3
11310,AB,0,display,direct,6
11311,AB,0,paid_social,organic_search,3
11312,ON,0,affiliate,email,3
11313,BC,0,display,affiliate,2
11314,BC,0,display,paid_search,4
11315,Prairies,0,affiliate,organic_search,5
11316,Prairies,0,paid_search,organic_search,6
11317,AB,0,display,direct,3
11318,Atlantic,0,paid_social,paid_search,2
11319,AB,0,display,email,2
11320,AB,0,display,email,5
11321,Atlantic,0,direct,direct,3
11322,ON,0,paid_social,paid_search,2
11323,Atlantic,0,display,paid_social,4
11324,ON,0,paid_social,direct,4
11325,BC,0,paid_social,paid_search,2
11326,ON,0,display,affiliate,5
11327,BC,0,organic_search,organic_search,2
11328,Atlantic,0,organic_search,direct,3
11329,AB,0,organic_search,organic_search,5
11330,ON,0,paid_social,direct,2
11331,AB,0,paid_social,paid_social,4
11332,AB,0,organic_search,affiliate,3
11333,QC,0,paid_search,email,3
11334,AB,0,paid_search,affiliate,4
11335,BC,0,affiliate,affiliate,5
11336,Prairies,0,paid_social,paid_social,3
11337,Prairies,0,display,paid_search,4
11338,Prairies,0,paid_social,display,5
11339,Atlantic,0,organic_search,organic_search,4
11340,AB,0,display,paid_search,3
11341,Atlantic,0,display,email,3
11342,ON,0,paid_social,paid_search,2
11343,Prairies,0,paid_search,affiliate,2
11344,Prairies,0,paid_social,email,2
11345,ON,1,paid_social,direct,3
11346,Prairies,0,display,paid_search,4
11347,Prairies,0,paid_social,organic_search,5
11348,AB,0,paid_social,direct,4
11349,AB,0,display,paid_search,4
11350,BC,0,direct,direct,1
11351,BC,0,organic_search,email,4
11352,ON,0,organic_search,affiliate,8
11353,QC,0,paid_social,organic_search,4
11354,QC,0,display,direct,2
11355,BC,0,display,direct,2
11356,Prairies,0,direct,direct,1
11357,Atlantic,0,display,paid_search,2
11358,QC,0,display,direct,5
11359,AB,0,paid_social,email,5
11360,AB,0,display,display,4
11361,AB,1,organic_search,direct,3
11362,Atlantic,0,display,email,2
11363,Prairies,0,organic_search,paid_search,4
11364,Prairies,0,email,email,1
11365,AB,0,paid_social,direct,2
11366,Prairies,0,email,direct,2
11367,QC,1,affiliate,organic_search,5
11368,Prairies,0,email,email,1
11369,Atlantic,0,paid_social,paid_search,2
11370,AB,0,direct,affiliate,7
11371,AB,0,direct,direct,5
11372,AB,0,organic_search,organic_search,1
11373,QC,0,affiliate,affiliate,1
11374,Atlantic,0,paid_search,paid_search,1
11375,ON,0,display,paid_search,2
11376,Prairies,0,direct,direct,1
11377,Prairies,0,paid_social,direct,6
11378,AB,0,direct,paid_search,3
11379,QC,1,email,email,1
11380,BC,0,display,paid_social,4
11381,QC,0,organic_search,affiliate,4
11382,AB,0,display,affiliate,3
11383,ON,0,display,display,5
11384,Prairies,0,organic_search,paid_search,2
11385,Atlantic,0,paid_search,email,3
11386,AB,0,display,direct,5
11387,AB,0,paid_search,affiliate,3
11388,ON,0,paid_social,organic_search,2
11389,Prairies,0,organic_search,organic_search,3
11390,QC,0,paid_social,organic_search,7
11391,AB,0,direct,affiliate,5
11392,QC,0,paid_social,paid_search,3
11393,AB,0,display,display,1
11394,BC,0,direct,direct,4
11395,ON,1,paid_social,email,5
11396,QC,0,direct,organic_search,5
11397,QC,1,display,email,4
11398,Prairies,0,paid_social,affiliate,3
11399,Prairies,0,display,direct,5
11400,BC,0,direct,direct,1
11401,BC,0,organic_search,organic_search,2
11402,Atlantic,0,paid_search,email,3
11403,ON,0,display,direct,7
11404,ON,0,direct,direct,8
11405,QC,0,organic_search,paid_search,5
11406,AB,0,display,email,2
11407,ON,1,affiliate,direct,3
11408,BC,1,organic_search,direct,3
11409,Atlantic,0,display,direct,4
11410,QC,0,direct,direct,1
11411,Prairies,0,display,direct,5
11412,QC,0,display,affiliate,2
11413,QC,0,organic_search,affiliate,2
11414,Atlantic,0,paid_social,paid_social,3
11415,Prairies,0,organic_search,direct,3
11416,Atlantic,0,paid_social,paid_search,3
11417,QC,0,paid_social,paid_search,4
11418,AB,1,paid_search,paid_search,1
11419,Prairies,0,organic_search,direct,6
11420,BC,0,display,display,2
11421,QC,0,display,direct,4
11422,QC,0,display,direct,2
11423,QC,0,paid_search,direct,3
11424,BC,1,paid_social,paid_search,4
11425,BC,0,paid_social,direct,3
11426,Atlantic,0,paid_search,email,2
11427,ON,0,display,email,4
11428,ON,0,affiliate,direct,3
11429,QC,1,paid_social,email,2
11430,ON,1,paid_social,paid_search,7
11431,BC,0,organic_search,organic_search,1
11432,Prairies,0,paid_search,affiliate,5
11433,Atlantic,0,display,direct,5
11434,BC,0,paid_social,paid_search,4
11435,Atlantic,0,organic_search,email,4
11436,QC,0,organic_search,affiliate,2
11437,QC,1,organic_search,organic_search,1
11438,Atlantic,0,direct,direct,1
11439,Atlantic,1,paid_social,organic_search,3
11440,QC,0,display,direct,2
11441,AB,0,direct,direct,1
11442,AB,0,paid_search,paid_search,1
11443,AB,0,email,direct,2
11444,QC,0,display,direct,6
11445,Prairies,0,display,affiliate,9
11446,ON,0,paid_social,paid_search,3
11447,QC,0,affiliate,direct,5
11448,QC,0,paid_social,email,4
11449,AB,0,display,affiliate,4
11450,ON,0,paid_search,email,3
11451,Prairies,0,paid_social,direct,4
11452,QC,0,display,affiliate,3
11453,Prairies,0,paid_social,email,3
11454,Atlantic,0,email,organic_search,3
11455,BC,1,direct,paid_search,3
11456,ON,0,paid_social,paid_search,2
11457,AB,1,paid_search,paid_social,5
11458,Prairies,0,display,direct,3
11459,QC,0,direct,direct,4
11460,Atlantic,0,paid_social,email,5
11461,AB,1,organic_search,organic_search,3
11462,ON,1,email,paid_search,3
11463,Prairies,0,paid_search,paid_social,2
11464,QC,0,display,organic_search,8
11465,AB,0,affiliate,paid_search,2
11466,Atlantic,1,organic_search,organic_search,5
11467,Atlantic,0,paid_social,direct,5
11468,Atlantic,0,display,paid_social,7
11469,Prairies,0,paid_search,paid_social,3
11470,Prairies,1,email,paid_search,4
11471,BC,0,paid_social,paid_search,4
11472,Atlantic,0,paid_social,email,3
11473,Atlantic,0,affiliate,affiliate,5
11474,AB,0,affiliate,direct,3
11475,Atlantic,1,affiliate,paid_search,2
11476,Atlantic,0,paid_search,paid_search,4
11477,BC,0,display,direct,2
11478,ON,0,affiliate,paid_search,5
11479,Prairies,0,paid_search,paid_search,1
11480,BC,0,paid_social,email,5
11481,BC,0,display,paid_social,6
11482,BC,0,direct,affiliate,5
11483,ON,0,display,email,4
11484,AB,1,paid_social,paid_social,4
11485,QC,0,paid_search,email,4
11486,QC,0,paid_social,organic_search,2
11487,AB,0,affiliate,direct,3
11488,Atlantic,1,paid_search,direct,5
11489,AB,0,display,email,8
11490,BC,0,display,email,2
11491,AB,0,affiliate,paid_search,4
11492,ON,0,organic_search,direct,5
11493,Atlantic,0,email,direct,9
11494,Prairies,0,organic_search,paid_search,5
11495,Atlantic,0,display,organic_search,3
11496,BC,0,display,direct,5
11497,Atlantic,0,display,email,5
11498,AB,0,paid_social,email,6
11499,AB,0,paid_search,paid_social,3
11500,BC,0,affiliate,direct,3
11501,Prairies,0,display,display,2
11502,QC,0,organic_search,paid_search,6
11503,Prairies,0,direct,affiliate,3
11504,Prairies,0,paid_social,email,3
11505,AB,0,paid_search,affiliate,4
11506,AB,0,display,organic_search,5
11507,QC,0,display,direct,2
11508,AB,0,organic_search,paid_social,5
11509,Atlantic,0,display,direct,4
11510,Atlantic,0,organic_search,email,5
11511,AB,0,direct,organic_search,3
11512,Prairies,0,display,email,3
11513,Atlantic,0,paid_social,direct,4
11514,QC,0,display,paid_search,2
11515,Prairies,0,paid_social,paid_social,3
11516,Prairies,0,paid_social,organic_search,3
11517,Atlantic,0,display,direct,3
11518,ON,0,display,direct,2
11519,Prairies,1,email,direct,5
11520,Atlantic,0,paid_social,paid_search,4
11521,QC,0,paid_search,affiliate,5
11522,BC,0,paid_social,paid_search,2
11523,Atlantic,0,paid_social,affiliate,2
11524,AB,0,paid_social,paid_search,7
11525,Atlantic,0,display,paid_social,7
11526,BC,0,paid_social,direct,4
11527,ON,0,paid_social,direct,2
11528,BC,0,display,email,4
11529,AB,0,organic_search,paid_social,9
11530,BC,0,affiliate,email,2
11531,Atlantic,0,display,affiliate,3
11532,QC,0,display,paid_search,4
11533,BC,0,display,email,3
11534,Prairies,0,affiliate,affiliate,1
11535,Atlantic,0,paid_social,direct,7
11536,Atlantic,0,display,direct,6
11537,BC,0,organic_search,direct,4
11538,Atlantic,0,display,email,3
11539,AB,0,display,display,4
11540,Prairies,0,direct,email,7
11541,QC,0,paid_social,direct,4
11542,Atlantic,0,paid_social,affiliate,3
11543,Prairies,0,paid_search,paid_social,2
11544,AB,0,paid_search,email,3
11545,AB,0,display,paid_search,2
11546,QC,0,display,organic_search,3
11547,BC,0,display,direct,3
11548,Atlantic,0,paid_search,paid_search,1
11549,Atlantic,0,affiliate,organic_search,2
11550,AB,0,affiliate,affiliate,1
11551,Prairies,0,display,paid_social,5
11552,BC,0,paid_social,affiliate,2
11553,QC,0,organic_search,display,4
11554,QC,0,paid_social,paid_social,1
11555,Atlantic,0,display,email,2
11556,Atlantic,0,direct,direct,1
11557,Prairies,1,paid_social,paid_search,4
11558,BC,0,paid_social,direct,2
11559,Prairies,0,display,direct,5
11560,ON,0,paid_social,affiliate,6
11561,QC,0,organic_search,direct,4
11562,QC,0,organic_search,direct,2
11563,QC,0,display,paid_search,5
11564,Prairies,0,paid_search,paid_search,1
11565,Atlantic,1,paid_search,organic_search,4
11566,AB,0,paid_search,paid_social,8
11567,QC,0,display,email,3
11568,Prairies,0,paid_social,affiliate,2
11569,ON,0,paid_social,direct,2
11570,ON,0,paid_search,paid_search,3
11571,QC,1,display,paid_social,4
11572,AB,0,paid_social,organic_search,2
11573,QC,0,paid_search,direct,2
11574,ON,0,display,paid_search,3
11575,Atlantic,0,display,direct,2
11576,QC,0,display,affiliate,2
11577,AB,0,organic_search,affiliate,5
11578,Atlantic,0,display,email,2
11579,BC,0,organic_search,email,5
11580,AB,0,display,direct,3
11581,Prairies,1,organic_search,direct,3
11582,QC,0,affiliate,paid_search,3
11583,Atlantic,1,paid_search,direct,4
11584,Atlantic,0,paid_search,paid_search,1
11585,BC,0,affiliate,direct,2
11586,QC,0,display,email,4
11587,Prairies,0,affiliate,paid_search,4
11588,AB,0,paid_social,paid_social,3
11589,ON,0,paid_search,email,5
11590,BC,0,affiliate,direct,3
11591,QC,0,paid_search,affiliate,5
11592,ON,0,organic_search,direct,4
11593,Atlantic,0,affiliate,affiliate,5
11594,ON,0,email,affiliate,4
11595,Atlantic,0,affiliate,email,3
11596,BC,0,paid_social,paid_search,2
11597,QC,0,organic_search,direct,2
11598,Prairies,1,affiliate,email,4
11599,QC,0,organic_search,direct,3
11600,AB,0,display,email,5
11601,Prairies,0,organic_search,paid_search,3
11602,ON,0,paid_search,paid_search,3
11603,Atlantic,0,paid_search,affiliate,5
11604,Prairies,0,affiliate,affiliate,1
11605,AB,0,display,paid_social,4
11606,Prairies,0,direct,direct,1
11607,BC,1,paid_search,paid_search,1
11608,BC,1,display,affiliate,2
11609,Prairies,0,organic_search,paid_social,3
11610,ON,0,organic_search,organic_search,1
11611,Prairies,0,organic_search,direct,2
11612,Prairies,0,organic_search,direct,3
11613,Prairies,0,organic_search,organic_search,5
11614,QC,0,paid_social,paid_search,3
11615,QC,0,display,paid_social,4
11616,QC,0,direct,affiliate,5
11617,ON,1,display,email,3
11618,AB,0,paid_search,direct,4
11619,BC,0,display,display,4
11620,Atlantic,0,paid_social,email,4
11621,QC,0,paid_search,paid_search,3
11622,BC,1,display,paid_search,6
11623,ON,0,paid_social,direct,3
11624,Atlantic,0,affiliate,direct,3
11625,Atlantic,0,organic_search,email,5
11626,ON,0,display,paid_search,2
11627,QC,0,paid_social,organic_search,4
11628,QC,0,display,email,4
11629,Prairies,0,organic_search,paid_social,3
11630,BC,0,paid_social,paid_search,5
11631,Prairies,0,display,direct,3
11632,BC,0,paid_social,direct,3
11633,Prairies,0,display,direct,3
11634,Prairies,0,paid_social,direct,2
11635,AB,0,display,affiliate,4
11636,QC,0,paid_search,direct,6
11637,AB,0,paid_social,direct,3
11638,BC,0,paid_search,paid_search,1
11639,Prairies,0,paid_social,email,5
11640,Prairies,1,paid_social,paid_social,5
11641,BC,0,display,email,2
11642,BC,0,organic_search,direct,3
11643,AB,1,display,paid_search,3
11644,Atlantic,0,display,organic_search,2
11645,Prairies,0,organic_search,email,6
11646,AB,0,direct,direct,1
11647,Atlantic,0,display,direct,4
11648,Prairies,0,paid_social,affiliate,5
11649,Atlantic,0,display,email,3
11650,QC,0,organic_search,affiliate,4
11651,ON,0,organic_search,email,5
11652,BC,0,display,direct,4
11653,ON,0,paid_search,paid_search,2
11654,BC,0,paid_social,paid_search,3
11655,Atlantic,0,paid_social,paid_search,3
11656,Prairies,1,display,affiliate,7
11657,QC,0,affiliate,direct,6
11658,AB,0,paid_search,organic_search,2
11659,BC,0,paid_search,paid_search,1
11660,Atlantic,0,display,email,3
11661,QC,0,display,paid_search,4
11662,Atlantic,1,paid_search,paid_search,1
11663,AB,0,paid_social,email,2
11664,Atlantic,1,display,direct,3
11665,Prairies,0,paid_social,direct,3
11666,AB,0,paid_social,organic_search,3
11667,Prairies,1,paid_social,email,5
11668,Prairies,0,paid_search,email,3
11669,QC,0,email,email,1
11670,QC,1,display,paid_search,4
11671,AB,0,organic_search,paid_search,3
11672,Prairies,0,organic_search,direct,3
11673,QC,0,paid_search,paid_search,5
11674,ON,0,direct,affiliate,3
11675,BC,0,organic_search,organic_search,1
11676,ON,0,organic_search,paid_search,3
11677,Atlantic,1,paid_social,email,6
11678,AB,0,paid_search,paid_search,1
11679,BC,0,display,display,3
11680,Atlantic,0,affiliate,email,3
11681,QC,1,organic_search,paid_search,5
11682,BC,0,direct,direct,1
11683,AB,0,paid_search,affiliate,3
11684,Prairies,0,paid_social,direct,3
11685,AB,0,paid_social,direct,2
11686,AB,0,display,affiliate,4
11687,ON,0,paid_social,paid_social,1
11688,QC,0,affiliate,paid_search,2
11689,Prairies,0,organic_search,paid_search,2
11690,Atlantic,0,affiliate,direct,4
11691,QC,0,direct,direct,2
11692,AB,0,paid_search,email,4
11693,BC,1,paid_social,email,7
11694,BC,0,display,paid_search,3
11695,AB,0,paid_social,direct,4
11696,ON,0,direct,direct,1
11697,AB,0,display,paid_search,4
11698,QC,0,paid_social,paid_social,3
11699,BC,0,paid_search,organic_search,4
11700,Prairies,0,paid_social,organic_search,2
11701,BC,0,display,affiliate,3
11702,Prairies,0,organic_search,email,4
11703,ON,0,paid_search,affiliate,2
11704,Atlantic,0,email,paid_social,3
11705,ON,0,organic_search,organic_search,3
11706,AB,0,paid_search,paid_search,1
11707,BC,0,direct,direct,3
11708,AB,1,email,email,5
11709,Atlantic,0,paid_social,direct,3
11710,AB,0,organic_search,direct,3
11711,Prairies,0,organic_search,paid_social,5
11712,BC,0,direct,organic_search,2
11713,Prairies,0,display,direct,5
11714,Atlantic,0,paid_social,paid_search,5
11715,BC,1,paid_social,email,6
11716,AB,0,display,paid_social,4
11717,ON,1,affiliate,affiliate,1
11718,ON,0,direct,organic_search,3
11719,QC,0,display,affiliate,6
11720,BC,1,affiliate,direct,4
11721,QC,0,paid_social,display,3
11722,Prairies,0,direct,paid_search,4
11723,Atlantic,1,display,email,6
11724,ON,0,paid_search,affiliate,9
11725,Prairies,0,affiliate,direct,4
11726,AB,0,display,paid_search,4
11727,Prairies,0,paid_search,organic_search,4
11728,Atlantic,1,paid_search,paid_social,5
11729,ON,0,paid_social,affiliate,3
11730,Atlantic,0,display,organic_search,4
11731,AB,0,paid_social,paid_search,4
11732,ON,0,organic_search,paid_social,4
11733,Atlantic,0,paid_social,affiliate,5
11734,AB,1,email,organic_search,4
11735,Prairies,0,paid_search,email,5
11736,Prairies,0,paid_search,paid_search,1
11737,QC,0,direct,affiliate,2
11738,BC,0,display,paid_search,4
11739,ON,0,direct,organic_search,3
11740,BC,0,organic_search,paid_search,3
11741,AB,0,affiliate,affiliate,1
11742,AB,1,display,paid_social,4
11743,BC,0,affiliate,direct,4
11744,BC,1,paid_social,affiliate,5
11745,ON,0,affiliate,paid_social,5
11746,BC,0,paid_search,direct,5
11747,Atlantic,0,organic_search,affiliate,6
11748,ON,0,display,paid_search,4
11749,QC,0,paid_social,email,4
11750,ON,0,paid_search,affiliate,3
11751,AB,0,display,email,2
11752,ON,0,display,affiliate,3
11753,Prairies,1,display,direct,3
11754,Atlantic,0,paid_search,direct,4
11755,AB,0,paid_social,direct,6
11756,ON,1,affiliate,direct,7
11757,QC,0,affiliate,direct,4
11758,AB,0,affiliate,affiliate,1
11759,ON,1,organic_search,direct,4
11760,QC,0,organic_search,organic_search,4
11761,AB,0,organic_search,direct,4
11762,BC,0,paid_search,email,2
11763,ON,0,organic_search,affiliate,2
11764,Prairies,0,direct,paid_search,5
11765,ON,0,paid_social,direct,3
11766,ON,0,paid_social,affiliate,5
11767,ON,1,paid_social,email,3
11768,Atlantic,0,display,email,2
11769,AB,0,paid_search,email,3
11770,ON,1,paid_search,organic_search,5
11771,Prairies,0,paid_social,email,3
11772,Atlantic,0,affiliate,email,2
11773,AB,0,affiliate,organic_search,3
11774,Atlantic,0,display,direct,3
11775,Prairies,0,display,organic_search,5
11776,AB,0,organic_search,email,3
11777,QC,0,display,affiliate,3
11778,QC,0,paid_search,paid_search,3
11779,Atlantic,0,display,email,3
11780,Atlantic,0,organic_search,organic_search,1
11781,QC,0,organic_search,paid_social,6
11782,BC,0,display,affiliate,3
11783,Atlantic,0,paid_search,paid_search,4
11784,Prairies,0,affiliate,direct,3
11785,ON,0,display,email,3
11786,Atlantic,0,display,affiliate,2
11787,ON,0,email,display,3
11788,QC,0,display,organic_search,4
11789,Atlantic,0,paid_social,email,6
11790,AB,0,affiliate,direct,4
11791,AB,0,paid_search,paid_social,2
11792,QC,0,email,email,7
11793,QC,0,paid_social,paid_social,3
11794,Prairies,1,organic_search,affiliate,4
11795,Atlantic,0,display,direct,4
11796,BC,0,direct,paid_search,5
11797,ON,0,display,affiliate,2
11798,AB,0,display,direct,3
11799,QC,0,paid_search,email,2
11800,AB,0,organic_search,organic_search,1
11801,AB,0,paid_social,display,4
11802,BC,0,paid_social,direct,3
11803,BC,1,paid_social,email,2
11804,BC,0,organic_search,organic_search,1
11805,AB,0,affiliate,paid_search,4
11806,Prairies,0,display,paid_social,3
11807,AB,0,paid_search,direct,7
11808,ON,0,direct,direct,3
11809,Prairies,0,display,direct,3
11810,BC,0,paid_social,email,4
11811,ON,0,paid_social,organic_search,4
11812,Prairies,1,paid_social,email,6
11813,QC,0,paid_search,email,6
11814,QC,0,paid_social,paid_social,1
11815,QC,0,direct,paid_search,3
11816,Prairies,0,display,affiliate,3
11817,AB,0,affiliate,direct,7
11818,ON,0,display,email,3
11819,ON,0,direct,direct,1
11820,AB,0,direct,display,3
11821,Prairies,0,paid_social,paid_search,3
11822,AB,0,paid_social,organic_search,2
11823,AB,0,display,paid_search,3
11824,ON,0,paid_social,email,2
11825,Prairies,0,paid_search,email,2
11826,Prairies,0,paid_search,organic_search,5
11827,AB,0,affiliate,direct,5
11828,QC,0,direct,direct,1
11829,Atlantic,0,paid_social,email,2
11830,Prairies,0,paid_social,email,5
11831,AB,0,display,direct,4
11832,Atlantic,1,organic_search,organic_search,2
11833,Atlantic,0,display,paid_search,4
11834,Prairies,0,paid_social,affiliate,4
11835,Prairies,0,display,email,4
11836,BC,0,display,paid_search,7
11837,BC,0,display,affiliate,4
11838,QC,0,email,paid_search,2
11839,Prairies,0,organic_search,organic_search,3
11840,Prairies,0,display,email,5
11841,Prairies,1,direct,direct,4
11842,QC,0,organic_search,direct,2
11843,Prairies,0,paid_search,email,6
11844,Prairies,0,display,direct,3
11845,AB,0,paid_social,paid_search,3
11846,AB,0,affiliate,affiliate,1
11847,ON,0,organic_search,organic_search,2
11848,AB,0,paid_social,affiliate,3
11849,QC,1,paid_social,display,2
11850,QC,0,paid_social,email,2
11851,Atlantic,0,paid_social,direct,5
11852,ON,0,paid_search,direct,2
11853,Prairies,1,organic_search,email,4
11854,QC,0,organic_search,paid_search,2
11855,AB,1,display,direct,3
11856,BC,0,organic_search,direct,3
11857,QC,0,display,direct,4
11858,BC,0,direct,paid_search,3
11859,AB,0,organic_search,direct,3
11860,BC,0,organic_search,direct,2
11861,QC,0,email,email,1
11862,Atlantic,0,display,organic_search,4
11863,ON,0,paid_social,paid_search,4
11864,Atlantic,0,paid_search,email,3
11865,ON,0,organic_search,direct,3
11866,Prairies,0,paid_search,organic_search,4
11867,Atlantic,1,organic_search,organic_search,3
11868,QC,0,display,direct,2
11869,BC,0,display,paid_search,4
11870,BC,0,direct,organic_search,3
11871,Prairies,0,direct,affiliate,6
11872,QC,0,direct,direct,1
11873,BC,0,display,direct,4
11874,AB,1,organic_search,direct,6
11875,Prairies,0,organic_search,affiliate,3
11876,Prairies,0,direct,direct,3
11877,AB,0,paid_social,email,6
11878,AB,0,display,direct,4
11879,QC,0,affiliate,affiliate,2
11880,Atlantic,0,display,direct,4
11881,AB,0,paid_search,paid_search,1
11882,Atlantic,0,display,paid_social,4
11883,ON,0,affiliate,email,8
11884,Prairies,0,direct,direct,1
11885,AB,1,paid_search,paid_search,5
11886,BC,0,organic_search,organic_search,5
11887,Atlantic,0,display,affiliate,3
11888,QC,0,display,affiliate,5
11889,ON,0,affiliate,email,5
11890,ON,0,paid_social,paid_search,2
11891,AB,0,paid_social,affiliate,4
11892,Prairies,0,organic_search,direct,8
11893,ON,0,display,direct,5
11894,AB,0,display,direct,3
11895,BC,0,paid_search,paid_search,1
11896,Prairies,0,organic_search,affiliate,3
11897,QC,0,organic_search,affiliate,2
11898,Prairies,0,organic_search,email,4
11899,Prairies,0,organic_search,organic_search,4
11900,QC,0,display,organic_search,4
11901,ON,0,organic_search,organic_search,3
11902,Atlantic,0,display,direct,5
11903,QC,0,affiliate,paid_search,4
11904,AB,0,paid_search,paid_search,2
11905,Prairies,0,paid_search,direct,2
11906,BC,0,direct,affiliate,2
11907,Atlantic,0,direct,direct,1
11908,Prairies,0,affiliate,direct,3
11909,BC,0,paid_social,organic_search,3
11910,ON,1,paid_search,email,4
11911,ON,0,paid_search,email,6
11912,Atlantic,0,display,email,2
11913,BC,0,paid_social,direct,2
11914,AB,1,paid_search,organic_search,2
11915,ON,1,paid_social,email,2
11916,QC,0,affiliate,paid_social,2
11917,ON,0,display,direct,3
11918,ON,1,display,direct,6
11919,AB,0,display,direct,6
11920,QC,0,display,direct,3
11921,Prairies,0,display,email,4
11922,BC,0,email,email,5
11923,QC,0,display,affiliate,2
11924,Prairies,0,direct,direct,4
11925,Prairies,1,organic_search,paid_social,4
11926,AB,0,paid_social,affiliate,3
11927,ON,0,display,paid_search,4
11928,AB,0,direct,affiliate,5
11929,ON,0,paid_social,paid_social,5
11930,AB,0,paid_social,email,7
11931,ON,0,affiliate,paid_social,3
11932,BC,0,affiliate,email,8
11933,Prairies,0,organic_search,paid_search,3
11934,BC,0,organic_search,direct,4
11935,AB,0,paid_search,direct,2
11936,BC,0,paid_search,display,3
11937,ON,0,paid_social,email,2
11938,ON,1,display,paid_search,5
11939,Atlantic,0,display,email,2
11940,ON,0,paid_social,direct,5
11941,QC,0,display,paid_search,6
11942,ON,0,paid_social,paid_search,2
11943,BC,0,affiliate,direct,4
11944,ON,0,paid_social,paid_search,2
11945,BC,0,display,paid_social,5
11946,AB,0,display,affiliate,2
11947,Prairies,0,affiliate,organic_search,3
11948,Atlantic,0,display,organic_search,3
11949,QC,0,display,paid_search,6
11950,ON,0,paid_social,paid_search,5
11951,Prairies,0,display,affiliate,7
11952,QC,0,organic_search,paid_social,4
11953,ON,0,email,direct,2
11954,QC,0,display,direct,4
11955,BC,0,display,paid_social,4
11956,Atlantic,0,direct,direct,1
11957,ON,0,email,direct,5
11958,QC,0,email,organic_search,3
11959,ON,0,direct,direct,1
11960,QC,0,display,direct,2
11961,QC,0,affiliate,email,4
11962,Prairies,0,display,direct,5
11963,Prairies,0,display,paid_search,4
11964,BC,0,display,affiliate,3
11965,Atlantic,0,display,affiliate,4
11966,ON,0,paid_social,paid_social,2
11967,ON,0,display,direct,3
11968,QC,0,organic_search,email,3
11969,AB,0,display,organic_search,2
11970,ON,1,display,direct,4
11971,BC,0,organic_search,affiliate,3
11972,Prairies,0,paid_social,affiliate,4
11973,Prairies,0,display,direct,3
11974,AB,0,display,paid_search,3
11975,AB,0,paid_social,paid_search,2
11976,Prairies,0,organic_search,organic_search,1
11977,QC,0,affiliate,paid_social,3
11978,ON,0,paid_search,paid_search,1
11979,ON,0,paid_search,paid_search,3
11980,AB,0,organic_search,email,4
11981,Prairies,1,paid_social,email,5
11982,Atlantic,0,paid_social,direct,8
11983,BC,0,organic_search,organic_search,3
11984,ON,0,direct,affiliate,2
11985,Prairies,1,display,email,3
11986,ON,0,paid_search,direct,2
11987,ON,1,paid_social,paid_search,3
11988,Prairies,0,organic_search,direct,5
11989,Atlantic,0,display,email,5
11990,ON,0,display,email,3
11991,BC,0,paid_social,email,5
11992,Atlantic,0,paid_search,affiliate,2
11993,Prairies,0,organic_search,paid_search,4
11994,Atlantic,0,display,affiliate,2
11995,Prairies,0,paid_social,email,2
11996,QC,0,paid_social,affiliate,2
11997,BC,0,affiliate,direct,4
11998,Prairies,0,display,paid_social,7
11999,QC,0,organic_search,display,4
12000,Atlantic,0,affiliate,email,4
12001,BC,0,organic_search,organic_search,3
12002,AB,0,paid_search,affiliate,3
12003,AB,0,paid_social,email,3
12004,QC,0,paid_social,email,5
12005,ON,0,paid_social,direct,6
12006,Atlantic,0,paid_search,direct,8
12007,QC,0,display,organic_search,4
12008,Prairies,0,affiliate,direct,2
12009,ON,0,direct,paid_search,3
12010,Atlantic,0,affiliate,paid_search,4
12011,ON,1,paid_social,paid_search,2
12012,AB,0,organic_search,organic_search,3
12013,Prairies,0,affiliate,affiliate,1
12014,Prairies,0,organic_search,affiliate,2
12015,ON,1,paid_social,direct,3
12016,QC,0,display,paid_search,3
12017,Prairies,0,display,paid_search,3
12018,Atlantic,0,direct,direct,1
12019,AB,0,paid_search,paid_social,4
12020,ON,0,display,display,5
12021,BC,0,paid_search,organic_search,3
12022,AB,0,organic_search,email,3
12023,Atlantic,0,paid_social,paid_search,3
12024,Atlantic,1,organic_search,affiliate,7
12025,AB,1,affiliate,affiliate,7
12026,ON,0,direct,organic_search,5
12027,Prairies,0,organic_search,organic_search,7
12028,BC,0,organic_search,email,6
12029,ON,0,direct,direct,6
12030,ON,0,organic_search,organic_search,1
12031,QC,0,display,paid_search,3
12032,QC,0,direct,organic_search,6
12033,Prairies,0,organic_search,email,6
12034,AB,1,paid_social,affiliate,2
12035,Atlantic,0,paid_social,display,4
12036,Prairies,0,direct,affiliate,5
12037,ON,1,display,paid_social,5
12038,Prairies,0,paid_social,direct,3
12039,Atlantic,0,direct,paid_search,2
12040,ON,0,paid_social,organic_search,4
12041,BC,0,display,display,2
12042,Prairies,1,paid_social,direct,7
12043,ON,0,direct,affiliate,4
12044,BC,0,display,display,4
12045,AB,0,display,direct,5
12046,Atlantic,0,paid_search,organic_search,2
12047,ON,0,organic_search,organic_search,1
12048,Atlantic,1,organic_search,organic_search,1
12049,BC,0,affiliate,affiliate,2
12050,QC,0,organic_search,affiliate,5
12051,BC,0,affiliate,paid_social,3
12052,QC,0,paid_social,direct,3
12053,Prairies,0,organic_search,direct,6
12054,QC,0,organic_search,direct,3
12055,BC,0,affiliate,organic_search,2
12056,AB,0,display,paid_search,3
12057,AB,0,organic_search,affiliate,4
12058,BC,0,display,direct,2
12059,Atlantic,0,organic_search,direct,5
12060,Atlantic,0,paid_search,direct,4
12061,Prairies,0,paid_social,direct,6
12062,Atlantic,0,paid_social,direct,2
12063,Prairies,0,paid_social,paid_search,2
12064,BC,0,display,paid_search,2
12065,ON,0,paid_search,display,7
12066,BC,0,paid_social,direct,4
12067,ON,0,affiliate,paid_search,4
12068,QC,0,display,paid_social,3
12069,AB,0,paid_search,affiliate,5
12070,ON,0,display,affiliate,4
12071,AB,0,display,paid_search,5
12072,BC,0,display,email,4
12073,Atlantic,0,paid_search,paid_search,6
12074,BC,0,paid_social,organic_search,3
12075,Prairies,0,display,paid_search,2
12076,Atlantic,0,paid_social,organic_search,4
12077,Prairies,0,paid_social,organic_search,3
12078,BC,0,paid_social,organic_search,5
12079,ON,0,paid_social,organic_search,2
12080,Atlantic,0,email,email,5
12081,BC,0,organic_search,organic_search,1
12082,BC,0,display,paid_search,3
12083,BC,0,paid_search,paid_social,4
12084,Atlantic,0,paid_search,direct,3
12085,QC,0,paid_search,direct,5
12086,ON,0,direct,paid_search,2
12087,Atlantic,0,paid_search,paid_social,4
12088,QC,0,paid_social,paid_search,2
12089,Atlantic,0,paid_social,paid_search,5
12090,AB,0,affiliate,paid_search,2
12091,BC,0,email,direct,3
12092,ON,0,email,email,1
12093,ON,0,paid_social,email,5
12094,QC,0,direct,email,2
12095,QC,0,display,organic_search,6
12096,QC,0,paid_social,paid_search,3
12097,AB,0,paid_social,organic_search,4
12098,AB,0,organic_search,paid_search,8
12099,ON,0,paid_social,affiliate,2
12100,QC,0,affiliate,email,2
12101,AB,0,display,email,2
12102,Prairies,0,direct,organic_search,5
12103,ON,0,paid_social,paid_search,4
12104,Atlantic,0,paid_search,organic_search,4
12105,QC,0,paid_social,paid_search,2
12106,ON,0,paid_search,paid_social,5
12107,BC,0,organic_search,affiliate,3
12108,QC,0,organic_search,paid_search,3
12109,ON,0,paid_social,organic_search,4
12110,Atlantic,0,display,direct,3
12111,BC,0,display,direct,2
12112,Prairies,0,display,paid_search,5
12113,BC,0,organic_search,email,4
12114,QC,0,display,paid_search,4
12115,Atlantic,1,paid_social,paid_search,5
12116,AB,0,paid_search,affiliate,4
12117,BC,0,paid_search,direct,6
12118,BC,0,direct,email,6
12119,Prairies,0,display,paid_search,5
12120,Prairies,0,paid_social,paid_social,3
12121,BC,0,paid_social,paid_search,5
12122,AB,1,organic_search,direct,4
12123,Atlantic,0,email,paid_search,2
12124,ON,1,paid_search,paid_search,3
12125,ON,0,display,paid_social,3
12126,QC,0,paid_social,display,7
12127,QC,0,paid_search,paid_search,4
12128,Atlantic,0,affiliate,paid_social,4
12129,BC,1,affiliate,affiliate,4
12130,QC,0,organic_search,paid_search,3
12131,BC,0,affiliate,paid_search,3
12132,Atlantic,0,email,paid_search,4
12133,Atlantic,1,paid_social,organic_search,3
12134,QC,0,display,organic_search,3
12135,ON,0,organic_search,direct,3
12136,AB,1,paid_social,paid_search,4
12137,QC,1,organic_search,paid_social,5
12138,Prairies,0,display,direct,4
12139,BC,0,organic_search,direct,4
12140,QC,0,paid_search,paid_search,4
12141,AB,0,paid_social,affiliate,6
12142,Prairies,0,paid_social,paid_search,3
12143,Prairies,0,organic_search,paid_search,5
12144,AB,0,affiliate,email,3
12145,Prairies,0,direct,direct,6
12146,AB,1,affiliate,paid_search,6
12147,ON,0,paid_search,paid_social,3
12148,BC,0,affiliate,affiliate,3
12149,Prairies,1,organic_search,email,6
12150,BC,0,affiliate,organic_search,4
12151,ON,0,display,email,2
12152,AB,0,organic_search,direct,2
12153,AB,0,paid_social,email,7
12154,AB,0,organic_search,direct,2
12155,Atlantic,0,paid_social,direct,4
12156,AB,0,paid_social,paid_search,4
12157,QC,0,organic_search,direct,3
12158,QC,0,organic_search,paid_search,5
12159,ON,1,paid_search,email,3
12160,Prairies,0,paid_search,direct,3
12161,QC,1,paid_social,email,6
12162,ON,0,paid_social,direct,7
12163,Atlantic,0,paid_social,direct,7
12164,BC,0,paid_social,paid_search,6
12165,BC,1,paid_search,organic_search,6
12166,Prairies,0,paid_social,organic_search,5
12167,BC,0,paid_search,affiliate,3
12168,AB,0,display,email,2
12169,ON,0,display,paid_search,3
12170,AB,0,paid_search,direct,6
12171,Atlantic,0,paid_social,paid_social,2
12172,AB,0,display,direct,3
12173,QC,0,paid_social,paid_social,3
12174,AB,0,direct,direct,3
12175,Prairies,0,organic_search,organic_search,1
12176,AB,0,organic_search,affiliate,4
12177,AB,0,affiliate,direct,3
12178,BC,0,display,email,3
12179,BC,0,display,paid_search,4
12180,QC,0,display,direct,6
12181,ON,0,paid_social,direct,2
12182,QC,0,paid_social,paid_search,3
12183,AB,0,paid_social,display,2
12184,QC,0,display,direct,2
12185,BC,1,display,paid_social,3
12186,QC,0,paid_search,paid_search,4
12187,ON,0,paid_search,email,3
12188,ON,0,paid_social,direct,4
12189,AB,0,email,email,1
12190,AB,0,display,direct,3
12191,BC,1,paid_search,direct,4
12192,BC,0,paid_social,paid_search,4
12193,BC,1,organic_search,display,4
12194,Atlantic,0,display,email,5
12195,Prairies,0,affiliate,paid_search,4
12196,QC,1,paid_social,organic_search,4
12197,Atlantic,0,paid_social,paid_social,3
12198,QC,0,affiliate,affiliate,2
12199,Atlantic,0,display,organic_search,3
12200,ON,0,paid_search,email,2
12201,AB,0,display,paid_social,4
12202,ON,0,direct,affiliate,7
12203,QC,0,paid_social,email,2
12204,QC,0,paid_search,paid_search,4
12205,Atlantic,0,paid_social,direct,2
12206,ON,0,display,direct,4
12207,Prairies,0,paid_social,email,3
12208,AB,1,display,direct,4
12209,ON,0,display,paid_search,3
12210,Atlantic,0,display,affiliate,2
12211,Prairies,0,display,paid_search,4
12212,QC,0,display,paid_search,2
12213,QC,0,paid_search,email,2
12214,ON,0,direct,paid_social,3
12215,AB,1,email,organic_search,3
12216,BC,0,paid_social,direct,5
12217,QC,0,display,email,2
12218,Atlantic,0,paid_search,direct,5
12219,BC,0,organic_search,email,6
12220,QC,0,affiliate,affiliate,1
12221,BC,0,paid_social,organic_search,3
12222,AB,0,paid_search,paid_search,4
12223,AB,0,organic_search,paid_search,7
12224,ON,0,paid_social,paid_search,6
12225,BC,0,organic_search,direct,3
12226,ON,0,paid_search,organic_search,4
12227,Atlantic,0,paid_social,affiliate,4
12228,Atlantic,0,display,direct,2
12229,BC,0,organic_search,paid_social,2
12230,QC,0,organic_search,direct,5
12231,AB,0,affiliate,affiliate,1
12232,ON,0,direct,email,6
12233,QC,0,organic_search,paid_search,2
12234,Atlantic,0,display,paid_search,4
12235,AB,0,paid_search,direct,4
12236,Atlantic,0,email,email,1
12237,ON,0,paid_social,direct,2
12238,BC,0,paid_search,affiliate,3
12239,Prairies,0,display,organic_search,5
12240,BC,0,display,direct,3
12241,Atlantic,0,organic_search,paid_search,7
12242,BC,0,organic_search,paid_social,2
12243,BC,0,paid_search,direct,5
12244,AB,0,affiliate,affiliate,3
12245,AB,1,organic_search,paid_search,7
12246,ON,0,display,affiliate,4
12247,BC,0,paid_search,direct,5
12248,QC,0,paid_social,affiliate,4
12249,Prairies,0,organic_search,affiliate,5
12250,Atlantic,0,affiliate,direct,2
12251,Atlantic,0,display,email,4
12252,QC,1,paid_social,affiliate,7
12253,AB,0,paid_search,direct,3
12254,QC,0,email,email,1
12255,BC,0,paid_search,direct,9
12256,Atlantic,0,paid_search,direct,6
12257,Atlantic,0,paid_social,email,2
12258,Atlantic,0,paid_social,paid_search,7
12259,AB,0,organic_search,organic_search,3
12260,Atlantic,0,organic_search,affiliate,6
12261,QC,0,paid_search,organic_search,3
12262,BC,0,paid_search,paid_search,6
12263,QC,0,direct,email,3
12264,AB,0,email,email,1
12265,Prairies,0,display,display,5
12266,AB,1,direct,affiliate,5
12267,Atlantic,0,paid_search,direct,6
12268,Prairies,0,affiliate,affiliate,5
12269,AB,0,paid_social,paid_search,6
12270,Atlantic,1,organic_search,paid_search,2
12271,QC,0,organic_search,email,3
12272,BC,0,display,email,3
12273,ON,0,display,organic_search,5
12274,Atlantic,0,display,paid_search,3
12275,Atlantic,0,paid_search,email,6
12276,QC,0,organic_search,paid_search,2
12277,BC,0,paid_social,direct,3
12278,AB,1,paid_social,paid_search,2
12279,AB,0,display,direct,2
12280,Prairies,1,paid_social,affiliate,7
12281,AB,0,email,organic_search,3
12282,QC,0,organic_search,direct,4
12283,Prairies,0,paid_social,display,3
12284,BC,0,paid_search,email,2
12285,Atlantic,0,affiliate,direct,3
12286,BC,0,paid_search,direct,2
12287,ON,0,paid_search,paid_social,6
12288,QC,0,paid_search,direct,5
12289,QC,0,organic_search,paid_search,6
12290,Atlantic,0,display,affiliate,6
12291,ON,1,direct,affiliate,4
12292,Prairies,0,paid_search,affiliate,3
12293,BC,0,affiliate,paid_search,3
12294,Atlantic,0,organic_search,email,4
12295,QC,0,paid_social,direct,4
12296,AB,0,email,email,1
12297,QC,0,display,display,3
12298,ON,0,affiliate,direct,4
12299,Atlantic,0,paid_search,affiliate,4
12300,Prairies,0,paid_search,paid_search,2
12301,Atlantic,0,direct,affiliate,5
12302,Atlantic,0,affiliate,affiliate,1
12303,ON,0,display,affiliate,3
12304,AB,0,organic_search,organic_search,5
12305,BC,0,organic_search,paid_social,6
12306,ON,0,paid_search,paid_social,2
12307,Atlantic,0,organic_search,paid_search,3
12308,QC,0,paid_social,email,3
12309,QC,0,paid_search,display,2
12310,AB,0,display,paid_social,4
12311,BC,0,display,organic_search,2
12312,QC,0,display,paid_search,3
12313,Atlantic,0,paid_social,direct,7
12314,QC,0,display,direct,4
12315,QC,0,display,email,2
12316,ON,0,affiliate,email,2
12317,QC,0,affiliate,paid_search,4
12318,QC,0,display,paid_search,7
12319,QC,0,display,paid_search,3
12320,Atlantic,0,direct,direct,4
12321,BC,0,organic_search,email,6
12322,BC,0,paid_social,direct,2
12323,AB,0,organic_search,organic_search,4
12324,AB,0,paid_social,affiliate,3
12325,QC,0,paid_social,organic_search,4
12326,BC,0,organic_search,affiliate,6
12327,Atlantic,0,paid_social,paid_search,3
12328,Prairies,0,display,direct,5
12329,AB,0,organic_search,direct,2
12330,Atlantic,0,display,direct,4
12331,BC,0,paid_search,display,6
12332,Prairies,0,email,email,1
12333,Atlantic,0,paid_social,display,3
12334,Atlantic,1,affiliate,email,2
12335,ON,0,organic_search,email,3
12336,BC,0,email,email,1
12337,Atlantic,0,affiliate,direct,6
12338,Atlantic,0,direct,direct,3
12339,Prairies,0,paid_search,email,4
12340,Prairies,0,display,organic_search,3
12341,BC,0,direct,paid_social,4
12342,BC,0,organic_search,paid_social,5
12343,Prairies,0,organic_search,direct,6
12344,Atlantic,0,organic_search,organic_search,4
12345,Atlantic,0,display,email,5
12346,AB,1,paid_social,affiliate,3
12347,BC,0,paid_social,direct,2
12348,Prairies,0,display,affiliate,3
12349,Atlantic,0,display,organic_search,3
12350,AB,0,display,direct,3
12351,QC,1,paid_social,paid_social,5
12352,AB,0,display,direct,3
12353,ON,0,display,affiliate,6
12354,Atlantic,0,paid_search,direct,2
12355,Prairies,0,organic_search,paid_social,2
12356,Prairies,0,paid_social,paid_search,2
12357,Atlantic,0,paid_social,paid_search,2
12358,BC,0,organic_search,email,3
12359,Atlantic,0,direct,direct,1
12360,ON,0,display,organic_search,5
12361,Prairies,0,paid_social,email,5
12362,QC,0,display,direct,3
12363,BC,0,display,affiliate,4
12364,AB,0,paid_social,direct,3
12365,ON,0,paid_social,direct,4
12366,AB,1,paid_social,affiliate,6
12367,AB,0,paid_social,affiliate,3
12368,Prairies,0,display,email,3
12369,AB,0,display,display,8
12370,AB,0,paid_search,paid_search,1
12371,ON,0,paid_social,email,4
12372,Prairies,1,organic_search,direct,7
12373,Prairies,0,paid_social,organic_search,2
12374,AB,0,display,affiliate,5
12375,QC,0,display,paid_search,3
12376,Atlantic,0,paid_social,affiliate,5
12377,Prairies,1,display,direct,3
12378,Prairies,0,direct,paid_search,5
12379,Atlantic,0,display,direct,4
12380,BC,0,paid_social,email,2
12381,AB,0,paid_search,affiliate,4
12382,Prairies,0,display,email,4
12383,QC,0,paid_search,direct,4
12384,BC,1,organic_search,organic_search,6
12385,QC,0,paid_social,paid_social,7
12386,ON,1,paid_search,email,8
12387,AB,0,organic_search,direct,3
12388,Prairies,1,affiliate,email,5
12389,Prairies,0,display,email,2
12390,BC,0,email,email,2
12391,QC,0,paid_social,email,5
12392,QC,1,organic_search,display,3
12393,QC,0,organic_search,direct,7
12394,ON,0,paid_social,direct,5
12395,QC,0,display,email,3
12396,QC,0,paid_search,paid_search,1
12397,ON,0,direct,direct,1
12398,QC,0,paid_social,organic_search,3
12399,BC,0,display,direct,3
12400,QC,0,display,affiliate,4
12401,AB,0,email,email,1
12402,AB,0,display,email,2
12403,QC,0,organic_search,direct,5
12404,Prairies,0,paid_social,display,2
12405,AB,0,organic_search,paid_social,4
12406,ON,0,paid_search,direct,3
12407,AB,0,organic_search,paid_search,4
12408,ON,0,direct,organic_search,4
12409,AB,0,affiliate,display,2
12410,Atlantic,0,display,paid_social,3
12411,ON,0,organic_search,direct,4
12412,ON,0,paid_social,direct,2
12413,BC,0,display,direct,5
12414,ON,0,organic_search,paid_social,4
12415,QC,0,organic_search,paid_search,2
12416,Atlantic,0,display,affiliate,2
12417,Atlantic,0,paid_social,paid_search,3
12418,ON,0,email,email,1
12419,Prairies,1,paid_social,direct,4
12420,Prairies,1,affiliate,organic_search,6
12421,ON,0,display,organic_search,3
12422,ON,0,display,affiliate,3
12423,ON,0,affiliate,direct,2
12424,QC,0,organic_search,direct,5
12425,Atlantic,0,email,email,4
12426,ON,0,paid_search,email,5
12427,QC,1,direct,paid_social,3
12428,Prairies,0,paid_social,direct,4
12429,Atlantic,0,paid_search,email,2
12430,QC,0,organic_search,affiliate,4
12431,Prairies,0,paid_search,organic_search,3
12432,ON,0,display,display,3
12433,Prairies,0,display,affiliate,3
12434,Atlantic,0,organic_search,organic_search,1
12435,Atlantic,0,display,direct,3
12436,Prairies,0,display,paid_search,2
12437,BC,0,paid_social,display,5
12438,ON,0,display,paid_search,4
12439,AB,0,paid_search,paid_search,3
12440,QC,0,paid_search,paid_social,2
12441,Prairies,0,paid_search,email,4
12442,AB,0,organic_search,email,6
12443,AB,0,email,email,1
12444,Atlantic,0,display,affiliate,2
12445,AB,0,paid_search,paid_search,3
12446,Prairies,0,affiliate,email,4
12447,BC,0,paid_social,paid_search,5
12448,QC,0,display,display,4
12449,ON,0,direct,direct,2
12450,Atlantic,0,paid_search,paid_search,1
12451,Atlantic,0,direct,paid_social,2
12452,Atlantic,0,paid_search,paid_search,5
12453,Atlantic,0,display,direct,3
12454,Atlantic,0,paid_search,direct,2
12455,BC,0,display,organic_search,2
12456,AB,0,display,organic_search,3
12457,Atlantic,0,organic_search,paid_search,4
12458,Prairies,0,paid_social,organic_search,5
12459,Prairies,1,paid_social,direct,6
12460,Atlantic,1,paid_social,email,2
12461,Atlantic,0,direct,direct,1
12462,AB,0,direct,email,3
12463,BC,0,display,email,4
12464,QC,0,paid_social,direct,8
12465,ON,0,display,email,5
12466,QC,0,paid_social,email,2
12467,Prairies,0,display,direct,3
12468,Prairies,0,paid_social,paid_search,6
12469,Prairies,0,direct,email,2
12470,QC,0,paid_social,email,4
12471,QC,0,display,email,2
12472,ON,0,paid_social,paid_social,4
12473,Atlantic,0,direct,direct,4
12474,Atlantic,0,organic_search,paid_search,2
12475,Atlantic,0,display,organic_search,3
12476,BC,0,organic_search,organic_search,8
12477,Atlantic,1,paid_search,paid_search,1
12478,BC,0,paid_social,paid_social,2
12479,AB,0,paid_social,email,3
12480,QC,0,organic_search,paid_social,4
12481,BC,0,paid_social,direct,4
12482,ON,0,display,paid_social,7
12483,QC,0,paid_social,direct,5
12484,BC,0,direct,direct,4
12485,Prairies,0,paid_social,email,6
12486,Prairies,0,display,paid_search,4
12487,QC,0,affiliate,direct,6
12488,QC,0,paid_social,paid_search,5
12489,AB,0,display,direct,5
12490,Atlantic,0,organic_search,display,4
12491,AB,0,display,affiliate,5
12492,BC,0,paid_social,direct,2
12493,Atlantic,0,affiliate,affiliate,1
12494,Prairies,0,display,email,5
12495,Prairies,0,display,direct,5
12496,AB,1,display,direct,5
12497,Prairies,0,paid_social,email,2
12498,ON,1,organic_search,email,4
12499,ON,0,direct,direct,1
12500,QC,0,paid_social,paid_social,3
12501,Atlantic,0,display,direct,6
12502,AB,0,paid_social,direct,7
12503,BC,0,display,direct,4
12504,Atlantic,0,paid_social,paid_search,2
12505,BC,0,display,direct,4
12506,BC,0,affiliate,email,7
12507,Atlantic,0,direct,direct,5
12508,Prairies,0,display,paid_social,3
12509,Atlantic,0,paid_social,email,3
12510,QC,0,organic_search,organic_search,3
12511,BC,0,display,email,4
12512,QC,0,paid_social,email,3
12513,Atlantic,0,paid_social,direct,2
12514,BC,0,organic_search,direct,4
12515,Prairies,0,paid_social,email,3
12516,Prairies,0,email,paid_search,2
12517,ON,0,display,paid_search,4
12518,AB,0,direct,direct,3
12519,QC,1,organic_search,organic_search,2
12520,Prairies,1,affiliate,direct,5
12521,Prairies,0,paid_social,affiliate,2
12522,AB,0,display,email,6
12523,QC,0,organic_search,paid_search,6
12524,Prairies,0,organic_search,email,2
12525,Prairies,0,organic_search,direct,2
12526,AB,1,organic_search,email,7
12527,ON,0,display,email,3
12528,Prairies,0,display,direct,2
12529,AB,0,display,email,4
12530,Atlantic,0,display,email,3
12531,ON,0,organic_search,direct,5
12532,QC,0,display,paid_search,7
12533,Prairies,0,display,direct,3
12534,Prairies,0,email,email,1
12535,Prairies,0,direct,paid_social,3
12536,AB,0,paid_social,paid_social,5
12537,ON,0,paid_social,direct,3
12538,QC,0,affiliate,email,3
12539,QC,0,organic_search,affiliate,4
12540,Prairies,1,paid_social,paid_search,6
12541,AB,0,paid_social,paid_search,5
12542,QC,0,affiliate,email,6
12543,ON,0,display,affiliate,2
12544,QC,0,display,organic_search,5
12545,Atlantic,0,direct,direct,1
12546,Atlantic,0,affiliate,direct,4
12547,Atlantic,0,affiliate,direct,2
12548,ON,0,display,affiliate,3
12549,QC,0,display,paid_search,2
12550,ON,0,display,organic_search,2
12551,AB,1,paid_social,paid_search,4
12552,Prairies,0,organic_search,email,3
12553,BC,0,paid_search,paid_search,1
12554,ON,0,display,email,4
12555,BC,0,paid_search,direct,5
12556,AB,1,organic_search,organic_search,6
12557,Prairies,1,paid_social,email,3
12558,AB,0,affiliate,paid_search,4
12559,Atlantic,0,display,paid_search,3
12560,BC,0,display,paid_search,3
12561,BC,0,email,email,1
12562,QC,0,display,organic_search,4
12563,Atlantic,0,display,direct,6
12564,ON,0,affiliate,email,3
12565,Prairies,0,direct,paid_social,3
12566,AB,1,affiliate,organic_search,4
12567,QC,0,direct,direct,2
12568,ON,0,display,direct,2
12569,ON,0,paid_social,affiliate,3
12570,Prairies,0,direct,affiliate,2
12571,Atlantic,0,email,email,1
12572,Atlantic,0,direct,direct,1
12573,BC,1,affiliate,organic_search,6
12574,QC,0,organic_search,email,8
12575,QC,1,email,organic_search,6
12576,Atlantic,0,affiliate,direct,4
12577,ON,0,display,direct,4
12578,Prairies,0,paid_social,paid_search,3
12579,QC,0,paid_search,paid_social,3
12580,BC,0,paid_search,direct,2
12581,Atlantic,0,display,paid_search,2
12582,QC,1,organic_search,affiliate,5
12583,AB,0,paid_search,direct,4
12584,BC,0,display,affiliate,4
12585,ON,0,organic_search,direct,6
12586,QC,0,direct,direct,1
12587,QC,0,display,email,6
12588,Atlantic,0,direct,paid_search,3
12589,ON,0,paid_search,paid_social,5
12590,ON,0,display,paid_search,3
12591,QC,0,display,paid_search,2
12592,Prairies,0,organic_search,paid_social,4
12593,Atlantic,0,organic_search,email,3
12594,ON,0,paid_social,email,3
12595,BC,0,display,email,5
12596,AB,0,paid_search,paid_search,1
12597,QC,0,paid_social,organic_search,2
12598,QC,1,paid_search,direct,5
12599,BC,0,paid_search,organic_search,6
12600,AB,0,organic_search,organic_search,3
12601,ON,0,paid_search,paid_search,4
12602,BC,0,display,direct,7
12603,QC,0,organic_search,direct,3
12604,BC,0,organic_search,direct,5
12605,BC,0,display,email,4
12606,Atlantic,0,affiliate,affiliate,3
12607,QC,0,direct,direct,1
12608,Atlantic,0,affiliate,display,3
12609,ON,0,paid_social,paid_social,4
12610,QC,0,affiliate,email,7
12611,Prairies,0,organic_search,direct,5
12612,Prairies,0,paid_search,email,7
12613,ON,0,paid_social,display,3
12614,AB,0,organic_search,direct,4
12615,BC,1,paid_search,email,6
12616,ON,0,display,direct,3
12617,Atlantic,0,organic_search,affiliate,3
12618,BC,0,paid_social,paid_social,3
12619,QC,0,display,direct,6
12620,Atlantic,0,direct,email,4
12621,QC,0,organic_search,direct,6
12622,Atlantic,0,direct,paid_search,3
12623,Atlantic,0,paid_social,direct,3
12624,AB,0,display,paid_social,6
12625,AB,0,paid_social,paid_social,2
12626,Prairies,0,display,affiliate,5
12627,ON,0,organic_search,paid_search,5
12628,QC,0,organic_search,direct,3
12629,AB,0,display,direct,4
12630,AB,0,affiliate,direct,4
12631,Prairies,1,display,paid_search,4
12632,Prairies,1,organic_search,email,8
12633,Prairies,0,email,paid_social,6
12634,AB,0,paid_social,paid_social,1
12635,QC,0,paid_social,email,3
12636,QC,0,display,direct,4
12637,BC,0,paid_search,paid_search,1
12638,ON,0,affiliate,affiliate,2
12639,QC,0,paid_search,email,3
12640,BC,1,paid_search,direct,5
12641,QC,1,paid_search,affiliate,4
12642,BC,0,paid_social,paid_social,1
12643,QC,0,paid_search,email,4
12644,QC,0,direct,affiliate,6
12645,Atlantic,0,paid_social,direct,3
12646,Atlantic,0,email,email,1
12647,ON,1,display,direct,3
12648,Prairies,0,display,organic_search,5
12649,BC,0,display,affiliate,6
12650,Prairies,0,display,paid_search,5
12651,QC,0,paid_social,direct,2
12652,BC,1,paid_social,paid_social,3
12653,BC,1,paid_social,email,3
12654,Prairies,0,display,direct,5
12655,Prairies,0,affiliate,paid_social,3
12656,BC,0,paid_social,direct,4
12657,Prairies,0,paid_search,email,4
12658,QC,1,organic_search,organic_search,4
12659,ON,0,paid_social,display,3
12660,ON,0,paid_social,email,5
12661,ON,0,direct,direct,3
12662,BC,0,display,paid_search,5
12663,Prairies,0,display,email,4
12664,Prairies,0,affiliate,affiliate,6
12665,QC,0,organic_search,email,6
12666,QC,0,paid_search,direct,3
12667,QC,0,paid_search,paid_social,4
12668,Atlantic,0,display,organic_search,4
12669,Atlantic,0,organic_search,direct,3
12670,QC,0,direct,paid_search,6
12671,ON,0,paid_social,email,2
12672,ON,0,email,paid_search,4
12673,AB,0,organic_search,paid_search,3
12674,Prairies,1,paid_social,affiliate,4
12675,QC,0,affiliate,email,6
12676,AB,0,organic_search,organic_search,4
12677,Atlantic,0,affiliate,direct,3
12678,AB,0,display,paid_search,4
12679,AB,1,email,affiliate,7
12680,QC,0,paid_search,paid_search,6
12681,ON,0,paid_social,direct,2
12682,Atlantic,0,display,direct,3
12683,Prairies,0,paid_search,direct,5
12684,QC,0,display,email,3
12685,ON,0,direct,direct,1
12686,Atlantic,0,organic_search,email,5
12687,Prairies,0,display,direct,4
12688,ON,0,direct,display,4
12689,Atlantic,0,display,paid_social,2
12690,QC,0,paid_search,direct,6
12691,ON,0,email,email,1
12692,ON,0,direct,direct,1
12693,QC,0,paid_social,email,3
12694,AB,1,organic_search,paid_search,4
12695,Atlantic,0,organic_search,organic_search,2
12696,ON,0,paid_social,display,2
12697,QC,0,organic_search,display,5
12698,QC,0,direct,direct,1
12699,BC,0,paid_search,email,4
12700,QC,0,direct,paid_search,2
12701,AB,0,paid_social,affiliate,3
12702,Atlantic,0,display,direct,4
12703,BC,0,display,paid_search,6
12704,QC,0,paid_search,direct,4
12705,ON,0,display,direct,5
12706,AB,0,paid_social,affiliate,5
12707,AB,0,display,direct,4
12708,BC,0,paid_social,direct,3
12709,AB,0,display,direct,3
12710,BC,0,display,direct,3
12711,Atlantic,0,organic_search,display,4
12712,Atlantic,0,paid_social,organic_search,4
12713,AB,0,affiliate,affiliate,1
12714,AB,0,organic_search,affiliate,4
12715,Atlantic,0,display,affiliate,5
12716,Prairies,0,affiliate,direct,5
12717,AB,0,display,affiliate,3
12718,Prairies,0,paid_search,paid_search,1
12719,Prairies,0,display,direct,4
12720,Prairies,0,affiliate,paid_social,3
12721,QC,0,display,organic_search,2
12722,Prairies,0,paid_social,display,5
12723,BC,0,paid_search,direct,3
12724,AB,0,paid_social,paid_social,2
12725,ON,0,paid_social,direct,4
12726,QC,0,direct,paid_social,3
12727,ON,0,paid_social,email,3
12728,ON,0,paid_search,email,5
12729,BC,0,paid_search,affiliate,4
12730,Atlantic,0,direct,paid_search,3
12731,ON,0,paid_social,direct,4
12732,Prairies,0,organic_search,paid_search,7
12733,ON,0,paid_social,email,5
12734,Atlantic,0,display,direct,3
12735,BC,0,organic_search,direct,3
12736,ON,0,paid_social,affiliate,4
12737,BC,0,paid_search,display,2
12738,BC,0,paid_social,paid_search,5
12739,AB,0,email,direct,5
12740,BC,0,display,email,5
12741,Prairies,0,affiliate,email,5
12742,QC,0,paid_social,direct,5
12743,QC,1,paid_social,organic_search,5
12744,AB,0,email,paid_social,3
12745,ON,0,paid_social,direct,3
12746,Atlantic,0,paid_search,organic_search,5
12747,BC,0,paid_social,paid_search,2
12748,QC,0,email,paid_search,7
12749,QC,0,paid_search,direct,2
12750,QC,0,paid_social,direct,3
12751,Prairies,0,direct,email,4
12752,ON,0,organic_search,affiliate,2
12753,AB,0,display,email,2
12754,AB,0,organic_search,direct,7
12755,QC,1,organic_search,email,4
12756,ON,0,display,paid_search,6
12757,Prairies,0,organic_search,direct,4
12758,BC,0,paid_social,affiliate,2
12759,ON,0,paid_search,paid_social,3
12760,Prairies,0,paid_social,direct,5
12761,Atlantic,0,affiliate,display,4
12762,BC,0,paid_social,email,4
12763,ON,0,display,paid_search,2
12764,ON,0,display,affiliate,2
12765,Prairies,0,display,display,1
12766,BC,0,direct,paid_search,4
12767,Atlantic,0,organic_search,paid_search,6
12768,ON,0,display,paid_social,4
12769,AB,0,organic_search,paid_search,5
12770,BC,0,organic_search,email,2
12771,Prairies,0,paid_social,direct,4
12772,Prairies,0,paid_search,paid_search,3
12773,BC,0,paid_social,affiliate,3
12774,QC,0,direct,direct,1
12775,AB,0,display,paid_social,2
12776,ON,0,paid_search,paid_search,2
12777,Atlantic,0,direct,direct,6
12778,Atlantic,1,display,direct,2
12779,BC,0,affiliate,organic_search,3
12780,BC,1,paid_search,paid_social,8
12781,QC,0,organic_search,affiliate,2
12782,Prairies,1,display,direct,6
12783,BC,1,organic_search,organic_search,2
12784,AB,0,direct,paid_search,2
12785,AB,0,display,email,4
12786,AB,0,organic_search,paid_search,2
12787,QC,1,display,paid_search,3
12788,BC,0,display,paid_search,4
12789,ON,0,email,direct,4
12790,BC,0,paid_search,direct,10
12791,QC,1,direct,affiliate,4
12792,QC,0,paid_social,paid_social,3
12793,Atlantic,0,organic_search,direct,2
12794,BC,0,paid_social,paid_search,2
12795,BC,0,display,direct,3
12796,BC,0,direct,affiliate,2
12797,AB,0,display,display,4
12798,Atlantic,0,organic_search,direct,6
12799,BC,0,email,email,1
12800,Atlantic,0,paid_social,email,3
12801,ON,0,email,paid_search,3
12802,BC,0,paid_search,email,3
12803,QC,0,organic_search,email,3
12804,AB,0,paid_social,direct,3
12805,QC,0,affiliate,direct,4
12806,AB,0,paid_social,direct,3
12807,AB,0,organic_search,email,3
12808,Atlantic,0,display,email,5
12809,QC,0,display,paid_social,4
12810,ON,0,display,paid_search,3
12811,BC,1,paid_social,direct,4
12812,Prairies,0,paid_search,display,6
12813,Atlantic,0,paid_search,display,5
12814,ON,0,direct,direct,4
12815,BC,0,affiliate,paid_search,4
12816,QC,0,direct,direct,1
12817,BC,0,organic_search,direct,2
12818,ON,1,display,direct,3
12819,BC,0,organic_search,paid_search,7
12820,AB,0,organic_search,email,4
12821,ON,0,direct,affiliate,3
12822,QC,0,direct,direct,3
12823,Atlantic,0,paid_social,organic_search,4
12824,ON,0,display,direct,4
12825,ON,0,direct,email,5
12826,Prairies,0,paid_search,organic_search,6
12827,Prairies,0,paid_search,direct,4
12828,AB,0,organic_search,email,4
12829,QC,0,email,direct,5
12830,BC,0,display,paid_search,3
12831,Atlantic,0,display,organic_search,4
12832,BC,0,affiliate,affiliate,1
12833,ON,0,display,affiliate,2
12834,Prairies,0,paid_search,paid_search,3
12835,Atlantic,0,paid_social,email,2
12836,QC,1,organic_search,affiliate,6
12837,ON,0,direct,direct,1
12838,Atlantic,0,paid_social,paid_search,5
12839,Atlantic,1,paid_social,direct,3
12840,AB,0,paid_social,email,2
12841,BC,0,affiliate,affiliate,4
12842,ON,0,organic_search,direct,2
12843,Prairies,0,display,email,6
12844,ON,0,organic_search,organic_search,4
12845,Atlantic,0,affiliate,paid_search,2
12846,AB,0,direct,email,3
12847,Atlantic,0,affiliate,affiliate,3
12848,Atlantic,0,affiliate,direct,3
12849,ON,0,display,affiliate,2
12850,ON,0,email,email,1
12851,BC,0,paid_search,direct,4
12852,Prairies,0,paid_social,paid_search,5
12853,ON,0,display,affiliate,4
12854,BC,0,affiliate,direct,5
12855,BC,0,display,affiliate,6
12856,Atlantic,0,display,direct,9
12857,QC,0,display,organic_search,4
12858,QC,0,direct,direct,1
12859,Atlantic,0,organic_search,organic_search,1
12860,ON,0,paid_social,paid_search,3
12861,BC,0,paid_social,affiliate,3
12862,Atlantic,0,paid_search,email,3
12863,Atlantic,0,paid_social,affiliate,3
12864,Prairies,0,affiliate,affiliate,1
12865,Atlantic,0,paid_search,paid_search,4
12866,Atlantic,0,paid_social,paid_social,2
12867,Atlantic,0,organic_search,direct,4
12868,AB,1,organic_search,paid_search,3
12869,AB,0,paid_social,direct,4
12870,Atlantic,0,paid_social,organic_search,2
12871,AB,0,paid_search,direct,3
12872,QC,0,display,display,1
12873,ON,0,direct,direct,1
12874,AB,0,paid_social,direct,3
12875,ON,0,direct,direct,4
12876,BC,0,affiliate,affiliate,3
12877,Atlantic,0,affiliate,direct,2
12878,Prairies,0,display,affiliate,10
12879,Prairies,0,paid_social,direct,9
12880,AB,0,organic_search,organic_search,1
12881,Prairies,0,display,direct,2
12882,Prairies,0,organic_search,email,4
12883,AB,0,organic_search,direct,4
12884,Atlantic,0,affiliate,email,5
12885,AB,0,display,affiliate,4
12886,AB,0,paid_search,paid_search,1
12887,Atlantic,0,display,paid_search,4
12888,Atlantic,0,display,paid_social,4
12889,AB,0,organic_search,direct,3
12890,ON,0,email,paid_search,4
12891,Atlantic,1,affiliate,affiliate,1
12892,BC,0,display,affiliate,4
12893,Prairies,0,display,paid_search,4
12894,BC,0,affiliate,affiliate,1
12895,BC,0,display,direct,5
12896,Atlantic,0,paid_search,direct,2
12897,Atlantic,0,affiliate,paid_search,5
12898,ON,0,paid_social,direct,3
12899,QC,0,organic_search,organic_search,1
12900,Atlantic,0,affiliate,email,3
12901,Prairies,0,paid_social,organic_search,4
12902,BC,0,paid_social,affiliate,5
12903,BC,0,organic_search,direct,2
12904,Prairies,1,display,direct,8
12905,AB,1,paid_search,affiliate,3
12906,QC,0,display,direct,4
12907,AB,0,organic_search,direct,3
12908,QC,0,display,organic_search,2
12909,ON,0,paid_search,direct,2
12910,Prairies,0,display,paid_search,3
12911,Atlantic,0,direct,direct,1
12912,Atlantic,0,display,email,3
12913,QC,0,paid_social,paid_search,4
12914,BC,0,display,email,3
12915,AB,0,paid_social,paid_search,4
12916,AB,0,display,paid_search,2
12917,ON,0,display,organic_search,4
12918,BC,0,paid_social,direct,2
12919,AB,0,affiliate,organic_search,2
12920,ON,0,paid_social,direct,4
12921,ON,1,display,paid_search,3
12922,Atlantic,0,paid_social,direct,3
12923,Prairies,0,affiliate,email,3
12924,QC,0,direct,direct,1
12925,ON,0,paid_search,display,2
12926,AB,0,display,paid_social,2
12927,Prairies,0,paid_social,paid_search,5
12928,BC,0,display,paid_social,3
12929,Prairies,0,affiliate,email,2
12930,QC,0,paid_search,direct,3
12931,BC,0,organic_search,direct,2
12932,QC,0,display,email,4
12933,AB,0,display,paid_search,3
12934,BC,0,direct,paid_social,2
12935,ON,0,display,direct,3
12936,ON,1,organic_search,organic_search,6
12937,Atlantic,1,display,direct,3
12938,AB,0,organic_search,direct,5
12939,AB,0,paid_social,direct,3
12940,QC,0,affiliate,paid_social,5
12941,BC,0,paid_social,display,4
12942,Atlantic,0,direct,paid_social,4
12943,BC,0,affiliate,affiliate,1
12944,ON,0,display,direct,7
12945,AB,0,direct,paid_search,2
12946,Atlantic,0,paid_social,paid_search,5
12947,Prairies,0,paid_search,paid_search,4
12948,AB,0,direct,direct,1
12949,Atlantic,0,display,paid_search,8
12950,Prairies,0,email,affiliate,4
12951,QC,0,organic_search,organic_search,1
12952,Atlantic,0,organic_search,affiliate,6
12953,BC,0,paid_social,direct,5
12954,Prairies,0,organic_search,paid_search,5
12955,Prairies,0,organic_search,organic_search,1
12956,Atlantic,0,display,direct,2
12957,Prairies,1,display,email,5
12958,Atlantic,0,direct,paid_search,4
12959,Atlantic,0,paid_social,paid_social,4
12960,QC,0,affiliate,direct,4
12961,QC,0,paid_social,affiliate,6
12962,ON,1,display,email,4
12963,AB,0,paid_social,direct,4
12964,BC,0,paid_search,email,8
12965,QC,0,organic_search,paid_search,4
12966,ON,1,paid_search,email,4
12967,Prairies,1,paid_social,display,4
12968,BC,0,display,direct,3
12969,BC,0,affiliate,organic_search,2
12970,BC,0,organic_search,affiliate,2
12971,QC,0,paid_social,paid_search,4
12972,BC,0,paid_search,paid_search,5
12973,Atlantic,0,display,affiliate,4
12974,Atlantic,0,display,paid_search,3
12975,Prairies,0,paid_social,direct,4
12976,QC,1,display,direct,5
12977,Prairies,0,paid_search,organic_search,5
12978,Atlantic,0,display,direct,6
12979,QC,1,display,direct,2
12980,Atlantic,0,paid_social,paid_search,4
12981,QC,0,direct,direct,2
12982,BC,0,affiliate,direct,4
12983,Prairies,0,paid_social,organic_search,2
12984,BC,0,affiliate,direct,5
12985,BC,0,paid_search,paid_search,3
12986,BC,1,affiliate,direct,5
12987,QC,0,organic_search,paid_search,2
12988,QC,0,display,direct,3
12989,QC,0,organic_search,direct,3
12990,Prairies,0,display,organic_search,5
12991,Prairies,1,paid_search,paid_social,3
12992,BC,0,direct,direct,3
12993,QC,0,affiliate,paid_search,4
12994,AB,0,paid_search,direct,6
12995,AB,0,paid_social,affiliate,5
12996,AB,0,display,email,3
12997,Prairies,0,paid_social,affiliate,5
12998,ON,0,organic_search,affiliate,2
12999,QC,0,direct,direct,3
13000,QC,0,display,email,4
13001,AB,0,display,email,8
13002,AB,0,organic_search,direct,3
13003,BC,0,display,paid_social,2
13004,Prairies,0,paid_social,display,5
13005,AB,0,organic_search,paid_social,3
13006,Atlantic,0,affiliate,direct,4
13007,Prairies,0,paid_search,paid_search,1
13008,Prairies,0,affiliate,affiliate,4
13009,ON,0,paid_social,affiliate,3
13010,Prairies,0,paid_social,direct,5
13011,Prairies,0,organic_search,display,2
13012,Atlantic,0,paid_social,paid_search,4
13013,QC,0,paid_search,direct,4
13014,QC,1,direct,email,7
13015,ON,0,organic_search,email,4
13016,Atlantic,1,display,organic_search,6
13017,Atlantic,0,paid_social,paid_search,5
13018,AB,0,paid_social,paid_search,3
13019,ON,0,paid_search,organic_search,2
13020,Prairies,0,affiliate,display,4
13021,AB,0,organic_search,paid_search,3
13022,QC,0,display,direct,6
13023,Prairies,0,organic_search,organic_search,2
13024,ON,0,paid_search,organic_search,2
13025,Atlantic,0,paid_search,paid_search,3
13026,Prairies,0,paid_social,paid_social,5
13027,Atlantic,0,display,direct,2
13028,ON,0,organic_search,direct,3
13029,ON,0,display,direct,3
13030,AB,0,organic_search,direct,3
13031,Atlantic,0,affiliate,affiliate,5
13032,Prairies,0,paid_search,organic_search,4
13033,ON,0,display,affiliate,3
13034,Atlantic,0,paid_social,email,6
13035,AB,0,paid_search,direct,3
13036,Atlantic,0,display,paid_search,6
13037,Atlantic,0,display,email,3
13038,AB,1,paid_social,email,4
13039,Atlantic,0,paid_search,email,2
13040,QC,0,display,paid_social,3
13041,AB,0,direct,direct,5
13042,BC,0,paid_search,paid_social,3
13043,ON,0,direct,email,2
13044,AB,0,paid_social,paid_social,5
13045,Prairies,0,paid_social,display,2
13046,AB,1,organic_search,paid_search,4
13047,Prairies,0,organic_search,paid_search,3
13048,AB,0,paid_social,paid_search,3
13049,ON,0,paid_search,direct,3
13050,Prairies,0,direct,direct,1
13051,QC,0,organic_search,paid_search,6
13052,Atlantic,0,direct,direct,1
13053,Prairies,1,display,organic_search,6
13054,Prairies,0,paid_social,direct,9
13055,ON,0,display,paid_social,6
13056,QC,0,paid_social,email,3
13057,AB,0,display,display,1
13058,QC,0,display,paid_search,2
13059,Prairies,0,display,direct,2
13060,Atlantic,0,organic_search,direct,4
13061,Atlantic,0,organic_search,organic_search,1
13062,BC,1,organic_search,paid_search,4
13063,QC,0,paid_social,direct,5
13064,Atlantic,0,paid_search,direct,2
13065,BC,0,direct,email,3
13066,QC,0,display,paid_search,4
13067,Atlantic,0,direct,email,8
13068,QC,0,organic_search,direct,2
13069,BC,0,paid_social,organic_search,2
13070,Atlantic,0,display,direct,3
13071,Atlantic,0,paid_social,paid_search,6
13072,AB,1,display,affiliate,5
13073,QC,0,paid_social,paid_social,1
13074,Atlantic,0,paid_social,affiliate,5
13075,BC,0,affiliate,email,6
13076,Atlantic,0,paid_social,display,2
13077,ON,0,paid_social,display,2
13078,BC,0,email,email,1
13079,QC,0,paid_social,paid_search,2
13080,Atlantic,0,direct,paid_search,4
13081,AB,0,display,direct,3
13082,QC,0,paid_social,direct,3
13083,ON,0,display,paid_search,3
13084,ON,0,paid_search,paid_search,3
13085,QC,0,organic_search,direct,6
13086,AB,0,paid_search,paid_search,6
13087,ON,0,direct,affiliate,5
13088,BC,1,display,direct,5
13089,BC,0,paid_search,email,6
13090,AB,0,display,paid_search,3
13091,BC,0,organic_search,direct,3
13092,Atlantic,0,display,paid_search,5
13093,BC,0,organic_search,paid_search,3
13094,ON,0,direct,direct,4
13095,ON,0,paid_social,direct,3
13096,BC,0,organic_search,paid_search,3
13097,Prairies,0,paid_social,affiliate,2
13098,BC,0,affiliate,email,4
13099,BC,0,organic_search,affiliate,4
13100,BC,0,organic_search,paid_search,3
13101,BC,0,paid_social,email,5
13102,AB,0,email,email,3
13103,QC,0,organic_search,direct,2
13104,Prairies,0,paid_search,email,2
13105,ON,0,paid_social,email,3
13106,Prairies,0,display,email,2
13107,Prairies,1,paid_social,direct,3
13108,Prairies,0,organic_search,direct,4
13109,Prairies,1,paid_social,direct,4
13110,BC,1,display,direct,2
13111,ON,0,affiliate,affiliate,3
13112,AB,0,paid_search,affiliate,7
13113,ON,0,display,direct,2
13114,QC,0,display,direct,3
13115,BC,0,paid_social,email,3
13116,BC,0,display,email,4
13117,BC,0,display,paid_search,3
13118,ON,0,direct,direct,1
13119,AB,0,organic_search,organic_search,4
13120,ON,1,display,paid_search,6
13121,BC,0,paid_social,direct,4
13122,Prairies,1,organic_search,direct,3
13123,QC,0,paid_social,paid_search,2
13124,Prairies,1,paid_search,email,3
13125,ON,0,display,direct,9
13126,AB,0,affiliate,paid_search,4
13127,BC,0,paid_search,paid_search,4
13128,BC,0,affiliate,direct,4
13129,Prairies,0,affiliate,organic_search,3
13130,QC,1,display,affiliate,3
13131,Prairies,0,organic_search,direct,4
13132,BC,0,affiliate,paid_social,4
13133,QC,0,paid_social,paid_search,4
13134,ON,0,direct,direct,1
13135,QC,0,organic_search,affiliate,2
13136,AB,0,organic_search,direct,3
13137,AB,0,organic_search,direct,2
13138,Atlantic,0,paid_search,direct,3
13139,BC,0,display,direct,2
13140,BC,0,direct,paid_search,4
13141,Atlantic,0,organic_search,affiliate,2
13142,Atlantic,0,affiliate,email,3
13143,Prairies,0,display,email,2
13144,BC,0,organic_search,direct,5
13145,BC,1,organic_search,display,7
13146,BC,0,direct,email,2
13147,QC,0,display,email,4
13148,QC,0,display,direct,4
13149,BC,1,display,email,3
13150,BC,0,display,email,4
13151,Prairies,0,email,affiliate,2
13152,Prairies,0,display,organic_search,4
13153,Prairies,0,display,display,1
13154,BC,0,organic_search,direct,3
13155,BC,1,paid_social,paid_search,5
13156,QC,0,affiliate,direct,3
13157,ON,0,display,direct,3
13158,Prairies,0,display,paid_search,5
13159,AB,0,display,email,3
13160,BC,0,paid_social,email,7
13161,BC,0,display,paid_search,5
13162,Prairies,0,organic_search,organic_search,5
13163,BC,0,paid_search,paid_search,1
13164,BC,1,paid_search,organic_search,5
13165,QC,1,display,direct,5
13166,AB,0,display,direct,5
13167,Prairies,0,display,direct,4
13168,AB,0,display,email,5
13169,Prairies,0,paid_social,paid_social,1
13170,Atlantic,0,organic_search,paid_search,3
13171,BC,0,affiliate,direct,3
13172,Prairies,0,affiliate,affiliate,1
13173,AB,1,organic_search,affiliate,4
13174,Atlantic,0,display,affiliate,3
13175,BC,0,organic_search,paid_search,3
13176,Prairies,0,paid_search,paid_search,1
13177,QC,0,direct,paid_search,8
13178,Atlantic,0,paid_search,direct,2
13179,ON,0,organic_search,direct,3
13180,Prairies,0,paid_search,direct,3
13181,QC,0,direct,organic_search,8
13182,Prairies,0,organic_search,paid_search,3
13183,AB,0,paid_social,direct,2
13184,ON,0,paid_social,direct,2
13185,ON,0,display,email,6
13186,ON,1,organic_search,direct,5
13187,Prairies,0,display,email,3
13188,Atlantic,0,email,organic_search,4
13189,ON,0,display,paid_social,2
13190,AB,0,organic_search,email,4
13191,QC,0,affiliate,organic_search,5
13192,BC,0,paid_social,organic_search,3
13193,QC,0,affiliate,affiliate,4
13194,QC,0,paid_search,paid_social,4
13195,Atlantic,0,organic_search,email,3
13196,ON,0,paid_search,affiliate,4
13197,BC,0,paid_search,email,6
13198,AB,0,paid_social,paid_search,5
13199,ON,0,paid_social,direct,5
13200,ON,0,paid_social,email,6
13201,BC,0,display,direct,3
13202,QC,0,display,direct,3
13203,QC,1,display,paid_search,5
13204,QC,0,affiliate,direct,3
13205,Atlantic,0,display,direct,2
13206,QC,0,display,direct,2
13207,BC,0,organic_search,affiliate,4
13208,QC,0,display,paid_social,6
13209,QC,0,paid_social,direct,3
13210,AB,0,paid_search,email,2
13211,BC,0,paid_social,paid_search,2
13212,Prairies,0,affiliate,affiliate,1
13213,QC,0,paid_search,direct,4
13214,Prairies,0,paid_social,organic_search,3
13215,AB,0,paid_social,paid_social,1
13216,QC,0,display,paid_search,5
13217,ON,0,display,paid_search,5
13218,QC,0,organic_search,paid_search,3
13219,AB,0,display,email,5
13220,AB,0,display,direct,6
13221,ON,0,display,direct,5
13222,Atlantic,0,display,direct,4
13223,QC,0,display,organic_search,3
13224,QC,0,paid_social,paid_social,4
13225,Atlantic,0,organic_search,organic_search,3
13226,Atlantic,0,paid_social,direct,4
13227,BC,0,paid_social,email,3
13228,Prairies,0,organic_search,paid_search,3
13229,QC,0,email,affiliate,5
13230,AB,0,organic_search,paid_search,4
13231,Prairies,0,display,email,5
13232,Prairies,0,affiliate,paid_search,4
13233,AB,0,direct,email,5
13234,ON,0,display,direct,3
13235,QC,0,paid_social,email,3
13236,Atlantic,0,paid_social,email,2
13237,ON,0,display,email,3
13238,ON,0,direct,direct,3
13239,BC,0,display,display,2
13240,BC,0,paid_search,paid_search,1
13241,Prairies,1,paid_search,paid_social,5
13242,AB,0,paid_search,affiliate,4
13243,ON,0,paid_search,direct,3
13244,BC,0,display,affiliate,3
13245,Prairies,0,paid_search,direct,3
13246,AB,0,paid_social,affiliate,4
13247,AB,0,organic_search,paid_search,5
13248,Prairies,0,display,email,5
13249,Atlantic,0,display,direct,3
13250,AB,0,paid_social,paid_search,2
13251,BC,0,organic_search,paid_search,6
13252,Atlantic,0,paid_social,affiliate,2
13253,ON,0,affiliate,paid_social,4
13254,AB,0,paid_social,email,3
13255,AB,0,display,paid_search,7
13256,Atlantic,0,affiliate,paid_social,3
13257,QC,0,direct,paid_social,7
13258,ON,0,paid_social,organic_search,6
13259,BC,0,paid_social,organic_search,3
13260,QC,0,display,direct,7
13261,Prairies,0,affiliate,organic_search,3
13262,AB,0,organic_search,affiliate,3
13263,AB,0,paid_social,display,5
13264,QC,0,paid_social,paid_search,4
13265,ON,0,paid_search,paid_search,1
13266,ON,0,display,direct,4
13267,AB,0,paid_social,direct,4
13268,AB,0,paid_social,display,9
13269,BC,0,organic_search,email,2
13270,AB,1,display,email,6
13271,Atlantic,0,direct,direct,1
13272,Atlantic,0,direct,direct,3
13273,AB,1,display,affiliate,3
13274,ON,0,display,direct,3
13275,QC,1,direct,organic_search,6
13276,Atlantic,0,paid_social,direct,2
13277,QC,0,paid_search,paid_search,3
13278,ON,1,direct,direct,3
13279,AB,0,organic_search,paid_search,4
13280,Prairies,0,organic_search,direct,2
13281,BC,0,display,affiliate,3
13282,Atlantic,0,display,affiliate,4
13283,Atlantic,0,paid_social,paid_social,4
13284,AB,0,paid_social,email,4
13285,BC,0,direct,paid_search,3
13286,Atlantic,0,paid_search,direct,4
13287,Prairies,0,organic_search,direct,7
13288,QC,0,affiliate,affiliate,1
13289,BC,0,display,affiliate,2
13290,Atlantic,0,display,paid_search,4
13291,AB,0,paid_search,affiliate,5
13292,ON,0,paid_social,organic_search,2
13293,Atlantic,0,affiliate,paid_social,4
13294,BC,0,paid_social,email,3
13295,QC,0,affiliate,paid_search,2
13296,ON,0,organic_search,direct,6
13297,ON,0,paid_social,paid_search,4
13298,BC,0,display,paid_search,4
13299,ON,0,display,display,2
13300,QC,0,paid_social,display,2
13301,Atlantic,0,paid_search,email,6
13302,Atlantic,0,paid_search,direct,6
13303,Atlantic,0,paid_social,organic_search,6
13304,AB,0,paid_search,affiliate,3
13305,Prairies,0,display,paid_search,2
13306,BC,0,paid_social,direct,4
13307,AB,0,affiliate,direct,5
13308,ON,0,paid_social,direct,9
13309,Atlantic,0,display,paid_social,3
13310,Prairies,0,organic_search,paid_search,4
13311,ON,0,direct,direct,1
13312,Prairies,0,organic_search,display,2
13313,QC,0,paid_social,organic_search,2
13314,Prairies,1,display,email,2
13315,Atlantic,0,direct,paid_search,4
13316,Atlantic,0,paid_social,direct,7
13317,Prairies,0,paid_social,display,5
13318,Prairies,0,paid_social,organic_search,2
13319,BC,0,paid_social,paid_social,2
13320,QC,0,affiliate,paid_search,5
13321,ON,0,paid_search,affiliate,4
13322,Atlantic,0,affiliate,direct,3
13323,AB,0,direct,display,4
13324,Prairies,0,paid_social,email,3
13325,ON,1,organic_search,paid_social,6
13326,Prairies,0,paid_search,paid_search,1
13327,Prairies,0,email,email,1
13328,Prairies,0,display,direct,4
13329,ON,0,paid_social,direct,2
13330,BC,0,paid_search,organic_search,4
13331,Prairies,0,display,organic_search,4
13332,Prairies,0,paid_search,direct,3
13333,Prairies,0,affiliate,direct,3
13334,Prairies,0,affiliate,affiliate,5
13335,Prairies,0,paid_social,paid_social,3
13336,BC,0,paid_search,paid_social,5
13337,BC,0,paid_social,affiliate,4
13338,BC,0,paid_social,direct,4
13339,ON,1,display,email,5
13340,QC,0,paid_social,email,2
13341,ON,0,direct,display,4
13342,QC,1,direct,paid_search,2
13343,QC,0,display,direct,3
13344,QC,0,organic_search,affiliate,2
13345,AB,0,paid_social,affiliate,3
13346,BC,0,paid_search,direct,3
13347,BC,0,paid_social,direct,4
13348,BC,0,organic_search,direct,5
13349,ON,1,affiliate,paid_search,6
13350,ON,0,direct,direct,1
13351,ON,0,display,email,3
13352,Atlantic,0,organic_search,email,2
13353,QC,0,paid_search,affiliate,4
13354,BC,0,paid_search,direct,4
13355,AB,0,paid_social,organic_search,3
13356,Atlantic,1,affiliate,paid_search,2
13357,Prairies,0,paid_social,affiliate,5
13358,QC,0,paid_social,organic_search,2
13359,BC,0,email,email,1
13360,QC,0,display,direct,3
13361,BC,0,paid_social,paid_social,4
13362,ON,0,display,display,4
13363,Prairies,0,organic_search,direct,4
13364,ON,0,display,direct,3
13365,QC,0,organic_search,paid_social,3
13366,Prairies,0,organic_search,direct,3
13367,BC,0,affiliate,affiliate,1
13368,ON,1,paid_social,paid_search,4
13369,Atlantic,0,display,paid_search,5
13370,Atlantic,0,display,direct,3
13371,AB,0,display,organic_search,5
13372,Prairies,0,paid_search,paid_search,8
13373,ON,0,direct,paid_search,7
13374,AB,0,display,paid_search,4
13375,QC,0,display,paid_search,3
13376,AB,0,email,direct,2
13377,ON,0,display,paid_search,2
13378,AB,0,direct,direct,4
13379,QC,0,display,paid_search,5
13380,BC,0,organic_search,email,3
13381,Prairies,0,affiliate,paid_search,3
13382,BC,0,affiliate,affiliate,1
13383,QC,0,display,direct,2
13384,Atlantic,0,organic_search,organic_search,1
13385,Prairies,0,organic_search,organic_search,1
13386,Prairies,0,direct,direct,4
13387,QC,1,organic_search,paid_search,5
13388,Prairies,0,display,paid_social,5
13389,QC,0,direct,direct,1
13390,BC,0,direct,paid_search,3
13391,BC,0,display,direct,3
13392,ON,1,affiliate,direct,3
13393,BC,0,display,paid_search,3
13394,Atlantic,0,direct,paid_social,8
13395,ON,0,paid_search,organic_search,3
13396,ON,0,direct,direct,1
13397,BC,0,organic_search,email,6
13398,ON,0,paid_search,affiliate,2
13399,QC,0,paid_social,affiliate,6
13400,AB,0,direct,paid_search,2
13401,Atlantic,1,display,paid_search,4
13402,ON,0,display,email,4
13403,ON,0,paid_social,direct,3
13404,Atlantic,0,display,direct,3
13405,AB,0,paid_social,organic_search,4
13406,AB,1,display,email,4
13407,BC,0,display,paid_social,8
13408,Atlantic,0,display,affiliate,2
13409,ON,0,affiliate,direct,4
13410,AB,0,display,paid_search,3
13411,Prairies,0,organic_search,affiliate,4
13412,Atlantic,0,paid_social,affiliate,6
13413,QC,0,paid_social,email,2
13414,Prairies,1,display,direct,6
13415,BC,0,paid_social,display,6
13416,QC,0,paid_search,organic_search,7
13417,ON,0,paid_search,direct,3
13418,Atlantic,0,paid_social,affiliate,4
13419,BC,0,paid_search,paid_search,3
13420,ON,0,direct,organic_search,3
13421,QC,0,direct,direct,2
13422,ON,1,paid_social,email,7
13423,BC,0,display,direct,3
13424,AB,0,paid_search,email,2
13425,ON,0,display,email,2
13426,Prairies,0,paid_social,paid_social,3
13427,BC,0,direct,direct,3
13428,Prairies,0,paid_social,email,2
13429,BC,0,email,email,1
13430,BC,0,display,paid_search,4
13431,Atlantic,0,paid_social,paid_search,2
13432,BC,1,organic_search,direct,4
13433,Prairies,0,display,direct,4
13434,QC,0,display,direct,2
13435,AB,0,paid_social,direct,3
13436,BC,0,display,affiliate,4
13437,Atlantic,0,affiliate,paid_search,3
13438,BC,0,affiliate,affiliate,3
13439,Atlantic,0,direct,direct,5
13440,Atlantic,0,paid_social,organic_search,3
13441,Prairies,0,paid_search,direct,4
13442,Prairies,0,display,direct,2
13443,BC,0,display,email,5
13444,AB,0,display,email,4
13445,QC,0,direct,direct,1
13446,ON,0,affiliate,display,4
13447,Atlantic,1,display,email,4
13448,ON,0,affiliate,direct,2
13449,QC,0,paid_search,paid_search,4
13450,QC,0,paid_social,direct,4
13451,ON,0,organic_search,paid_search,3
13452,Atlantic,1,paid_search,direct,3
13453,AB,0,organic_search,organic_search,1
13454,ON,0,affiliate,affiliate,5
13455,Prairies,0,display,direct,2
13456,BC,0,paid_search,paid_search,1
13457,Prairies,0,display,email,2
13458,AB,0,paid_social,paid_search,7
13459,ON,1,display,paid_search,2
13460,AB,1,email,paid_search,6
13461,BC,0,paid_social,affiliate,4
13462,ON,0,direct,email,3
13463,Atlantic,0,direct,direct,1
13464,Atlantic,0,paid_social,direct,2
13465,Atlantic,1,organic_search,email,6
13466,QC,0,paid_search,affiliate,4
13467,AB,0,direct,direct,4
13468,Atlantic,0,paid_search,affiliate,3
13469,Atlantic,0,organic_search,direct,3
13470,Prairies,0,paid_social,paid_search,4
13471,AB,0,organic_search,organic_search,2
13472,BC,0,paid_social,direct,3
13473,ON,0,paid_search,affiliate,4
13474,QC,0,paid_search,direct,6
13475,BC,0,paid_social,display,3
13476,ON,0,paid_social,direct,2
13477,AB,0,paid_search,email,3
13478,AB,0,affiliate,email,4
13479,ON,0,direct,direct,1
13480,QC,0,display,direct,4
13481,BC,0,email,direct,4
13482,AB,0,paid_social,email,4
13483,Atlantic,1,paid_social,paid_search,3
13484,Atlantic,0,paid_social,affiliate,2
13485,QC,0,display,paid_search,2
13486,AB,0,direct,direct,2
13487,ON,0,display,direct,3
13488,AB,0,display,email,4
13489,Prairies,0,paid_social,affiliate,2
13490,BC,0,display,direct,6
13491,Prairies,0,organic_search,paid_social,2
13492,Prairies,0,display,email,4
13493,Prairies,0,paid_social,display,3
13494,QC,0,display,email,3
13495,Prairies,0,organic_search,paid_search,6
13496,ON,0,paid_social,paid_social,3
13497,AB,0,organic_search,display,2
13498,Atlantic,1,paid_social,direct,3
13499,BC,0,affiliate,paid_search,5
13500,AB,0,affiliate,direct,5
13501,QC,0,direct,direct,1
13502,ON,0,display,affiliate,4
13503,AB,0,display,affiliate,6
13504,Prairies,0,organic_search,affiliate,3
13505,Atlantic,0,organic_search,direct,2
13506,Atlantic,0,display,organic_search,3
13507,AB,1,paid_social,direct,2
13508,AB,0,display,email,4
13509,Prairies,0,display,paid_search,4
13510,Atlantic,1,paid_social,paid_search,2
13511,ON,0,display,email,4
13512,QC,0,paid_social,paid_search,10
13513,Atlantic,0,paid_social,organic_search,4
13514,ON,0,paid_social,direct,2
13515,BC,0,organic_search,paid_social,7
13516,BC,0,affiliate,direct,6
13517,Atlantic,0,display,direct,5
13518,Atlantic,0,paid_social,paid_search,5
13519,BC,0,paid_social,paid_social,2
13520,Atlantic,0,display,paid_search,3
13521,Atlantic,0,email,email,1
13522,Prairies,0,paid_social,paid_search,3
13523,ON,0,display,affiliate,6
13524,ON,0,organic_search,paid_search,2
13525,AB,0,paid_search,direct,3
13526,QC,0,organic_search,organic_search,4
13527,BC,0,paid_social,direct,2
13528,Atlantic,0,organic_search,email,2
13529,ON,0,organic_search,organic_search,5
13530,ON,0,organic_search,organic_search,5
13531,Prairies,0,affiliate,direct,4
13532,Prairies,1,paid_social,email,4
13533,Atlantic,1,paid_search,direct,8
13534,Atlantic,0,display,email,7
13535,ON,0,paid_search,paid_social,6
13536,AB,0,organic_search,paid_social,2
13537,ON,0,paid_social,paid_search,3
13538,Atlantic,0,paid_social,paid_search,4
13539,ON,0,display,affiliate,2
13540,AB,0,paid_social,organic_search,4
13541,QC,0,organic_search,email,6
13542,Prairies,0,display,paid_search,5
13543,QC,0,paid_social,paid_search,5
13544,BC,0,paid_social,direct,2
13545,Atlantic,0,paid_social,paid_search,2
13546,QC,0,email,direct,3
13547,ON,0,organic_search,affiliate,2
13548,BC,0,paid_social,direct,4
13549,QC,0,affiliate,affiliate,3
13550,BC,0,affiliate,direct,4
13551,Prairies,0,paid_social,direct,3
13552,ON,0,display,display,3
13553,QC,0,paid_search,organic_search,2
13554,Prairies,0,display,direct,4
13555,Atlantic,0,display,paid_social,3
13556,Prairies,0,paid_social,paid_social,1
13557,BC,0,paid_social,organic_search,2
13558,BC,0,paid_social,email,5
13559,QC,0,paid_social,email,6
13560,ON,0,organic_search,affiliate,4
13561,Atlantic,0,display,direct,3
13562,ON,0,paid_social,direct,3
13563,Atlantic,0,display,email,8
13564,Prairies,0,paid_social,direct,2
13565,Prairies,0,organic_search,email,3
13566,BC,0,paid_social,display,5
13567,AB,0,paid_search,email,4
13568,AB,1,paid_social,paid_search,7
13569,Atlantic,0,affiliate,email,2
13570,Prairies,1,display,email,5
13571,Prairies,0,paid_social,direct,8
13572,Atlantic,0,affiliate,paid_search,5
13573,BC,0,display,direct,3
13574,Prairies,0,direct,direct,1
13575,AB,0,paid_search,organic_search,3
13576,Atlantic,0,paid_social,direct,3
13577,AB,0,organic_search,affiliate,4
13578,AB,0,paid_social,paid_search,4
13579,BC,1,paid_search,email,3
13580,Atlantic,0,paid_search,paid_search,4
13581,QC,0,paid_social,email,4
13582,BC,0,email,email,1
13583,AB,0,paid_social,paid_search,4
13584,QC,1,organic_search,affiliate,2
13585,BC,0,display,direct,2
13586,Prairies,0,paid_social,email,3
13587,Atlantic,0,affiliate,organic_search,3
13588,BC,0,display,direct,6
13589,BC,0,organic_search,paid_search,3
13590,QC,1,display,paid_search,4
13591,AB,0,organic_search,email,4
13592,QC,0,paid_social,direct,2
13593,QC,0,display,paid_search,4
13594,Prairies,0,email,email,3
13595,BC,0,affiliate,paid_social,5
13596,Atlantic,0,display,direct,3
13597,Prairies,1,affiliate,display,5
13598,BC,0,paid_social,paid_search,4
13599,Atlantic,0,paid_social,direct,2
13600,AB,1,paid_search,direct,6
13601,AB,0,paid_social,paid_social,4
13602,AB,0,display,paid_search,5
13603,QC,0,organic_search,affiliate,2
13604,BC,0,affiliate,organic_search,6
13605,AB,0,direct,direct,1
13606,Prairies,0,paid_search,paid_search,3
13607,QC,1,organic_search,direct,5
13608,Atlantic,0,display,email,7
13609,QC,0,affiliate,direct,4
13610,Prairies,0,paid_social,email,2
13611,BC,0,direct,direct,1
13612,ON,0,paid_social,organic_search,4
13613,Prairies,0,paid_search,affiliate,3
13614,BC,0,organic_search,organic_search,7
13615,AB,0,paid_search,direct,3
13616,ON,0,paid_social,email,3
13617,Atlantic,0,organic_search,paid_search,6
13618,Prairies,0,paid_search,paid_search,1
13619,AB,0,display,paid_search,2
13620,ON,0,paid_search,affiliate,2
13621,ON,0,display,direct,5
13622,BC,0,display,display,1
13623,Prairies,0,email,paid_search,6
13624,BC,0,paid_social,email,5
13625,ON,0,paid_search,affiliate,2
13626,Prairies,0,paid_search,direct,3
13627,Prairies,0,paid_search,direct,4
13628,ON,0,direct,paid_search,2
13629,AB,0,direct,affiliate,3
13630,QC,0,paid_social,paid_social,1
13631,BC,0,paid_social,direct,3
13632,ON,1,paid_social,paid_search,2
13633,Prairies,0,paid_social,paid_search,7
13634,Prairies,0,display,affiliate,5
13635,Prairies,0,display,direct,3
13636,BC,0,organic_search,organic_search,7
13637,BC,1,paid_search,display,3
13638,QC,1,email,organic_search,4
13639,ON,0,organic_search,direct,4
13640,Atlantic,0,paid_social,direct,3
13641,Prairies,0,display,display,1
13642,AB,0,paid_social,direct,3
13643,AB,0,display,organic_search,6
13644,QC,0,display,direct,2
13645,Atlantic,0,email,direct,3
13646,QC,0,paid_search,paid_social,3
13647,Atlantic,0,paid_social,direct,4
13648,Prairies,1,organic_search,direct,4
13649,Atlantic,0,paid_social,direct,3
13650,Atlantic,0,paid_social,organic_search,4
13651,Prairies,0,paid_search,direct,4
13652,QC,0,display,paid_search,3
13653,AB,0,paid_social,paid_search,4
13654,QC,1,display,direct,3
13655,Prairies,0,direct,direct,3
13656,Prairies,0,paid_search,direct,5
13657,ON,0,paid_social,affiliate,4
13658,ON,1,paid_social,paid_search,4
13659,Atlantic,0,paid_social,direct,3
13660,BC,0,email,email,1
13661,BC,0,paid_social,paid_search,4
13662,QC,0,display,email,3
13663,AB,0,paid_search,direct,6
13664,QC,0,direct,affiliate,3
13665,ON,0,organic_search,affiliate,2
13666,ON,0,organic_search,direct,3
13667,AB,0,email,email,1
13668,Prairies,0,email,email,1
13669,BC,0,paid_search,direct,5
13670,ON,0,email,paid_search,5
13671,BC,0,paid_social,direct,6
13672,BC,0,organic_search,affiliate,4
13673,ON,0,display,paid_search,2
13674,AB,0,organic_search,affiliate,2
13675,AB,0,display,affiliate,3
13676,Atlantic,0,organic_search,direct,3
13677,BC,0,paid_social,direct,4
13678,QC,0,affiliate,paid_search,4
13679,BC,0,paid_search,paid_search,5
13680,AB,0,paid_search,email,3
13681,BC,0,organic_search,direct,2
13682,BC,0,affiliate,paid_social,3
13683,Prairies,0,display,affiliate,5
13684,Prairies,0,paid_social,direct,6
13685,QC,0,affiliate,paid_search,2
13686,AB,0,paid_social,direct,2
13687,ON,0,organic_search,affiliate,3
13688,Atlantic,0,paid_search,paid_search,3
13689,AB,0,affiliate,direct,3
13690,AB,0,paid_social,direct,4
13691,AB,0,organic_search,paid_search,6
13692,QC,0,organic_search,paid_search,2
13693,ON,0,email,direct,4
13694,ON,0,paid_search,paid_search,3
13695,QC,0,affiliate,paid_social,4
13696,Atlantic,0,affiliate,paid_search,4
13697,ON,1,paid_social,affiliate,4
13698,ON,0,display,paid_search,2
13699,QC,0,display,direct,2
13700,ON,0,paid_social,paid_search,3
13701,ON,0,paid_social,affiliate,3
13702,QC,0,direct,direct,1
13703,AB,0,organic_search,direct,5
13704,QC,1,display,paid_search,6
13705,AB,0,paid_social,paid_search,3
13706,QC,1,paid_search,direct,4
13707,ON,0,paid_social,direct,5
13708,QC,0,organic_search,affiliate,6
13709,QC,0,paid_social,organic_search,4
13710,AB,0,display,affiliate,5
13711,ON,0,display,direct,3
13712,AB,1,paid_search,email,6
13713,QC,1,paid_social,organic_search,5
13714,BC,0,affiliate,affiliate,1
13715,Atlantic,0,display,paid_social,4
13716,Prairies,0,email,display,3
13717,Prairies,0,organic_search,direct,3
13718,QC,0,display,display,4
13719,QC,0,display,email,5
13720,BC,0,organic_search,direct,4
13721,QC,1,affiliate,email,3
13722,ON,0,email,email,1
13723,Prairies,0,display,email,4
13724,AB,0,paid_social,organic_search,3
13725,Atlantic,0,direct,direct,1
13726,BC,1,display,paid_social,5
13727,AB,0,paid_social,affiliate,3
13728,Atlantic,0,display,direct,3
13729,BC,0,paid_search,email,3
13730,QC,0,paid_social,direct,3
13731,Atlantic,0,display,direct,5
13732,BC,1,paid_search,paid_social,2
13733,Prairies,0,paid_search,paid_search,4
13734,BC,0,paid_social,direct,5
13735,ON,0,display,direct,4
13736,Atlantic,1,display,email,2
13737,ON,0,paid_search,email,4
13738,AB,0,paid_social,affiliate,2
13739,Atlantic,1,display,paid_search,3
13740,BC,1,paid_social,email,3
13741,BC,0,paid_social,direct,6
13742,Atlantic,0,display,affiliate,4
13743,Atlantic,1,display,direct,4
13744,ON,0,paid_social,email,4
13745,AB,0,paid_search,organic_search,8
13746,ON,0,display,direct,3
13747,ON,0,organic_search,email,4
13748,ON,0,display,display,4
13749,ON,0,direct,affiliate,2
13750,Atlantic,1,display,direct,4
13751,Prairies,0,display,direct,4
13752,Prairies,0,paid_search,direct,2
13753,Prairies,0,paid_search,paid_search,3
13754,Prairies,0,paid_social,paid_social,1
13755,Prairies,0,organic_search,direct,3
13756,ON,0,paid_social,direct,3
13757,ON,1,paid_search,paid_social,3
13758,Prairies,0,affiliate,affiliate,1
13759,BC,0,display,display,1
13760,BC,0,direct,paid_search,2
13761,ON,1,display,direct,4
13762,BC,0,display,email,2
13763,ON,0,display,direct,6
13764,Atlantic,0,paid_social,paid_social,3
13765,AB,0,organic_search,direct,3
13766,Prairies,0,display,email,2
13767,BC,0,paid_social,organic_search,2
13768,AB,0,paid_social,direct,5
13769,BC,0,display,organic_search,3
13770,Prairies,1,organic_search,paid_search,4
13771,Prairies,0,organic_search,direct,2
13772,ON,1,affiliate,affiliate,4
13773,Prairies,0,paid_social,organic_search,2
13774,Prairies,1,display,affiliate,2
13775,ON,0,display,email,3
13776,Atlantic,0,paid_social,email,4
13777,AB,0,paid_social,affiliate,2
13778,Prairies,0,paid_social,affiliate,4
13779,QC,0,display,direct,2
13780,ON,0,paid_search,paid_search,2
13781,AB,0,display,email,4
13782,Atlantic,0,display,paid_social,3
13783,Atlantic,0,display,organic_search,4
13784,BC,0,display,affiliate,5
13785,AB,0,display,direct,5
13786,Prairies,0,organic_search,email,3
13787,QC,0,direct,email,4
13788,ON,0,affiliate,organic_search,3
13789,Prairies,0,paid_search,email,4
13790,ON,0,display,email,3
13791,QC,0,organic_search,direct,2
13792,ON,0,email,email,1
13793,ON,0,paid_search,affiliate,5
13794,AB,0,paid_search,direct,2
13795,ON,0,paid_social,affiliate,6
13796,BC,0,email,paid_search,2
13797,BC,0,display,paid_search,2
13798,ON,0,paid_search,affiliate,4
13799,BC,0,paid_social,paid_search,5
13800,AB,1,paid_search,direct,8
13801,AB,0,display,email,5
13802,Atlantic,0,email,direct,6
13803,Prairies,0,email,direct,3
13804,BC,0,email,email,1
13805,QC,0,display,paid_search,2
13806,QC,0,organic_search,affiliate,2
13807,ON,0,paid_social,direct,3
13808,Prairies,0,organic_search,paid_search,4
13809,BC,0,affiliate,organic_search,5
13810,BC,0,email,email,1
13811,Atlantic,0,display,organic_search,3
13812,Atlantic,0,display,paid_search,3
13813,ON,0,affiliate,paid_search,4
13814,BC,0,email,paid_social,3
13815,Prairies,0,organic_search,display,4
13816,BC,0,email,display,3
13817,ON,0,organic_search,direct,2
13818,ON,0,affiliate,paid_search,5
13819,Prairies,0,organic_search,email,5
13820,ON,1,paid_social,paid_search,3
13821,AB,0,display,paid_search,3
13822,AB,1,affiliate,display,4
13823,Atlantic,1,affiliate,paid_search,9
13824,BC,0,paid_search,paid_search,4
13825,Atlantic,0,paid_search,organic_search,4
13826,QC,0,display,direct,4
13827,Prairies,0,direct,direct,4
13828,BC,0,paid_search,direct,2
13829,ON,0,display,display,1
13830,ON,0,display,affiliate,5
13831,AB,0,paid_social,paid_search,3
13832,ON,0,direct,direct,1
13833,ON,0,paid_social,paid_search,4
13834,Atlantic,0,affiliate,organic_search,4
13835,Atlantic,0,direct,direct,2
13836,BC,0,display,email,4
13837,Prairies,0,display,paid_social,2
13838,BC,0,affiliate,organic_search,5
13839,QC,0,email,direct,3
13840,BC,0,paid_search,direct,4
13841,Prairies,0,direct,paid_social,3
13842,Prairies,0,direct,email,2
13843,ON,0,paid_search,paid_search,3
13844,Atlantic,0,paid_social,email,2
13845,Atlantic,0,direct,direct,4
13846,QC,0,organic_search,email,2
13847,BC,0,affiliate,email,2
13848,QC,1,affiliate,email,4
13849,AB,0,paid_search,affiliate,6
13850,ON,0,organic_search,email,3
13851,ON,0,display,direct,5
13852,Atlantic,0,paid_search,affiliate,2
13853,Atlantic,0,paid_social,paid_search,5
13854,BC,0,paid_search,email,8
13855,ON,0,display,paid_search,5
13856,Atlantic,0,direct,direct,1
13857,QC,0,paid_social,organic_search,6
13858,Prairies,0,paid_social,organic_search,3
13859,ON,1,paid_search,organic_search,3
13860,BC,0,organic_search,affiliate,5
13861,ON,0,organic_search,direct,6
13862,QC,0,organic_search,paid_search,2
13863,BC,0,direct,organic_search,2
13864,Atlantic,0,display,paid_search,3
13865,Atlantic,0,paid_social,paid_search,3
13866,Prairies,0,display,direct,3
13867,Atlantic,0,paid_social,organic_search,2
13868,Prairies,0,organic_search,organic_search,3
13869,BC,0,display,direct,4
13870,Prairies,1,direct,paid_search,3
13871,Atlantic,0,paid_social,direct,4
13872,QC,1,direct,email,3
13873,ON,0,organic_search,display,2
13874,ON,0,direct,direct,2
13875,QC,0,display,direct,6
13876,Atlantic,0,affiliate,affiliate,5
13877,AB,0,affiliate,organic_search,2
13878,QC,0,affiliate,direct,2
13879,ON,0,display,email,4
13880,QC,0,paid_social,organic_search,3
13881,Prairies,0,display,paid_social,4
13882,Atlantic,0,display,display,4
13883,QC,0,display,direct,6
13884,Atlantic,0,display,direct,2
13885,AB,0,paid_social,direct,5
13886,AB,0,email,email,2
13887,QC,0,paid_search,direct,5
13888,BC,0,direct,paid_search,2
13889,QC,0,display,paid_social,4
13890,Atlantic,1,organic_search,email,2
13891,ON,0,paid_search,affiliate,6
13892,BC,0,organic_search,direct,6
13893,Atlantic,0,display,affiliate,5
13894,BC,0,paid_search,paid_search,2
13895,QC,0,paid_social,email,2
13896,BC,0,display,direct,2
13897,BC,0,organic_search,paid_social,3
13898,AB,0,affiliate,email,3
13899,BC,0,display,direct,3
13900,Atlantic,0,paid_search,paid_search,1
13901,BC,0,paid_social,email,4
13902,ON,0,organic_search,direct,2
13903,AB,0,paid_search,email,6
13904,ON,0,organic_search,paid_search,3
13905,Atlantic,0,organic_search,email,5
13906,AB,0,paid_search,email,2
13907,Atlantic,0,display,email,6
13908,QC,0,display,direct,2
13909,Atlantic,0,affiliate,paid_search,4
13910,BC,0,display,direct,3
13911,QC,0,paid_search,organic_search,6
13912,Atlantic,0,display,affiliate,5
13913,AB,0,paid_social,direct,3
13914,Prairies,0,paid_social,paid_search,4
13915,ON,0,display,email,2
13916,Prairies,0,paid_social,organic_search,7
13917,AB,0,organic_search,email,3
13918,BC,0,paid_social,email,2
13919,QC,0,paid_social,affiliate,5
13920,Prairies,1,paid_search,affiliate,4
13921,QC,0,organic_search,email,7
13922,QC,0,paid_social,direct,3
13923,ON,0,paid_social,direct,3
13924,Atlantic,0,email,paid_search,6
13925,BC,0,email,organic_search,3
13926,ON,0,paid_search,organic_search,4
13927,QC,0,direct,direct,1
13928,Atlantic,0,organic_search,paid_search,2
13929,QC,0,display,direct,4
13930,Prairies,0,organic_search,email,2
13931,BC,0,paid_social,paid_social,1
13932,ON,0,display,email,3
13933,ON,0,email,direct,2
13934,AB,0,paid_search,organic_search,4
13935,Prairies,0,paid_social,direct,3
13936,AB,0,paid_social,direct,4
13937,BC,0,paid_social,organic_search,2
13938,Atlantic,0,organic_search,email,3
13939,Prairies,0,paid_search,affiliate,4
13940,QC,0,organic_search,paid_social,3
13941,Atlantic,1,display,paid_search,5
13942,QC,0,organic_search,affiliate,5
13943,Prairies,0,organic_search,direct,3
13944,QC,0,display,display,2
13945,BC,0,direct,paid_search,5
13946,ON,0,display,direct,3
13947,AB,0,display,paid_search,6
13948,Atlantic,0,paid_social,paid_social,1
13949,QC,0,affiliate,affiliate,3
13950,AB,0,display,direct,4
13951,AB,1,display,affiliate,10
13952,AB,1,organic_search,paid_social,6
13953,BC,0,paid_social,display,8
13954,QC,0,display,affiliate,2
13955,BC,0,direct,affiliate,3
13956,ON,0,paid_social,email,4
13957,Atlantic,0,display,email,5
13958,BC,0,paid_search,affiliate,4
13959,Atlantic,1,email,direct,3
13960,ON,0,email,paid_search,4
13961,ON,0,affiliate,paid_social,3
13962,Prairies,0,paid_search,display,4
13963,ON,0,paid_social,organic_search,3
13964,BC,0,display,direct,4
13965,AB,0,paid_social,paid_social,9
13966,AB,0,display,direct,2
13967,ON,0,organic_search,email,7
13968,BC,0,affiliate,email,7
13969,Atlantic,0,paid_social,direct,2
13970,BC,0,direct,direct,4
13971,BC,0,affiliate,affiliate,1
13972,Atlantic,0,display,organic_search,3
13973,ON,0,paid_search,paid_search,1
13974,Atlantic,0,organic_search,organic_search,1
13975,Prairies,1,affiliate,affiliate,3
13976,Prairies,1,affiliate,paid_search,6
13977,BC,0,paid_social,paid_search,2
13978,Atlantic,0,paid_social,paid_social,4
13979,ON,0,paid_social,direct,4
13980,Atlantic,0,direct,direct,3
13981,BC,0,affiliate,direct,2
13982,QC,0,direct,direct,5
13983,Prairies,0,affiliate,email,2
13984,BC,0,display,direct,3
13985,AB,0,direct,direct,1
13986,BC,0,paid_search,organic_search,6
13987,BC,0,paid_social,paid_search,2
13988,BC,0,paid_search,paid_search,2
13989,AB,1,organic_search,affiliate,4
13990,QC,0,paid_social,paid_search,2
13991,AB,0,paid_social,direct,6
13992,Prairies,0,email,email,2
13993,BC,0,paid_social,email,3
13994,Prairies,0,display,direct,5
13995,QC,0,organic_search,organic_search,5
13996,BC,0,paid_search,paid_search,1
13997,Prairies,0,display,paid_search,4
13998,Prairies,0,paid_search,email,3
13999,Atlantic,0,display,affiliate,2
14000,BC,1,paid_social,direct,4
