user_id,path,converted,region
1,paid_social>paid_search,0,Prairies
2,direct>display>paid_social>display>paid_social>direct>display>organic_search>paid_social>affiliate>paid_social,0,AB
3,paid_social>paid_search,0,ON
4,organic_search>email>direct>email>email,1,QC
5,affiliate>display>paid_search>paid_search,0,QC
6,organic_search>organic_search>display>email,0,Atlantic
7,paid_social>paid_social>paid_social>display>display>display>affiliate>direct,0,ON
8,paid_social>paid_search>direct,1,QC
9,paid_social>organic_search>direct,0,QC
10,email>affiliate,0,AB
11,display>affiliate>display>paid_social>direct,0,BC
12,paid_search>display>display>display>display>paid_social>direct,0,BC
13,email>display>organic_search>display>paid_search,0,Prairies
14,paid_social>display>paid_search,0,QC
15,paid_search>direct>display>affiliate,0,ON
16,display>display>paid_search>affiliate,0,AB
17,direct>display>direct,0,AB
18,display>organic_search>display>paid_social,0,QC
19,direct>paid_search>display>paid_social>affiliate>organic_search,0,AB
20,display>affiliate>display>paid_social>paid_search>organic_search,0,BC
21,display>organic_search>organic_search>paid_social>display>paid_search,0,QC
22,display>display>display>direct>direct,0,Atlantic
23,paid_search>display>organic_search>affiliate,1,BC
24,display>organic_search>display>display>display>organic_search,0,ON
25,display>email>direct,0,AB
26,direct>organic_search>paid_search,0,AB
27,display>affiliate>affiliate>display>email,0,QC
28,paid_search>display>paid_search>paid_social>paid_social>display>direct,0,QC
29,display>paid_social>paid_search>paid_search,0,ON
30,display>display>affiliate>affiliate>paid_search,0,Prairies
31,paid_social>display>email,0,QC
32,display>organic_search>affiliate,0,AB
33,paid_search,0,Atlantic
34,paid_search>affiliate>direct>organic_search>email,0,QC
35,display>paid_social>paid_search>affiliate>paid_social,0,Prairies
36,organic_search>paid_search>display>affiliate>email,0,Prairies
37,affiliate>affiliate>paid_search,0,ON
38,affiliate>paid_search>paid_social,0,AB
39,paid_search>paid_social>paid_search>direct,0,Prairies
40,display>paid_social>display>email,0,BC
41,affiliate>paid_social>display>organic_search,0,BC
42,display>paid_search>paid_social>paid_social>paid_social>organic_search>email,0,ON
43,paid_social>paid_search>organic_search,0,AB
44,paid_social>affiliate,0,AB
45,organic_search>affiliate,0,Prairies
46,paid_search>direct>display>paid_social,0,Atlantic
47,paid_social>organic_search>affiliate>affiliate,0,AB
48,paid_search>organic_search>paid_search,0,ON
49,display>paid_social>display>affiliate>direct,0,AB
50,paid_social>direct,0,Prairies
51,organic_search>organic_search>organic_search>display>email,0,BC
52,display>affiliate>organic_search>organic_search>organic_search,1,QC
53,display>organic_search>paid_social>organic_search>paid_search>affiliate>paid_social>affiliate>affiliate,0,QC
54,affiliate,1,AB
55,paid_search>organic_search>organic_search>paid_social,0,BC
56,paid_social>direct>organic_search>paid_search>paid_search,0,Atlantic
57,paid_search>affiliate>organic_search>direct,0,Atlantic
58,organic_search,0,Prairies
59,organic_search>direct,0,Prairies
60,paid_social>display>organic_search>direct,0,QC
61,organic_search>display>paid_search,0,Atlantic
62,display>paid_search>paid_social>direct,0,ON
63,organic_search>organic_search>organic_search>paid_search,0,BC
64,organic_search>display>display>email,0,QC
65,paid_social>paid_search>organic_search>affiliate>direct,0,AB
66,paid_social>paid_social>display>organic_search>direct,0,QC
67,paid_search,0,Prairies
68,affiliate>paid_search>display>paid_social>paid_social>affiliate,0,QC
69,paid_social>affiliate>organic_search>paid_search>paid_search,1,AB
70,email>affiliate,0,BC
71,display>direct,0,Prairies
72,paid_social>paid_search>display>affiliate,0,Atlantic
73,display>display>display>organic_search>direct,0,QC
74,paid_social>paid_search>organic_search>email>paid_social>display>display>affiliate,0,QC
75,affiliate>paid_social>organic_search>display>paid_search,0,QC
76,organic_search>organic_search>paid_social>paid_search,0,Prairies
77,paid_search>display>paid_search,0,BC
78,display>organic_search>paid_social>paid_social>direct,0,Prairies
79,email>paid_social>paid_social>display>paid_search>email,0,Atlantic
80,display>organic_search>email>paid_search,1,AB
81,paid_social>organic_search>display>display>paid_search,0,QC
82,paid_search>paid_social>paid_search>organic_search,0,Prairies
83,direct>organic_search>display>paid_social>display>email,0,AB
84,display>affiliate>display>organic_search,0,AB
85,display>paid_social>affiliate,0,Atlantic
86,paid_social>organic_search>paid_search>direct,0,QC
87,paid_social>affiliate>affiliate,0,Prairies
88,organic_search>display>affiliate>email>paid_search,1,Atlantic
89,paid_social>display>paid_social>display>display>paid_search,0,Atlantic
90,display>display>display>paid_social>direct,0,ON
91,paid_social>organic_search,0,QC
92,direct>display>paid_social>display>direct,0,Prairies
93,paid_social>affiliate>paid_social>paid_social,0,BC
94,paid_search,0,QC
95,paid_social>display>paid_search,0,Prairies
96,display>organic_search>direct,0,AB
97,display>organic_search>email,0,Prairies
98,affiliate,0,BC
99,affiliate,0,ON
100,display>paid_social>display>display>paid_social,0,Prairies
101,display>display>paid_social>paid_search>affiliate,0,Atlantic
102,display>paid_social>paid_search>paid_social>paid_search>paid_search>paid_search,0,QC
103,paid_social>affiliate>paid_social>paid_social>organic_search,0,Atlantic
104,paid_search,1,Prairies
105,paid_social>display>paid_search,0,ON
106,paid_search>affiliate>email,0,ON
107,organic_search>direct,0,BC
108,paid_social>direct,0,Atlantic
109,display>paid_search>email,0,ON
110,paid_social>direct,0,Atlantic
111,paid_social>paid_search,0,Atlantic
112,display>direct,0,BC
113,direct,0,Atlantic
114,display>paid_social>display>display>paid_search,0,ON
115,organic_search>affiliate>display>display,0,Atlantic
116,direct>email>paid_search,0,Prairies
117,paid_social>direct,0,AB
118,display>display>direct,0,AB
119,paid_social>paid_social>direct,0,ON
120,affiliate>display>display>paid_search,1,QC
121,display>paid_social>paid_social>direct,0,ON
122,paid_social>organic_search>display>display>display>paid_social>display>paid_social>affiliate>organic_search,0,Atlantic
123,affiliate>direct,0,AB
124,direct,0,BC
125,affiliate>paid_social>organic_search>organic_search>display>paid_search,0,ON
126,paid_social>paid_social>paid_social>display>organic_search>direct,0,QC
127,paid_search>paid_social>display>paid_search,0,BC
128,direct,0,BC
129,affiliate>organic_search>display>direct,0,AB
130,email>display>organic_search>paid_search>affiliate>paid_search,0,ON
131,display>direct,0,Prairies
132,display>display>paid_social>paid_social>display>direct,0,BC
133,paid_social>organic_search>organic_search>paid_social>email,0,BC
134,display>display>affiliate,0,Atlantic
135,affiliate>display>organic_search>email,0,ON
136,display>display>paid_search>display>email,0,BC
137,organic_search>direct>paid_search>direct,0,QC
138,display>email,0,Prairies
139,affiliate>direct>display>organic_search>display>direct,1,AB
140,direct>affiliate>paid_search>paid_social>organic_search,0,AB
141,affiliate>paid_search>paid_search,0,ON
142,paid_search>organic_search>direct,0,Prairies
143,direct>organic_search>paid_social>display>paid_social>organic_search>display,0,ON
144,email,0,BC
145,direct,0,AB
146,paid_social>paid_social,0,AB
147,direct>paid_social>affiliate>email,0,ON
148,paid_social>display>email>direct,1,BC
149,organic_search>paid_social>paid_social>display>email,0,QC
150,organic_search>display>organic_search>display,0,AB
151,display>paid_search,0,AB
152,paid_social>paid_social>direct,0,BC
153,organic_search>display>direct,0,AB
154,organic_search>affiliate>paid_social>paid_search,0,ON
155,direct>paid_social>paid_search,0,Atlantic
156,organic_search,0,AB
157,paid_social>affiliate>paid_social>display>organic_search,0,ON
158,paid_search>affiliate>email>paid_search,0,Prairies
159,paid_social>display>paid_search,0,QC
160,paid_social>paid_search,0,Atlantic
161,organic_search>organic_search>email,0,QC
162,email,0,ON
163,paid_social>display>display>paid_search>display>display>paid_search,0,QC
164,paid_social>affiliate,0,AB
165,direct>display>direct,0,ON
166,display>organic_search>paid_search>display>direct,0,ON
167,display>display>organic_search,0,AB
168,display>display>organic_search>display>affiliate>affiliate>direct,0,Prairies
169,affiliate>organic_search>email>direct,0,QC
170,paid_search>paid_social>paid_social>email,0,BC
171,organic_search>paid_search>paid_search>paid_search>display>paid_search,0,Atlantic
172,paid_social>display>affiliate>affiliate>organic_search>affiliate>direct,0,Atlantic
173,organic_search>email>paid_search,0,Prairies
174,paid_social>organic_search>email,0,AB
175,paid_social>display>organic_search>paid_social,0,AB
176,organic_search>paid_social,0,Prairies
177,affiliate>paid_search>display,0,Atlantic
178,organic_search>organic_search>organic_search>paid_social>paid_search,0,ON
179,display>display>paid_social>affiliate,0,Prairies
180,paid_social>organic_search>display,0,BC
181,affiliate,0,Prairies
182,affiliate>paid_social>display>direct,0,BC
183,display>paid_search>direct>paid_social>display>paid_social,0,ON
184,display>display>affiliate>paid_search>organic_search,0,BC
185,display>paid_social>display>email,0,Atlantic
186,organic_search>affiliate>direct,0,Prairies
187,organic_search>display,0,BC
188,paid_social>paid_social>organic_search>paid_social>organic_search>display>paid_search,1,Atlantic
189,paid_search>display>direct>display>display>paid_search,0,Prairies
190,paid_social>email,0,BC
191,email,0,BC
192,affiliate>paid_search>paid_social>display>display>paid_search,0,Atlantic
193,display>email,0,ON
194,paid_social>display>display>paid_social>organic_search>email,0,BC
195,paid_search>paid_social>display>affiliate>display>organic_search,0,BC
196,paid_search>paid_social>email,0,AB
197,organic_search>display>paid_search,0,Prairies
198,paid_social>direct>display>organic_search>direct,1,ON
199,organic_search>direct,0,BC
200,organic_search>paid_social,0,BC
201,paid_search>display>paid_search,0,Atlantic
202,display>organic_search>direct>display,0,ON
203,display>paid_social>direct,0,AB
204,display>direct,0,ON
205,paid_search>paid_social>organic_search,0,BC
206,organic_search>organic_search>direct,1,BC
207,paid_search>organic_search,1,Prairies
208,display>paid_social>paid_social>direct,0,QC
209,affiliate>display>direct,0,QC
210,organic_search,0,QC
211,direct>organic_search>paid_search>organic_search>email,0,BC
212,paid_search,0,AB
213,affiliate>paid_social>affiliate,0,ON
214,organic_search>affiliate>paid_search>paid_search>organic_search>direct,0,BC
215,organic_search>display>organic_search>display,0,QC
216,organic_search>organic_search>display>paid_search,0,Prairies
217,paid_social>organic_search,0,ON
218,paid_social>paid_social>organic_search>paid_social>email,0,BC
219,paid_search>organic_search,0,QC
220,paid_search>organic_search>direct,0,QC
221,display>paid_social>paid_social,0,Atlantic
222,paid_search,0,AB
223,display>display>display>direct,0,BC
224,display>display>paid_social>organic_search,0,AB
225,paid_search>display>affiliate>email,0,Prairies
226,display>display>paid_search>display,0,Prairies
227,paid_social>paid_social,0,ON
228,email,0,QC
229,organic_search>display>display>affiliate,0,BC
230,organic_search>display>display>paid_social>paid_search>display>organic_search>email,1,QC
231,organic_search>affiliate,0,QC
232,organic_search>direct,0,Prairies
233,direct>display>affiliate>paid_social>paid_search>paid_social>direct,0,Atlantic
234,paid_search>organic_search>paid_search,0,BC
235,organic_search>email,0,ON
236,paid_social>paid_social>display>display>organic_search,0,Atlantic
237,organic_search>display>email,0,ON
238,paid_social>display>direct,0,ON
239,paid_search>paid_social>direct,0,BC
240,paid_search>display>paid_social>affiliate,0,Prairies
241,paid_social>display>direct,0,Atlantic
242,paid_search>direct>organic_search>paid_search,0,QC
243,paid_social>display>affiliate,0,QC
244,direct,0,AB
245,paid_social>paid_social>display>display>paid_social>paid_search>paid_search,0,AB
246,email,0,Atlantic
247,paid_search>display>organic_search,0,AB
248,display>paid_search>display>affiliate,0,ON
249,paid_social>paid_social>affiliate,0,AB
250,paid_search>display>paid_search>paid_social>direct,0,Prairies
251,organic_search>organic_search>paid_search>email,0,BC
252,display>paid_social>paid_search,0,Atlantic
253,display>display>display>affiliate,0,Atlantic
254,paid_social>affiliate,0,Atlantic
255,direct>paid_search>paid_social>paid_search,0,QC
256,display>paid_search>display,0,BC
257,display>paid_search,0,AB
258,display>email,0,QC
259,organic_search,0,AB
260,organic_search>display>affiliate,0,QC
261,paid_social>display>paid_social>display>paid_social>paid_social>direct,0,AB
262,paid_social>paid_social>display>paid_search>paid_search,0,Atlantic
263,paid_social>direct,0,BC
264,display>paid_search>affiliate,0,BC
265,display>paid_social>paid_social,0,QC
266,email>display>paid_search,0,Atlantic
267,display>paid_social>paid_search,0,ON
268,display>paid_search>affiliate>display>display>email>paid_social>direct,1,Atlantic
269,direct>organic_search>display>display>display>organic_search>display>direct,0,QC
270,organic_search>organic_search>paid_search,0,ON
271,organic_search>email>organic_search>display>direct,1,Prairies
272,affiliate>direct>organic_search>email>email,0,Prairies
273,display>email,0,AB
274,organic_search>organic_search>direct,0,ON
275,display>direct,0,ON
276,paid_search>affiliate>affiliate>direct,0,QC
277,paid_search>organic_search>display>direct,0,BC
278,display>email,0,Prairies
279,display>paid_search>paid_social>affiliate,0,BC
280,paid_social>organic_search>organic_search,0,QC
281,display>email,0,Prairies
282,organic_search>paid_social,0,Prairies
283,paid_social>display>organic_search>organic_search>paid_social>paid_social>paid_social>email,0,Atlantic
284,affiliate>affiliate,0,Atlantic
285,display>organic_search>paid_search>display>affiliate,0,QC
286,paid_search>display>display>direct,0,Atlantic
287,affiliate>affiliate>affiliate,0,Atlantic
288,paid_social>paid_social>direct>organic_search>direct,0,AB
289,display>organic_search>direct,0,ON
290,organic_search>organic_search>organic_search>display>paid_search>paid_search,0,BC
291,paid_social>paid_social>organic_search,0,Atlantic
292,organic_search>paid_search>direct>display>email,0,Prairies
293,organic_search>display>direct>display>organic_search>email,0,QC
294,direct>direct,0,ON
295,direct>email,0,BC
296,affiliate>paid_search>direct,0,ON
297,affiliate>paid_social>email>affiliate,0,Atlantic
298,paid_social>direct,0,Atlantic
299,display>organic_search>paid_social>paid_search,0,ON
300,organic_search>email>paid_search,0,Prairies
301,paid_social>paid_social>email,0,QC
302,organic_search>paid_search>direct>email,0,Atlantic
303,paid_search,0,ON
304,direct,0,QC
305,affiliate>organic_search>direct,0,Atlantic
306,display>affiliate,0,BC
307,organic_search>direct,0,QC
308,paid_search>display>direct,0,AB
309,paid_search>organic_search>organic_search,1,BC
310,paid_social>email>affiliate,0,BC
311,paid_social>organic_search,0,QC
312,paid_social>paid_social>display>organic_search,0,Prairies
313,organic_search>paid_social>affiliate,0,BC
314,paid_social>paid_search>display>paid_social>email,1,ON
315,organic_search>paid_search>affiliate,0,BC
316,affiliate>paid_social>paid_search,0,AB
317,paid_search>display>organic_search>display>paid_social,0,QC
318,paid_social>paid_social>paid_search>display>paid_social,0,QC
319,display>display>email,0,Atlantic
320,paid_search>paid_search>paid_social>display>paid_social>email,0,BC
321,organic_search>display>affiliate,0,Atlantic
322,paid_social>paid_social>display>display>paid_social>display,0,ON
323,organic_search>affiliate,0,Prairies
324,display>paid_social>email,0,BC
325,paid_social>affiliate>organic_search>affiliate,0,BC
326,organic_search>display>paid_social>organic_search>affiliate>display>display>affiliate,1,AB
327,display>organic_search>display>affiliate,0,ON
328,paid_search>direct,0,QC
329,display>affiliate>organic_search>direct,0,AB
330,email>direct,1,BC
331,paid_search>direct>organic_search>email,0,ON
332,display>paid_search>affiliate,1,Prairies
333,paid_social>display>email>organic_search>paid_social>paid_social>paid_search>paid_search>paid_search,0,Prairies
334,email,0,Atlantic
335,organic_search,0,QC
336,paid_social>organic_search,0,ON
337,paid_social>display>organic_search,0,Atlantic
338,paid_search>direct>paid_search,0,ON
339,organic_search>paid_social>paid_search,0,QC
340,paid_social>organic_search>affiliate>direct,0,AB
341,paid_search>direct,0,AB
342,organic_search>display>display>paid_search,0,AB
343,direct>paid_social>email,0,Atlantic
344,paid_search>display>organic_search>display>display>direct>direct,0,BC
345,paid_social>paid_search>paid_social>display>organic_search,1,Prairies
346,display>organic_search,0,Prairies
347,display>organic_search>direct,0,BC
348,display>organic_search>display>organic_search,0,ON
349,paid_social>paid_social>display>affiliate>direct>direct,0,ON
350,organic_search>direct>organic_search>affiliate,0,Atlantic
351,display>paid_search,0,Atlantic
352,paid_social>display>display>organic_search,1,BC
353,display>email,0,BC
354,display>display>organic_search>paid_search>affiliate,0,QC
355,paid_search,0,ON
356,display>affiliate>paid_social,0,Atlantic
357,paid_social>direct,0,QC
358,paid_social>organic_search>paid_social>affiliate,0,ON
359,direct>organic_search>paid_search>display>paid_search,1,Atlantic
360,display>paid_search>paid_social>display>direct>affiliate,0,BC
361,display>organic_search>affiliate>paid_social>display>affiliate,0,ON
362,direct>paid_social>display>direct>organic_search,0,ON
363,paid_social>paid_social>display>affiliate>affiliate>paid_search,1,ON
364,paid_search>direct,0,BC
365,direct>paid_search,0,QC
366,paid_social>organic_search>direct>paid_search>direct,0,Atlantic
367,organic_search>paid_search>direct>direct,1,Prairies
368,display>display>affiliate>display>affiliate>organic_search>display>affiliate>organic_search,0,Prairies
369,organic_search>paid_search,0,Atlantic
370,paid_social>paid_social>paid_search>email,0,BC
371,organic_search>display>paid_social>direct,0,Prairies
372,display>display>affiliate,0,ON
373,paid_search>paid_search>direct,0,Prairies
374,organic_search>display>paid_social>paid_search>organic_search,0,QC
375,paid_social>email,0,Prairies
376,display>display>paid_social>display>paid_search>direct,0,Atlantic
377,paid_search>affiliate>display>paid_search>paid_search>display>direct,1,Prairies
378,organic_search>display>paid_search,0,ON
379,organic_search>direct,0,ON
380,organic_search>organic_search>paid_search>direct,0,AB
381,organic_search>paid_social>affiliate>organic_search,0,Prairies
382,organic_search>organic_search>direct,0,AB
383,paid_social,0,BC
384,display>paid_social>paid_search>organic_search>affiliate,0,QC
385,display>organic_search>display,0,BC
386,display>organic_search>affiliate,0,Prairies
387,paid_search>affiliate>paid_social>paid_social>email,0,QC
388,email,0,ON
389,paid_search>display>direct>paid_search>display>display>paid_search>display>paid_social>affiliate,0,Prairies
390,display>organic_search>affiliate,0,Prairies
391,organic_search>paid_social>paid_search>email,0,BC
392,paid_search>paid_search>paid_social>paid_search>paid_search>paid_search,1,QC
393,paid_social>display>direct,0,AB
394,affiliate>affiliate,1,ON
395,paid_search>display>paid_search,0,Atlantic
396,organic_search>paid_search>paid_social>organic_search,0,ON
397,organic_search>paid_search>paid_search>affiliate,0,Prairies
398,display>paid_social>direct,0,Atlantic
399,organic_search>paid_social>paid_search,0,Prairies
400,display>display>direct,0,QC
401,direct,0,Atlantic
402,display>paid_social>paid_search,0,ON
403,paid_social>display>paid_search,0,AB
404,paid_search,0,AB
405,paid_search>paid_search,0,AB
406,email>display>email,0,Prairies
407,paid_social>paid_search>organic_search>direct,0,Atlantic
408,direct>display>paid_social>organic_search>organic_search>paid_search,0,QC
409,paid_social>display>display>direct,0,AB
410,display,0,AB
411,organic_search>affiliate>organic_search,0,QC
412,paid_search>display>organic_search>direct,0,QC
413,organic_search>display>paid_search>paid_social,0,AB
414,paid_search,0,BC
415,display>paid_search>email,0,AB
416,organic_search>direct>direct,0,BC
417,direct>organic_search>direct,0,AB
418,paid_social>organic_search>direct,0,Atlantic
419,display>organic_search>display>paid_social>paid_social,0,BC
420,organic_search>paid_search>paid_social>paid_search>display>affiliate>organic_search,0,Atlantic
421,paid_social>organic_search>affiliate,0,Atlantic
422,paid_search>affiliate,0,QC
423,display>email>paid_social>display>direct,0,Prairies
424,paid_search>paid_social>display>paid_search>display>display>direct,1,Atlantic
425,display>display>direct,0,BC
426,affiliate>paid_search>display>direct,0,QC
427,email>organic_search>paid_social>email,0,AB
428,organic_search>display>paid_social>paid_social>organic_search>email,0,BC
429,display>display>email,0,BC
430,organic_search>email,0,Atlantic
431,direct>paid_search>paid_search,0,Prairies
432,paid_search>display>paid_search>paid_social>direct,0,BC
433,paid_search>affiliate>paid_search>organic_search>affiliate,0,Atlantic
434,display>organic_search,0,BC
435,display>paid_search,0,AB
436,paid_social>organic_search,0,Prairies
437,email>paid_social>organic_search>email,0,Prairies
438,paid_search>paid_search,0,BC
439,email>email>display,0,BC
440,paid_social>direct,0,BC
441,direct>organic_search>paid_search,0,Atlantic
442,organic_search>organic_search>email>organic_search,0,Atlantic
443,direct>paid_search>organic_search>email>display>direct,0,Atlantic
444,organic_search>paid_social>paid_social>direct,0,BC
445,display>paid_search>direct,0,QC
446,paid_social>display>affiliate>affiliate>direct,0,QC
447,paid_search>email,0,BC
448,affiliate>affiliate,0,Atlantic
449,display>paid_search,0,Prairies
450,direct>display>display>email,0,Atlantic
451,display>paid_social>organic_search>email,0,Atlantic
452,paid_social>paid_social,0,ON
453,paid_social>paid_social>paid_social>direct,0,Prairies
454,paid_social>display>paid_search>affiliate>display>paid_search>paid_search,0,ON
455,display>display>paid_social>affiliate,0,ON
456,paid_search>direct>paid_social>paid_search,0,AB
457,paid_social>paid_social>display>affiliate>organic_search>email,0,AB
458,display>display>direct,0,Atlantic
459,display>direct>direct,0,Atlantic
460,paid_social>paid_search>direct,0,BC
461,affiliate>paid_social>direct,0,Prairies
462,organic_search>organic_search>direct>paid_social>email,0,QC
463,paid_search>organic_search>affiliate>display,0,ON
464,paid_social>display>paid_social>organic_search>email,0,AB
465,organic_search>display>paid_social,0,BC
466,email>paid_social>paid_search>paid_social>affiliate,0,AB
467,paid_search>display>paid_search>display>display,0,AB
468,display>paid_search>affiliate>paid_search>paid_search,0,Atlantic
469,paid_social>paid_search>display>paid_social>display>direct,0,AB
470,email>email>paid_social>paid_search,1,Prairies
471,paid_social>paid_social>display>direct>direct,0,Atlantic
472,paid_social>direct>paid_social>direct,1,QC
473,organic_search>display>direct>affiliate,0,Atlantic
474,display>paid_search,0,QC
475,paid_social>display>direct>display>paid_search,0,AB
476,affiliate>affiliate,0,AB
477,direct,0,Prairies
478,paid_search>display>paid_social>paid_search,0,QC
479,paid_search>direct>organic_search,0,BC
480,organic_search>paid_social>affiliate,0,AB
481,organic_search>paid_search>display>display>direct,1,BC
482,affiliate>display>display>paid_search>display,0,BC
483,paid_search>display>affiliate,0,QC
484,paid_social>paid_social>organic_search>paid_social>organic_search,0,AB
485,paid_social>direct,0,Prairies
486,display>paid_social>organic_search,0,Atlantic
487,paid_social>organic_search>display>paid_social>organic_search,1,Atlantic
488,display>paid_search>direct>affiliate,0,AB
489,paid_search>affiliate,0,Prairies
490,email>organic_search>affiliate>direct>email,1,ON
491,paid_social,0,ON
492,display>display>direct,0,Prairies
493,organic_search>organic_search>paid_search,1,Atlantic
494,affiliate>paid_social>paid_search,0,BC
495,display>display>paid_social>paid_social>display>direct,0,BC
496,display>display>display>direct,0,AB
497,affiliate>paid_search>organic_search>paid_search,0,AB
498,direct>organic_search>paid_social>affiliate,0,QC
499,affiliate,0,AB
500,organic_search>display>email,0,Atlantic
501,email,0,QC
502,display>organic_search,0,ON
503,organic_search,0,ON
504,affiliate>paid_social>direct,0,Atlantic
505,direct>paid_social>affiliate,0,AB
506,affiliate>organic_search>display>affiliate,0,BC
507,paid_social>direct,0,QC
508,paid_social>organic_search>display>paid_social>direct,0,AB
509,display>direct>display>direct,1,Prairies
510,organic_search>direct,1,Prairies
511,paid_social>organic_search>direct,0,BC
512,display>organic_search>paid_social>display>organic_search>organic_search,0,ON
513,display>display>email>display>direct,0,BC
514,paid_search,0,Atlantic
515,paid_search,1,Prairies
516,display>organic_search>display>organic_search,0,Prairies
517,organic_search>paid_search>paid_search>paid_social>direct,0,Atlantic
518,affiliate>direct,0,Prairies
519,paid_social>email>organic_search>affiliate,0,ON
520,affiliate>paid_social>paid_social>paid_search>display>display>affiliate,0,Prairies
521,paid_search>affiliate>display>paid_search,0,AB
522,display>paid_social>organic_search>organic_search>paid_search,0,ON
523,direct>paid_search>display>paid_search>affiliate,0,ON
524,display>display>affiliate,0,Prairies
525,paid_social>display>display>email,0,AB
526,organic_search>affiliate,0,Prairies
527,organic_search>email>paid_social>paid_search,0,BC
528,paid_social>paid_social>display>organic_search>direct,0,AB
529,paid_search>organic_search>affiliate,0,BC
530,paid_social>paid_social>direct,0,Atlantic
531,paid_social>paid_search>paid_social>organic_search,1,QC
532,organic_search>email,0,QC
533,direct>display>affiliate,0,ON
534,paid_social>organic_search>affiliate,0,BC
535,display>display>organic_search>paid_search,1,Atlantic
536,paid_social>organic_search>paid_search,0,BC
537,direct>paid_social>display>direct,0,Prairies
538,paid_social>direct>paid_social,0,ON
539,paid_search,0,AB
540,display>direct,0,QC
541,organic_search>direct,0,ON
542,paid_search>email,0,ON
543,organic_search>paid_search,0,ON
544,direct,1,ON
545,paid_social>organic_search>organic_search>display>display,0,Atlantic
546,organic_search>display>display>paid_search>paid_social>display,0,AB
547,display>paid_social>display>affiliate>affiliate,1,QC
548,display>paid_search>paid_search,0,QC
549,affiliate>direct>display>display>affiliate>affiliate>organic_search>affiliate,0,Prairies
550,email>organic_search>affiliate,0,Atlantic
551,email>paid_social>organic_search>paid_social>display>paid_search,0,QC
552,display>paid_social>direct>paid_social,0,Prairies
553,paid_search>display,0,Atlantic
554,display>email,0,AB
555,organic_search>organic_search>paid_search>organic_search,0,ON
556,paid_social>paid_social>paid_social>display,0,AB
557,display,0,Prairies
558,paid_search>organic_search>organic_search,0,QC
559,affiliate>paid_social,0,Prairies
560,email,0,QC
561,display>organic_search>email,1,AB
562,display>paid_social>organic_search>direct>display>paid_search>paid_social>organic_search,0,Prairies
563,paid_social>display>display>organic_search>affiliate>email,0,Prairies
564,paid_search>paid_social>paid_social>direct>paid_social>organic_search,1,Atlantic
565,direct>paid_search>display>email,0,BC
566,direct>affiliate>display>affiliate>direct,0,AB
567,paid_social>paid_social>display>paid_social>paid_search,0,ON
568,paid_social>display>paid_search>paid_search,0,Atlantic
569,display>display>organic_search>display>display>display,0,ON
570,direct>display>direct,0,ON
571,display>paid_social>organic_search>organic_search>direct>organic_search>display,0,QC
572,paid_social>email,0,BC
573,affiliate>direct,0,ON
574,organic_search>display>email,0,ON
575,direct>organic_search,0,AB
576,paid_search>paid_social>email,0,Atlantic
577,direct,0,BC
578,direct>organic_search>paid_social>paid_social>paid_social>organic_search,0,AB
579,affiliate>paid_search,0,ON
580,display>affiliate>display>display>organic_search,0,AB
581,affiliate>paid_social>paid_social,0,Prairies
582,paid_search>email,0,Atlantic
583,paid_social>organic_search>display>direct>direct>organic_search,0,Atlantic
584,paid_social>display>paid_social>display>display>display>email>display>email,1,Prairies
585,email>email>organic_search,0,AB
586,display>paid_social>display>direct,1,Atlantic
587,direct>direct,0,BC
588,display>paid_search>email>affiliate>paid_search,1,ON
589,paid_social>paid_social>organic_search>paid_search>affiliate,0,AB
590,paid_social>organic_search>organic_search>paid_social>organic_search>display>display>direct,0,BC
591,affiliate>display>affiliate,0,AB
592,organic_search>paid_search,0,BC
593,direct>paid_social>paid_social>paid_social>affiliate>affiliate>direct,0,ON
594,affiliate>affiliate>paid_search,0,QC
595,display>organic_search>organic_search,0,QC
596,direct>affiliate,1,AB
597,paid_search>paid_social,0,BC
598,paid_social>display>affiliate>display>paid_social>email,0,QC
599,paid_social>affiliate>paid_social>paid_social>email,0,Prairies
600,paid_social>paid_social>organic_search>paid_search,0,Atlantic
601,paid_search>affiliate>direct,0,AB
602,paid_search>paid_search,0,AB
603,paid_search>paid_search>paid_social>email,0,QC
604,paid_social>paid_social>display>paid_social>affiliate,0,ON
605,display>organic_search>paid_social>affiliate,0,Prairies
606,direct>display>direct,0,QC
607,display>direct,0,AB
608,paid_social>email>display>affiliate,0,Atlantic
609,organic_search>paid_social>organic_search>paid_social>paid_search,0,Prairies
610,display>paid_social>email,0,Atlantic
611,paid_social>affiliate,0,QC
612,organic_search>paid_search>affiliate,0,AB
613,paid_social>paid_social>paid_search>paid_search,0,AB
614,paid_search>paid_search,0,ON
615,display>paid_social>direct,0,Atlantic
616,paid_social>paid_social>email,0,Atlantic
617,display>direct,0,AB
618,organic_search>direct>paid_search,0,Atlantic
619,paid_social>display>paid_search,0,ON
620,direct,0,QC
621,paid_search>organic_search>affiliate,0,Prairies
622,affiliate,0,ON
623,organic_search>display>direct>affiliate,0,Atlantic
624,paid_search>organic_search,0,AB
625,paid_social>organic_search>organic_search,0,Atlantic
626,affiliate>display>paid_social,0,AB
627,organic_search>direct,0,ON
628,direct>display>paid_social>display>organic_search,0,BC
629,paid_social>paid_social>organic_search>email,0,QC
630,display>paid_social>paid_search>direct,0,AB
631,display>organic_search>paid_social>affiliate>organic_search>email,0,AB
632,organic_search>direct,0,Atlantic
633,paid_social>display>display>paid_social>affiliate,1,ON
634,display>paid_social>direct,0,Prairies
635,paid_search>paid_search>direct,0,BC
636,paid_social>paid_social>display>display>organic_search>paid_search,0,Atlantic
637,display>email>paid_social>affiliate>email,0,AB
638,paid_social>direct,0,Prairies
639,display>paid_social>affiliate,0,BC
640,direct>paid_search>paid_search>paid_search,0,QC
641,organic_search>organic_search>display>paid_search,0,Prairies
642,paid_social>direct,0,QC
643,organic_search>display>paid_search>direct,0,AB
644,display>paid_social>paid_social>paid_social>email>paid_search,0,QC
645,paid_social>display>email,0,AB
646,paid_search>paid_social>display>email,0,ON
647,display>display>paid_social>affiliate>email,0,ON
648,display>paid_search>paid_social>paid_social>display>paid_social,0,Prairies
649,paid_social>display>paid_social>organic_search>affiliate>paid_search,0,Atlantic
650,affiliate>paid_search>paid_social>direct,0,AB
651,organic_search>paid_search,0,Prairies
652,organic_search,0,AB
653,paid_social>email,1,AB
654,organic_search>display>display>affiliate,1,Atlantic
655,affiliate>display>organic_search>paid_search,0,AB
656,organic_search>paid_social>email,0,BC
657,affiliate>paid_search>display>paid_social>organic_search,0,QC
658,display>organic_search>display>direct,0,AB
659,direct>display>organic_search>direct>email,0,QC
660,display>direct,0,AB
661,display>paid_search>paid_social>organic_search>organic_search,1,BC
662,paid_search>organic_search>display>affiliate,0,Atlantic
663,affiliate>paid_search,1,BC
664,paid_search>direct>email,0,AB
665,paid_search>paid_search>email,0,Prairies
666,display>organic_search>email,0,Prairies
667,paid_social>paid_social>organic_search,0,BC
668,affiliate>organic_search>display>affiliate,1,QC
669,direct>email,1,AB
670,direct>display>email,0,Prairies
671,organic_search>email,0,QC
672,display>affiliate>email,0,BC
673,organic_search>paid_social,0,ON
674,display>paid_search,0,AB
675,email,0,ON
676,affiliate>paid_social>paid_social>paid_search>paid_social>organic_search>organic_search>direct>organic_search,0,QC
677,display>affiliate,0,AB
678,display>email>organic_search,0,ON
679,paid_search>display>affiliate>display>email,0,BC
680,paid_search>direct>display>affiliate,0,ON
681,display>organic_search>organic_search>paid_search>display>display,1,AB
682,paid_social>affiliate>affiliate>organic_search>direct,0,QC
683,paid_social>direct>paid_social>paid_search,0,AB
684,paid_search>paid_social>paid_social>paid_search,0,Atlantic
685,organic_search>paid_search>affiliate>paid_social>direct,0,BC
686,affiliate,0,QC
687,paid_social>display>email,0,BC
688,paid_social>email>paid_search,0,BC
689,organic_search>organic_search>organic_search>paid_social>display>email,0,AB
690,display>display>direct,0,AB
691,direct>paid_search,0,BC
692,display>organic_search,0,QC
693,paid_social>display>affiliate>paid_social,0,Atlantic
694,organic_search>display>paid_social>direct,0,QC
695,display>paid_search,0,BC
696,organic_search>paid_social>display>paid_search>organic_search>paid_search,1,Prairies
697,organic_search>paid_search>paid_search,0,BC
698,organic_search>affiliate>display>affiliate>paid_social>paid_search,0,ON
699,paid_social>paid_search>paid_search>paid_search,1,Atlantic
700,paid_social>display>direct,0,ON
701,display>paid_social>affiliate,0,ON
702,affiliate>direct,0,AB
703,display>display>organic_search,0,Atlantic
704,paid_search>paid_social>display>direct,0,AB
705,display>email,0,ON
706,paid_social>paid_social>display,0,ON
707,paid_search,0,ON
708,paid_search>email>organic_search>organic_search>email,0,Atlantic
709,affiliate>paid_search,0,AB
710,paid_search>display>organic_search>paid_social>affiliate,0,Prairies
711,paid_social>direct,0,AB
712,paid_search>organic_search>affiliate>organic_search>paid_social>affiliate>email,1,QC
713,paid_social>organic_search>affiliate>organic_search>paid_search,1,ON
714,affiliate>direct,0,Atlantic
715,paid_social>paid_social>direct,0,Atlantic
716,organic_search>email,0,Prairies
717,affiliate,0,BC
718,paid_search>email,0,Atlantic
719,email>direct>direct,0,Prairies
720,direct,0,BC
721,display>display>affiliate,0,ON
722,display>organic_search>paid_social>paid_search,0,ON
723,paid_social>affiliate>paid_search,0,Atlantic
724,organic_search>paid_social>organic_search,0,AB
725,display>paid_social>email,0,BC
726,paid_search>paid_social>direct>direct,0,AB
727,display>paid_search>affiliate,0,AB
728,affiliate>display>display,0,BC
729,paid_search>display>paid_search>email,1,Prairies
730,paid_social>display>paid_search>organic_search>organic_search>email,0,Atlantic
731,direct>display>paid_social>paid_search,0,AB
732,paid_social>direct>direct,0,QC
733,paid_social>email>paid_social>display>paid_search,1,ON
734,affiliate>paid_social>paid_social,0,BC
735,paid_social>organic_search>direct,0,Prairies
736,paid_search>organic_search>paid_search>email,1,Prairies
737,organic_search>direct,0,BC
738,organic_search>organic_search>email,0,ON
739,paid_social>paid_search,0,AB
740,paid_social>paid_social>organic_search>direct,0,Atlantic
741,display>organic_search>email,0,ON
742,display>display>paid_social>direct,0,Prairies
743,affiliate>display,0,BC
744,paid_social>email,0,QC
745,paid_social>email>display>organic_search,0,ON
746,affiliate>display>organic_search>direct,0,ON
747,paid_social>organic_search>affiliate,0,QC
748,display>display>direct,0,BC
749,display>organic_search>display>paid_search>display>paid_search,0,QC
750,paid_social>organic_search,0,QC
751,paid_social>organic_search>paid_search,0,Atlantic
752,affiliate>display>paid_search>organic_search>paid_search,0,ON
753,paid_social>paid_social>organic_search,0,ON
754,paid_social>organic_search>organic_search,0,Prairies
755,direct,0,QC
756,paid_social>direct,0,QC
757,paid_social>email,0,ON
758,display>organic_search>direct,0,Atlantic
759,paid_search>email,1,Prairies
760,paid_social>paid_social>affiliate>email,0,Atlantic
761,paid_search>affiliate>affiliate,0,BC
762,email>display>organic_search>direct,0,Prairies
763,paid_search>paid_search>organic_search,1,Atlantic
764,display>affiliate>direct>email,0,QC
765,organic_search>paid_search,0,QC
766,display>organic_search>paid_social>paid_social>paid_search>email,1,ON
767,display>paid_search,0,BC
768,display>email>organic_search>affiliate>paid_search,1,QC
769,organic_search>direct,0,QC
770,email,0,BC
771,paid_social>paid_social>direct,0,Prairies
772,paid_social>affiliate,0,QC
773,display>paid_social>direct,0,QC
774,display>display>display,0,QC
775,display>paid_search>paid_search,0,Atlantic
776,organic_search>organic_search>paid_social>paid_social,0,BC
777,display>organic_search>direct>display>organic_search>affiliate,1,Prairies
778,direct>paid_social>email,0,Atlantic
779,paid_social>paid_search,0,Atlantic
780,display>paid_social>paid_social>direct,0,Prairies
781,paid_search>display>paid_social>paid_search,0,BC
782,paid_social>display>direct>direct,0,Atlantic
783,organic_search>paid_search>direct>direct>organic_search,0,BC
784,display>display>paid_search>organic_search>direct,0,AB
785,organic_search>affiliate,0,QC
786,paid_social>organic_search>direct,0,Atlantic
787,email>display>paid_search>display>paid_social>direct,1,BC
788,organic_search>paid_search>direct,0,AB
789,paid_social>display,0,BC
790,paid_search>direct>direct,0,QC
791,paid_search>direct>paid_social>direct,0,QC
792,display>paid_social>direct>display>direct,0,QC
793,paid_social>organic_search>direct,0,BC
794,organic_search>paid_social>organic_search>direct,0,AB
795,paid_search>paid_social>paid_search,0,QC
796,paid_search>affiliate,0,QC
797,direct>display>email,0,AB
798,affiliate>display>display>direct,0,Atlantic
799,paid_social>display>email,1,Prairies
800,paid_social>organic_search>organic_search,0,ON
801,display>display>affiliate>organic_search>paid_search>organic_search>paid_social>display>paid_search>email,0,ON
802,organic_search>paid_social>display>paid_social>email,0,Prairies
803,paid_search>paid_social>paid_search>display>paid_social,1,AB
804,display>organic_search>affiliate>paid_search>paid_social>display>direct,0,QC
805,display>display>display>direct,1,Atlantic
806,affiliate>display>direct>affiliate,0,Prairies
807,paid_search>organic_search>paid_social>direct,0,BC
808,paid_social>display>display>direct,0,QC
809,direct,0,QC
810,organic_search>paid_search,0,ON
811,display>organic_search>paid_search,0,AB
812,paid_search>organic_search,0,Atlantic
813,organic_search,0,BC
814,email,0,ON
815,organic_search>paid_social>paid_search>direct,0,BC
816,display>paid_social>affiliate>email,0,BC
817,organic_search>organic_search>display>direct,0,Prairies
818,display>organic_search>affiliate,0,Prairies
819,organic_search>affiliate>display>direct,0,QC
820,paid_social>display>paid_search>display>paid_search,0,Prairies
821,paid_social>direct,0,QC
822,direct,0,ON
823,email>organic_search>affiliate,0,ON
824,display>paid_social>email,0,AB
825,organic_search>paid_social>paid_search,0,Prairies
826,email>direct>display>direct,0,ON
827,display>email>paid_social>direct,0,Atlantic
828,paid_social>organic_search>organic_search>email,1,AB
829,paid_social>display>affiliate,0,BC
830,display>paid_social>paid_social>email>direct,0,ON
831,affiliate>paid_social>display>affiliate>paid_social>email,0,QC
832,paid_social>paid_search>email,0,BC
833,display>direct,0,Atlantic
834,paid_search,0,ON
835,affiliate>paid_search>paid_social>email,1,QC
836,paid_social>paid_search>affiliate>paid_search,0,Atlantic
837,display>email>direct,0,BC
838,paid_search>direct>direct,0,ON
839,email,0,ON
840,paid_search,0,AB
841,display>display>display>paid_social,0,Prairies
842,organic_search>direct>paid_social>display>display>paid_search,0,ON
843,display>display>affiliate,0,QC
844,paid_search>email,0,ON
845,direct,0,Atlantic
846,email>paid_social>organic_search>paid_social,1,Prairies
847,paid_search>direct,0,BC
848,paid_social>paid_search>display>paid_social>display>email,0,QC
849,paid_social>direct,0,Prairies
850,organic_search>email,0,ON
851,paid_search>affiliate>paid_search>direct,0,AB
852,display>organic_search>email,0,BC
853,paid_search>display>paid_social>paid_social>paid_social>organic_search,0,ON
854,display>display>display>email,0,AB
855,affiliate>paid_search,0,QC
856,email>organic_search>organic_search>paid_search,1,BC
857,display>paid_social>organic_search,0,QC
858,display>paid_search,0,Prairies
859,paid_search>paid_search>paid_search>affiliate>paid_search>affiliate>paid_social>organic_search,0,Prairies
860,display>display>direct,0,Prairies
861,paid_search>email>direct,0,BC
862,organic_search>display>paid_search>affiliate>direct,0,BC
863,paid_social>organic_search,0,Prairies
864,paid_social>paid_search,0,BC
865,organic_search>affiliate>paid_social>paid_social>direct,0,QC
866,paid_search>organic_search>paid_search>display>paid_social>direct,0,BC
867,direct>paid_search>affiliate>display>paid_search,0,BC
868,paid_search>affiliate,0,QC
869,paid_search>email>organic_search,1,QC
870,paid_social>display>paid_social>display>paid_social,0,Atlantic
871,organic_search>organic_search>affiliate>paid_social>email,0,ON
872,display>display>direct,0,Atlantic
873,paid_social>organic_search>direct,0,QC
874,display>display>paid_search>paid_social>direct,0,QC
875,display>email,0,Atlantic
876,display>paid_social>paid_search>organic_search>display>email>display>email,0,Atlantic
877,organic_search>email,0,Prairies
878,paid_social>organic_search>email,0,QC
879,organic_search>paid_social>direct,1,BC
880,paid_social>affiliate>email,1,ON
881,display>paid_search>organic_search>direct,0,BC
882,paid_social>paid_search,0,Atlantic
883,paid_social>paid_social>affiliate>paid_search>display>display>display>display>email,0,QC
884,paid_search,0,Prairies
885,paid_social>display>paid_search,0,AB
886,organic_search>direct,0,Atlantic
887,paid_search>email,0,QC
888,paid_social>display>paid_search>email,0,QC
889,paid_search>organic_search,0,AB
890,organic_search>organic_search>organic_search>paid_search,0,BC
891,organic_search>paid_social>display>email>direct>paid_search,0,BC
892,organic_search>organic_search>organic_search>affiliate,0,ON
893,organic_search>paid_social>display>paid_social>paid_social>direct,0,AB
894,display>display>organic_search,0,QC
895,display>display>organic_search>email,0,BC
896,paid_social>affiliate>paid_search>direct,0,Atlantic
897,display>paid_social>affiliate,0,AB
898,organic_search>paid_social>paid_social>display>display>affiliate,0,QC
899,display>organic_search>paid_social>display>display,0,AB
900,display>organic_search>organic_search>direct>email,1,BC
901,direct>email>paid_search>paid_social>direct,1,Prairies
902,paid_social>paid_search>direct,0,Atlantic
903,paid_search>paid_search,0,ON
904,direct>organic_search>paid_social>direct,0,Prairies
905,email>display>paid_search,1,ON
906,direct>display>paid_social>organic_search>affiliate,0,Prairies
907,paid_search>direct,0,BC
908,direct,0,ON
909,organic_search>display>paid_search,0,ON
910,paid_social>organic_search>direct,0,AB
911,display>organic_search>display>organic_search>email,0,AB
912,paid_search>affiliate>direct,0,Prairies
913,affiliate>paid_search,0,Atlantic
914,organic_search>paid_social>display>direct>email,0,ON
915,organic_search>display>organic_search>display>display>affiliate,0,Prairies
916,display>display>display>paid_social>email,0,ON
917,paid_social>organic_search>organic_search>direct,0,ON
918,display>email>email,0,QC
919,paid_search>paid_social>direct,0,BC
920,affiliate>paid_social>organic_search>display>affiliate,0,AB
921,display>paid_social>display>direct,0,Atlantic
922,paid_search>email,0,ON
923,paid_social>organic_search>direct,0,QC
924,organic_search>organic_search>paid_search,0,Atlantic
925,organic_search>paid_social>affiliate,0,ON
926,display>paid_social>paid_social>direct,0,BC
927,paid_social>paid_search>direct>email,0,Prairies
928,paid_social>display,0,Atlantic
929,organic_search>paid_search,0,Atlantic
930,email>display>paid_social>display>direct,0,Atlantic
931,paid_social>paid_social>direct>display>organic_search,0,Prairies
932,display>paid_search,0,Atlantic
933,paid_search>direct>display>display>organic_search,0,ON
934,organic_search,0,AB
935,display>organic_search,0,QC
936,paid_social>paid_search>affiliate,0,QC
937,display>affiliate>organic_search>affiliate>organic_search,0,QC
938,affiliate>affiliate>display>direct,0,QC
939,direct>direct>affiliate,0,QC
940,display>affiliate>email,0,Prairies
941,direct>paid_search>paid_search,1,QC
942,affiliate>paid_search,0,BC
943,display>affiliate>organic_search>email,0,Atlantic
944,display>paid_search>direct,0,BC
945,affiliate>paid_social>display>paid_search,0,Atlantic
946,affiliate>paid_search,0,AB
947,display>display>paid_search,0,QC
948,paid_social>organic_search>paid_social>paid_social>organic_search>email,0,BC
949,display>paid_social>paid_social>organic_search>paid_search,1,Atlantic
950,display>email,0,BC
951,organic_search>paid_social,0,Prairies
952,display>direct>display>paid_search,0,Prairies
953,display>display>affiliate,0,Atlantic
954,organic_search>paid_social>direct,0,Prairies
955,email,0,Atlantic
956,display>display>display>organic_search>paid_social>display>email,0,Atlantic
957,direct>paid_social>paid_social>email>organic_search>direct,0,Prairies
958,affiliate>direct,0,BC
959,organic_search>paid_social>display>affiliate>paid_search,0,QC
960,paid_search>email>display>organic_search>direct,0,QC
961,direct>organic_search>affiliate>display>paid_search,0,ON
962,paid_social>paid_social>paid_search>affiliate,0,Atlantic
963,display>organic_search>paid_social,1,QC
964,organic_search>paid_social>organic_search>paid_social>paid_social,0,Atlantic
965,display>paid_social>paid_search>email>direct,1,Atlantic
966,display>affiliate,0,Atlantic
967,affiliate>paid_search,0,BC
968,direct>display>direct,0,Atlantic
969,display>display>paid_social>affiliate>direct,0,Prairies
970,paid_search>organic_search>paid_social>paid_search>display,0,AB
971,direct>affiliate,0,QC
972,paid_social>organic_search>direct,0,Prairies
973,organic_search>display>organic_search>email,1,AB
974,paid_social>display>display>display>direct>direct,0,QC
975,display>display>organic_search>paid_social>direct,0,Atlantic
976,display>display>display>organic_search,0,Prairies
977,paid_social>paid_social>paid_search,0,QC
978,display>affiliate>paid_search>email>display>paid_social,1,Atlantic
979,affiliate>paid_search>affiliate>paid_social>paid_search,0,Prairies
980,paid_social>paid_social>display>direct>direct,0,ON
981,email>paid_search>paid_social>paid_social>paid_search,1,Prairies
982,display>paid_social>display>organic_search>email,0,Atlantic
983,organic_search>paid_social>display>organic_search>paid_social,0,Prairies
984,paid_social>paid_social>email,0,ON
985,display>display>paid_social>organic_search>direct,0,AB
986,affiliate>paid_search>organic_search>display>paid_social>direct,0,Prairies
987,paid_social>paid_search,0,ON
988,organic_search>paid_social>display>display>paid_search>email,0,AB
989,direct>paid_social>paid_social>email,0,BC
990,display>display>organic_search>organic_search,0,Prairies
991,organic_search>paid_social>direct,0,ON
992,paid_social>display>affiliate>paid_search>display>paid_social,1,BC
993,paid_search>affiliate,0,Atlantic
994,paid_search>affiliate>paid_search>paid_search,0,Atlantic
995,paid_social>display>organic_search>paid_search>email>paid_search>organic_search,0,QC
996,organic_search>display>display>paid_search>paid_search>direct,0,Atlantic
997,organic_search>affiliate>paid_search,0,Prairies
998,organic_search>paid_social>display>email,0,QC
999,organic_search>display>paid_social>paid_social>display,0,AB
1000,display>display>paid_search>paid_social>direct,0,AB
1001,paid_social>display>organic_search,0,BC
1002,paid_social>paid_search>paid_search>display>paid_search,0,ON
1003,display>paid_social>display>organic_search,0,QC
1004,display>paid_social>paid_search>paid_social,0,Atlantic
1005,direct,0,AB
1006,paid_search>email,1,AB
1007,paid_social>display>paid_search>email,1,Atlantic
1008,organic_search>organic_search>paid_social,0,Prairies
1009,direct>paid_social>paid_search,0,Prairies
1010,paid_search>display>display>display>paid_social>direct,0,ON
1011,paid_search>paid_social>email>display>direct,0,BC
1012,organic_search,0,QC
1013,paid_search>organic_search>organic_search>affiliate>affiliate,0,ON
1014,organic_search>organic_search>organic_search>paid_search>direct,0,Atlantic
1015,email,0,ON
1016,display>paid_social>organic_search,0,BC
1017,email>display>direct,0,AB
1018,display>paid_social>paid_search,1,Prairies
1019,direct>email,1,AB
1020,display>organic_search,0,QC
1021,direct,0,Atlantic
1022,paid_search>display>organic_search,0,AB
1023,paid_social>paid_search,0,Prairies
1024,paid_social>paid_social>paid_social>direct,0,QC
1025,affiliate>paid_social>paid_social>display>email,1,ON
1026,display>paid_search>paid_social>paid_search,1,Prairies
1027,paid_social>paid_social>affiliate>direct,1,ON
1028,display>organic_search>display>affiliate,0,AB
1029,display>direct>direct,0,AB
1030,organic_search>paid_social>paid_social>display>email,0,Prairies
1031,paid_search>paid_search>paid_social,0,Atlantic
1032,email>paid_social>display>paid_search>organic_search,0,ON
1033,direct,0,AB
1034,email,0,BC
1035,direct,0,AB
1036,display>paid_search>paid_social>paid_social>direct,0,Atlantic
1037,paid_search>display>affiliate,0,Atlantic
1038,organic_search>organic_search>display>affiliate,0,AB
1039,organic_search>organic_search>email>email,0,BC
1040,organic_search>display>display>paid_search>paid_social,0,QC
1041,display>affiliate>paid_social>email>display>display>direct,1,AB
1042,display>organic_search>organic_search>paid_search>display>display>direct,1,ON
1043,organic_search>display>organic_search>display>affiliate>organic_search>paid_search,0,Atlantic
1044,display>paid_search>paid_social>paid_search>affiliate,1,BC
1045,organic_search>organic_search>display>paid_social>paid_search>direct,0,BC
1046,paid_social>organic_search>organic_search>display>email,0,Atlantic
1047,organic_search>organic_search>display>affiliate,1,ON
1048,paid_search>email,0,Atlantic
1049,organic_search>display,0,QC
1050,display>paid_search>display>paid_social>direct,0,AB
1051,email,0,BC
1052,display>direct>display>paid_social,0,AB
1053,display>affiliate>email,0,QC
1054,paid_search>paid_social>paid_social>display>paid_social>paid_search,1,Atlantic
1055,paid_search,0,QC
1056,display>affiliate>display>email,1,BC
1057,paid_social>paid_search>email,0,Atlantic
1058,direct,0,Prairies
1059,email>paid_search,0,AB
1060,organic_search>display>affiliate>display>direct,0,BC
1061,direct>organic_search,0,Atlantic
1062,email>paid_social>paid_social>organic_search>email,1,AB
1063,display>paid_social>display>display>direct,1,QC
1064,paid_search>paid_social,0,BC
1065,display>display>paid_social>paid_social>direct,0,ON
1066,organic_search>paid_social>affiliate,1,Atlantic
1067,affiliate>organic_search>direct,0,Atlantic
1068,organic_search>paid_search>affiliate,0,ON
1069,direct>paid_search>direct,0,ON
1070,organic_search>display>email,0,QC
1071,display>organic_search>affiliate,0,AB
1072,paid_social>organic_search>paid_search,0,BC
1073,paid_search>display>affiliate>email,0,Atlantic
1074,display>direct>organic_search>display>paid_social>paid_social>display>email,0,AB
1075,paid_social>email>affiliate,0,ON
1076,paid_search>direct,0,Atlantic
1077,paid_social>organic_search>display,0,Prairies
1078,paid_search>display>display>affiliate,0,BC
1079,paid_social>direct,0,Atlantic
1080,display>affiliate,0,BC
1081,organic_search,0,AB
1082,organic_search>direct,0,ON
1083,display>paid_social>display>paid_social>organic_search>affiliate,0,Atlantic
1084,affiliate>organic_search>affiliate,0,Atlantic
1085,organic_search>affiliate>direct>organic_search>direct,1,BC
1086,paid_social>affiliate>paid_search,0,Prairies
1087,paid_social>direct>display>affiliate>paid_social>paid_search,0,Atlantic
1088,paid_social>organic_search>paid_social>paid_search,0,AB
1089,display>direct>paid_social>paid_search>display>paid_social>display>paid_search>direct,0,Atlantic
1090,display>paid_search>organic_search>display>paid_search,0,QC
1091,display>direct,0,Prairies
1092,paid_social>display>paid_social>paid_social>organic_search>display>affiliate>direct,0,Prairies
1093,display>paid_search,0,Prairies
1094,display>display>display>direct>organic_search,0,Prairies
1095,paid_search>direct,0,BC
1096,email>paid_social,0,AB
1097,display>direct,0,QC
1098,direct,0,AB
1099,paid_social>paid_social>organic_search,0,Atlantic
1100,paid_search>organic_search,1,Prairies
1101,display>paid_search>direct,1,BC
1102,display>paid_social>organic_search>organic_search>display>direct,0,Atlantic
1103,direct>organic_search>organic_search>display>organic_search>paid_social>organic_search,1,AB
1104,paid_social>paid_social>paid_social>paid_social>display>email,0,QC
1105,paid_social>paid_search,0,QC
1106,paid_social>paid_social>display>display,0,BC
1107,organic_search>paid_social>affiliate,0,BC
1108,affiliate>paid_search>organic_search>email,0,QC
1109,organic_search>paid_search>paid_search>direct,0,AB
1110,paid_social>organic_search,0,BC
1111,paid_search>email,0,AB
1112,display>direct>email,0,Atlantic
1113,direct>paid_search,0,QC
1114,organic_search>paid_search>organic_search>organic_search>display>paid_search,0,Atlantic
1115,display>paid_search>organic_search>paid_search,0,Atlantic
1116,paid_search>paid_search>display>email,0,AB
1117,direct,0,QC
1118,affiliate>organic_search>affiliate>organic_search>paid_social,0,BC
1119,display>paid_social,1,ON
1120,display>paid_social>paid_social>display>direct,0,BC
1121,paid_search,0,ON
1122,organic_search>display>paid_search,0,BC
1123,paid_search>affiliate>email,0,Atlantic
1124,direct>affiliate>direct,0,Prairies
1125,email>paid_social>organic_search>paid_search,0,QC
1126,email>email,0,BC
1127,email>paid_search,0,ON
1128,paid_social>direct,0,Prairies
1129,paid_search,0,Prairies
1130,paid_social>display>paid_search,0,AB
1131,paid_social>direct>paid_search>paid_social>direct,0,BC
1132,paid_social>paid_social>affiliate,0,AB
1133,paid_search>organic_search>display>direct>display>paid_social>display>direct,0,QC
1134,display>direct>display>email,0,AB
1135,affiliate>display>organic_search>affiliate,0,AB
1136,paid_search,0,BC
1137,direct,1,QC
1138,affiliate>display>direct,0,BC
1139,display>paid_social>paid_search,0,QC
1140,display>display>paid_social>organic_search,0,Prairies
1141,direct>affiliate>paid_social>affiliate,0,BC
1142,direct>organic_search>direct>display>affiliate>affiliate,0,AB
1143,paid_social>organic_search>display>display>email>paid_social>direct,0,QC
1144,paid_search>paid_social>organic_search>paid_social>organic_search>paid_search,0,AB
1145,direct>direct>paid_social>organic_search>direct,0,Atlantic
1146,paid_search>affiliate,0,ON
1147,display>paid_search>display>affiliate,0,ON
1148,paid_search>paid_social>affiliate,0,QC
1149,paid_social>direct,0,Atlantic
1150,paid_social>paid_social,0,Atlantic
1151,display>paid_social>paid_social>paid_social>paid_search>direct,0,QC
1152,direct>affiliate,0,Atlantic
1153,organic_search>paid_search,0,BC
1154,display>direct,0,BC
1155,display>email>display>paid_social,0,AB
1156,display>paid_social>paid_social>paid_social>affiliate,0,BC
1157,paid_social>direct,0,AB
1158,display>affiliate>organic_search>direct>email,0,AB
1159,organic_search>display>organic_search>display>display>direct,0,Prairies
1160,organic_search>direct>paid_search>organic_search>display>affiliate,1,AB
1161,paid_social>paid_social>email,0,Atlantic
1162,organic_search>display>paid_social>display>display>organic_search,0,Atlantic
1163,display>paid_social>organic_search>direct,0,ON
1164,organic_search,0,Prairies
1165,direct,0,AB
1166,paid_social>direct,1,Prairies
1167,paid_social>paid_search>organic_search>email,0,QC
1168,affiliate>email>organic_search>paid_social>direct,0,BC
1169,affiliate>display>organic_search>display>display>organic_search,0,Atlantic
1170,display>paid_social>paid_social>paid_search>email,0,BC
1171,paid_social>organic_search>direct,0,QC
1172,organic_search>organic_search>direct,0,QC
1173,paid_social>paid_social>paid_search,0,AB
1174,display>display>display>display>affiliate>email,1,Atlantic
1175,affiliate>organic_search,0,ON
1176,paid_search,0,Atlantic
1177,organic_search>display>affiliate>display>paid_search,1,Prairies
1178,organic_search>paid_social>direct,0,BC
1179,organic_search>email>paid_search>paid_social>direct,1,QC
1180,affiliate>paid_social>affiliate>direct,1,BC
1181,paid_social>display>paid_social>direct,0,Atlantic
1182,display>affiliate>paid_social>email,0,Atlantic
1183,organic_search>email,0,Prairies
1184,display>display>paid_social>affiliate,0,QC
1185,direct,1,AB
1186,paid_social>display>display>paid_search>display>affiliate,1,Atlantic
1187,organic_search>organic_search,0,AB
1188,paid_social>affiliate,0,BC
1189,display>affiliate>organic_search,0,QC
1190,affiliate>direct>organic_search>affiliate,0,Prairies
1191,display>email,0,BC
1192,paid_social>affiliate,0,AB
1193,paid_search>organic_search>paid_search>display>paid_social>direct,0,QC
1194,paid_search>organic_search>organic_search>paid_search>affiliate,0,ON
1195,display>paid_social>organic_search,0,BC
1196,affiliate>affiliate,0,AB
1197,display>display>paid_social>organic_search>paid_social>affiliate>display>display>paid_social,1,AB
1198,paid_social>organic_search>paid_search>affiliate,0,Atlantic
1199,paid_social>organic_search>organic_search>organic_search,0,QC
1200,paid_social>paid_search>display>paid_social>organic_search,0,QC
1201,direct,0,QC
1202,organic_search>paid_search>organic_search>affiliate,0,BC
1203,display>paid_search,0,QC
1204,direct,0,AB
1205,direct>affiliate>paid_social>paid_search>direct,0,QC
1206,organic_search>paid_search>display>organic_search,1,BC
1207,display>display>paid_social>paid_social>affiliate>direct,0,Atlantic
1208,affiliate>paid_search>direct,0,BC
1209,paid_search>display>paid_search,0,AB
1210,paid_social>display>organic_search>affiliate,0,AB
1211,display>affiliate>email,0,QC
1212,paid_social>paid_search,0,ON
1213,organic_search>email,0,Atlantic
1214,paid_search>paid_search>display>display>display>paid_search,0,ON
1215,paid_social>paid_social>organic_search>direct,0,QC
1216,affiliate>paid_social>organic_search>email,0,BC
1217,organic_search>display>affiliate,0,ON
1218,organic_search>organic_search>paid_search,0,Atlantic
1219,display>organic_search,0,AB
1220,paid_social>organic_search>paid_social>direct>direct,0,AB
1221,display>organic_search>paid_search,0,BC
1222,paid_social>paid_social>paid_social,0,AB
1223,display>paid_social>direct,0,Atlantic
1224,direct,0,ON
1225,paid_search>paid_social>direct,0,Atlantic
1226,display>display>display,0,AB
1227,paid_search,0,QC
1228,display>direct,0,QC
1229,paid_social>affiliate>paid_search>paid_social>display>paid_search>paid_search>email>email>paid_social>paid_search,0,Prairies
1230,paid_social>display,0,BC
1231,paid_social>display>paid_search,0,QC
1232,paid_social>paid_social>email,0,Prairies
1233,paid_search>paid_search>paid_social>paid_search,0,ON
1234,display>paid_social>paid_search>paid_search,0,ON
1235,organic_search>paid_social>organic_search>direct,0,AB
1236,paid_search>organic_search>direct>display>email,0,ON
1237,affiliate>organic_search>paid_social>direct>direct,0,BC
1238,paid_social>paid_social>display>display>paid_social>display>direct,0,BC
1239,paid_search>email,0,BC
1240,display>paid_search>affiliate>organic_search,0,Atlantic
1241,paid_social>organic_search>direct,0,Atlantic
1242,display>affiliate,0,AB
1243,organic_search>direct,0,Prairies
1244,affiliate>display>display>display>email,0,Atlantic
1245,display>display>paid_search,0,AB
1246,display>display>paid_social>affiliate,0,AB
1247,display>organic_search>direct,0,ON
1248,paid_social>paid_social>email>display>email,0,Atlantic
1249,affiliate>affiliate>organic_search,0,ON
1250,email>email,0,AB
1251,direct>display>display>paid_social>direct>display,0,ON
1252,affiliate>paid_social>paid_social>affiliate,0,ON
1253,direct>display>direct,0,AB
1254,display>organic_search>display>display>email,0,Prairies
1255,direct>paid_social>display>paid_search,1,Atlantic
1256,paid_search>affiliate>paid_search,0,QC
1257,direct>direct,0,BC
1258,organic_search>paid_search>paid_search>organic_search>affiliate>display,0,ON
1259,display>paid_social>email,0,BC
1260,affiliate>paid_social>display>paid_search,0,BC
1261,organic_search>paid_social>paid_social,0,QC
1262,display>affiliate>affiliate,0,BC
1263,paid_social>paid_social>paid_social>affiliate,0,ON
1264,paid_social>organic_search>email>paid_social,0,AB
1265,display>organic_search>display>direct,0,QC
1266,organic_search>organic_search>paid_search,0,QC
1267,direct>paid_search>organic_search>direct,0,AB
1268,display>direct,0,Prairies
1269,email>paid_social>affiliate>paid_social>email,1,BC
1270,display>organic_search>display>paid_social>direct,0,QC
1271,paid_social>paid_search>direct,0,QC
1272,organic_search>paid_social>paid_search,0,Prairies
1273,affiliate>display>display>organic_search>paid_search,0,Atlantic
1274,email>display,1,QC
1275,paid_search>organic_search>display>display>display>organic_search>organic_search,0,QC
1276,paid_social>organic_search,0,QC
1277,display>organic_search>paid_social>organic_search,0,Prairies
1278,display>direct,0,ON
1279,paid_social>display>display>paid_search,0,BC
1280,direct,0,BC
1281,paid_search>paid_social>display>paid_social>paid_social>display>paid_search>paid_social,0,ON
1282,display>display>direct,0,AB
1283,paid_search,0,Prairies
1284,affiliate>direct,0,QC
1285,display>display>organic_search,0,QC
1286,organic_search>organic_search,1,BC
1287,direct>paid_social>organic_search>paid_social,0,Prairies
1288,paid_social>paid_social>display,1,Prairies
1289,organic_search>display>display>organic_search>paid_social,0,AB
1290,paid_search>display>direct>organic_search,0,Atlantic
1291,organic_search>email>paid_social>paid_search,0,BC
1292,display>paid_social>paid_search>display>direct,0,Prairies
1293,display>organic_search>paid_social>organic_search,0,Atlantic
1294,organic_search>paid_search,0,ON
1295,direct>direct,0,BC
1296,affiliate,0,AB
1297,display>affiliate,0,QC
1298,organic_search>display>display>paid_social>paid_search>display>organic_search,0,Atlantic
1299,affiliate>paid_social>organic_search>direct,0,AB
1300,affiliate>display>paid_social>display>display>direct,0,Prairies
1301,organic_search>affiliate>display>organic_search,0,ON
1302,display>direct,0,Prairies
1303,organic_search>paid_search>display>affiliate,0,AB
1304,paid_social>direct,0,BC
1305,organic_search>paid_social>display>organic_search,0,BC
1306,paid_search,0,ON
1307,display>paid_social>paid_search>direct,0,ON
1308,email>paid_search>affiliate>paid_social>direct,1,QC
1309,paid_search>organic_search>display>display>paid_social,0,Atlantic
1310,organic_search>display>organic_search,1,Atlantic
1311,email,0,Atlantic
1312,display>paid_social>paid_social>direct,0,Prairies
1313,display>email,0,ON
1314,direct>affiliate>paid_search,0,QC
1315,paid_search>email,0,BC
1316,organic_search>affiliate>display>paid_search>organic_search>paid_social>affiliate>organic_search>direct,1,ON
1317,display>paid_social>paid_search,0,AB
1318,paid_search>display>organic_search>paid_social>organic_search>paid_social>paid_social>affiliate>email,0,Prairies
1319,display>paid_social>affiliate>paid_search,0,AB
1320,paid_search>display>email>paid_search,0,Prairies
1321,paid_social>paid_social>affiliate,0,Prairies
1322,paid_search>email,0,Prairies
1323,display>paid_search>organic_search,0,AB
1324,paid_social>display>paid_social>paid_social>direct,1,Prairies
1325,direct,0,QC
1326,organic_search>organic_search,0,ON
1327,paid_social>paid_search>direct>affiliate,1,QC
1328,affiliate>display,0,Atlantic
1329,paid_search>display>affiliate>display>direct,0,Atlantic
1330,display>display>display>paid_social>display>paid_social>affiliate,0,ON
1331,organic_search>paid_social>organic_search,0,AB
1332,affiliate>email,0,Atlantic
1333,organic_search>organic_search>paid_social>paid_search>paid_search>direct,1,BC
1334,display>paid_social>display>display>display,0,ON
1335,paid_social>display>display>affiliate,0,AB
1336,organic_search>paid_social,0,Atlantic
1337,paid_social>display>paid_search>direct,1,Atlantic
1338,paid_search>paid_social>direct>display>paid_search,0,Prairies
1339,organic_search>paid_social>paid_search,0,AB
1340,paid_social>display>organic_search>organic_search,0,BC
1341,paid_social>direct,0,Atlantic
1342,paid_social>organic_search>display>email,0,BC
1343,paid_social>display>direct,0,Atlantic
1344,affiliate>paid_social>paid_search>paid_search,0,ON
1345,display>email>paid_social,0,ON
1346,email,0,ON
1347,display,1,Prairies
1348,paid_search>paid_social,0,QC
1349,organic_search,0,BC
1350,email>direct,0,ON
1351,paid_search>email,1,QC
1352,paid_social>paid_social>display>organic_search>organic_search,0,Prairies
1353,direct>affiliate>organic_search>paid_social>paid_search>paid_social>paid_search,0,ON
1354,affiliate>paid_social>organic_search>paid_social,0,QC
1355,display>display>organic_search>paid_social,0,BC
1356,display>display>display>email,0,ON
1357,paid_social>organic_search>display>paid_search,1,ON
1358,paid_search>display>affiliate>paid_search,0,Atlantic
1359,paid_social>paid_search>organic_search,1,Atlantic
1360,paid_search>paid_social>paid_social>direct,0,Prairies
1361,display>paid_social>direct>email>paid_search,0,AB
1362,paid_social>display>direct,0,BC
1363,organic_search>paid_search>paid_search>paid_social>paid_social>direct,0,Prairies
1364,display>paid_search,0,Atlantic
1365,organic_search>paid_social>organic_search>paid_search,0,Prairies
1366,display>paid_search>paid_search>paid_search,0,BC
1367,display>paid_search>paid_social>paid_social>affiliate,1,Atlantic
1368,paid_social>paid_social>paid_search,0,ON
1369,paid_search,0,QC
1370,affiliate>email,0,QC
1371,paid_social>paid_social>direct>affiliate,0,Prairies
1372,paid_social>paid_social>display>paid_social,0,Prairies
1373,affiliate>display>paid_social>organic_search>affiliate>paid_social>affiliate>paid_search>paid_social,1,BC
1374,affiliate>email>affiliate,1,ON
1375,affiliate>paid_search,0,AB
1376,display>paid_search>direct,0,AB
1377,affiliate>organic_search>paid_social>paid_social>affiliate,0,Atlantic
1378,organic_search>paid_social>affiliate>paid_search>paid_social>direct,0,QC
1379,paid_social>display>paid_search>email,0,ON
1380,organic_search>paid_social>paid_social>direct,0,Prairies
1381,display>paid_search>paid_social>display>direct,0,QC
1382,paid_search,0,AB
1383,affiliate>display>paid_social>email>display>paid_search,0,BC
1384,affiliate>display>direct>paid_search,0,BC
1385,display>display>email,0,QC
1386,organic_search>paid_search>affiliate,0,QC
1387,display>paid_social>paid_social>display>paid_social,0,AB
1388,organic_search>paid_social>display>email,1,ON
1389,display>display>direct,0,QC
1390,paid_social>direct,0,Prairies
1391,paid_search>display>paid_search,0,BC
1392,organic_search>paid_social>display>direct,0,Prairies
1393,organic_search>display>affiliate,0,BC
1394,display>affiliate,0,Prairies
1395,paid_social>paid_social>paid_search,1,AB
1396,paid_social>paid_search>direct,0,Prairies
1397,direct>paid_social>organic_search>display,0,ON
1398,display>display>display>organic_search>organic_search,0,ON
1399,paid_social>paid_search>organic_search>display>email,0,Prairies
1400,paid_social>paid_search,0,QC
1401,organic_search>paid_social>organic_search>email,0,Atlantic
1402,affiliate>paid_search>affiliate,0,AB
1403,paid_search>paid_social>display>display>display>display,1,QC
1404,affiliate>paid_social>paid_search>paid_social>paid_search>paid_search,0,ON
1405,affiliate>display>paid_search>affiliate,0,ON
1406,display>paid_social>direct,0,AB
1407,organic_search>paid_search,0,BC
1408,paid_social>display>direct>paid_social>organic_search,0,QC
1409,email>email,0,Atlantic
1410,display>display>direct,0,ON
1411,organic_search>affiliate>display>direct,0,ON
1412,paid_social>affiliate>email,1,BC
1413,paid_social>direct>paid_search>direct,1,Prairies
1414,affiliate>email>display>direct,0,AB
1415,organic_search>paid_search>paid_social>paid_search,0,Prairies
1416,organic_search>paid_social>email,0,BC
1417,paid_search>paid_social>affiliate,0,Prairies
1418,paid_social>organic_search>paid_search>affiliate>paid_social>direct,0,BC
1419,email>paid_social>organic_search,1,Atlantic
1420,display>display>display>organic_search,0,BC
1421,paid_social>paid_search>paid_search>paid_search>direct,1,QC
1422,paid_social>paid_social>email,0,BC
1423,direct,0,AB
1424,organic_search>paid_search>paid_search>paid_search,0,ON
1425,display>paid_social>paid_social,0,ON
1426,paid_search>display>paid_search,0,ON
1427,paid_social>display>direct,0,ON
1428,display>paid_social>paid_social,0,BC
1429,display>paid_search,0,BC
1430,affiliate>display>email,0,Prairies
1431,display>email,0,BC
1432,paid_social>paid_search>display>paid_social>display>paid_social,0,Atlantic
1433,paid_social>direct,0,ON
1434,affiliate>display,0,Prairies
1435,paid_search>paid_social>direct>organic_search,0,AB
1436,paid_social>paid_social>organic_search>direct>direct,0,ON
1437,email>affiliate>organic_search,1,Prairies
1438,organic_search>display>paid_social>paid_social>paid_social>direct,0,AB
1439,direct>paid_social>display>display>direct,0,ON
1440,display>affiliate>email,0,BC
1441,paid_social,0,AB
1442,paid_search>email,0,Prairies
1443,display>paid_search>paid_social>display>organic_search,0,Atlantic
1444,display>paid_search,0,BC
1445,paid_search>display>direct>direct,0,ON
1446,direct,0,Atlantic
1447,paid_search>direct>paid_social>paid_search,0,BC
1448,paid_search>affiliate,0,Prairies
1449,display>paid_search>email,0,Atlantic
1450,organic_search>direct>paid_search>direct,0,Prairies
1451,display>organic_search,0,Atlantic
1452,display>organic_search>display>display>email,0,Prairies
1453,direct,0,QC
1454,display>display>direct,0,ON
1455,display>email,0,Atlantic
1456,paid_search>direct,0,QC
1457,display>display>direct,0,QC
1458,display>organic_search>organic_search>affiliate,0,Atlantic
1459,paid_search>direct,0,Atlantic
1460,display>affiliate>paid_social>direct,0,QC
1461,email>paid_search>display>display>paid_search,0,BC
1462,organic_search>display>display>email,0,AB
1463,paid_search>display>display>direct,0,ON
1464,paid_social>email,0,Prairies
1465,display>paid_social>paid_search,0,Prairies
1466,display>organic_search>paid_social>direct,0,AB
1467,email>direct>paid_social>organic_search,0,ON
1468,paid_social>organic_search>organic_search>affiliate,0,QC
1469,display>paid_social,1,BC
1470,display>organic_search>paid_search,0,AB
1471,display>display>display>paid_social>organic_search,0,Prairies
1472,display>display>direct,0,AB
1473,paid_social>organic_search,0,ON
1474,paid_social>paid_search>paid_social>display>paid_social>direct,0,QC
1475,direct>paid_social>display>display>affiliate,0,Prairies
1476,paid_social>email,0,Atlantic
1477,display>paid_search>affiliate>direct,0,QC
1478,display>display>display>display>paid_search,0,AB
1479,organic_search>display>direct>affiliate>affiliate,0,QC
1480,direct,0,Atlantic
1481,display>display>organic_search>direct>display,0,QC
1482,organic_search>organic_search>paid_search>paid_search>email,0,BC
1483,paid_search>email>paid_search,0,QC
1484,paid_social>display>paid_search>paid_search,0,QC
1485,affiliate>direct,0,AB
1486,paid_search>paid_social>paid_social>affiliate,0,Atlantic
1487,direct>paid_search,0,ON
1488,display>display,0,Atlantic
1489,affiliate>organic_search>affiliate,0,ON
1490,organic_search>display>direct,0,AB
1491,affiliate>direct,0,Atlantic
1492,display>organic_search>organic_search>organic_search,0,Prairies
1493,affiliate>organic_search>direct,0,QC
1494,display>organic_search>affiliate,0,BC
1495,paid_search>paid_search,0,AB
1496,display>display>paid_social>display>affiliate>paid_social>organic_search,0,AB
1497,paid_social>display>display>paid_search>paid_social,1,Prairies
1498,paid_social>display>organic_search>paid_search>paid_search,0,BC
1499,direct>display>direct,0,QC
1500,organic_search>paid_social,0,Atlantic
1501,email>organic_search>direct,0,Atlantic
1502,organic_search>paid_search,0,AB
1503,display>paid_search>direct,0,ON
1504,affiliate,0,AB
1505,email>direct>display>affiliate,0,QC
1506,paid_search>display>organic_search,0,Atlantic
1507,display>display>display>display>paid_social,0,ON
1508,paid_social>organic_search>paid_social>display>display>display>email,0,Atlantic
1509,paid_social>direct>display>paid_social,0,Prairies
1510,direct>paid_search>paid_social>display>display>display>email>direct>organic_search,0,QC
1511,display>display>direct,0,ON
1512,paid_social>display>paid_search>direct,0,QC
1513,paid_search>paid_search>email,1,QC
1514,direct>display>paid_search,1,Prairies
1515,affiliate>affiliate>direct>email,0,ON
1516,organic_search>paid_search,0,AB
1517,paid_social>display>affiliate>paid_search,0,AB
1518,organic_search>organic_search,0,Atlantic
1519,display>paid_social>display>direct,0,AB
1520,paid_social>paid_search>paid_search,0,Atlantic
1521,affiliate>paid_social>display>affiliate,0,ON
1522,organic_search>paid_search>paid_social>affiliate>display>paid_search,0,Atlantic
1523,display>direct>paid_search>paid_search>display>organic_search>organic_search>direct,1,QC
1524,paid_social>direct>affiliate,0,QC
1525,paid_social>display>organic_search>affiliate,0,AB
1526,paid_social>direct,0,Atlantic
1527,organic_search>affiliate>direct>display>direct,0,Atlantic
1528,paid_social>paid_search>email,0,AB
1529,organic_search>direct,0,Prairies
1530,organic_search>organic_search>direct,0,AB
1531,affiliate>organic_search>email>affiliate,0,ON
1532,display>email>affiliate,0,QC
1533,direct>affiliate>paid_social>organic_search,0,QC
1534,email>paid_social>paid_social,1,BC
1535,affiliate>organic_search>display,0,QC
1536,organic_search>organic_search>display>paid_social,0,QC
1537,organic_search>paid_social>organic_search,0,Prairies
1538,display>paid_search>direct,0,QC
1539,direct>paid_social>paid_search>paid_social>paid_search,0,Prairies
1540,display>paid_search,0,AB
1541,email>direct,0,QC
1542,direct>organic_search>organic_search>paid_search>paid_search>paid_social>email,0,Prairies
1543,display>organic_search>paid_search,1,QC
1544,affiliate>display>direct,0,BC
1545,paid_search>paid_search>paid_search>display,1,AB
1546,affiliate>organic_search>paid_social>organic_search,0,Atlantic
1547,paid_social>paid_search,0,Atlantic
1548,affiliate>paid_search>paid_social>paid_search,0,QC
1549,paid_social>organic_search>display>paid_search,0,ON
1550,paid_social>affiliate>organic_search>display>paid_social>paid_search,0,Atlantic
1551,paid_social>paid_social>paid_search>email>direct,0,BC
1552,paid_social>display>organic_search,0,Prairies
1553,display>display>display>organic_search,0,ON
1554,direct>display>organic_search>paid_social>paid_social,0,Atlantic
1555,paid_social>paid_social>paid_search>paid_social>organic_search,0,AB
1556,display>affiliate>paid_search>display>direct,1,AB
1557,affiliate>paid_search>email,0,BC
1558,paid_social>affiliate>display>direct,0,ON
1559,affiliate>organic_search,0,Atlantic
1560,paid_search>organic_search,0,Prairies
1561,paid_social>organic_search>display>direct,0,Atlantic
1562,display>display>paid_search>affiliate>direct,0,AB
1563,direct>organic_search>direct,0,ON
1564,paid_search>affiliate>direct,0,BC
1565,organic_search>paid_social>paid_social>display>paid_search,1,BC
1566,paid_social>affiliate,0,Atlantic
1567,display>organic_search>display>direct,0,QC
1568,paid_search>direct>paid_social>paid_search>email,0,QC
1569,paid_social>paid_social>paid_social>organic_search>direct,0,Atlantic
1570,organic_search>paid_search>paid_search,0,BC
1571,paid_search>paid_social>direct,0,Prairies
1572,display>display>paid_social>paid_social>paid_search,0,Prairies
1573,direct>organic_search>affiliate,0,Atlantic
1574,organic_search>display>paid_search>paid_social>paid_social>affiliate,0,BC
1575,paid_social>display>display>display>affiliate,0,QC
1576,direct>display>paid_search,0,ON
1577,display>organic_search>paid_social>email,0,Atlantic
1578,display>display>direct,0,Prairies
1579,paid_social>direct,0,QC
1580,paid_social>organic_search>direct,0,AB
1581,paid_social>paid_social>paid_social>organic_search>display>affiliate>email>paid_search,0,Prairies
1582,display>display>organic_search,0,Prairies
1583,organic_search>paid_search>organic_search,1,BC
1584,paid_search>email,0,QC
1585,paid_search>direct,0,Prairies
1586,display>display>direct,0,BC
1587,organic_search>affiliate>display>display>organic_search>paid_search,0,AB
1588,affiliate>organic_search>paid_search>direct>direct,0,ON
1589,paid_social>display>affiliate>paid_social>email,1,Atlantic
1590,organic_search>display>paid_search>display,0,QC
1591,paid_search>display>paid_search,0,Prairies
1592,paid_search>email,0,Atlantic
1593,paid_social>paid_search,0,Atlantic
1594,paid_social>display>paid_social>email,0,Atlantic
1595,display>paid_social>paid_social>direct>paid_social>paid_social>paid_search>email,1,ON
1596,display>paid_search>affiliate>affiliate>paid_social>paid_social>direct,0,BC
1597,paid_social>display>display>paid_social>email,0,QC
1598,affiliate>paid_search>direct>organic_search>email,0,BC
1599,affiliate>paid_social>paid_search>affiliate>email,0,AB
1600,paid_social>paid_social>paid_social>paid_social>paid_social>paid_social>paid_search,0,Atlantic
1601,paid_search>paid_search>direct>paid_social>paid_social,0,BC
1602,affiliate>paid_social>paid_social>paid_social,0,Prairies
1603,paid_social>organic_search>email,0,Atlantic
1604,organic_search,0,QC
1605,organic_search>display>display>display,0,AB
1606,paid_social>organic_search>display>organic_search>organic_search>paid_search,0,Prairies
1607,paid_social>display>organic_search>paid_social>display>paid_social>email,0,QC
1608,email>paid_search>paid_search,0,Atlantic
1609,direct>paid_social>display>display>paid_social>paid_search,0,AB
1610,organic_search>paid_social>display>organic_search>direct,0,AB
1611,organic_search>display>paid_social>organic_search,0,Prairies
1612,paid_social>paid_search>display>display>direct,0,ON
1613,paid_social>paid_search,0,BC
1614,display>paid_social>direct,0,QC
1615,organic_search>display>paid_social>display>direct,0,Atlantic
1616,direct>affiliate>direct,0,AB
1617,paid_search>email,0,QC
1618,display>paid_search,0,BC
1619,organic_search>direct,0,AB
1620,paid_search>direct,0,ON
1621,paid_social>paid_social>paid_social>email,0,Prairies
1622,paid_social>display>organic_search>display>direct,1,ON
1623,direct>organic_search>affiliate>affiliate,0,BC
1624,paid_social>paid_search>display>direct,0,Atlantic
1625,organic_search>organic_search>paid_social>direct,0,QC
1626,paid_search>paid_search,0,Atlantic
1627,display>organic_search,0,QC
1628,display>display>organic_search,0,QC
1629,paid_social>paid_search>display>display>affiliate,0,BC
1630,paid_social>organic_search>paid_social>paid_social,0,Prairies
1631,display>paid_social>display>paid_search>affiliate>paid_social>paid_search,0,Atlantic
1632,affiliate>affiliate,0,ON
1633,display>organic_search>affiliate,0,ON
1634,paid_social>display>paid_social>paid_social>direct,0,ON
1635,affiliate,0,AB
1636,display>paid_social>paid_search,0,Atlantic
1637,display>organic_search>organic_search>paid_social>paid_social>email,0,Prairies
1638,paid_social>organic_search>affiliate,0,Prairies
1639,direct>paid_search,1,BC
1640,display>display,0,BC
1641,organic_search>paid_search>direct,0,ON
1642,organic_search>direct>paid_social,0,QC
1643,paid_social>organic_search>paid_search,0,ON
1644,paid_search>display>email,0,ON
1645,display>direct>paid_social>affiliate>direct,0,Prairies
1646,paid_social>paid_social>paid_social,0,Prairies
1647,affiliate>paid_social>display>display>direct>paid_social>organic_search>organic_search,1,QC
1648,display>email>organic_search>organic_search>paid_social,0,QC
1649,paid_social>paid_social>display>direct,0,QC
1650,organic_search>paid_search>display>paid_social>affiliate,0,Atlantic
1651,display>paid_social>organic_search>direct,0,BC
1652,paid_social>affiliate>display>email>paid_search>organic_search,0,Prairies
1653,paid_social>direct,0,Prairies
1654,organic_search>affiliate>email,0,BC
1655,display>display>organic_search>display>direct,0,Prairies
1656,affiliate,0,ON
1657,organic_search>display>display>display>organic_search>paid_social>paid_search>paid_search,0,ON
1658,email>email>direct>direct>paid_search>paid_social,1,Prairies
1659,display>organic_search>paid_search,0,Atlantic
1660,organic_search>paid_search>direct,0,AB
1661,paid_social>organic_search,0,AB
1662,direct,0,QC
1663,organic_search>organic_search>display>paid_search,0,BC
1664,paid_social>display>display>paid_search>paid_social,0,Atlantic
1665,paid_social>organic_search>display>paid_social>display>direct,1,Atlantic
1666,paid_social>display>organic_search>direct,0,QC
1667,affiliate>display>organic_search>affiliate,0,ON
1668,organic_search,0,Atlantic
1669,affiliate>affiliate>affiliate,0,Atlantic
1670,paid_search>paid_social>paid_social>paid_social>email,0,ON
1671,display>organic_search>affiliate>direct>paid_social>direct>affiliate,0,QC
1672,direct>paid_social>paid_social>paid_search,0,ON
1673,display>affiliate,0,BC
1674,organic_search>paid_search>organic_search>display>paid_social>email,1,AB
1675,paid_search>paid_social>display>paid_social>paid_social>direct,1,ON
1676,organic_search>paid_search>direct,0,AB
1677,organic_search>paid_social,0,AB
1678,paid_search>direct>display>paid_social>organic_search,0,Prairies
1679,paid_search>paid_search>paid_search,0,Prairies
1680,email>paid_search>paid_social>paid_social>affiliate,0,ON
1681,paid_social>paid_search>paid_social>organic_search>paid_social>paid_social>paid_social,0,Atlantic
1682,paid_social>direct,0,Atlantic
1683,display>display>organic_search>display>paid_social>email,0,Prairies
1684,affiliate>paid_social>organic_search>organic_search>paid_social>email,0,Prairies
1685,display>display>display>display>email,0,BC
1686,affiliate>direct>affiliate>email,0,Prairies
1687,affiliate>paid_social>email,0,BC
1688,paid_social>direct>paid_search>paid_search>organic_search>email,0,QC
1689,paid_social>organic_search>paid_social,0,Prairies
1690,paid_search>affiliate>paid_search>paid_search,0,QC
1691,organic_search>paid_social>affiliate,0,ON
1692,organic_search>paid_search,0,AB
1693,display>paid_social>display>paid_search>affiliate,1,Prairies
1694,paid_search>organic_search>display>affiliate>display,0,ON
1695,paid_search>paid_social>paid_search>email,0,AB
1696,paid_search>organic_search>organic_search,0,ON
1697,organic_search>affiliate,0,Atlantic
1698,display>display>display>paid_search,0,QC
1699,direct>display>paid_social>paid_social>organic_search,0,AB
1700,affiliate>display>display>paid_social>direct,0,AB
1701,paid_search>paid_social>direct>direct,0,Atlantic
1702,display>direct,0,ON
1703,paid_social>paid_search>display>paid_search>direct,1,Prairies
1704,affiliate>affiliate,0,AB
1705,affiliate>display>paid_search,0,Prairies
1706,paid_social>paid_social>direct>paid_social>email,0,BC
1707,display>paid_social,0,AB
1708,affiliate>organic_search,0,ON
1709,display>paid_social>display>paid_search,0,QC
1710,paid_search>organic_search>paid_search,0,ON
1711,paid_social>direct,0,Atlantic
1712,paid_social>email,0,BC
1713,display>paid_social>organic_search,0,BC
1714,organic_search>paid_search>organic_search>paid_social>email,0,AB
1715,paid_social>email,0,AB
1716,paid_search>display>paid_social,0,ON
1717,paid_social>display>paid_social>display>paid_search>paid_search,0,QC
1718,organic_search>paid_social>display>affiliate>organic_search>affiliate>affiliate>paid_search,1,Atlantic
1719,organic_search>display>display>paid_search,0,BC
1720,display>paid_social>paid_search>paid_social>direct,0,QC
1721,organic_search>display>paid_search>organic_search,0,QC
1722,paid_search>paid_search>email,0,BC
1723,paid_social>paid_social>affiliate>display>paid_social,1,Atlantic
1724,paid_search>paid_search>paid_social>display,0,ON
1725,paid_social>paid_social>paid_social>paid_search,0,AB
1726,paid_social>direct>paid_social>affiliate,0,Prairies
1727,paid_social>display>paid_search>direct,0,AB
1728,display>paid_social>email>email,0,ON
1729,organic_search>paid_search,1,AB
1730,organic_search>paid_social>paid_search>affiliate,0,BC
1731,paid_social>display>organic_search,0,Atlantic
1732,paid_search,0,ON
1733,organic_search>direct,1,QC
1734,display>paid_search>paid_social>paid_search>paid_search>organic_search,1,ON
1735,direct>display>paid_search>affiliate>organic_search,0,ON
1736,organic_search>display>display>display>paid_search,0,Prairies
1737,organic_search>paid_search>email>direct,0,AB
1738,display>organic_search>direct,0,QC
1739,affiliate>organic_search>affiliate,0,BC
1740,paid_social>direct,0,QC
1741,organic_search>direct>paid_search>direct,0,ON
1742,paid_social>display>organic_search>email,0,AB
1743,display>display>paid_social>direct,0,ON
1744,paid_social>organic_search>display>paid_search,0,QC
1745,organic_search>display>display>affiliate>direct,0,Prairies
1746,display>paid_social>organic_search,0,Prairies
1747,direct,0,QC
1748,display>display>display>display>paid_social>direct,0,AB
1749,display>paid_search>direct,0,Atlantic
1750,affiliate>paid_social>display>paid_search,0,Atlantic
1751,organic_search>direct,0,BC
1752,paid_social>display>direct,0,ON
1753,paid_search>display>direct,0,ON
1754,paid_social>organic_search,0,AB
1755,organic_search>direct>paid_social>organic_search,0,QC
1756,affiliate>paid_search,0,QC
1757,paid_social>direct,0,QC
1758,affiliate>paid_social>display>direct,0,AB
1759,organic_search>paid_social>paid_social,0,QC
1760,direct,0,AB
1761,direct>direct>paid_social,0,Atlantic
1762,paid_social>affiliate>email>organic_search>paid_search>paid_social>paid_search,1,ON
1763,direct>display>display>paid_search>organic_search>display>paid_search,0,QC
1764,organic_search>display>paid_search>organic_search>email,1,BC
1765,display>direct,0,AB
1766,organic_search,0,AB
1767,display>display>email>display>paid_search,1,ON
1768,paid_social>display>affiliate>affiliate,0,ON
1769,organic_search>paid_search>display>direct,0,ON
1770,organic_search,0,BC
1771,paid_search>direct,0,Atlantic
1772,paid_social>affiliate>paid_social>organic_search>paid_social>organic_search,0,ON
1773,paid_social>display>paid_search>paid_search,0,QC
1774,organic_search>display>paid_social>paid_search>organic_search>email,1,AB
1775,display>paid_social>display>paid_social,0,AB
1776,display>organic_search>organic_search>paid_search>direct,0,Atlantic
1777,direct>organic_search>display>paid_social>organic_search>paid_search>email,0,Atlantic
1778,paid_search>display>paid_social>affiliate>affiliate,0,Atlantic
1779,display>paid_social>direct,0,QC
1780,organic_search,0,QC
1781,paid_social>paid_social>organic_search,1,Prairies
1782,organic_search>display>paid_search>affiliate>organic_search,0,Prairies
1783,organic_search>affiliate,0,Atlantic
1784,display>organic_search>organic_search,1,QC
1785,affiliate>paid_social>email,0,AB
1786,paid_search>organic_search>affiliate,0,BC
1787,paid_social>affiliate,0,AB
1788,display>organic_search>paid_social,0,Atlantic
1789,direct,0,QC
1790,paid_social>organic_search>paid_social>display>paid_social>display>paid_social>direct,0,QC
1791,paid_social>display>email,0,AB
1792,display>email,0,BC
1793,paid_search,0,BC
1794,direct>paid_social>affiliate>display>display,0,Atlantic
1795,display>direct,0,Atlantic
1796,organic_search>paid_search>paid_search>direct,1,Atlantic
1797,organic_search,0,ON
1798,affiliate>paid_search,0,AB
1799,display>paid_social>paid_search>display>display>paid_search,1,AB
1800,paid_search,0,AB
1801,organic_search>paid_search,0,Prairies
1802,paid_search>display>display>organic_search,0,ON
1803,affiliate>paid_search>affiliate>paid_search,1,Prairies
1804,display>display>display>direct>direct,0,AB
1805,display>paid_social>display>affiliate>organic_search>paid_search,0,AB
1806,direct>paid_search,0,Atlantic
1807,paid_social>organic_search,0,QC
1808,organic_search>paid_social>affiliate>paid_search>organic_search>email,0,ON
1809,paid_social>display>paid_search,0,QC
1810,paid_social>display>email,0,AB
1811,display>display>affiliate,0,ON
1812,affiliate>display>paid_search>paid_social,0,AB
1813,display>email,0,BC
1814,display>paid_social>email>direct,0,Atlantic
1815,paid_social>organic_search>direct,0,ON
1816,display>direct,0,AB
1817,organic_search>paid_social>paid_social>display>organic_search>organic_search,0,Atlantic
1818,display>display>display>direct,0,Atlantic
1819,affiliate>email>paid_social>email,1,QC
1820,paid_social>organic_search>affiliate,0,Atlantic
1821,direct>affiliate>paid_social>affiliate>affiliate,0,ON
1822,organic_search>affiliate>paid_search>paid_social>email,0,QC
1823,display>direct>paid_search>direct>organic_search,0,Prairies
1824,paid_search>direct,0,AB
1825,paid_search>affiliate>paid_social>display>display>display>direct,0,AB
1826,display>display>organic_search,0,ON
1827,display>organic_search>display,0,AB
1828,direct,0,ON
1829,paid_search>display>display>paid_social>paid_search,0,Prairies
1830,display>paid_social>paid_search>direct,0,Prairies
1831,display>organic_search>paid_search>paid_social>organic_search,0,QC
1832,organic_search>display,0,QC
1833,paid_search>organic_search>paid_social,0,AB
1834,paid_social>display>display>email,1,Atlantic
1835,paid_social>organic_search>display>paid_social>affiliate>affiliate,0,BC
1836,display>paid_social>display>paid_social>display>organic_search>display>direct,0,Atlantic
1837,display>display>organic_search>paid_social>paid_search,1,AB
1838,affiliate>paid_social>display>paid_social>display>paid_search,0,QC
1839,paid_social>paid_social>direct,0,Prairies
1840,paid_search>display>paid_search,0,Atlantic
1841,organic_search>paid_social>paid_social,0,ON
1842,direct>organic_search>display>affiliate>paid_social,0,QC
1843,paid_search,0,QC
1844,organic_search>direct,0,AB
1845,paid_search>paid_search>organic_search>direct,0,Atlantic
1846,organic_search>display>affiliate>direct,0,Atlantic
1847,paid_search>display>paid_social>paid_search,0,AB
1848,organic_search>paid_search>email>display>paid_social,0,Atlantic
1849,paid_social>direct>paid_social>paid_search,1,BC
1850,affiliate>paid_search>paid_social>paid_search>display>organic_search,0,QC
1851,display>display>paid_social>paid_social,0,Prairies
1852,paid_social>display>organic_search>direct,0,ON
1853,paid_social>paid_social>display>organic_search,0,ON
1854,paid_social>paid_social>paid_search,0,Atlantic
1855,display>paid_social>display>paid_social,0,AB
1856,affiliate>direct,0,Atlantic
1857,organic_search,0,Prairies
1858,display>organic_search>display>paid_social>paid_search,0,BC
1859,affiliate>paid_social>paid_social>direct,0,AB
1860,paid_social>email>email,0,QC
1861,display>display>paid_social>display>paid_social>direct,0,BC
1862,display>paid_search,0,Atlantic
1863,paid_search>paid_social>direct>display>email>email,0,AB
1864,display>paid_search>affiliate>paid_social>email>email,0,ON
1865,display>display>email,0,AB
1866,display>direct,0,Atlantic
1867,organic_search>paid_search>affiliate>display>paid_search,1,ON
1868,display>direct,0,QC
1869,organic_search>affiliate>affiliate>paid_social>paid_social>direct,0,BC
1870,paid_search>display>display>email,0,Atlantic
1871,display>paid_search>paid_search,1,QC
1872,affiliate>organic_search>display>paid_social>display>paid_search,0,BC
1873,organic_search>paid_social>organic_search>affiliate>display>display>email,0,AB
1874,organic_search>display>organic_search>organic_search>paid_search>paid_social>paid_social,1,QC
1875,paid_social>paid_social>display>email,0,AB
1876,paid_social>display>organic_search>organic_search>organic_search,0,Atlantic
1877,organic_search>direct,0,QC
1878,affiliate>paid_search>paid_search>paid_social>paid_social,0,Prairies
1879,display>email,0,AB
1880,display>organic_search>paid_social>organic_search>display>display>direct,0,Atlantic
1881,organic_search>paid_social>direct>email>display>affiliate,0,AB
1882,display>paid_search,0,Atlantic
1883,display>display>direct>paid_search>paid_search,0,BC
1884,direct>paid_search>direct,0,Atlantic
1885,paid_search>paid_search>paid_social,0,Prairies
1886,display>paid_search>affiliate>paid_social>paid_search,0,Atlantic
1887,display>email,0,QC
1888,direct>paid_search,0,ON
1889,paid_social>direct,1,QC
1890,display>display>paid_search,0,BC
1891,email,0,Atlantic
1892,organic_search>affiliate>affiliate,0,AB
1893,paid_social>direct>paid_social>paid_social>email,0,BC
1894,paid_social>direct>direct,0,BC
1895,organic_search>organic_search>direct,0,QC
1896,paid_social>affiliate,0,Prairies
1897,paid_search>direct>paid_search,0,BC
1898,direct>paid_social>paid_search,1,Atlantic
1899,display>organic_search>direct,0,Atlantic
1900,paid_social>display>organic_search,0,ON
1901,display>direct,0,QC
1902,paid_social>paid_search,0,Prairies
1903,paid_social>paid_search>paid_search>email>direct,0,Atlantic
1904,paid_search>affiliate,0,BC
1905,organic_search>display>direct,0,ON
1906,direct,0,BC
1907,display>paid_social>direct,0,QC
1908,display>organic_search>direct,0,ON
1909,display>paid_search>direct>paid_social>paid_search,1,AB
1910,direct>display>organic_search>paid_search>paid_social>display>email,0,Prairies
1911,organic_search>direct>paid_search,0,Atlantic
1912,paid_search>paid_social,0,AB
1913,direct>direct,0,Prairies
1914,paid_social>paid_search>paid_social>paid_search,0,ON
1915,display,0,BC
1916,paid_social>paid_social>paid_search>paid_search,0,BC
1917,display>paid_social>affiliate>affiliate>organic_search>paid_search>organic_search>affiliate,0,ON
1918,affiliate>paid_social>paid_social>paid_search>paid_search,1,AB
1919,display>display>display>organic_search>paid_search,0,ON
1920,paid_social>display>affiliate,0,QC
1921,affiliate>organic_search>paid_social,0,BC
1922,display>paid_social>paid_social>paid_social>organic_search>email,0,BC
1923,display>paid_social>paid_search>organic_search>affiliate>direct,0,QC
1924,organic_search>display>organic_search,0,ON
1925,paid_search>direct,0,ON
1926,display>display>organic_search>direct,0,Prairies
1927,direct,0,AB
1928,display>paid_social>affiliate,0,ON
1929,paid_social>paid_social>display>organic_search>display>affiliate>paid_social>display,0,Prairies
1930,paid_social,0,Atlantic
1931,affiliate>paid_social>organic_search>direct>paid_search>paid_search>paid_social>email,0,Prairies
1932,paid_social>organic_search>direct>affiliate>organic_search,0,Prairies
1933,affiliate>display>display>paid_search,0,BC
1934,display>direct,0,ON
1935,paid_search>paid_social>affiliate,0,QC
1936,paid_social>paid_social>direct,0,ON
1937,organic_search>affiliate>display>paid_search,0,Prairies
1938,display>display>email,0,ON
1939,organic_search>display>direct,0,Atlantic
1940,affiliate>paid_search,0,BC
1941,paid_social>paid_social>paid_search>affiliate>display>direct,1,AB
1942,paid_search>display>paid_social>paid_social>direct,0,BC
1943,paid_social>display>display>paid_search>affiliate,0,AB
1944,organic_search>paid_search,0,Prairies
1945,paid_search>organic_search>organic_search,0,Atlantic
1946,paid_social>display>paid_search,0,BC
1947,paid_social>email,0,Atlantic
1948,paid_social>display>display>paid_social,0,AB
1949,paid_social>paid_search,0,QC
1950,paid_social>direct,0,ON
1951,paid_social>paid_search>paid_social>paid_search,0,QC
1952,organic_search,0,ON
1953,organic_search>paid_social>direct,0,Prairies
1954,affiliate>organic_search>organic_search>affiliate,0,AB
1955,organic_search,0,QC
1956,display>organic_search>paid_search>affiliate>display>email,0,QC
1957,display>paid_social>organic_search,0,BC
1958,affiliate>paid_social>paid_social>direct,0,Atlantic
1959,paid_search>direct,0,Prairies
1960,affiliate>organic_search>display>paid_social>display>email,0,Prairies
1961,organic_search>display>paid_search>display>paid_search>direct,0,QC
1962,display>email,0,QC
1963,paid_search>organic_search,0,ON
1964,paid_search,0,Prairies
1965,organic_search>paid_search,0,ON
1966,paid_search>direct>paid_search,0,ON
1967,organic_search,0,AB
1968,organic_search>display>direct>paid_social>direct,0,QC
1969,affiliate>organic_search>display>display,0,BC
1970,organic_search>display,0,BC
1971,organic_search>display>paid_social>email,0,Atlantic
1972,direct>direct,0,AB
1973,paid_social>display>display>paid_social>organic_search>affiliate,0,Atlantic
1974,display>organic_search,0,AB
1975,display>paid_social>paid_search>affiliate>paid_search,0,AB
1976,display>organic_search>paid_social>paid_search,0,AB
1977,direct>direct,0,ON
1978,paid_social>organic_search>affiliate,0,QC
1979,paid_social>organic_search>paid_social>direct,0,Prairies
1980,organic_search>organic_search>display>email>direct>paid_search,0,BC
1981,affiliate>display>organic_search>paid_social>paid_social>organic_search,0,ON
1982,display>paid_social>direct,0,AB
1983,affiliate>display>display>display>paid_social>display>direct,0,QC
1984,organic_search>direct,0,Prairies
1985,organic_search>paid_social>display>email,0,ON
1986,display>direct,0,Prairies
1987,organic_search>display>paid_search>paid_social>email,1,Prairies
1988,paid_search>paid_social>display>direct,0,BC
1989,display>direct>organic_search>email,0,Prairies
1990,display>display>affiliate>paid_search>paid_social,0,ON
1991,display>paid_search>display>direct,0,AB
1992,direct>paid_search>paid_search>direct>direct>paid_social>paid_search,0,BC
1993,affiliate>paid_social>display>paid_social>paid_social>direct,0,BC
1994,paid_search>email>email,0,QC
1995,paid_search>organic_search>display>paid_search,0,QC
1996,display>paid_search>paid_social>email>display>paid_search,0,ON
1997,email,0,Prairies
1998,organic_search>paid_search,1,ON
1999,paid_social>organic_search>display>organic_search,0,AB
2000,display>organic_search>paid_search>paid_social>direct,0,QC
2001,display>display>email,0,ON
2002,display>organic_search>paid_search>direct,0,Prairies
2003,display>paid_search>display>display>paid_search,0,QC
2004,organic_search>paid_social>organic_search>paid_social,0,BC
2005,paid_social>paid_search>display>direct,0,Prairies
2006,direct>organic_search>organic_search>paid_search>paid_social>paid_social>paid_search,0,AB
2007,organic_search>direct>email>direct,0,Atlantic
2008,display>direct,0,ON
2009,paid_social>paid_social,0,QC
2010,affiliate>display>display>paid_social,0,QC
2011,organic_search>display>display>paid_social>email>organic_search>email,1,ON
2012,display>display>paid_social>affiliate,0,AB
2013,organic_search>direct>organic_search>display>affiliate>paid_search,0,QC
2014,paid_social>display>paid_search>display>paid_search,0,Prairies
2015,display>display>paid_search>paid_social>email,0,QC
2016,affiliate>paid_search>direct>organic_search>email,0,AB
2017,organic_search>paid_search,0,AB
2018,affiliate>organic_search>organic_search,0,ON
2019,affiliate>paid_social>organic_search>display,0,Prairies
2020,affiliate,0,Prairies
2021,paid_social>paid_social>direct,0,AB
2022,organic_search>paid_search>organic_search>display>paid_social,0,Atlantic
2023,paid_social>paid_social,0,QC
2024,paid_search,0,ON
2025,paid_social>organic_search>organic_search,1,Prairies
2026,direct,0,BC
2027,organic_search>affiliate>paid_social,0,Prairies
2028,paid_social>organic_search>paid_social>paid_search>paid_social>direct>display>affiliate,0,BC
2029,paid_social>paid_social>email,0,AB
2030,organic_search>paid_search>affiliate,0,Prairies
2031,paid_search>affiliate>paid_search,0,Atlantic
2032,organic_search>email>paid_search,0,Prairies
2033,paid_social>paid_search>direct,0,ON
2034,display>paid_social>organic_search>affiliate,0,Prairies
2035,paid_social>paid_search>display>paid_search,1,BC
2036,display>display>email,0,BC
2037,organic_search,1,Prairies
2038,paid_social>display>organic_search>display>paid_search,0,Atlantic
2039,organic_search>organic_search>affiliate>affiliate,0,Atlantic
2040,paid_social>display>direct,0,BC
2041,display>display>display>affiliate>paid_search>direct,0,AB
2042,paid_search>paid_social>paid_social>direct>paid_search>paid_search,0,Prairies
2043,display>paid_social>paid_social>paid_social,0,Atlantic
2044,paid_social>paid_search>direct,0,BC
2045,paid_social>display>display>affiliate,0,AB
2046,organic_search>display,0,Atlantic
2047,paid_social>display>organic_search>paid_social>paid_search>paid_social>affiliate>paid_search,0,AB
2048,organic_search>affiliate,0,QC
2049,direct,0,Prairies
2050,display>affiliate,0,Atlantic
2051,affiliate>paid_social>email>email>organic_search>display>paid_social,0,QC
2052,affiliate>paid_social>affiliate>direct,0,QC
2053,paid_search>display>organic_search>paid_social>paid_social>direct,1,Prairies
2054,display>display>paid_social,0,QC
2055,email>paid_search>direct,0,Prairies
2056,paid_social>paid_search>display>email,0,AB
2057,organic_search>paid_search>affiliate,1,AB
2058,organic_search>display>paid_search,0,ON
2059,organic_search>direct,0,ON
2060,organic_search>paid_social,0,Atlantic
2061,paid_social>email>display,0,BC
2062,organic_search>display>email>display>direct,0,ON
2063,organic_search>paid_search>display>display,0,ON
2064,paid_search>display>paid_search>email,0,QC
2065,organic_search>direct,0,AB
2066,display>organic_search>paid_search,0,Atlantic
2067,paid_social>paid_social>paid_social>paid_social,1,QC
2068,paid_social>display>direct>display>direct,0,ON
2069,organic_search>email>affiliate>direct>display,0,ON
2070,organic_search>direct,0,QC
2071,paid_social>paid_social,0,AB
2072,direct>affiliate,0,AB
2073,organic_search>direct>paid_social>affiliate,0,Prairies
2074,display>paid_social>email,0,ON
2075,paid_search,0,QC
2076,display>direct,0,QC
2077,affiliate>display>paid_search>paid_search>email,0,ON
2078,affiliate>organic_search>paid_search,1,BC
2079,direct>affiliate>paid_search,0,Atlantic
2080,paid_social>organic_search,0,Prairies
2081,paid_search>organic_search>organic_search,0,QC
2082,organic_search>display>paid_social,0,Atlantic
2083,display>direct,0,Atlantic
2084,display>direct,0,BC
2085,display>paid_search>display>paid_search>paid_social>paid_social>direct,0,QC
2086,display>paid_social>display>direct,1,QC
2087,organic_search>paid_search,0,BC
2088,affiliate>paid_social>affiliate>email,0,Atlantic
2089,display>paid_social>paid_social,0,Atlantic
2090,direct>paid_search>email,0,ON
2091,display>direct,0,Prairies
2092,direct>display>direct,0,BC
2093,display>affiliate>organic_search>display>paid_search,1,AB
2094,display>display>display,0,BC
2095,paid_social>affiliate,0,AB
2096,affiliate>paid_search,0,QC
2097,paid_social>email>display,0,AB
2098,paid_social>paid_search>organic_search>paid_search,0,Atlantic
2099,paid_social>paid_social>paid_search>organic_search,0,AB
2100,direct,0,AB
2101,organic_search>display>organic_search>paid_social,0,Atlantic
2102,display>affiliate>display>affiliate>email,0,QC
2103,paid_social>display>direct,0,QC
2104,organic_search>direct>display>display>paid_social,0,Prairies
2105,paid_search>direct>paid_search>display,0,BC
2106,organic_search>display>organic_search>display>paid_search,1,AB
2107,display>display>direct,0,Atlantic
2108,paid_social>paid_search>direct,0,Prairies
2109,paid_search>paid_search>display>organic_search,0,BC
2110,paid_social>affiliate,0,QC
2111,paid_search>organic_search>paid_search,0,ON
2112,direct>direct,0,QC
2113,paid_search>direct,1,BC
2114,affiliate>direct>display>paid_social>email,0,AB
2115,paid_social>paid_search>email,0,Atlantic
2116,email>paid_social>paid_social>organic_search,0,Atlantic
2117,paid_social>display>paid_social>affiliate,0,Prairies
2118,display>paid_search>direct,0,Atlantic
2119,display>paid_search>paid_social>affiliate,0,BC
2120,paid_social>affiliate>paid_search>direct>display>paid_search,0,QC
2121,organic_search>organic_search>display>display>display,0,AB
2122,organic_search>paid_social>paid_social>paid_social,0,ON
2123,paid_social>direct,0,BC
2124,display>email,0,Atlantic
2125,display>organic_search>organic_search>display>display>display>email,0,Prairies
2126,paid_search>direct,0,Atlantic
2127,organic_search>display>display>direct,0,Atlantic
2128,paid_social>paid_social>direct,0,BC
2129,affiliate,0,QC
2130,paid_social>paid_social>organic_search>organic_search>direct,0,AB
2131,paid_search>organic_search>paid_search>direct,0,BC
2132,affiliate>direct,0,BC
2133,email>paid_search>direct,0,BC
2134,organic_search,0,QC
2135,affiliate>paid_search>display,0,QC
2136,display>display>affiliate>affiliate,0,Prairies
2137,paid_social>paid_search>display>display>affiliate,0,Atlantic
2138,organic_search>display>display>affiliate>paid_social>paid_search,1,AB
2139,paid_social>display>organic_search,0,AB
2140,direct>organic_search>display>organic_search>organic_search>paid_search>paid_search,0,BC
2141,paid_social>paid_social>direct>paid_search>organic_search>email,1,AB
2142,email,1,Atlantic
2143,paid_search,1,AB
2144,paid_social>email,0,Atlantic
2145,paid_social>affiliate>direct,0,Prairies
2146,paid_search>paid_social>paid_social>display>paid_social>email,1,QC
2147,display>paid_search,0,Atlantic
2148,affiliate>organic_search>paid_social>display>paid_social,0,ON
2149,affiliate>paid_search>paid_social>organic_search,0,BC
2150,organic_search>organic_search>display>paid_social>organic_search,0,ON
2151,email,0,Atlantic
2152,display>affiliate>organic_search,0,QC
2153,paid_search>display>display>organic_search>display>organic_search>direct,1,Atlantic
2154,paid_search>paid_social>organic_search,0,BC
2155,display>organic_search>display>display>affiliate>organic_search>display>affiliate,0,Atlantic
2156,display>paid_search,0,Atlantic
2157,paid_social>paid_search,0,ON
2158,paid_social>affiliate,0,AB
2159,organic_search>paid_social>paid_search,0,Prairies
2160,paid_search>affiliate>affiliate,0,Atlantic
2161,direct,0,QC
2162,direct,0,Atlantic
2163,display>organic_search>display>direct,0,BC
2164,direct>paid_search>paid_search,0,Prairies
2165,organic_search>organic_search>display>organic_search,0,BC
2166,paid_search>email,0,QC
2167,paid_search>organic_search,0,Prairies
2168,display>organic_search>paid_social>email,0,Prairies
2169,direct,0,ON
2170,organic_search>organic_search>display>display>email,0,BC
2171,paid_social>paid_search>affiliate>paid_search>display>display>affiliate,0,Atlantic
2172,organic_search>email>organic_search,0,Prairies
2173,organic_search>paid_search>display>paid_search,0,AB
2174,display>display>paid_search>paid_search>display>display,0,AB
2175,affiliate>display>paid_social>paid_search,0,QC
2176,email>display>affiliate,1,QC
2177,affiliate,0,ON
2178,paid_search>paid_social>email,0,Atlantic
2179,paid_social>display>paid_social>paid_social>affiliate,0,ON
2180,direct>direct>affiliate,0,Atlantic
2181,paid_search,0,QC
2182,display>paid_social>display>direct,0,Atlantic
2183,paid_search>organic_search>direct>direct,0,AB
2184,paid_social>affiliate>paid_social>paid_search>organic_search>direct,0,QC
2185,display>affiliate>paid_search,0,Prairies
2186,paid_social>organic_search>paid_search,0,AB
2187,email>paid_social>organic_search,0,Prairies
2188,paid_social>organic_search>direct>affiliate,0,Atlantic
2189,paid_social>paid_social>paid_search,0,Atlantic
2190,paid_search>organic_search>organic_search>organic_search,0,AB
2191,paid_social>paid_social>display>email,0,Atlantic
2192,organic_search>paid_search>affiliate,0,BC
2193,organic_search,0,Prairies
2194,direct>paid_social>display>organic_search>organic_search>affiliate>paid_search,1,ON
2195,direct>direct,0,Atlantic
2196,organic_search>email,0,Atlantic
2197,organic_search>direct,0,ON
2198,organic_search>paid_social>direct>direct,1,QC
2199,paid_search>paid_social>display>email,0,Prairies
2200,paid_search>display>paid_social>display>display>organic_search,0,AB
2201,display>affiliate>paid_social>direct,0,AB
2202,organic_search>display>paid_social,0,BC
2203,organic_search>paid_social>affiliate,0,BC
2204,display>paid_social>direct,0,QC
2205,affiliate>direct>organic_search,0,QC
2206,paid_search>organic_search>paid_social>paid_social>affiliate,0,QC
2207,paid_social>organic_search>display>direct,0,Atlantic
2208,paid_social>paid_social>organic_search>display>affiliate,0,Prairies
2209,display>display>direct,0,Prairies
2210,display>paid_social>direct>paid_social>display,0,Prairies
2211,organic_search>display>paid_social>direct>affiliate,0,AB
2212,affiliate,0,Prairies
2213,paid_search>direct>paid_search>direct>paid_search>paid_social>direct,0,Prairies
2214,paid_social>organic_search>paid_social>organic_search>direct,0,QC
2215,display>paid_social>paid_social>paid_search>email,0,Prairies
2216,organic_search>direct,0,Prairies
2217,display>paid_social>direct,0,Atlantic
2218,affiliate>affiliate>paid_social>organic_search>organic_search>paid_search>display>email>direct,1,Atlantic
2219,display>paid_search,0,BC
2220,display>organic_search>paid_social>display>display>display>paid_search,0,AB
2221,display>affiliate>paid_social,0,ON
2222,email,0,AB
2223,organic_search>direct,0,QC
2224,display>paid_social>organic_search>email,0,Atlantic
2225,paid_social>display>paid_social>paid_social,0,BC
2226,paid_social>display>affiliate,1,QC
2227,display>paid_social>paid_search,0,QC
2228,direct>display>organic_search,0,ON
2229,organic_search>affiliate>email,0,Prairies
2230,organic_search>direct>affiliate>affiliate,0,QC
2231,direct>paid_search>affiliate,0,Prairies
2232,paid_social>display>direct,0,Atlantic
2233,display>organic_search>email>paid_search,0,Prairies
2234,paid_social>display>paid_social>paid_social>paid_social>paid_social>paid_search,1,BC
2235,organic_search>email>direct,0,AB
2236,organic_search>organic_search>direct,0,BC
2237,organic_search>direct,0,ON
2238,display>paid_search>affiliate>paid_search,0,AB
2239,paid_social>display>paid_social>display>display>email,0,BC
2240,paid_social>organic_search>organic_search,0,QC
2241,display>display>display>paid_search,0,BC
2242,organic_search>affiliate,1,BC
2243,display>paid_social>paid_social>affiliate>paid_search,0,Prairies
2244,organic_search>organic_search,0,Prairies
2245,display>affiliate,0,Prairies
2246,display>paid_social>organic_search>paid_social>paid_search,0,BC
2247,paid_social>paid_search>direct,0,QC
2248,affiliate>organic_search>direct,0,AB
2249,paid_search>paid_social>affiliate>paid_social>display>display>display,0,ON
2250,organic_search>paid_social>direct,0,Atlantic
2251,paid_social>display>organic_search>paid_search,1,AB
2252,paid_search>paid_search,0,Prairies
2253,display>paid_social>display>organic_search,0,BC
2254,paid_search>paid_social>paid_search>organic_search,0,ON
2255,display>paid_search>organic_search>display>direct>affiliate,1,QC
2256,paid_social>direct,0,BC
2257,display>organic_search>display>display>email,0,Prairies
2258,paid_social>paid_social>affiliate>direct,0,AB
2259,display>direct,0,Prairies
2260,paid_search>paid_search>email,0,Prairies
2261,email>paid_social>direct>paid_social>display>direct,0,AB
2262,display>affiliate,0,BC
2263,display>paid_social>display,0,BC
2264,paid_search>organic_search>affiliate,0,Prairies
2265,paid_social>display>paid_search>affiliate,0,Prairies
2266,affiliate>paid_social>paid_social>paid_search>display,1,AB
2267,paid_social>organic_search>paid_social>paid_social>paid_social>organic_search>direct>organic_search,0,Atlantic
2268,email>paid_social>paid_search>display>paid_social>affiliate,0,Atlantic
2269,display>display>paid_search>email>display>display>display>direct,1,Prairies
2270,display>paid_search,0,Prairies
2271,paid_social>paid_search,0,ON
2272,organic_search>paid_search>direct,0,BC
2273,paid_social>paid_social>paid_social>paid_social>paid_search,0,Prairies
2274,paid_social>organic_search>direct,0,BC
2275,affiliate>organic_search>paid_social>direct,0,ON
2276,paid_social>display>email,0,Atlantic
2277,paid_social>organic_search>display>display>email,0,ON
2278,display>paid_social>paid_social>email,0,AB
2279,paid_search>paid_search,0,QC
2280,display>direct,0,Atlantic
2281,paid_social>display>display>affiliate>email,1,QC
2282,paid_search>paid_social>organic_search>paid_search,0,ON
2283,paid_search>paid_social>direct,0,AB
2284,organic_search>display>affiliate>direct,0,ON
2285,affiliate>display>direct,0,BC
2286,affiliate>display>affiliate>paid_social>display,0,Atlantic
2287,direct>display>email,0,Prairies
2288,organic_search>organic_search>display>email,0,Prairies
2289,affiliate>display>display>email,0,BC
2290,display>organic_search>display>paid_search>paid_social>organic_search>paid_search>display>direct,0,Prairies
2291,paid_search>display>paid_social>paid_search,0,ON
2292,paid_social>paid_social>paid_search>direct,0,Atlantic
2293,paid_search>display>direct,0,Prairies
2294,direct>paid_social>direct,0,ON
2295,display>organic_search>paid_search,0,ON
2296,paid_social>organic_search>paid_social>email,0,AB
2297,direct,0,AB
2298,organic_search>email>display>email,1,ON
2299,paid_search>paid_search,0,QC
2300,paid_social>paid_search,0,Atlantic
2301,paid_social>organic_search>email>email,1,BC
2302,email>paid_search>affiliate>display>affiliate>paid_social>paid_search,1,ON
2303,display>display>email,0,BC
2304,paid_search,0,BC
2305,organic_search>display>display>paid_social>organic_search>paid_search>paid_social>organic_search,1,Prairies
2306,display>organic_search>email,0,BC
2307,affiliate>display>organic_search>affiliate,0,Atlantic
2308,organic_search>paid_social>organic_search>affiliate,0,Prairies
2309,affiliate>display>paid_social,0,QC
2310,paid_search>paid_search>affiliate>affiliate,0,QC
2311,paid_social>organic_search>organic_search>email,0,QC
2312,display>paid_social>paid_social>display>organic_search,0,BC
2313,organic_search>display>affiliate>display>display>direct,1,Prairies
2314,paid_search>organic_search>display>display,0,ON
2315,paid_social>display>paid_search>email>direct,0,ON
2316,affiliate>affiliate>paid_social,0,ON
2317,paid_social>paid_social>paid_social>paid_search>affiliate,0,ON
2318,organic_search>display>paid_social>affiliate,0,BC
2319,display>paid_social>display>display>direct>direct,0,BC
2320,display>direct,0,BC
2321,direct,0,QC
2322,organic_search>display>affiliate,0,Atlantic
2323,display>paid_social>direct,0,Atlantic
2324,direct,0,BC
2325,paid_search>organic_search>direct>display>paid_social>display>organic_search>direct,0,QC
2326,email>organic_search>paid_social>email,0,ON
2327,organic_search>direct,0,BC
2328,paid_search>display>email,0,Atlantic
2329,paid_social>email,0,Prairies
2330,paid_search>direct>organic_search>direct,0,Atlantic
2331,organic_search>organic_search>affiliate>direct,1,QC
2332,direct>paid_social>affiliate,0,AB
2333,direct>paid_social>organic_search>email,0,AB
2334,paid_social>paid_social>paid_social,0,ON
2335,paid_search>direct>paid_search>direct>paid_social>direct,0,Atlantic
2336,display>paid_search>display>paid_search>paid_search,1,ON
2337,organic_search>paid_search>paid_social>paid_search,0,ON
2338,paid_search>display,0,Prairies
2339,paid_search>organic_search>display>direct>direct,0,Prairies
2340,display>paid_search>affiliate,0,Atlantic
2341,paid_search>display>paid_social>paid_social>paid_social>direct,0,Prairies
2342,organic_search>organic_search>organic_search>display>paid_search,0,BC
2343,organic_search>paid_social>email,0,ON
2344,display>paid_social>paid_social>paid_social>paid_social>paid_search,0,ON
2345,display>paid_search>direct,0,QC
2346,paid_social>paid_social>paid_social>paid_social>email,0,ON
2347,display>display>paid_social,0,ON
2348,display>affiliate,0,ON
2349,organic_search>organic_search>display>direct,0,ON
2350,affiliate>organic_search>direct,0,AB
2351,display>paid_search>paid_search,0,ON
2352,paid_search>paid_search,0,BC
2353,paid_search>display>paid_social>paid_search>paid_search,0,AB
2354,paid_social>display>paid_social>organic_search,0,Atlantic
2355,display>paid_social,0,AB
2356,display>display>paid_social>direct,0,ON
2357,paid_social,0,Prairies
2358,direct>display>affiliate>organic_search,0,Prairies
2359,paid_search>display>direct,0,QC
2360,paid_social>display>affiliate>direct,0,QC
2361,paid_social>organic_search>paid_search>affiliate>organic_search,0,ON
2362,display>display>organic_search>email,0,QC
2363,paid_search>display>direct,0,ON
2364,paid_social>paid_social>paid_social>paid_social>direct,0,BC
2365,direct>affiliate>direct,0,AB
2366,affiliate,0,AB
2367,email>paid_social>email,0,QC
2368,email>display>organic_search>direct>affiliate,0,AB
2369,organic_search>email,0,BC
2370,display>affiliate,0,AB
2371,direct>display>paid_social>paid_social,0,Prairies
2372,affiliate>paid_search>email,1,BC
2373,paid_search>paid_search>affiliate,0,BC
2374,paid_social>direct,0,Atlantic
2375,paid_search>paid_social>paid_social>display>display>email>organic_search,0,AB
2376,display>display>affiliate,0,Atlantic
2377,display>display>direct,0,Atlantic
2378,organic_search>paid_search>display>organic_search>display>paid_social>affiliate,0,Atlantic
2379,display>paid_search>paid_social>email,1,AB
2380,paid_social>paid_social>display>organic_search>affiliate,0,AB
2381,organic_search>display>paid_social>paid_social>display>direct,0,BC
2382,organic_search>paid_social>display>paid_search>email,0,Atlantic
2383,paid_search>email,0,BC
2384,organic_search>direct,0,Prairies
2385,organic_search>paid_social>display>paid_social>paid_social>email,0,Atlantic
2386,affiliate,0,BC
2387,display>paid_search,0,Atlantic
2388,paid_search>paid_search,0,Prairies
2389,paid_social>email>organic_search>organic_search>display>direct,0,QC
2390,paid_search>paid_social>paid_search,0,Prairies
2391,display>display>email>affiliate>direct,1,AB
2392,display>display>paid_social>paid_social>display>display>paid_social>direct,0,Prairies
2393,paid_search,0,BC
2394,paid_search>paid_search,1,QC
2395,direct>paid_search,0,Prairies
2396,paid_search>display>display>direct,0,QC
2397,affiliate>display>direct,0,Atlantic
2398,display>paid_social>affiliate,0,QC
2399,affiliate>paid_social>direct,0,Atlantic
2400,paid_social>direct,0,ON
2401,email,0,Prairies
2402,paid_search>email>paid_search>paid_social>organic_search,0,AB
2403,paid_search>paid_social>organic_search>email,0,Prairies
2404,paid_search>display>paid_search>affiliate,1,Prairies
2405,email,0,ON
2406,organic_search>paid_search>organic_search>organic_search>paid_search,0,AB
2407,direct>display,0,QC
2408,display>paid_search,1,Prairies
2409,paid_social>paid_social,0,AB
2410,direct,0,AB
2411,email>direct,0,ON
2412,paid_social>affiliate>paid_social,0,QC
2413,display>direct>paid_search>paid_search>display>direct,0,Prairies
2414,paid_search>paid_social>direct,0,BC
2415,display>organic_search>paid_social>paid_search>organic_search,0,Prairies
2416,display>display>direct,0,AB
2417,paid_social>paid_search>email,0,BC
2418,display>paid_social>paid_social>organic_search,0,Atlantic
2419,paid_social>affiliate,0,AB
2420,paid_search>paid_social>paid_social>display>organic_search,0,AB
2421,paid_search>display>paid_search>paid_social,0,BC
2422,organic_search>organic_search>paid_search,0,BC
2423,organic_search>affiliate>paid_search>paid_search,0,ON
2424,affiliate>email,0,AB
2425,paid_search>organic_search>display>paid_social,0,Atlantic
2426,paid_social>display>paid_search>affiliate,0,Prairies
2427,display>display>paid_search,0,ON
2428,paid_social>display>paid_social,0,Prairies
2429,paid_social>email,0,ON
2430,display>paid_social>display>direct,0,ON
2431,affiliate>paid_social>paid_search>paid_search>email,0,BC
2432,display>paid_search>direct,0,Prairies
2433,organic_search>display>direct,0,QC
2434,affiliate>paid_social>organic_search>organic_search,0,BC
2435,paid_search>email,0,ON
2436,organic_search>paid_search>paid_search,0,QC
2437,display>paid_search>email,0,AB
2438,paid_search,0,AB
2439,display>affiliate>display>direct,0,QC
2440,paid_social>display>organic_search>display>display>paid_search,1,AB
2441,paid_social>paid_social>organic_search,0,QC
2442,display>paid_search>paid_social>direct>organic_search>affiliate,0,Atlantic
2443,organic_search>display>organic_search>organic_search>direct,0,BC
2444,affiliate>display>display>affiliate,0,AB
2445,paid_social>display>paid_social>paid_search>paid_social,0,BC
2446,organic_search>email,0,Prairies
2447,organic_search>paid_social>display>affiliate>affiliate>paid_search,0,BC
2448,affiliate>paid_search>direct>display>direct,0,AB
2449,display>display>direct>paid_social>organic_search,0,ON
2450,organic_search>direct,0,ON
2451,organic_search>paid_social>paid_social>paid_search>paid_search>paid_search>paid_social,0,AB
2452,paid_search>affiliate>paid_search>paid_search>organic_search>affiliate,1,BC
2453,organic_search>display>direct>organic_search>display>affiliate,0,Prairies
2454,direct,0,AB
2455,paid_social>display>paid_search,0,QC
2456,paid_social>organic_search>display>paid_social>direct,1,Prairies
2457,display>display>display>display>paid_social>display,0,QC
2458,paid_search>paid_search>paid_social>paid_social>display>organic_search,0,Atlantic
2459,organic_search>organic_search>direct>organic_search>paid_social>email,0,ON
2460,direct>paid_social>affiliate>direct,0,AB
2461,affiliate>direct>organic_search>affiliate,0,AB
2462,affiliate>affiliate>organic_search,0,Atlantic
2463,display>email,1,Prairies
2464,display>direct,0,Prairies
2465,organic_search>organic_search>organic_search>paid_search,0,Prairies
2466,display>display>direct>direct,0,QC
2467,paid_search>paid_search>display>display,0,BC
2468,display>paid_search,0,QC
2469,direct>paid_social,0,QC
2470,paid_search>organic_search>paid_search>paid_social>paid_search,0,Atlantic
2471,display>organic_search>email,0,AB
2472,organic_search>display>paid_search,0,Atlantic
2473,display>organic_search,0,AB
2474,display>paid_social>organic_search>display>display>direct,0,ON
2475,organic_search>paid_social>paid_social>organic_search,0,QC
2476,display>paid_social>paid_search>paid_search>direct,0,AB
2477,display>affiliate,0,Prairies
2478,display>affiliate>organic_search>paid_social>display>paid_search,0,ON
2479,display>affiliate,0,Prairies
2480,organic_search>organic_search>display,0,Atlantic
2481,affiliate>display>direct,0,ON
2482,display>paid_search,1,ON
2483,direct>display>paid_social>direct>paid_social>direct,0,Prairies
2484,paid_search>display>affiliate,0,ON
2485,affiliate>paid_social>display>affiliate,0,QC
2486,affiliate>paid_social>organic_search>paid_social>paid_social>display>paid_search,0,BC
2487,display>display>paid_social>affiliate>direct,0,QC
2488,paid_social>direct>display>direct,0,Prairies
2489,paid_social>paid_social>paid_search,0,Atlantic
2490,affiliate>paid_social>email,0,AB
2491,paid_search>direct,0,BC
2492,email>organic_search>paid_social>display,0,QC
2493,organic_search>affiliate,1,QC
2494,paid_search>email,0,ON
2495,direct,0,QC
2496,direct>display>direct,0,BC
2497,direct,0,AB
2498,paid_search>display,0,QC
2499,paid_search>paid_social>affiliate,1,Atlantic
2500,display>organic_search>display>direct,0,AB
2501,paid_search>affiliate>paid_social>paid_social>email,0,Prairies
2502,display>paid_social>paid_search,0,Atlantic
2503,organic_search>paid_social>affiliate,1,Prairies
2504,paid_social>paid_social>paid_social>paid_search,0,AB
2505,paid_social>organic_search,0,QC
2506,paid_social>paid_social>paid_search,0,ON
2507,display>direct,0,AB
2508,paid_social>affiliate>direct>affiliate>direct,0,QC
2509,paid_search>paid_search,0,BC
2510,paid_social,0,Atlantic
2511,display>paid_social>display>paid_search,0,ON
2512,display>organic_search>paid_social,0,BC
2513,affiliate,0,Prairies
2514,email>display,0,Atlantic
2515,display>paid_search>organic_search>direct,0,AB
2516,display>paid_social>display>email,0,BC
2517,paid_social,0,ON
2518,organic_search>display>display>direct,0,Atlantic
2519,display>direct>direct,0,Prairies
2520,paid_social>paid_search,1,QC
2521,display>organic_search>display>direct,0,Prairies
2522,paid_search>display>paid_search>paid_social>paid_search,1,AB
2523,paid_social>email>paid_search>paid_search>direct,0,ON
2524,display>organic_search>email,0,BC
2525,paid_social>organic_search>paid_search>direct,0,QC
2526,organic_search>display>direct,1,Prairies
2527,paid_search>display>affiliate,0,AB
2528,display>paid_search>organic_search>paid_search>paid_search,0,ON
2529,paid_social>direct,0,ON
2530,paid_social>paid_search,0,Atlantic
2531,paid_social>paid_search,0,Prairies
2532,affiliate>paid_social,0,ON
2533,display>display>direct>paid_search,0,ON
2534,organic_search>affiliate>display>paid_social>paid_search,0,QC
2535,organic_search>affiliate>paid_social>paid_social,0,Atlantic
2536,paid_search>display>paid_search,0,Prairies
2537,affiliate>display>display>direct,0,ON
2538,paid_search>display>paid_search,0,Prairies
2539,paid_social>paid_social>organic_search>display>paid_social>affiliate,1,Atlantic
2540,direct,0,QC
2541,display>display>organic_search>affiliate,0,AB
2542,organic_search>paid_search>paid_search>direct>affiliate,1,Prairies
2543,display>display>paid_social>display>paid_social>email>paid_search,0,QC
2544,display>paid_social>paid_search>organic_search>paid_search,1,BC
2545,paid_social>paid_social>organic_search>display>display,0,ON
2546,organic_search>affiliate>affiliate,0,QC
2547,display>direct,0,AB
2548,organic_search>paid_social>paid_social,0,QC
2549,affiliate>direct,0,ON
2550,display>display>display,0,ON
2551,display>email>paid_search>organic_search,0,BC
2552,affiliate>affiliate,0,ON
2553,display>display>display>email,0,AB
2554,display>display>display>email,0,Prairies
2555,paid_search>email,0,BC
2556,organic_search>display>paid_social>direct,0,AB
2557,display>display>email,0,AB
2558,paid_search>paid_search,1,BC
2559,paid_social>organic_search>paid_social>paid_search>email,0,ON
2560,email>paid_social>paid_search>organic_search,0,AB
2561,paid_social>display,0,Atlantic
2562,affiliate>organic_search>direct,1,AB
2563,direct>display>paid_social>direct,0,ON
2564,paid_social>display>affiliate>display>email,0,AB
2565,paid_search,0,Prairies
2566,paid_social>display>paid_social>organic_search>direct,1,Atlantic
2567,email>organic_search>paid_search>organic_search>direct,0,QC
2568,display>display>paid_social>paid_search>email,1,ON
2569,paid_search>organic_search>paid_search>paid_search,0,BC
2570,direct>display>paid_search,0,QC
2571,display>organic_search,0,ON
2572,paid_social>organic_search>affiliate,0,AB
2573,paid_search>paid_search,1,Atlantic
2574,organic_search>affiliate>paid_search>organic_search>direct,0,ON
2575,display>display>display>paid_search,0,Prairies
2576,display>paid_search,0,QC
2577,paid_search>paid_search,0,Prairies
2578,organic_search,0,BC
2579,organic_search>affiliate>display>paid_search>display>affiliate>email,0,Prairies
2580,display>paid_search,0,BC
2581,display>paid_search>display>display>affiliate>paid_search,0,Prairies
2582,display>organic_search>affiliate>paid_social>display>direct,0,BC
2583,display>display>paid_social,0,Prairies
2584,display>paid_search>affiliate>display>paid_social,0,QC
2585,paid_search>paid_search>direct,0,Atlantic
2586,paid_social>paid_social>paid_social>paid_social,0,ON
2587,paid_social>display>display>paid_search>paid_social>organic_search>paid_search,0,QC
2588,direct,0,AB
2589,display>paid_social>display>display>direct,0,BC
2590,paid_social>direct>paid_social>affiliate,0,QC
2591,paid_social>paid_search>affiliate,0,QC
2592,display>paid_social>affiliate,0,Prairies
2593,paid_social>paid_social>display>paid_social>paid_social>direct,0,Prairies
2594,organic_search>display>direct,0,AB
2595,affiliate>display>paid_social>paid_social>affiliate,0,QC
2596,display>organic_search>paid_search>display,0,Prairies
2597,paid_social>paid_search>display>affiliate>paid_social>display>paid_search,1,ON
2598,paid_social>paid_search,0,BC
2599,display>paid_social>paid_search,0,Prairies
2600,organic_search,0,QC
2601,display>organic_search,0,AB
2602,display>organic_search>display>organic_search,0,BC
2603,display>paid_social,0,Prairies
2604,paid_search>paid_search>affiliate>direct,0,Atlantic
2605,paid_social,0,BC
2606,display>organic_search,0,Atlantic
2607,display>paid_social,0,Atlantic
2608,paid_social>organic_search>paid_social>display>paid_social,0,AB
2609,paid_search,0,Atlantic
2610,paid_social>paid_social>display>affiliate,0,Prairies
2611,paid_search>display>paid_search,0,QC
2612,display>organic_search>paid_search,0,Atlantic
2613,email,0,Atlantic
2614,organic_search>paid_search>organic_search>affiliate,0,BC
2615,affiliate>display>email,0,Prairies
2616,paid_social>direct>display>display>paid_search,0,ON
2617,display>email>display>organic_search,0,AB
2618,email>display>affiliate,0,ON
2619,display>organic_search>paid_social>affiliate,0,QC
2620,paid_search>display>direct,0,ON
2621,organic_search>direct,0,Atlantic
2622,display>organic_search>paid_social,0,Atlantic
2623,display>paid_social>affiliate,0,Prairies
2624,paid_social>paid_social>display>organic_search>direct,0,QC
2625,paid_social>paid_search>affiliate>paid_search,0,Prairies
2626,affiliate>display>organic_search>paid_search>paid_social,0,Atlantic
2627,display>display>paid_social>paid_search,0,Prairies
2628,direct>paid_social>paid_search,0,ON
2629,direct>paid_social>paid_social>direct,0,BC
2630,direct>paid_social>display,0,Atlantic
2631,paid_social,0,BC
2632,display>direct>organic_search>organic_search,0,Atlantic
2633,paid_social>paid_social>organic_search>paid_social>affiliate>paid_social>paid_social>organic_search>direct>direct,0,Prairies
2634,paid_social>direct>email>organic_search>paid_search,1,ON
2635,display>organic_search>affiliate>direct>organic_search,0,Atlantic
2636,paid_search>display>affiliate>paid_search>organic_search>paid_social>display>organic_search>direct,0,Prairies
2637,display>email,0,AB
2638,paid_search>display>affiliate,0,BC
2639,paid_social>display>paid_social>email,0,BC
2640,paid_search>display>paid_social>email,0,Prairies
2641,display>email,0,BC
2642,display>organic_search>organic_search>display>paid_search,0,BC
2643,paid_social>display>paid_search>paid_search,0,AB
2644,paid_social>organic_search>direct,0,QC
2645,direct>display>display>paid_search,0,BC
2646,paid_social>organic_search,0,Atlantic
2647,paid_search>affiliate>paid_social>paid_search>email,0,QC
2648,email>affiliate>display>affiliate>paid_search>affiliate>paid_search>direct,1,BC
2649,organic_search>organic_search>display>paid_social>email,0,ON
2650,organic_search>display>organic_search,0,QC
2651,paid_search,1,Atlantic
2652,organic_search>paid_social>paid_social,0,Prairies
2653,paid_social>affiliate>display>paid_search,0,AB
2654,affiliate>display>display>affiliate,1,QC
2655,display>organic_search>paid_social>paid_social>affiliate,0,QC
2656,organic_search>email,0,Atlantic
2657,paid_social>email>paid_social,0,QC
2658,paid_social>display>paid_search,0,BC
2659,organic_search>display>paid_social>organic_search,0,AB
2660,paid_search,0,QC
2661,display>paid_search>paid_social,0,AB
2662,display>direct>email>direct,0,Prairies
2663,organic_search>paid_social>email,0,AB
2664,display>paid_social>display>display>paid_search,0,Prairies
2665,display>organic_search>direct,0,QC
2666,paid_social>organic_search>direct,0,AB
2667,email>paid_search,0,Atlantic
2668,paid_social>paid_search>direct,0,BC
2669,paid_search>organic_search>affiliate>paid_social>email,0,Atlantic
2670,paid_social>affiliate,0,ON
2671,paid_social>organic_search>organic_search,0,BC
2672,affiliate>display>display>email>display>paid_search,0,QC
2673,display>display>display>direct,0,AB
2674,paid_search>direct,0,QC
2675,paid_social>display>display>paid_social>organic_search>direct,0,Atlantic
2676,organic_search>paid_social>affiliate,0,Prairies
2677,display>paid_social>paid_social>organic_search>email,0,Prairies
2678,direct>email,0,BC
2679,paid_social>affiliate>display>organic_search>email,0,BC
2680,paid_social>display>display>direct>organic_search>affiliate,0,ON
2681,affiliate>display>paid_social>paid_social>email>direct,0,Atlantic
2682,organic_search>paid_social>direct,0,AB
2683,display>paid_social>paid_search>paid_social>paid_search,0,Prairies
2684,paid_social>organic_search>paid_social>paid_social>email,1,Prairies
2685,paid_search>display>paid_social>email,0,ON
2686,affiliate>email>organic_search>direct,0,Prairies
2687,paid_social,0,Atlantic
2688,paid_search>paid_search>paid_search,0,Prairies
2689,display>paid_search,1,Atlantic
2690,display>affiliate>paid_social>paid_social,0,Atlantic
2691,affiliate>direct,0,ON
2692,email>paid_search,0,Prairies
2693,paid_social>organic_search>display>organic_search>organic_search>paid_search,1,BC
2694,paid_social>direct,0,BC
2695,display>display>paid_search>email,0,BC
2696,organic_search>paid_search>paid_search>paid_search,0,AB
2697,organic_search>paid_social>direct>paid_social>paid_social>paid_social>paid_search,1,Atlantic
2698,paid_social>display>email,0,Prairies
2699,affiliate,0,BC
2700,display>organic_search>paid_social>organic_search,0,ON
2701,paid_social>display>email,0,BC
2702,display>display>organic_search>organic_search>display>organic_search>affiliate,0,ON
2703,display>paid_search>direct,0,AB
2704,direct,0,BC
2705,paid_social>organic_search>paid_social>paid_social>paid_social>paid_search>paid_social,0,QC
2706,display>display>paid_search>paid_social>paid_search,0,Prairies
2707,display>organic_search>organic_search,1,ON
2708,paid_social>display>paid_social,0,AB
2709,display>paid_search>paid_search,0,BC
2710,organic_search>display>organic_search>paid_search,1,BC
2711,paid_search>display>affiliate,0,QC
2712,organic_search>paid_social,0,ON
2713,paid_social>display>organic_search>paid_social>email,0,AB
2714,paid_search>paid_search>email>paid_search>affiliate,0,Atlantic
2715,display>direct,0,Prairies
2716,direct,0,ON
2717,paid_search,0,BC
2718,display>organic_search>direct>paid_social>display>display>direct,0,AB
2719,affiliate>paid_social>display>paid_search>affiliate,1,Atlantic
2720,display>display>paid_search>organic_search>paid_social>display>direct,0,AB
2721,paid_social>display>direct,0,ON
2722,organic_search>organic_search>paid_social>organic_search,1,ON
2723,paid_search>direct,0,Atlantic
2724,paid_social>affiliate>paid_search,0,QC
2725,paid_search>paid_search,0,AB
2726,paid_search>display>email>display>paid_social>paid_search>organic_search>email,0,Atlantic
2727,paid_search>display>paid_search>paid_social>direct,0,AB
2728,display>display>email>organic_search>paid_search,0,AB
2729,paid_social>paid_social>paid_search>display,0,ON
2730,display>email,0,ON
2731,display>paid_social>paid_search,0,Atlantic
2732,organic_search>direct,1,Prairies
2733,paid_search>organic_search>display>email,0,AB
2734,display>organic_search>paid_social>organic_search>paid_search>organic_search>direct,0,AB
2735,organic_search>display>paid_search,0,QC
2736,paid_search>direct>paid_search>display>paid_social>direct,0,AB
2737,paid_search,0,BC
2738,paid_social>display>organic_search>affiliate>paid_social,0,AB
2739,organic_search>organic_search>paid_search,0,BC
2740,paid_social>paid_social>paid_social>display>direct,0,QC
2741,email,0,AB
2742,organic_search>direct>organic_search,0,ON
2743,display>affiliate,0,QC
2744,email,0,QC
2745,organic_search>email,0,Prairies
2746,direct,0,QC
2747,paid_social>display>direct>paid_social>display>direct,0,BC
2748,display>paid_social>display>paid_search>paid_search>paid_social,0,BC
2749,display>direct>affiliate>organic_search>email,1,Atlantic
2750,display>direct>direct,0,Prairies
2751,paid_search,0,Atlantic
2752,paid_search>display>organic_search>direct,0,BC
2753,paid_social>paid_social>display>display>direct,0,Atlantic
2754,organic_search>email,0,Prairies
2755,paid_search>email,0,Prairies
2756,display>direct,0,BC
2757,organic_search>direct,0,ON
2758,organic_search>display>paid_search,0,QC
2759,display>direct,0,BC
2760,paid_social>paid_social>affiliate,0,QC
2761,paid_social>display>display>paid_social,0,Atlantic
2762,display>paid_search>organic_search>display,0,ON
2763,paid_social>direct>direct>email,0,Atlantic
2764,display>display>affiliate,0,BC
2765,paid_social>display>display>direct>affiliate,0,BC
2766,paid_search,1,Prairies
2767,organic_search>direct,0,AB
2768,paid_social>direct>paid_search>display>direct,0,Prairies
2769,organic_search>paid_social>display,0,AB
2770,display>organic_search>paid_social>email,0,BC
2771,display>paid_search>paid_social>direct,0,Atlantic
2772,display>organic_search>display>paid_search,0,BC
2773,display>paid_social>affiliate>direct,0,QC
2774,organic_search>display>direct,0,AB
2775,display>paid_search>affiliate,0,AB
2776,display>organic_search>paid_search,0,ON
2777,affiliate>display>direct>display,0,BC
2778,organic_search>paid_search,0,BC
2779,affiliate>organic_search>display>display>display>direct,0,Prairies
2780,paid_social>display>affiliate>direct,0,QC
2781,display>affiliate>direct,0,Atlantic
2782,organic_search>paid_search>paid_social>direct,1,Prairies
2783,display>email,0,QC
2784,display>organic_search>affiliate,0,BC
2785,display>organic_search>email>display>paid_social>direct>paid_search,0,QC
2786,organic_search>organic_search,0,AB
2787,display>display>affiliate,0,ON
2788,display>paid_social>display>affiliate>email,0,Atlantic
2789,organic_search>email>direct,0,ON
2790,display>display>organic_search>affiliate,0,Atlantic
2791,direct>organic_search>affiliate>organic_search,0,BC
2792,display>organic_search>email,0,ON
2793,organic_search>direct>organic_search>email,0,QC
2794,paid_search>direct>organic_search>display>paid_social>direct>display>paid_search,0,Atlantic
2795,display>display>organic_search>email,0,ON
2796,display>paid_social>paid_search>affiliate>display>paid_social>direct,0,ON
2797,organic_search>display>display>direct,0,AB
2798,organic_search>organic_search>display>display>display>direct,0,QC
2799,paid_social>paid_search>organic_search,1,Atlantic
2800,paid_social>paid_social>paid_social>paid_search>direct,0,AB
2801,paid_search>display>email,0,BC
2802,paid_search>paid_search>direct,0,ON
2803,paid_social>paid_search>organic_search,0,BC
2804,display>organic_search>direct,0,BC
2805,paid_search>paid_social>organic_search,0,Prairies
2806,organic_search>affiliate>paid_social>paid_social>paid_search>display>direct,0,ON
2807,paid_social>email>affiliate,0,AB
2808,affiliate>paid_search>affiliate>paid_search>paid_search,0,ON
2809,paid_social>paid_social>paid_social>paid_search,0,BC
2810,organic_search>affiliate,0,ON
2811,direct>organic_search,0,Prairies
2812,paid_social>direct,0,QC
2813,display>paid_social,0,QC
2814,paid_social>display>paid_social>paid_search>display,0,BC
2815,direct>organic_search>display>affiliate,0,Atlantic
2816,organic_search>display>organic_search,0,Prairies
2817,paid_social>direct>affiliate,0,QC
2818,paid_search>email,0,QC
2819,display>organic_search>email,0,Prairies
2820,affiliate>direct>display>affiliate>display>direct,1,Atlantic
2821,email>paid_search>affiliate,0,QC
2822,organic_search>paid_social>display>email,0,ON
2823,display>paid_social>direct,1,Prairies
2824,paid_search>organic_search>paid_search>paid_social,0,ON
2825,display>direct,0,BC
2826,paid_social>paid_search>affiliate,0,AB
2827,paid_social>email,0,Prairies
2828,paid_social>organic_search>paid_social>paid_social>display>paid_search>email,0,Prairies
2829,paid_social>display>organic_search>paid_social>display>email,0,Prairies
2830,paid_social>display>paid_social>display>paid_social>organic_search,0,BC
2831,organic_search,0,AB
2832,display>display>paid_search>paid_search,0,AB
2833,direct>paid_social>paid_search>paid_search,1,ON
2834,affiliate>organic_search>email,0,ON
2835,paid_search>paid_social>direct,0,BC
2836,paid_social>organic_search>paid_social>paid_search,0,QC
2837,display>paid_social>email,0,QC
2838,display>display>paid_social>email,1,BC
2839,paid_search>paid_social>paid_search,0,Prairies
2840,display>organic_search>display>organic_search>direct,0,QC
2841,affiliate>paid_search>display>affiliate,0,Atlantic
2842,affiliate>display>affiliate>affiliate,0,QC
2843,display>direct>organic_search>paid_search,0,QC
2844,display>display>email>affiliate>email>organic_search>direct,0,ON
2845,display>display>display>direct,0,QC
2846,paid_social>organic_search>direct,0,Prairies
2847,paid_social>organic_search>paid_search,0,AB
2848,paid_social>paid_search>organic_search,0,BC
2849,organic_search>paid_social>organic_search>direct,0,QC
2850,organic_search>paid_social>organic_search>affiliate,0,BC
2851,display>display>direct,0,BC
2852,paid_search,0,AB
2853,paid_social>email>affiliate>direct,0,QC
2854,paid_search,0,Atlantic
2855,organic_search>organic_search>paid_search>display>paid_search>paid_search,0,ON
2856,affiliate>paid_social>paid_social,0,Prairies
2857,paid_search,0,BC
2858,organic_search>affiliate>paid_search>display>organic_search>paid_search,0,Prairies
2859,email>paid_social>paid_search>affiliate,0,QC
2860,paid_search>display>paid_social>display>direct,0,BC
2861,paid_search>display>affiliate,0,ON
2862,organic_search>display>paid_social>direct>paid_social>email,0,AB
2863,organic_search>affiliate,0,Prairies
2864,paid_search>direct,0,Atlantic
2865,organic_search>organic_search>paid_social,0,AB
2866,organic_search>affiliate>paid_social,0,Atlantic
2867,display>affiliate>paid_search,0,BC
2868,paid_social>email,0,ON
2869,paid_social>email,0,AB
2870,direct>direct>direct>affiliate,0,QC
2871,organic_search>display>email>affiliate>affiliate>organic_search,0,Prairies
2872,display>paid_social>paid_search,0,ON
2873,email>direct>display>organic_search>display>direct,1,ON
2874,affiliate>paid_social>paid_search>display>email,0,Prairies
2875,display>paid_search>display>affiliate,0,AB
2876,organic_search>organic_search>paid_social>paid_search,0,Prairies
2877,paid_social>display>direct,0,Atlantic
2878,direct,0,Atlantic
2879,organic_search>affiliate>paid_social>direct,1,ON
2880,display>direct>organic_search>paid_social,0,QC
2881,paid_social>paid_social>direct,0,ON
2882,organic_search>organic_search>display>paid_social>affiliate,0,AB
2883,email>paid_social>display>paid_social>organic_search,1,AB
2884,display>paid_social>direct,0,ON
2885,paid_search>direct>paid_social>display>paid_search>paid_social>display>organic_search,0,QC
2886,organic_search>affiliate>direct,0,AB
2887,paid_social>display>affiliate,0,QC
2888,paid_search>display>direct,0,ON
2889,paid_search,0,Prairies
2890,paid_social>affiliate,0,BC
2891,paid_social>paid_social>paid_search>organic_search>display>organic_search,0,Atlantic
2892,paid_search,0,Atlantic
2893,paid_search>display>paid_search,0,Prairies
2894,display>paid_search,0,ON
2895,paid_search>organic_search>email>email,1,ON
2896,paid_social>paid_search>direct,0,BC
2897,direct>display>organic_search,0,Atlantic
2898,paid_social>paid_social>direct>paid_search>paid_social>email,0,QC
2899,paid_social>display>email,0,Prairies
2900,paid_search>paid_search>organic_search>email,0,Atlantic
2901,paid_social>organic_search>email>direct,0,BC
2902,paid_social>email>affiliate>display>display>paid_social,0,ON
2903,display>paid_search>paid_social>display>paid_social>affiliate>email,0,Prairies
2904,direct>display>paid_social>organic_search>paid_search,1,QC
2905,organic_search>organic_search>paid_social>paid_search>email,0,ON
2906,paid_social>email,0,AB
2907,direct>affiliate>paid_search,0,BC
2908,direct>email,0,Prairies
2909,organic_search>direct,0,Atlantic
2910,display>paid_search>display>direct,0,AB
2911,display>organic_search>paid_search,1,Atlantic
2912,paid_search>display>display>paid_search,0,AB
2913,affiliate>organic_search>paid_search>organic_search,0,ON
2914,paid_social>organic_search>organic_search>paid_search>display>direct>organic_search,0,BC
2915,direct>email>direct,0,QC
2916,affiliate>paid_social>direct,0,Atlantic
2917,paid_social>paid_social>paid_search,0,Atlantic
2918,display>display>email,0,QC
2919,email>paid_search,0,BC
2920,paid_social>display>direct>direct,0,ON
2921,paid_social>paid_search>affiliate,0,Atlantic
2922,paid_social>display>paid_social>paid_search>paid_search>direct,0,BC
2923,paid_social>organic_search>display>paid_social>organic_search,0,QC
2924,paid_social>affiliate>paid_social>organic_search>email,0,BC
2925,affiliate>display>affiliate,0,ON
2926,paid_social>direct>organic_search>display>display,0,Atlantic
2927,display>paid_search>paid_social>paid_social>paid_social>organic_search,0,BC
2928,affiliate,0,AB
2929,affiliate>paid_social,0,Prairies
2930,organic_search>display>affiliate>email,0,ON
2931,paid_search,0,BC
2932,organic_search>organic_search>organic_search>paid_social>affiliate,0,BC
2933,paid_search>direct,0,Atlantic
2934,affiliate>display>organic_search>email,1,Atlantic
2935,direct>email,0,ON
2936,affiliate>direct>affiliate,0,AB
2937,paid_search>paid_social>affiliate,0,QC
2938,affiliate>affiliate>direct>affiliate>paid_search,0,BC
2939,paid_search>paid_social>display>display>email,0,BC
2940,display>email,0,QC
2941,paid_social>paid_social,1,BC
2942,paid_social>organic_search>affiliate,0,AB
2943,organic_search>paid_search>paid_social>display>email,0,QC
2944,paid_social>direct>direct,0,Prairies
2945,display>direct>email,0,Prairies
2946,display>paid_search>direct,0,Atlantic
2947,affiliate>paid_social>email,0,ON
2948,paid_search>paid_social>display,0,Prairies
2949,display>paid_search>affiliate,0,QC
2950,display>direct,0,BC
2951,affiliate,0,Prairies
2952,organic_search>display>direct,0,ON
2953,organic_search>display>paid_search>organic_search,0,Atlantic
2954,display>paid_social>paid_search>email,0,BC
2955,organic_search>display,0,ON
2956,organic_search>organic_search>organic_search>paid_social>display>paid_search>display,0,AB
2957,paid_search>paid_search>display>display>display,0,ON
2958,paid_social>paid_search>paid_search>display>email,0,Prairies
2959,display>affiliate>organic_search>direct,0,AB
2960,display>direct>paid_search>affiliate>organic_search>paid_search,1,BC
2961,display>paid_social>direct,0,QC
2962,paid_search>email,0,ON
2963,display>paid_search>organic_search>paid_search>email,0,AB
2964,affiliate>paid_social>paid_social>direct,0,AB
2965,affiliate>paid_social>paid_social>display>organic_search>paid_search,0,Atlantic
2966,display>paid_search>email>email,0,QC
2967,display>paid_social>direct,0,QC
2968,affiliate>paid_search>affiliate>paid_search>direct,0,QC
2969,direct,0,AB
2970,paid_social>paid_social>paid_social>paid_social,1,ON
2971,organic_search>paid_social>affiliate>display>paid_search,0,ON
2972,display>direct,1,AB
2973,paid_search>paid_social>affiliate>organic_search,0,BC
2974,paid_search>organic_search,0,ON
2975,paid_search>paid_social>paid_social>paid_social>organic_search,0,QC
2976,paid_social>organic_search,0,QC
2977,display>paid_social>paid_social>email,0,Prairies
2978,display,0,Atlantic
2979,organic_search>affiliate>organic_search,1,QC
2980,paid_social>organic_search>display>display>paid_social>email,0,ON
2981,organic_search>direct>paid_search>paid_social>paid_social,0,QC
2982,affiliate>display>display>paid_social>email,1,ON
2983,organic_search,0,Prairies
2984,organic_search>display>paid_search>affiliate,0,ON
2985,organic_search,0,ON
2986,organic_search>paid_search>paid_search,0,ON
2987,paid_social>direct,0,AB
2988,organic_search>organic_search>organic_search>display>paid_search>paid_search>direct,0,AB
2989,display>affiliate,0,AB
2990,organic_search>paid_social>display>direct,1,AB
2991,organic_search,0,ON
2992,display>paid_social,0,Prairies
2993,display>organic_search>direct>paid_search>organic_search>direct,0,AB
2994,email>organic_search>display>organic_search>paid_search>direct,0,AB
2995,direct>paid_search>paid_search>email,1,Prairies
2996,display>paid_search,0,Atlantic
2997,organic_search>display>direct,0,QC
2998,paid_search>email>paid_social>affiliate,0,ON
2999,display>organic_search>display>paid_search>affiliate,0,QC
3000,display>organic_search>paid_social>paid_search>paid_search,0,QC
3001,organic_search>direct>affiliate>display>email,0,ON
3002,email,0,ON
3003,display>direct,0,Atlantic
3004,affiliate>affiliate,0,BC
3005,organic_search>organic_search>affiliate>direct,1,AB
3006,affiliate>paid_social>direct,0,BC
3007,display>organic_search>direct,0,AB
3008,display>direct>display>direct,0,QC
3009,display>organic_search>direct,0,QC
3010,email,0,ON
3011,paid_social>paid_search>paid_search>paid_search>display>paid_search,1,BC
3012,email,0,QC
3013,paid_social>display>email,0,QC
3014,paid_social>affiliate,0,QC
3015,organic_search>display>paid_search,0,Atlantic
3016,display>email,0,AB
3017,display>affiliate>direct,0,AB
3018,display>display>paid_social>paid_search,0,AB
3019,organic_search>paid_social>direct>affiliate,0,Prairies
3020,organic_search>email>paid_social>paid_search>affiliate>paid_search,1,Prairies
3021,organic_search>display>paid_search,0,QC
3022,direct,0,Prairies
3023,email,0,Prairies
3024,paid_search>affiliate,0,QC
3025,paid_social>direct,0,BC
3026,display>organic_search>email>display>organic_search>organic_search,1,AB
3027,organic_search>display>display>direct,1,ON
3028,organic_search>direct,0,Prairies
3029,organic_search>paid_social>display>direct,0,Atlantic
3030,direct,0,Atlantic
3031,affiliate>email,0,Prairies
3032,organic_search>affiliate>organic_search>display,0,Prairies
3033,display>organic_search>organic_search,0,AB
3034,display>organic_search>paid_search>email,0,Prairies
3035,paid_social>organic_search>email,0,Prairies
3036,organic_search>organic_search>display>organic_search>affiliate,0,Atlantic
3037,paid_search>affiliate>display>paid_social,0,ON
3038,organic_search>email,0,Atlantic
3039,paid_search>affiliate>paid_social>affiliate,0,ON
3040,display>affiliate>paid_search>direct,0,Prairies
3041,paid_social>organic_search>organic_search>display>paid_social,0,AB
3042,display>paid_social>display>paid_search,0,BC
3043,display>direct,0,Atlantic
3044,paid_social>paid_social>paid_search>affiliate,0,Prairies
3045,paid_social>affiliate>display>display>affiliate,0,BC
3046,affiliate>paid_social>paid_social,0,AB
3047,paid_search>paid_social>organic_search,0,AB
3048,paid_search>paid_search>direct>email,0,Atlantic
3049,paid_social>paid_social>display>paid_social,0,BC
3050,paid_search>paid_search>display>affiliate,0,BC
3051,paid_search>display>direct,0,QC
3052,organic_search>paid_search>display>affiliate>paid_search,0,ON
3053,display>organic_search>display>display>display>paid_search,1,ON
3054,paid_social>affiliate>display>organic_search>organic_search,1,Prairies
3055,paid_search>direct,0,Prairies
3056,affiliate>direct,0,AB
3057,paid_social>organic_search>direct,0,ON
3058,paid_social>paid_search>email,0,BC
3059,paid_search>organic_search>paid_social>affiliate,0,AB
3060,affiliate>organic_search>organic_search>affiliate>paid_search,1,Atlantic
3061,email,0,BC
3062,display>direct,0,BC
3063,display>paid_search>display>paid_social>email,0,QC
3064,display>paid_search>email,0,Atlantic
3065,paid_social>direct,0,QC
3066,paid_search>display>display>email,1,BC
3067,direct>display>paid_search>display>organic_search>paid_search,1,AB
3068,email,0,Prairies
3069,paid_social>paid_search,0,AB
3070,display>paid_social>organic_search>organic_search>direct,0,QC
3071,paid_social>paid_social>organic_search>organic_search>display>organic_search>paid_search,1,AB
3072,display>affiliate,0,QC
3073,display>paid_search,0,BC
3074,organic_search>organic_search>email,0,BC
3075,paid_social>affiliate>affiliate>organic_search>organic_search>direct,0,BC
3076,organic_search>paid_social>paid_search>organic_search>paid_search,0,BC
3077,display>display,0,BC
3078,organic_search>direct,0,Atlantic
3079,paid_social>direct,0,BC
3080,organic_search>direct>direct,0,ON
3081,display>display>display>organic_search>paid_social>direct,0,ON
3082,paid_social>paid_social>paid_search,1,AB
3083,direct>email,0,BC
3084,display>display>email,0,ON
3085,display>paid_search>direct>direct,0,BC
3086,display>email,0,BC
3087,display>affiliate,0,Atlantic
3088,organic_search>organic_search>direct,0,Atlantic
3089,display>display,0,ON
3090,paid_social>paid_social>direct,0,AB
3091,organic_search>paid_search>paid_search>paid_social>paid_social>organic_search>paid_search,0,Prairies
3092,paid_social>display>organic_search>paid_search>organic_search>email,0,BC
3093,paid_social>paid_social>paid_social>direct,0,BC
3094,organic_search>paid_social>direct,0,ON
3095,display>display>paid_search>affiliate,0,Atlantic
3096,affiliate>display>paid_search>direct,0,AB
3097,paid_social>email,0,BC
3098,paid_search>paid_social>paid_social>display>affiliate,0,BC
3099,affiliate>direct,0,AB
3100,display>paid_social>direct,0,QC
3101,paid_social>organic_search>organic_search>direct,0,QC
3102,paid_search>organic_search>paid_search>direct,0,Prairies
3103,display>paid_social,0,ON
3104,display>affiliate>organic_search>paid_social>organic_search,1,ON
3105,paid_social>affiliate>affiliate>display>affiliate,0,Prairies
3106,organic_search>affiliate>direct,0,ON
3107,direct>display>organic_search>paid_search>direct,0,AB
3108,paid_search>email,0,ON
3109,display>organic_search>paid_social>direct,0,Atlantic
3110,direct,0,AB
3111,organic_search>paid_social>organic_search,0,ON
3112,display>paid_social,0,QC
3113,affiliate>paid_social>paid_social>paid_search>paid_social>direct>paid_search,0,Prairies
3114,paid_search>paid_search,1,QC
3115,organic_search>paid_search>display>paid_social>paid_search,0,ON
3116,paid_search>email,1,ON
3117,display>direct>paid_social>paid_search>paid_search,0,Prairies
3118,organic_search>display>display>email,0,Prairies
3119,display>paid_social>direct>paid_search,0,AB
3120,paid_social>organic_search>paid_social>paid_social>affiliate>paid_social>direct,1,Prairies
3121,paid_social>paid_social>paid_social>email,0,QC
3122,paid_social>affiliate>display>paid_social>paid_social>display>direct,1,BC
3123,display>paid_social>paid_search>direct,1,BC
3124,affiliate>paid_search>paid_search>display>direct,0,Atlantic
3125,affiliate>paid_social>display>direct>display>paid_search,0,BC
3126,paid_social>display>affiliate,0,QC
3127,display>email,0,BC
3128,display>direct>display>display>display>paid_search>paid_search>paid_search>display>affiliate,0,BC
3129,paid_search>paid_search>paid_social>display>affiliate,1,AB
3130,display>display>email,0,Prairies
3131,paid_social>paid_social>paid_search,1,Atlantic
3132,display>paid_search>paid_search,0,Atlantic
3133,paid_social>organic_search>paid_search>direct>display>organic_search,0,Prairies
3134,paid_social>affiliate,0,Prairies
3135,paid_social>organic_search>paid_search,0,Atlantic
3136,organic_search,0,Atlantic
3137,display>email,0,QC
3138,display>paid_social>direct,0,Prairies
3139,display>display>direct,0,Prairies
3140,affiliate>affiliate>email,0,QC
3141,display>paid_social>direct,0,Atlantic
3142,paid_social>paid_search>display>affiliate>organic_search>paid_social>email,0,ON
3143,email>organic_search>direct,0,Atlantic
3144,display,0,Prairies
3145,paid_search>organic_search>paid_social>direct,0,Atlantic
3146,organic_search>display>email,0,Prairies
3147,paid_social>direct>direct,0,AB
3148,display>direct,0,Atlantic
3149,paid_social>direct>display>organic_search>direct,0,Atlantic
3150,display>paid_social>organic_search>affiliate,0,BC
3151,paid_search>organic_search>email,0,ON
3152,paid_social,0,AB
3153,display>paid_social>display>paid_social>paid_search,0,QC
3154,affiliate>organic_search>display>paid_social,0,AB
3155,display>paid_search>affiliate>display>affiliate>paid_search,0,AB
3156,affiliate>paid_social>display>affiliate>paid_search,0,ON
3157,paid_social>email,0,Atlantic
3158,organic_search>direct,0,BC
3159,paid_social>organic_search>organic_search,0,AB
3160,paid_social>display>affiliate,0,QC
3161,paid_search,0,AB
3162,paid_search,0,BC
3163,organic_search>direct,0,Atlantic
3164,paid_search>paid_social>direct>display>affiliate,0,BC
3165,affiliate>paid_search>display>paid_search,0,Atlantic
3166,paid_social>direct>affiliate>paid_social>paid_social>organic_search,0,QC
3167,organic_search>paid_search>paid_search>email,0,Atlantic
3168,paid_social>paid_social>paid_search>email>paid_search>direct>paid_search,0,ON
3169,affiliate>direct>affiliate>organic_search,0,AB
3170,paid_social>display>paid_search,0,Prairies
3171,email,0,ON
3172,display>organic_search>organic_search>organic_search>direct,0,BC
3173,paid_search>paid_social>paid_social>organic_search>display>organic_search>paid_social>paid_search,0,Prairies
3174,organic_search>paid_social>paid_social>display>direct,1,AB
3175,display>display>direct>direct,0,ON
3176,display>paid_social>direct>direct,0,ON
3177,direct>organic_search>direct,0,QC
3178,paid_search>paid_social>display>paid_search,0,QC
3179,organic_search>paid_search,0,Prairies
3180,display>display>display>organic_search>paid_search,0,ON
3181,display>organic_search>organic_search,0,QC
3182,paid_search>paid_social>display>display>paid_search,0,AB
3183,display>paid_search>display>affiliate>organic_search>direct,0,ON
3184,paid_search>paid_social>paid_search>paid_search,0,QC
3185,paid_search>email,0,ON
3186,paid_social>organic_search>display>organic_search>organic_search>affiliate,0,ON
3187,display>direct>paid_social>affiliate,0,Atlantic
3188,organic_search>paid_social>email,0,AB
3189,paid_social>display>affiliate>email,0,QC
3190,organic_search>direct,0,AB
3191,direct>paid_search,0,Prairies
3192,direct,0,QC
3193,display>display>display>paid_search>paid_social>direct,0,Atlantic
3194,paid_social>organic_search>paid_search>display>direct,0,ON
3195,paid_search>email>paid_search,0,QC
3196,organic_search>display>organic_search,0,BC
3197,direct>display>paid_search>direct,0,BC
3198,display>display>display>paid_search>display>paid_social>email,0,Atlantic
3199,display>organic_search>direct,0,ON
3200,paid_search>affiliate>paid_social>paid_search,0,AB
3201,display>display,0,BC
3202,direct,0,QC
3203,display>organic_search>display>organic_search,0,AB
3204,paid_search>paid_search,0,Atlantic
3205,paid_social>organic_search>organic_search>display>organic_search,1,AB
3206,direct>affiliate,0,QC
3207,paid_social>display>display>affiliate>paid_social,0,ON
3208,paid_search>organic_search>paid_social>direct,1,QC
3209,display>organic_search>email,1,Atlantic
3210,paid_social>organic_search>email,0,BC
3211,display>paid_social>direct,0,Prairies
3212,direct>email>organic_search>email,1,Prairies
3213,organic_search>paid_search>organic_search>display>organic_search>display,0,Atlantic
3214,direct,0,BC
3215,display>display>organic_search,0,Atlantic
3216,display>organic_search>affiliate>organic_search>email,0,AB
3217,affiliate>direct,1,ON
3218,paid_social>display>display>direct,0,AB
3219,organic_search>affiliate>paid_search,0,BC
3220,organic_search>paid_social>paid_search>direct>email,0,Prairies
3221,display>organic_search,0,Atlantic
3222,paid_search>paid_search,0,BC
3223,display>affiliate>paid_search,0,QC
3224,organic_search>organic_search>display>paid_social>direct,0,QC
3225,direct>paid_social>display>paid_search>paid_social>email,0,Prairies
3226,paid_search>display>affiliate>paid_social,0,ON
3227,paid_social>organic_search,0,BC
3228,affiliate>display>organic_search>display>organic_search,0,AB
3229,organic_search,1,Prairies
3230,paid_social>paid_social>display>paid_search>organic_search,0,AB
3231,affiliate,0,Atlantic
3232,organic_search>direct>display>direct>direct>paid_social>display>paid_social,0,ON
3233,display>display>paid_search>affiliate,1,Prairies
3234,paid_social>paid_social>direct,0,Atlantic
3235,display>paid_search>paid_social>direct,1,AB
3236,organic_search>organic_search>paid_search>paid_social>paid_search>affiliate>direct,0,QC
3237,paid_social>paid_search,0,AB
3238,organic_search>paid_social>paid_social>direct,0,Prairies
3239,paid_search>organic_search>paid_social>email,0,QC
3240,organic_search>paid_social>email,0,Prairies
3241,paid_search>display>display>paid_social>paid_social,0,QC
3242,organic_search>display>organic_search>paid_search>direct,0,BC
3243,paid_social>paid_social>paid_search>affiliate,0,Prairies
3244,display>direct>paid_social>display>display>affiliate,1,BC
3245,paid_social>affiliate>direct,0,ON
3246,email,0,BC
3247,direct>display>email,0,Atlantic
3248,display>paid_social>display>organic_search,1,QC
3249,display>paid_search>paid_social>display>paid_social>organic_search,1,QC
3250,paid_search>display>organic_search,0,BC
3251,display>display>direct,0,Atlantic
3252,display>display>email,0,ON
3253,paid_search>paid_search>paid_social>paid_search,0,Prairies
3254,paid_social>display>affiliate>email,0,AB
3255,display>affiliate>paid_social>email,0,Atlantic
3256,display>paid_social>organic_search,0,ON
3257,affiliate>affiliate>display>email>paid_search,0,Atlantic
3258,direct>paid_search>direct,0,ON
3259,paid_social>affiliate,0,BC
3260,paid_social>affiliate>display>paid_search,0,Prairies
3261,paid_search>direct>paid_social>organic_search>paid_search,0,QC
3262,display>paid_search,1,QC
3263,organic_search,0,AB
3264,paid_search>direct,0,ON
3265,organic_search>paid_search>organic_search>paid_social>email,1,ON
3266,paid_social>display>paid_social>display>paid_social>paid_social,1,Atlantic
3267,display>direct,0,Prairies
3268,paid_search>paid_social>organic_search>paid_search>paid_social>paid_social>affiliate,1,AB
3269,display>direct,0,AB
3270,organic_search>display>paid_search,0,Prairies
3271,display>affiliate,0,QC
3272,organic_search>paid_search,0,ON
3273,paid_search>paid_social>display>affiliate,0,Atlantic
3274,paid_social>display>direct,0,Atlantic
3275,display>email,0,QC
3276,affiliate>email>direct,0,Atlantic
3277,paid_social>affiliate,0,QC
3278,paid_social>paid_social>affiliate,1,AB
3279,display>affiliate,0,BC
3280,affiliate>paid_search>affiliate>display>direct,0,Atlantic
3281,organic_search>paid_social>affiliate>organic_search,0,ON
3282,display>email,0,Atlantic
3283,paid_social>paid_social,0,QC
3284,email>display>paid_social>paid_search,0,Atlantic
3285,paid_social>display>paid_social>paid_social>affiliate>direct,0,Prairies
3286,display>direct,0,BC
3287,paid_social>paid_search>affiliate,0,Prairies
3288,display>email,0,Atlantic
3289,paid_search>paid_social>paid_search,1,ON
3290,direct,0,ON
3291,display>organic_search>display,0,ON
3292,email,0,Atlantic
3293,organic_search>affiliate,0,BC
3294,paid_social>direct,0,Atlantic
3295,paid_search,0,BC
3296,display>organic_search>paid_social>paid_search>paid_social>affiliate,0,BC
3297,paid_social>display>direct>display>affiliate,0,AB
3298,display>display>paid_social>display>email,1,Atlantic
3299,direct,0,ON
3300,affiliate>paid_social>display>organic_search>direct,0,BC
3301,paid_social>affiliate>paid_search>display>organic_search,0,Prairies
3302,paid_search>display,0,ON
3303,display>display>organic_search,0,ON
3304,paid_social>direct>paid_search,0,Prairies
3305,display>email>affiliate>paid_social>organic_search,1,Atlantic
3306,display>organic_search>organic_search>paid_social>paid_search,0,QC
3307,paid_social>organic_search,0,Atlantic
3308,display>direct,0,BC
3309,direct,0,AB
3310,paid_search>paid_search,1,QC
3311,organic_search>paid_search>paid_social>direct,0,QC
3312,paid_social>paid_social>organic_search>direct,0,BC
3313,organic_search>paid_social>direct,0,AB
3314,organic_search>email,0,Prairies
3315,display>display>direct>paid_social>paid_search>organic_search,1,BC
3316,direct>organic_search>paid_search>paid_search>paid_social,0,ON
3317,display>organic_search>paid_search>display>direct,0,AB
3318,email,0,ON
3319,organic_search>paid_social>paid_social>direct,0,QC
3320,organic_search>paid_social>paid_social>organic_search>direct,1,QC
3321,affiliate>email>email,0,QC
3322,paid_social>paid_search,0,ON
3323,direct>display>paid_search,0,BC
3324,affiliate>display>affiliate>display>email,0,AB
3325,paid_search>paid_social>organic_search>organic_search>direct,1,QC
3326,affiliate>display>paid_social>display>paid_search,0,ON
3327,display>organic_search>organic_search>organic_search,0,Prairies
3328,paid_social>paid_social>paid_social>organic_search,0,BC
3329,display>paid_search>direct,0,BC
3330,paid_search>affiliate,0,Prairies
3331,paid_social>display>direct>paid_search>paid_social>organic_search,0,ON
3332,paid_search>display>paid_search,0,BC
3333,organic_search>organic_search>paid_social>direct,0,Atlantic
3334,paid_search>paid_social>paid_social>affiliate,0,Prairies
3335,paid_search>affiliate>paid_search,1,ON
3336,organic_search>paid_social>email,0,QC
3337,paid_social>paid_social,0,AB
3338,paid_social>display>direct,0,Atlantic
3339,paid_search>display>paid_search>paid_social,0,ON
3340,direct>direct,0,ON
3341,organic_search>organic_search>organic_search>paid_social,0,QC
3342,affiliate>paid_social>direct,1,Atlantic
3343,affiliate>display>paid_social>display>paid_search>direct,1,QC
3344,paid_social>display>paid_social>direct,0,Prairies
3345,paid_social>display>paid_search,0,BC
3346,paid_social>direct>display>email,0,Prairies
3347,paid_social>paid_search>paid_search,0,ON
3348,paid_social>paid_search>email>display>display>paid_search,0,ON
3349,paid_social>display>display>email,0,Atlantic
3350,paid_search>organic_search>paid_search,0,BC
3351,organic_search>affiliate>display>paid_search,0,QC
3352,paid_social,0,QC
3353,direct>direct,0,ON
3354,organic_search>paid_social>display>display,0,ON
3355,email>paid_social>organic_search,0,Prairies
3356,affiliate>display>organic_search>paid_social>direct>paid_search,0,ON
3357,display>paid_social>direct,0,Prairies
3358,organic_search>organic_search,0,BC
3359,direct>display>direct,0,QC
3360,paid_social>paid_social>display>paid_social>paid_search,0,AB
3361,paid_search,0,Prairies
3362,affiliate>email,0,Prairies
3363,organic_search>paid_social>organic_search>display>paid_social,0,Prairies
3364,paid_search>paid_social>paid_social>display>direct>organic_search,1,Prairies
3365,paid_social>affiliate>organic_search>email,0,BC
3366,organic_search,0,QC
3367,display>email,0,AB
3368,organic_search>display>paid_search,0,QC
3369,display>paid_search,0,Prairies
3370,paid_social>display>display>paid_social>direct,1,ON
3371,display>display>paid_search,0,Atlantic
3372,organic_search>paid_social>organic_search,0,ON
3373,paid_search>paid_social>display>display>organic_search>direct,0,BC
3374,affiliate,0,QC
3375,display>display>affiliate,0,QC
3376,paid_social>paid_social>display>affiliate>display>direct,0,ON
3377,paid_search>display>paid_search>paid_social>display>paid_search,0,Atlantic
3378,paid_social>paid_social>affiliate,0,ON
3379,paid_search>display>email,0,ON
3380,display>paid_social>affiliate>paid_search,1,BC
3381,display>organic_search>paid_social>direct,0,ON
3382,display>paid_social>organic_search>paid_search>paid_social,1,QC
3383,display>paid_social>display>paid_social>direct,0,QC
3384,paid_social>paid_social>direct>paid_search>organic_search>affiliate,0,QC
3385,paid_search,0,BC
3386,display>organic_search>direct,0,BC
3387,affiliate>paid_search>display>paid_search,0,ON
3388,affiliate>affiliate>email,1,BC
3389,display>paid_search>paid_search>display>email>affiliate>affiliate,0,Prairies
3390,organic_search>paid_social>direct>direct,0,ON
3391,organic_search>organic_search>paid_social>direct,0,QC
3392,paid_social>display>display>paid_social>organic_search>paid_search,0,AB
3393,affiliate>display>display>display>direct>direct,0,QC
3394,display>paid_social>paid_search>direct,0,ON
3395,display>paid_social>display>organic_search,0,AB
3396,organic_search>paid_search>paid_search,1,QC
3397,display>organic_search>paid_social>organic_search>direct,0,ON
3398,paid_social>organic_search>paid_search>paid_social>organic_search>paid_social,0,Atlantic
3399,paid_search,0,BC
3400,organic_search>organic_search>display>direct,0,Atlantic
3401,organic_search>paid_social>paid_search>direct,0,Atlantic
3402,organic_search>organic_search>display>direct>direct>direct,1,QC
3403,affiliate>affiliate,0,ON
3404,paid_social>direct,0,Prairies
3405,organic_search>organic_search>organic_search>paid_social>paid_social>direct,1,ON
3406,paid_search>paid_social>direct,0,QC
3407,paid_search>paid_social>affiliate,0,AB
3408,paid_search>organic_search>email,0,Prairies
3409,display>organic_search>organic_search>affiliate,0,BC
3410,paid_search>paid_search>organic_search>affiliate>paid_search,0,BC
3411,display>paid_social>organic_search>display>display>organic_search,0,AB
3412,organic_search>paid_social>paid_social>affiliate>paid_search,0,BC
3413,organic_search>email,0,Prairies
3414,display>affiliate>organic_search>display>direct,0,Atlantic
3415,display>paid_social>paid_search>paid_search,0,ON
3416,paid_social>paid_search,0,AB
3417,paid_search>display>email>direct>paid_search,0,AB
3418,direct>paid_social>paid_social>direct,0,ON
3419,affiliate>organic_search>display,0,Prairies
3420,paid_search,0,AB
3421,email,0,Prairies
3422,paid_social>paid_social>direct,0,ON
3423,display>paid_search>email>direct,0,Prairies
3424,organic_search>paid_search>paid_search>paid_search,1,AB
3425,paid_social>organic_search>paid_search>paid_social>direct>display>organic_search>direct,1,ON
3426,direct,0,AB
3427,paid_search,0,QC
3428,paid_social>display>organic_search>affiliate>display>paid_search>affiliate>paid_search,1,Atlantic
3429,display>paid_social>direct,0,AB
3430,email,0,Prairies
3431,display>paid_social>affiliate,0,ON
3432,paid_search>direct,0,ON
3433,paid_social>affiliate>display>paid_search,0,Atlantic
3434,direct,0,AB
3435,paid_social>display>email>paid_search,0,AB
3436,affiliate>direct>organic_search>direct,0,ON
3437,paid_search>display>display>organic_search>organic_search>paid_search,1,ON
3438,display>organic_search,0,Prairies
3439,organic_search>organic_search>display>paid_social>paid_search,0,ON
3440,organic_search>paid_social>affiliate,0,AB
3441,display>paid_search>email,0,BC
3442,display>paid_search>display>paid_social>affiliate,1,ON
3443,affiliate>display>email,1,ON
3444,paid_social>paid_search>paid_search,0,ON
3445,paid_social>display>organic_search>paid_social>paid_social>organic_search>email,0,BC
3446,display>direct>email>paid_search,1,AB
3447,organic_search>paid_search>direct,0,AB
3448,affiliate>display>organic_search>organic_search>organic_search,0,AB
3449,display>paid_social>display>direct,0,Atlantic
3450,affiliate>organic_search>affiliate,1,AB
3451,email>paid_social>display>paid_search>email,0,ON
3452,display>organic_search>paid_social>paid_search,1,AB
3453,display>organic_search>paid_social>display>paid_social>organic_search>paid_search,0,Prairies
3454,organic_search>paid_search,0,Prairies
3455,display>display>paid_search,0,Prairies
3456,paid_social,0,Atlantic
3457,display>display>paid_social>display>email,0,QC
3458,display>paid_social>affiliate,0,AB
3459,display>affiliate>organic_search>organic_search,0,Prairies
3460,direct>paid_search,0,QC
3461,direct,0,ON
3462,paid_social>email,0,AB
3463,paid_social>paid_social>display>organic_search>organic_search>organic_search>paid_search,1,ON
3464,paid_search>paid_social>paid_search,0,AB
3465,paid_search,1,AB
3466,display>organic_search>display>affiliate,0,QC
3467,direct>paid_search>display>organic_search>paid_search>affiliate,1,Atlantic
3468,display>paid_social>organic_search>paid_social>email>email,0,ON
3469,affiliate>affiliate>paid_social,0,ON
3470,display>organic_search>paid_social>affiliate>affiliate,0,Prairies
3471,display>organic_search>email,0,BC
3472,paid_search>paid_social>affiliate>organic_search,0,Prairies
3473,affiliate>direct,0,QC
3474,direct>organic_search>display>paid_social>display>paid_search,1,Atlantic
3475,display>display>paid_social>organic_search>direct,0,Prairies
3476,paid_social>display>display>paid_social>paid_search,0,Prairies
3477,display>paid_social,0,Prairies
3478,paid_social>display>display>paid_social,0,QC
3479,display>display>organic_search,0,QC
3480,affiliate>display>direct,0,AB
3481,display>paid_search>paid_social,0,QC
3482,organic_search>paid_search>paid_social,0,ON
3483,affiliate,0,QC
3484,paid_social>paid_social,0,BC
3485,organic_search>display>display>direct>paid_social>affiliate>affiliate,0,ON
3486,organic_search>paid_search>organic_search>email,0,QC
3487,affiliate,0,QC
3488,paid_social>organic_search>paid_search>paid_search,0,BC
3489,affiliate>direct,0,Atlantic
3490,paid_search,0,QC
3491,display>organic_search>organic_search>display>paid_social>paid_social>paid_search,0,Atlantic
3492,paid_social>affiliate,0,BC
3493,display>affiliate>organic_search>direct,0,QC
3494,direct,0,ON
3495,display>display>paid_social,0,AB
3496,display>direct>paid_social>display>paid_search,1,Prairies
3497,display>organic_search>direct,0,AB
3498,paid_search>display>paid_search>paid_social>paid_social>direct,0,AB
3499,organic_search>paid_social>paid_search,0,ON
3500,paid_search>paid_social>direct,0,Prairies
3501,paid_social>paid_search>display>paid_search,0,AB
3502,display>affiliate>email>affiliate>direct,1,Atlantic
3503,paid_search>display>display>organic_search,0,AB
3504,affiliate>display>affiliate,0,QC
3505,organic_search>affiliate>paid_social>direct>paid_search,1,AB
3506,display>paid_social>direct,0,Atlantic
3507,display>organic_search,0,ON
3508,paid_social>direct>affiliate>display>organic_search>paid_search>paid_search,0,AB
3509,paid_search,0,AB
3510,paid_social>display>display,0,QC
3511,paid_social>display>email,1,QC
3512,display>display>display>direct>paid_search>paid_social,0,Prairies
3513,display>direct,0,QC
3514,display>organic_search>display>paid_search>paid_social>paid_search,0,Prairies
3515,display>organic_search,0,Prairies
3516,affiliate>paid_search,0,ON
3517,affiliate>paid_search>paid_search,0,ON
3518,paid_social>paid_social>affiliate,0,Atlantic
3519,paid_social>paid_search>display>paid_search>direct,1,ON
3520,display>display>paid_social>display,0,QC
3521,paid_social>display>paid_social>paid_search,0,AB
3522,display>paid_search>direct,0,Prairies
3523,organic_search>paid_search>email,0,ON
3524,paid_social>paid_social>direct,0,QC
3525,paid_social>paid_social>paid_search>display>organic_search>paid_search>paid_social,0,ON
3526,display>display>display>organic_search,0,BC
3527,organic_search>direct>paid_social>email,0,AB
3528,paid_search>organic_search>paid_social>email,1,Atlantic
3529,display>affiliate>direct,0,QC
3530,display>email,0,Prairies
3531,paid_search>display>direct,0,Atlantic
3532,display>display>display>paid_social>email,0,BC
3533,affiliate>paid_social>display>direct,0,QC
3534,display>display>paid_social>display>paid_social,0,QC
3535,affiliate>display>affiliate,0,Prairies
3536,direct,0,ON
3537,paid_social>direct>display>affiliate,0,QC
3538,direct>display>display>direct,0,Atlantic
3539,display>affiliate>paid_social>display>display,0,ON
3540,paid_search>direct>paid_search,0,Atlantic
3541,direct>paid_social>paid_social>paid_social>direct,0,Prairies
3542,organic_search>organic_search,0,BC
3543,paid_social>display>display>affiliate,0,ON
3544,paid_search>affiliate,0,BC
3545,display>direct>direct,0,ON
3546,affiliate>display>display>organic_search>paid_search>direct>paid_search,0,Prairies
3547,paid_social>affiliate>email,0,ON
3548,display>direct>affiliate,0,QC
3549,paid_search,0,Prairies
3550,paid_social>paid_social>direct,0,QC
3551,organic_search>paid_social>display>paid_search,0,ON
3552,direct>paid_social>display>affiliate,0,BC
3553,paid_search>organic_search>display>email,0,Atlantic
3554,affiliate>affiliate,0,Atlantic
3555,direct>organic_search>direct,0,AB
3556,display>paid_social>paid_social>paid_search,0,QC
3557,direct>paid_social>email,0,QC
3558,organic_search>paid_social>paid_social>display>paid_search>organic_search,0,Atlantic
3559,direct>organic_search>organic_search>paid_social>affiliate,0,Atlantic
3560,display>paid_social>paid_social,0,Atlantic
3561,organic_search>display>paid_social>paid_search>display,0,Prairies
3562,paid_social>display>affiliate,0,Atlantic
3563,display>organic_search>paid_search>paid_social>direct,0,AB
3564,paid_search>email,1,BC
3565,paid_social>display>direct,0,AB
3566,display>direct>affiliate>paid_social>direct>paid_social,0,ON
3567,direct>paid_social>display>paid_search>affiliate,0,Prairies
3568,display>display>display>email,0,Prairies
3569,affiliate>paid_social,0,Prairies
3570,paid_social>display>paid_social>display>organic_search,0,QC
3571,affiliate>affiliate,0,AB
3572,paid_search>paid_social>display>affiliate,0,AB
3573,paid_search>display>affiliate,1,AB
3574,paid_social>direct>paid_social>email,0,QC
3575,paid_social>email,0,ON
3576,paid_social>email,0,BC
3577,display>affiliate,0,AB
3578,display>display>display>email>affiliate,0,Prairies
3579,direct>organic_search>email>display>direct,0,Atlantic
3580,affiliate>paid_search,0,Atlantic
3581,display>paid_search>display>email,0,Atlantic
3582,paid_search>affiliate>email,0,Prairies
3583,paid_social>affiliate>paid_search>direct,0,ON
3584,direct>display>email,0,Prairies
3585,display>paid_social>paid_social,0,Atlantic
3586,affiliate>paid_social>organic_search,0,Prairies
3587,display>paid_search,0,QC
3588,paid_search>display>organic_search>paid_search,0,Prairies
3589,organic_search>organic_search>paid_search,0,BC
3590,display>display>direct,0,QC
3591,organic_search>paid_social>display>affiliate>email,0,AB
3592,display>paid_social>direct,0,AB
3593,paid_social>paid_social,0,Atlantic
3594,paid_social>display>direct,0,ON
3595,display>paid_social>affiliate>email>display>affiliate,0,BC
3596,affiliate>display>display>direct,0,QC
3597,organic_search>paid_search>paid_social>paid_search,0,QC
3598,organic_search>organic_search>paid_social>paid_social>paid_search,0,QC
3599,organic_search>paid_social>paid_search,0,Prairies
3600,display>affiliate>organic_search>paid_social>email,0,QC
3601,display>organic_search>affiliate,0,AB
3602,organic_search>paid_search>paid_social>paid_search,1,Atlantic
3603,display>display>organic_search>paid_social>organic_search>paid_search>display,0,Prairies
3604,paid_search>display>affiliate>display>affiliate>affiliate,0,QC
3605,organic_search>display>display>direct,1,Atlantic
3606,paid_social>organic_search>email>paid_search,0,QC
3607,email,0,Atlantic
3608,display>organic_search>organic_search,0,QC
3609,display>paid_social>display>affiliate,0,BC
3610,direct>organic_search>direct,0,ON
3611,paid_social>affiliate,0,ON
3612,paid_social>direct,0,AB
3613,display>paid_search>paid_social>email,1,AB
3614,paid_search>organic_search>organic_search>affiliate,0,ON
3615,display>paid_search>email,0,QC
3616,display>display>paid_search>organic_search,0,BC
3617,paid_search>organic_search>organic_search,0,Prairies
3618,display>organic_search>direct,1,QC
3619,display>affiliate>organic_search>organic_search,0,QC
3620,direct>affiliate>organic_search>paid_search>paid_search,0,ON
3621,paid_search>affiliate,0,QC
3622,display>direct,0,QC
3623,paid_social>paid_search>direct>organic_search,0,Atlantic
3624,paid_search>email,0,AB
3625,organic_search>paid_search>email,1,AB
3626,paid_social>direct,0,QC
3627,organic_search>display>paid_search,0,QC
3628,affiliate>paid_social>paid_search,1,Prairies
3629,display>display>affiliate,0,Prairies
3630,direct>paid_search>organic_search,1,Prairies
3631,display>display>paid_social>organic_search>direct,0,BC
3632,direct,0,Atlantic
3633,direct>paid_social>affiliate,0,Atlantic
3634,paid_social>paid_search>paid_search>paid_search,0,BC
3635,paid_social>email>affiliate,1,AB
3636,paid_social>affiliate>organic_search>paid_search,0,Prairies
3637,direct>paid_social>organic_search>organic_search,0,BC
3638,email,0,BC
3639,display>display>email>organic_search>display>email,0,Atlantic
3640,email>paid_search>display>paid_search,0,Atlantic
3641,direct>organic_search>paid_search>organic_search,0,QC
3642,paid_search>display>email,0,QC
3643,organic_search>email,0,AB
3644,paid_search,0,Atlantic
3645,paid_search>paid_social>paid_search,1,Atlantic
3646,organic_search>affiliate,0,ON
3647,paid_social>paid_social>paid_search>affiliate,0,QC
3648,display>organic_search>display>organic_search>organic_search,0,AB
3649,paid_social>organic_search>paid_social>affiliate>display,0,Atlantic
3650,display>paid_social>organic_search>email,0,ON
3651,paid_search>organic_search>display>display>display>direct>paid_search,0,Prairies
3652,paid_social>paid_search>email,0,BC
3653,paid_search>paid_search>direct,0,ON
3654,display>display>paid_search>display>organic_search,0,QC
3655,paid_social>display>organic_search>paid_search>paid_search>organic_search>paid_search,0,BC
3656,paid_social>organic_search>paid_search,0,BC
3657,paid_search>paid_search>organic_search,0,ON
3658,paid_social>direct,0,BC
3659,paid_search>email>organic_search>paid_search,0,Atlantic
3660,affiliate>organic_search>organic_search>display>paid_social>direct,0,BC
3661,display>paid_social>paid_social>organic_search>organic_search>affiliate,0,Atlantic
3662,paid_social>display>paid_social,0,Atlantic
3663,display>paid_search>organic_search>direct>paid_search,0,QC
3664,paid_social>display>affiliate,0,AB
3665,email,0,QC
3666,display>organic_search>organic_search>organic_search>affiliate,1,BC
3667,paid_search>display>display>display>paid_search>email,0,AB
3668,display>paid_social>email,0,ON
3669,organic_search>affiliate>paid_social>paid_search>paid_social>affiliate>paid_search>email,0,BC
3670,paid_social>display>paid_social>organic_search>display>paid_social,0,Prairies
3671,paid_search>paid_social>affiliate>paid_search>paid_search>direct,0,AB
3672,display>paid_social>organic_search>paid_social>direct,0,Atlantic
3673,direct>paid_social>direct,0,Atlantic
3674,organic_search>email,0,Atlantic
3675,display>direct,0,Atlantic
3676,paid_search>paid_social>organic_search,0,ON
3677,affiliate>display>organic_search>email,0,BC
3678,display>organic_search>display>email,0,AB
3679,direct,0,QC
3680,affiliate>organic_search>organic_search>paid_social>direct>paid_social>affiliate>direct,0,ON
3681,organic_search>paid_search,1,Atlantic
3682,direct>display>display>email>organic_search>affiliate,0,ON
3683,direct>affiliate>organic_search>paid_search>direct,0,ON
3684,direct>paid_search>direct,0,ON
3685,display>organic_search>affiliate,0,BC
3686,organic_search>paid_social>organic_search,0,ON
3687,organic_search>display>paid_search>organic_search>direct,0,Prairies
3688,display>display>display>paid_social>affiliate>direct,0,Atlantic
3689,paid_search>display,0,AB
3690,display>display>paid_social>direct,0,QC
3691,paid_social>paid_search>affiliate,0,Prairies
3692,display>display>paid_search,0,Prairies
3693,affiliate,0,ON
3694,email>display>affiliate,0,BC
3695,paid_search>paid_social,0,Prairies
3696,organic_search>direct,0,BC
3697,organic_search>organic_search>paid_social>paid_search>paid_social,0,QC
3698,organic_search>display>display>paid_search,0,AB
3699,paid_social,0,Atlantic
3700,paid_social>paid_social,0,ON
3701,organic_search>display>display>organic_search,0,Atlantic
3702,display>email,0,ON
3703,paid_social>display>affiliate,0,QC
3704,display>organic_search>email,1,QC
3705,organic_search>direct>organic_search,0,QC
3706,paid_social>affiliate>affiliate>paid_social>affiliate,1,Atlantic
3707,organic_search>paid_social,0,BC
3708,display>direct,0,Prairies
3709,organic_search>paid_search>email>display>paid_social>direct,0,BC
3710,display>email>paid_search>display>email,0,AB
3711,paid_social>display>paid_social,0,AB
3712,paid_search>organic_search,0,Atlantic
3713,paid_social>paid_social>display>paid_search,0,QC
3714,display>affiliate>paid_social>display>direct,0,BC
3715,display>paid_search>paid_search,0,Atlantic
3716,organic_search>organic_search,0,AB
3717,display>paid_social>affiliate>paid_social>affiliate>organic_search>affiliate,0,ON
3718,paid_social>affiliate,0,Prairies
3719,paid_search>paid_search>direct,0,Prairies
3720,display>paid_social>display>affiliate,0,Prairies
3721,paid_search>organic_search>display>paid_social>organic_search,0,BC
3722,organic_search>paid_search>paid_search>email>paid_social>paid_social>display>affiliate>paid_search,0,QC
3723,paid_social>paid_social,0,AB
3724,display>display>paid_search,0,ON
3725,paid_social>display>paid_social>paid_social>email,1,ON
3726,display>organic_search>organic_search,0,BC
3727,paid_social>affiliate>paid_search,0,AB
3728,paid_social>display>display>paid_search>direct,0,BC
3729,paid_search>paid_search,0,AB
3730,display>email>display>organic_search>email,0,ON
3731,display>paid_social>display>paid_search,0,AB
3732,display>paid_search>display>paid_social>direct,1,Atlantic
3733,email>affiliate>direct,0,AB
3734,email>affiliate>direct,0,QC
3735,email>paid_search>direct>paid_social>display,0,AB
3736,affiliate,0,Prairies
3737,display>organic_search>display>email,0,AB
3738,display>paid_search>direct,0,BC
3739,paid_social>paid_search>paid_social>paid_search,0,ON
3740,paid_social>display>display>direct,0,Atlantic
3741,display>organic_search>paid_search>display>email,0,AB
3742,display>paid_social>display>affiliate>organic_search>paid_social>organic_search,0,Prairies
3743,paid_search>paid_search,0,BC
3744,paid_search>paid_social>display>display>direct,0,Prairies
3745,display>display>display,0,QC
3746,affiliate>paid_social>direct,0,AB
3747,paid_search>organic_search>affiliate>organic_search>email,1,Atlantic
3748,display>direct,0,BC
3749,paid_search>display>display>direct,0,BC
3750,display>direct>paid_search>display>direct,0,ON
3751,paid_social>organic_search>display>email,1,BC
3752,affiliate>paid_social>organic_search>direct,0,BC
3753,display>organic_search>direct,0,BC
3754,organic_search>organic_search>direct,0,Prairies
3755,direct>paid_social>display>direct,0,Atlantic
3756,affiliate>paid_search>organic_search>organic_search>paid_search,0,BC
3757,direct>paid_search>display>organic_search>email,0,QC
3758,paid_social>paid_social>paid_social>display>display>display>affiliate>paid_social,0,Prairies
3759,display>paid_social>direct>organic_search>paid_search,0,QC
3760,display>paid_search>direct,0,AB
3761,affiliate>paid_search>paid_search,0,AB
3762,paid_social>paid_social>organic_search>paid_search>organic_search>direct,0,Prairies
3763,paid_search>paid_social>paid_social>email>affiliate,0,BC
3764,email,0,AB
3765,paid_social>display>direct>paid_social>direct,0,Atlantic
3766,display>paid_search>paid_search>paid_social>organic_search>paid_search,0,QC
3767,paid_social>display>direct,0,ON
3768,organic_search>paid_social>email,0,BC
3769,paid_search>display>direct,0,ON
3770,organic_search>display>affiliate,0,Atlantic
3771,organic_search>paid_search>display>direct,1,Atlantic
3772,paid_search,0,QC
3773,direct>paid_search>paid_search,0,AB
3774,direct,0,Atlantic
3775,paid_social>organic_search>display>paid_search,0,QC
3776,affiliate>direct,0,Prairies
3777,display>paid_search>direct,0,BC
3778,organic_search>organic_search>display>affiliate,0,QC
3779,paid_search>affiliate>affiliate,1,BC
3780,display>paid_search>display>direct,0,Prairies
3781,paid_social>paid_social>display>paid_search,0,Prairies
3782,affiliate,0,Atlantic
3783,organic_search>affiliate>paid_social>display>direct,0,QC
3784,display>paid_search>display>paid_social>paid_social>email,0,AB
3785,organic_search>direct,0,ON
3786,paid_social>paid_search,0,ON
3787,display>direct>organic_search>email,0,AB
3788,paid_social>organic_search>paid_search,0,AB
3789,paid_social>organic_search>affiliate,1,BC
3790,paid_social>paid_social>organic_search>display>email,0,QC
3791,display>display>paid_search,0,Prairies
3792,display>affiliate,0,BC
3793,affiliate>paid_social>display>display>direct,0,AB
3794,display>organic_search>paid_social,0,AB
3795,direct>direct>affiliate,0,QC
3796,paid_search>direct,0,BC
3797,organic_search>direct>paid_search,0,Atlantic
3798,direct>paid_search>direct,0,Atlantic
3799,paid_social>display>paid_search,1,BC
3800,display>paid_social>organic_search>paid_social>email,0,ON
3801,display>affiliate>paid_search>paid_social>paid_search,0,ON
3802,affiliate>affiliate,0,ON
3803,display>direct,0,AB
3804,paid_social>paid_search>display,0,BC
3805,paid_social>display>email,0,Prairies
3806,display>paid_search>direct,0,AB
3807,display>display>direct,0,ON
3808,display>display>direct,0,BC
3809,affiliate,0,BC
3810,direct>display>affiliate>direct,0,Prairies
3811,paid_social>email>paid_search,0,ON
3812,paid_social>paid_social>email,0,Atlantic
3813,organic_search>paid_search,0,Prairies
3814,organic_search>display>paid_search,0,Atlantic
3815,organic_search>email>display,0,Prairies
3816,direct,0,Atlantic
3817,affiliate>direct>paid_social>email,1,ON
3818,affiliate>display>paid_search>organic_search>direct,0,QC
3819,display>affiliate>affiliate>paid_social,0,Atlantic
3820,paid_search>organic_search>display>display>organic_search,0,AB
3821,paid_social>email,0,QC
3822,organic_search>paid_social>organic_search>paid_social>direct,0,Prairies
3823,display>email,0,AB
3824,display>organic_search>display>paid_social>display>display>paid_search,0,AB
3825,direct,0,QC
3826,paid_search>organic_search>paid_search,0,ON
3827,paid_social>display>affiliate>display>organic_search,0,ON
3828,affiliate>paid_search>paid_social>paid_search,1,ON
3829,organic_search>affiliate,0,AB
3830,paid_search>email,0,QC
3831,direct>direct>affiliate,0,Atlantic
3832,paid_search>email,0,ON
3833,display>paid_social>paid_search,0,ON
3834,display,0,BC
3835,direct,0,ON
3836,organic_search>paid_search,0,Atlantic
3837,direct>display>display>direct,0,QC
3838,organic_search>paid_social>paid_social>paid_search>display>direct,0,BC
3839,display>organic_search>organic_search,0,Atlantic
3840,paid_social>display>paid_search>organic_search>organic_search>display>email>display,0,ON
3841,paid_search>paid_social>paid_search,0,AB
3842,display>paid_search>direct>display>display>paid_social>email>email,1,Atlantic
3843,paid_social>organic_search>email,0,QC
3844,organic_search>paid_social>paid_search>paid_search,0,ON
3845,paid_search>paid_social>affiliate,0,QC
3846,paid_social>paid_social,0,Prairies
3847,display>direct,0,Atlantic
3848,email>paid_social>direct,0,Atlantic
3849,display>paid_social>display>paid_social,0,Prairies
3850,display>paid_social>organic_search>direct,0,ON
3851,paid_social>organic_search>organic_search>display,1,ON
3852,direct>direct>direct>paid_search>organic_search>paid_search,0,Prairies
3853,display>organic_search>display>paid_search>display>affiliate,0,QC
3854,display>paid_social>direct,1,Atlantic
3855,paid_search>email>paid_search>paid_social,0,QC
3856,paid_social>paid_social>paid_search,0,ON
3857,affiliate>display>organic_search>display>paid_social>paid_search,0,BC
3858,paid_search>direct,0,BC
3859,organic_search>paid_search>paid_search>affiliate,0,QC
3860,paid_social>display>organic_search>organic_search>paid_search,1,BC
3861,paid_social>paid_search>organic_search>paid_social>organic_search>organic_search>paid_social>organic_search>paid_search>organic_search,0,BC
3862,display>paid_search,0,Atlantic
3863,paid_social>display>paid_social>paid_search,1,QC
3864,organic_search>paid_social>organic_search>email,0,QC
3865,display>display>organic_search,1,ON
3866,display>organic_search,0,ON
3867,display>display>organic_search>affiliate,0,QC
3868,display>affiliate>paid_search,0,QC
3869,display>display>display>direct,1,Prairies
3870,display>direct>organic_search,0,BC
3871,affiliate>affiliate>organic_search,0,AB
3872,display>affiliate>email,0,QC
3873,organic_search>paid_social>organic_search>paid_social>paid_social>organic_search>email,0,BC
3874,affiliate>paid_social>paid_social>email>organic_search,0,BC
3875,organic_search>direct>direct,0,Prairies
3876,paid_social>paid_social,0,QC
3877,paid_search,0,AB
3878,display>display>organic_search>paid_search,0,QC
3879,paid_social>direct,0,AB
3880,display>display>paid_social>email,0,Prairies
3881,affiliate>organic_search>display>email,0,BC
3882,organic_search>organic_search>paid_social>affiliate>paid_search,0,BC
3883,paid_social>paid_social>paid_social,0,Atlantic
3884,paid_social>paid_social>email,0,Prairies
3885,organic_search>display,0,Atlantic
3886,paid_search,0,BC
3887,paid_search>paid_social>paid_social>direct,0,QC
3888,affiliate>affiliate>direct,0,QC
3889,organic_search>direct,0,Prairies
3890,paid_search>paid_social>direct,0,BC
3891,display>direct,0,Atlantic
3892,paid_search,0,BC
3893,paid_social>paid_search>direct>paid_search>paid_social>direct,0,QC
3894,display>display>paid_social,0,ON
3895,paid_search>organic_search>paid_search,0,BC
3896,paid_search,0,BC
3897,affiliate>display>organic_search>direct,0,Prairies
3898,organic_search>email,1,ON
3899,paid_social>organic_search,0,Prairies
3900,display,0,QC
3901,paid_search>paid_search,1,Atlantic
3902,affiliate>paid_social>paid_search>direct>email,1,ON
3903,display>display,0,Atlantic
3904,affiliate>paid_social>paid_search>paid_social>organic_search>display>display>display>email,0,QC
3905,paid_social>display>direct,0,ON
3906,email>display>display>paid_search,0,Prairies
3907,organic_search>direct>affiliate,0,Atlantic
3908,paid_social>paid_social>paid_social>paid_search>organic_search>email,0,AB
3909,paid_social>display>affiliate,0,AB
3910,display>affiliate>affiliate>email,1,AB
3911,paid_search>paid_social>organic_search,0,BC
3912,organic_search>paid_social>paid_social>direct,0,Atlantic
3913,direct,0,Prairies
3914,affiliate>display>organic_search>organic_search>direct,0,QC
3915,display>affiliate>direct,0,ON
3916,display>email,0,Atlantic
3917,paid_social>direct>organic_search>paid_search>display>affiliate,1,BC
3918,paid_social>organic_search>display>paid_search,0,BC
3919,paid_social>organic_search>affiliate,0,ON
3920,paid_search>paid_social>affiliate>paid_search,1,AB
3921,paid_social>affiliate>paid_social>paid_social,0,QC
3922,paid_social>paid_social>organic_search,0,BC
3923,paid_social>paid_search,0,Atlantic
3924,paid_social>affiliate>paid_social,0,Atlantic
3925,affiliate>display>display>paid_search>organic_search>paid_search>paid_social,1,QC
3926,display>direct,0,Prairies
3927,paid_search>display>paid_social>paid_social>paid_search,0,BC
3928,organic_search>email,1,Prairies
3929,paid_search>organic_search>email,1,BC
3930,affiliate>affiliate>display>paid_social,0,QC
3931,paid_social>affiliate,0,Atlantic
3932,display>paid_social>display>display>paid_search,0,AB
3933,direct>display>display>direct>paid_social>paid_search>paid_social,0,ON
3934,paid_search>display>display>paid_search,0,ON
3935,display>paid_search,0,ON
3936,organic_search>display>paid_social>affiliate,0,AB
3937,display>display>organic_search>affiliate,0,Prairies
3938,paid_social>paid_search>paid_social>affiliate>paid_social>paid_search,1,BC
3939,direct>paid_search>paid_search>paid_search,0,Prairies
3940,display>affiliate>paid_social>display>paid_search>direct,0,QC
3941,paid_search>paid_social>paid_social>email,0,BC
3942,organic_search>display>direct,0,AB
3943,display>paid_search,0,Atlantic
3944,organic_search>affiliate>email,0,AB
3945,display>affiliate>direct,0,BC
3946,paid_social>paid_social>paid_social>display>organic_search>paid_search>paid_social>paid_search,0,BC
3947,display>paid_search>display>paid_search,0,AB
3948,paid_social>paid_social>display>direct,0,Prairies
3949,paid_social>display>display>email,0,Prairies
3950,organic_search>paid_social>paid_social>affiliate,1,AB
3951,organic_search>direct>display>direct,0,BC
3952,paid_social>paid_social>paid_search>affiliate>display>direct,0,QC
3953,paid_social>organic_search>paid_social>email,0,AB
3954,paid_social>organic_search>paid_social,0,AB
3955,paid_social>display>paid_social>affiliate>direct,0,ON
3956,email>email,0,Atlantic
3957,display>affiliate>display>paid_social>display>paid_social>paid_social>direct,0,BC
3958,paid_search>organic_search>display>organic_search>affiliate,0,Prairies
3959,display>organic_search>paid_social>display>display>affiliate,0,BC
3960,paid_social>paid_social>direct,0,ON
3961,paid_search>paid_search,0,AB
3962,organic_search>affiliate>email>organic_search,0,AB
3963,direct>organic_search>direct,0,Prairies
3964,display>direct>display>direct,0,AB
3965,direct,0,QC
3966,display>paid_search,0,QC
3967,organic_search>direct,0,QC
3968,display>display,0,AB
3969,paid_social>email>display>direct,0,AB
3970,paid_social>display>email,0,ON
3971,direct>display>paid_social>organic_search>email,0,BC
3972,paid_social>display>paid_social>display>email,1,Prairies
3973,display>paid_social>email,0,QC
3974,display>paid_social>direct,0,ON
3975,paid_search,0,ON
3976,display>paid_search>display>paid_social>direct>direct,0,BC
3977,display>display>organic_search>organic_search>paid_social>direct,0,QC
3978,display>direct>paid_search,0,BC
3979,paid_social>paid_search,0,Atlantic
3980,paid_social>display>display>email,0,AB
3981,paid_social>organic_search>paid_social>paid_search>display,0,ON
3982,affiliate>direct,0,QC
3983,display>affiliate>organic_search>display>display>display>email>display>affiliate,0,AB
3984,display>display>organic_search>paid_social>paid_social>direct,0,ON
3985,paid_social>paid_social>organic_search>email,1,Atlantic
3986,display>organic_search>paid_search,1,AB
3987,paid_social>affiliate>email>direct,1,AB
3988,organic_search>paid_social>paid_search>paid_search,0,AB
3989,display>email>paid_search,0,Atlantic
3990,display>direct,0,Atlantic
3991,display>display>organic_search>organic_search,0,ON
3992,paid_search>paid_search>display>organic_search>direct,0,Atlantic
3993,paid_social>paid_social>email,0,Prairies
3994,display>paid_social>email,0,Atlantic
3995,affiliate>display>display>display>email,0,QC
3996,display>display>paid_social>email>direct,0,Prairies
3997,organic_search>paid_social>email>paid_search,0,AB
3998,paid_social>email>paid_social>display>affiliate,0,ON
3999,display>paid_social>organic_search>display>direct,0,ON
4000,paid_search,0,QC
4001,paid_search>paid_social>affiliate,1,BC
4002,paid_social>paid_social>direct,0,QC
4003,display>affiliate,0,Atlantic
4004,organic_search>organic_search>organic_search>display>display>email,0,Atlantic
4005,organic_search>paid_social>direct,0,Prairies
4006,display>display>email,0,Atlantic
4007,direct>paid_social>organic_search>paid_social>paid_social>paid_search>display>display,0,Atlantic
4008,organic_search>email>affiliate,0,BC
4009,paid_search>direct,0,QC
4010,paid_search>email>organic_search>display>direct,1,ON
4011,organic_search>paid_social>paid_social>paid_search>email>email,1,BC
4012,paid_search>display>organic_search>email,0,QC
4013,affiliate>direct>paid_social>email,0,Prairies
4014,paid_search>organic_search>affiliate,0,QC
4015,organic_search>paid_search>paid_social>direct,0,BC
4016,direct>display>paid_social>organic_search,0,QC
4017,display>display>organic_search>organic_search,0,ON
4018,display>display>direct>organic_search>organic_search>display>display>paid_search,0,AB
4019,display>paid_search,0,QC
4020,display>paid_social>display>email,0,Prairies
4021,paid_search>display>display>email,0,AB
4022,affiliate>paid_social>paid_search>paid_social>paid_search>paid_social>email>paid_social>paid_social,1,ON
4023,paid_social>organic_search>paid_social>paid_search,1,BC
4024,organic_search>organic_search>display>paid_social>organic_search,0,QC
4025,paid_social>organic_search>display>organic_search>organic_search,0,QC
4026,paid_search>display>email,0,Atlantic
4027,paid_social>organic_search,0,QC
4028,paid_social>display>display>display>paid_search>email,0,ON
4029,display>paid_search>paid_search>display>email,0,Prairies
4030,paid_social>organic_search>direct>email,0,BC
4031,direct>affiliate,0,Atlantic
4032,organic_search>direct,0,Atlantic
4033,paid_social>display>organic_search>affiliate,0,ON
4034,display>email,0,BC
4035,affiliate>paid_social>display>display>direct>paid_social,0,Prairies
4036,paid_social>direct>paid_social>organic_search,0,Prairies
4037,affiliate>paid_search,1,QC
4038,direct,0,AB
4039,direct,0,Atlantic
4040,organic_search>affiliate>display>organic_search>paid_search,0,ON
4041,display>paid_social,0,Atlantic
4042,display>paid_social>affiliate>affiliate,0,AB
4043,paid_search,0,Prairies
4044,paid_search>display>direct,0,Atlantic
4045,organic_search>paid_social>display>paid_search>direct,0,AB
4046,display>affiliate>paid_social>direct>paid_search,0,Atlantic
4047,affiliate>paid_social>paid_social>direct>email,0,QC
4048,display>affiliate,0,QC
4049,display>direct>email,0,ON
4050,paid_social>organic_search>display>paid_social>organic_search>paid_search,0,Atlantic
4051,organic_search>direct>paid_social>affiliate,0,AB
4052,paid_search>paid_social>paid_social>display,0,Atlantic
4053,organic_search>paid_social>paid_search>direct>paid_social,0,Atlantic
4054,direct>paid_social>paid_search>display>paid_social,0,ON
4055,display>paid_social>affiliate,0,AB
4056,paid_social>email>display>affiliate,0,ON
4057,display>display>paid_search,0,QC
4058,direct>email>paid_search>affiliate>email,0,AB
4059,paid_social>paid_social>paid_search>display>organic_search,0,ON
4060,organic_search>email>paid_search,0,ON
4061,display>organic_search>paid_social,0,AB
4062,organic_search>display>direct,0,Prairies
4063,direct>paid_search>paid_social>direct,0,Atlantic
4064,display>display>organic_search>direct>affiliate,0,Atlantic
4065,affiliate>organic_search>paid_social>affiliate>direct>paid_search,0,Prairies
4066,display>direct>organic_search>display>paid_social,0,AB
4067,paid_social>paid_social>organic_search>paid_search>display>paid_search,0,QC
4068,direct,0,Atlantic
4069,affiliate>paid_social>paid_search>display,0,ON
4070,direct>email,0,BC
4071,paid_social>display>paid_social,1,ON
4072,paid_social>paid_social>paid_social,0,ON
4073,paid_search>organic_search>direct>organic_search>organic_search>paid_social>affiliate,0,Prairies
4074,organic_search>display>display,0,Atlantic
4075,display>paid_social>paid_search,0,Atlantic
4076,display>display>display>paid_search,0,Prairies
4077,paid_search>direct,0,AB
4078,paid_social>direct>paid_search,0,QC
4079,affiliate>display>direct,0,AB
4080,paid_search>direct,0,QC
4081,organic_search>paid_social>display>paid_search>paid_social>direct,0,ON
4082,direct,0,Prairies
4083,email>direct,0,QC
4084,paid_social>display>display>paid_social>display>affiliate,0,BC
4085,affiliate>organic_search>paid_social>email,0,Prairies
4086,organic_search>display>paid_search,0,AB
4087,organic_search>organic_search>email,0,ON
4088,paid_social>organic_search>paid_social>direct,1,QC
4089,paid_search>display>paid_social,0,AB
4090,paid_social>affiliate>paid_social>paid_social>display>display>email,0,AB
4091,affiliate>display>paid_social>organic_search>affiliate,0,ON
4092,paid_social>display>paid_search>paid_social>paid_social>email,0,Prairies
4093,paid_social>display>organic_search>display>organic_search>paid_search,1,BC
4094,organic_search>email,0,AB
4095,display>paid_social>paid_social>paid_social>direct,0,BC
4096,direct,0,Atlantic
4097,paid_search>paid_search,0,Prairies
4098,organic_search>display>affiliate>direct,0,Prairies
4099,paid_social>organic_search>paid_social>paid_social>direct,0,BC
4100,paid_social>paid_social>display>affiliate,0,BC
4101,paid_social>paid_social>display>email,0,Atlantic
4102,paid_search>paid_search>email,1,Atlantic
4103,display>paid_social>organic_search>display>direct,0,BC
4104,paid_social>direct,0,Prairies
4105,affiliate>paid_search>organic_search>paid_social>affiliate,1,Prairies
4106,paid_search>display>display>paid_social>email,0,QC
4107,paid_social>organic_search>organic_search>paid_social,0,ON
4108,paid_social>paid_search>direct>affiliate,0,QC
4109,display>display>email,0,QC
4110,display>paid_social>organic_search>direct,0,QC
4111,organic_search>paid_social>paid_search>paid_social>email,0,Atlantic
4112,paid_social>display>display>email,1,BC
4113,display>paid_social>email,1,Atlantic
4114,paid_social>paid_social,0,Prairies
4115,paid_social>organic_search>email,0,QC
4116,paid_social>direct,1,QC
4117,paid_social>paid_social>paid_social>display>paid_social>affiliate,1,ON
4118,display>display,0,Prairies
4119,display>email,0,QC
4120,affiliate>paid_social>affiliate>email,0,ON
4121,paid_social>email,1,AB
4122,display>paid_search,0,Atlantic
4123,display,0,Prairies
4124,paid_search>display>paid_search>paid_search>organic_search,0,BC
4125,paid_social>display>organic_search>paid_social>paid_social>organic_search>affiliate>email,1,Prairies
4126,organic_search>organic_search>display>paid_social>paid_social>paid_search,0,ON
4127,display>affiliate>organic_search>affiliate,0,QC
4128,display>paid_social>organic_search,0,BC
4129,organic_search>display>direct,1,QC
4130,paid_social>email>display>email,0,Atlantic
4131,paid_social>paid_social>paid_search,0,QC
4132,paid_search>paid_social>direct,0,QC
4133,paid_social>display>paid_search,0,AB
4134,display>paid_social,0,QC
4135,organic_search>direct,0,Atlantic
4136,organic_search>display>paid_search,0,AB
4137,paid_social>paid_search>paid_social>paid_social>paid_social>paid_search,0,Atlantic
4138,paid_social>display>affiliate>display,1,AB
4139,paid_social>affiliate>direct>email,0,ON
4140,organic_search>affiliate,0,Atlantic
4141,paid_search>paid_social,0,Atlantic
4142,paid_social>direct,0,Prairies
4143,paid_social>paid_search>organic_search>organic_search,0,Atlantic
4144,paid_search>display>direct,0,BC
4145,paid_search>display>paid_social>direct,0,Atlantic
4146,organic_search>organic_search>affiliate>email,0,BC
4147,paid_social>paid_social>direct>paid_search,0,ON
4148,display>display,0,ON
4149,display>paid_search>display>direct,0,Atlantic
4150,display>affiliate,0,AB
4151,direct>paid_social>email,0,Atlantic
4152,affiliate,0,BC
4153,organic_search>display>organic_search>affiliate>affiliate>organic_search,0,QC
4154,display>organic_search>direct>display,0,AB
4155,paid_social>paid_social>paid_search>email,0,QC
4156,paid_social>paid_social>paid_search,0,Prairies
4157,organic_search>email,0,AB
4158,paid_social>affiliate,0,Prairies
4159,paid_search>paid_social>paid_social>display>paid_social>paid_search,1,AB
4160,paid_social>display>direct,0,QC
4161,paid_search>display>display>organic_search>organic_search>affiliate>organic_search,0,ON
4162,paid_social>direct,0,QC
4163,paid_social>organic_search,0,QC
4164,display>display>direct,0,ON
4165,paid_search>organic_search>organic_search>organic_search,0,ON
4166,organic_search>direct,0,QC
4167,paid_search>email,0,Atlantic
4168,paid_social>organic_search>paid_search>email,1,ON
4169,affiliate>paid_search>affiliate>display>affiliate>paid_search,1,Prairies
4170,direct,0,QC
4171,display>direct>display>paid_search>email,0,Atlantic
4172,paid_search>email,0,ON
4173,display>paid_search,0,ON
4174,display>display>display>paid_search>paid_search,0,QC
4175,display>affiliate>organic_search,0,Atlantic
4176,display>email,0,Prairies
4177,display>display>direct,0,AB
4178,display>affiliate>affiliate>direct,0,AB
4179,display>direct,0,AB
4180,organic_search>paid_search,0,Atlantic
4181,display>display>display>direct,0,Atlantic
4182,display>paid_search,0,BC
4183,display>display>paid_search,0,AB
4184,organic_search>paid_social>display>paid_search>direct,0,AB
4185,display>organic_search,0,Atlantic
4186,organic_search>paid_search>email,0,BC
4187,organic_search>paid_social>paid_social>display>paid_search>email,0,ON
4188,affiliate>paid_search>paid_search>paid_search,0,Atlantic
4189,direct>display>direct,0,QC
4190,paid_social>direct,0,Atlantic
4191,paid_social>direct>email>direct>direct,0,Prairies
4192,paid_search>paid_social>organic_search,0,QC
4193,paid_social>direct,0,ON
4194,display>display>paid_search,0,QC
4195,paid_search>display>direct,0,AB
4196,paid_social>paid_search>paid_search>display>direct,0,QC
4197,display>paid_social>paid_social>display>paid_social>paid_search>direct,0,ON
4198,paid_search>email>display>paid_search,0,QC
4199,affiliate,0,Prairies
4200,affiliate>paid_social>direct,0,ON
4201,paid_search>display>paid_social>paid_social>display>direct,1,AB
4202,direct>display>direct,0,Prairies
4203,organic_search>display>display>email,0,QC
4204,paid_search>paid_social>paid_social>organic_search>email,0,Atlantic
4205,display>paid_social>paid_social>organic_search>paid_search,0,AB
4206,display>paid_social>organic_search>organic_search>affiliate,0,BC
4207,organic_search>email>paid_social>display>organic_search>display>email,0,AB
4208,display>direct>direct,0,BC
4209,display>email,0,Atlantic
4210,paid_search>display>affiliate,0,Atlantic
4211,direct>organic_search>affiliate,0,ON
4212,paid_social>affiliate>organic_search>affiliate,0,QC
4213,display>display>display>display>display>paid_search,0,AB
4214,display>direct>display>display,0,ON
4215,affiliate>paid_social,0,BC
4216,paid_search>email>paid_search,0,AB
4217,organic_search>display>direct>paid_social>affiliate,0,Prairies
4218,direct>direct>display>direct>direct,0,BC
4219,direct,0,ON
4220,paid_social>paid_search>direct,0,Prairies
4221,direct,0,BC
4222,paid_social>organic_search>paid_social>paid_social>organic_search>paid_search>organic_search>direct,0,AB
4223,organic_search>direct,0,BC
4224,affiliate>display,0,Atlantic
4225,paid_social>display>paid_social>paid_social,0,Atlantic
4226,direct>paid_social>paid_search,0,ON
4227,display>paid_search>paid_social>organic_search,0,Prairies
4228,organic_search>display>affiliate>display>affiliate,0,Atlantic
4229,display>organic_search>organic_search>paid_search,0,QC
4230,display>email>display>display,0,ON
4231,organic_search>paid_search>direct,0,Atlantic
4232,direct,0,QC
4233,display>organic_search>paid_social>organic_search>direct,0,Atlantic
4234,affiliate,1,Atlantic
4235,affiliate>paid_social>affiliate,0,Atlantic
4236,paid_search>paid_search>affiliate>display>paid_social>direct,1,BC
4237,display>paid_social>paid_search>organic_search>paid_search>paid_search,0,AB
4238,affiliate,0,ON
4239,affiliate>email,0,Atlantic
4240,paid_search>paid_social>paid_social>display>direct,1,AB
4241,direct>display,0,Atlantic
4242,display>affiliate>display>paid_search,0,QC
4243,paid_social>direct,0,AB
4244,organic_search>paid_search,0,AB
4245,display>display>display>paid_search>display,0,Atlantic
4246,paid_social>organic_search>paid_social,1,Atlantic
4247,paid_social>organic_search>direct,0,ON
4248,display>paid_social>paid_social>display,0,AB
4249,display>organic_search>paid_social,0,ON
4250,affiliate>display>affiliate>organic_search>paid_social>organic_search,0,Atlantic
4251,display>display>paid_social>display>organic_search,0,QC
4252,organic_search>paid_social>affiliate>direct,0,AB
4253,display>paid_social>paid_social>paid_search,0,QC
4254,display>paid_social>paid_search,0,Prairies
4255,paid_social>paid_social>paid_social>direct>organic_search,0,BC
4256,display>paid_search>direct,0,Prairies
4257,organic_search>organic_search>paid_social>organic_search>organic_search,0,AB
4258,paid_social>display>paid_social>paid_search,0,ON
4259,display>paid_search,0,BC
4260,display>organic_search,0,AB
4261,display>display>organic_search,0,Atlantic
4262,organic_search>organic_search>direct,0,BC
4263,paid_social>paid_social>organic_search>direct,0,Atlantic
4264,affiliate>display>paid_social>organic_search>organic_search>paid_social>paid_search,0,AB
4265,paid_search>affiliate>display>paid_search,1,BC
4266,affiliate>paid_social>display>paid_search,0,QC
4267,display>direct,0,QC
4268,organic_search>email,0,ON
4269,paid_search>paid_social>direct>email,0,QC
4270,paid_search>organic_search>affiliate,0,Atlantic
4271,email>display>display>paid_search,0,Atlantic
4272,paid_search>display>display>paid_social,0,Atlantic
4273,email,0,QC
4274,display>organic_search,0,ON
4275,paid_social>paid_social>email,0,BC
4276,paid_social>email,0,AB
4277,organic_search>display>display>display,0,ON
4278,display>paid_search>affiliate>email,0,ON
4279,paid_social>paid_search>direct,0,BC
4280,affiliate>paid_search,0,AB
4281,display>display>display,0,QC
4282,affiliate>display>direct,0,Prairies
4283,email>paid_social>paid_search>display>paid_search>paid_search>paid_search>affiliate,0,Prairies
4284,paid_social>display>organic_search,1,ON
4285,organic_search>paid_social>direct>direct,0,AB
4286,display>display>paid_social>direct>direct,0,BC
4287,direct>direct,0,BC
4288,affiliate>display>paid_social>paid_search,0,ON
4289,display>display>paid_search,0,Prairies
4290,organic_search>organic_search>display>organic_search>paid_social>affiliate,0,ON
4291,paid_social>direct>direct>direct>affiliate,0,QC
4292,affiliate>organic_search>display>email,1,Prairies
4293,organic_search>organic_search>email>email,0,ON
4294,display>email,0,Atlantic
4295,paid_social>organic_search>paid_search>affiliate,1,ON
4296,paid_social>organic_search>direct,1,Prairies
4297,paid_search>direct>organic_search,0,Prairies
4298,organic_search>direct,0,Atlantic
4299,paid_social>paid_search>affiliate,0,ON
4300,paid_social>direct,0,ON
4301,paid_social>affiliate,0,BC
4302,paid_social>paid_social>affiliate,0,AB
4303,display>paid_social>display>affiliate,0,AB
4304,organic_search>paid_social>display>email,1,ON
4305,affiliate>display>email,0,Atlantic
4306,paid_social>paid_search>display>affiliate>direct,0,Atlantic
4307,display>paid_search>display>paid_search,1,Prairies
4308,display>affiliate>display>direct>paid_search>organic_search,0,Atlantic
4309,paid_social>display>paid_search>paid_search,0,AB
4310,organic_search>affiliate>paid_search>display>direct,0,AB
4311,paid_social>paid_social>paid_search>paid_social>affiliate>display>paid_social,0,ON
4312,display>organic_search>paid_social>paid_social>paid_social>direct,0,AB
4313,display>paid_social>display>paid_social>display>organic_search,0,Atlantic
4314,paid_social>display>affiliate,0,QC
4315,display>affiliate>paid_search,0,Prairies
4316,display>direct,1,Atlantic
4317,direct,0,AB
4318,paid_search>affiliate,0,AB
4319,paid_search>paid_search>direct,0,BC
4320,display>display>display,1,Atlantic
4321,organic_search>display>display>paid_search,0,AB
4322,paid_search>email>email,0,Prairies
4323,organic_search>display>email,0,Atlantic
4324,organic_search>display>paid_social>paid_social>organic_search,0,Atlantic
4325,paid_social>organic_search>paid_search,0,Prairies
4326,organic_search>display>organic_search>email,0,AB
4327,display>organic_search>affiliate>paid_search,0,Atlantic
4328,direct>paid_search>affiliate>paid_social>display>paid_search,0,AB
4329,affiliate>direct,0,QC
4330,display>display>email,0,AB
4331,paid_social>paid_search>direct>paid_search>paid_social>display>email,1,Atlantic
4332,display>direct,0,AB
4333,direct,0,QC
4334,paid_search>paid_social>display>display,0,ON
4335,display>affiliate>display>organic_search,1,BC
4336,display>paid_search>direct,0,QC
4337,direct>display>paid_social>display,0,ON
4338,organic_search>paid_search,0,Prairies
4339,paid_search>display>paid_search>display>organic_search,0,Atlantic
4340,direct>paid_search>display>paid_search>display>organic_search>email,1,BC
4341,paid_social>affiliate>paid_social>direct,1,QC
4342,display>direct>paid_social>affiliate,0,AB
4343,display>organic_search>affiliate>organic_search,1,Prairies
4344,paid_search>display>direct>paid_search,1,QC
4345,display>display>organic_search>email,0,Atlantic
4346,display>paid_social>paid_search,0,BC
4347,direct>paid_search>organic_search,0,AB
4348,paid_search>display>paid_search>paid_social>paid_search,0,ON
4349,email>direct,0,AB
4350,display>paid_social>organic_search>paid_search>display,0,BC
4351,display>display>paid_search>organic_search>affiliate,0,BC
4352,organic_search>paid_social>paid_search>paid_social>paid_social>direct,1,ON
4353,paid_search,0,QC
4354,paid_search>display>direct,0,Prairies
4355,organic_search>direct,0,AB
4356,display>organic_search>paid_social>paid_social>paid_social>display>display>affiliate,0,AB
4357,display>display>display>email,0,Atlantic
4358,paid_social>organic_search>paid_social>email,0,Prairies
4359,display>display>email,0,AB
4360,paid_social>paid_search>display>paid_search,1,BC
4361,direct>paid_social>paid_social>organic_search>paid_search>paid_social>paid_social,1,ON
4362,direct,0,BC
4363,paid_social>organic_search>display,0,AB
4364,paid_social>display>email,0,ON
4365,paid_social,0,Atlantic
4366,paid_social>paid_search>display>email,0,Prairies
4367,paid_search>affiliate,0,Atlantic
4368,paid_social,0,Atlantic
4369,email>paid_social>paid_social>email,0,Atlantic
4370,paid_search>paid_search,0,AB
4371,paid_social>display>organic_search>display,0,QC
4372,affiliate,0,Atlantic
4373,organic_search>paid_search,0,ON
4374,paid_search>affiliate>direct,0,Prairies
4375,display>direct>paid_social>display,0,AB
4376,email>paid_search,0,Prairies
4377,display>organic_search>display>direct,0,BC
4378,display>paid_social>paid_social>paid_search,0,BC
4379,display>paid_social>display>paid_search,0,QC
4380,organic_search>email,0,QC
4381,affiliate>display>paid_search>direct,0,Prairies
4382,display>direct,0,Prairies
4383,affiliate>paid_search>direct>display>paid_search,0,ON
4384,paid_social>paid_social>display>organic_search>organic_search,0,QC
4385,email>paid_search>paid_social>display>paid_search>organic_search>direct,1,QC
4386,organic_search>direct,0,ON
4387,display>direct>paid_search,0,AB
4388,display>paid_search,0,ON
4389,paid_social>email>paid_search,0,Atlantic
4390,paid_search>paid_social>paid_social>paid_social>paid_search,0,QC
4391,email>organic_search>display,0,AB
4392,display>paid_search,0,AB
4393,paid_search>paid_search,0,ON
4394,affiliate>display>affiliate>affiliate,0,BC
4395,display>direct,0,BC
4396,display>display>organic_search>organic_search,0,BC
4397,display>affiliate,0,Atlantic
4398,paid_social>display>direct>paid_social>direct,0,AB
4399,paid_social>organic_search>direct,0,Prairies
4400,paid_social>paid_social,0,ON
4401,display>display>affiliate,0,Prairies
4402,display>email,0,BC
4403,paid_search>affiliate>paid_social,0,BC
4404,display>display>display>paid_social>paid_social>display>email,0,AB
4405,paid_social>affiliate,0,Prairies
4406,paid_social>paid_search>affiliate>email>display>paid_social>paid_social,1,BC
4407,paid_social>display>paid_search>paid_search,0,AB
4408,paid_social>display>paid_social>paid_search>direct,0,QC
4409,paid_search>direct>paid_search,0,ON
4410,paid_social>direct,0,Prairies
4411,paid_social>direct,0,Prairies
4412,paid_search>display>paid_social>organic_search>direct,1,ON
4413,affiliate>organic_search>paid_search>display>paid_search>paid_social>direct,0,QC
4414,display>organic_search>paid_search>affiliate>direct,0,AB
4415,paid_search,0,AB
4416,direct,0,Prairies
4417,display>paid_search,0,QC
4418,paid_social>display>direct,0,Prairies
4419,paid_search>display>display>organic_search>direct,0,BC
4420,paid_search,0,QC
4421,email>paid_social>direct,0,AB
4422,display>paid_search,0,Atlantic
4423,affiliate>direct>email,0,Atlantic
4424,paid_search>direct>display>paid_search,0,ON
4425,display>paid_search>paid_social>email,0,ON
4426,display>paid_social>affiliate,0,Atlantic
4427,direct>paid_search>display>display>organic_search>email,0,Atlantic
4428,organic_search>organic_search>paid_social>direct>affiliate>paid_search>direct,0,QC
4429,affiliate>email>email,1,BC
4430,paid_search>organic_search>paid_social>paid_social>affiliate,1,AB
4431,display>affiliate>organic_search>affiliate,0,Atlantic
4432,paid_social>display>paid_social>paid_search,1,BC
4433,organic_search>display>organic_search>affiliate>direct,0,ON
4434,display>organic_search,0,Atlantic
4435,display>paid_social,0,Atlantic
4436,paid_social>display>organic_search>affiliate,0,ON
4437,organic_search>paid_social>display>affiliate,1,ON
4438,paid_search>organic_search,0,QC
4439,paid_social>organic_search>display>direct,0,Prairies
4440,display>display>paid_social>direct,0,AB
4441,display>display>paid_search>direct,0,Atlantic
4442,paid_social>paid_search,0,BC
4443,organic_search>paid_social>organic_search>email,0,AB
4444,display>display>paid_social>display>email,0,AB
4445,affiliate>paid_social>display>organic_search,0,AB
4446,display>paid_social>organic_search>paid_search,0,Atlantic
4447,display>display>paid_search,0,ON
4448,display>display>display>organic_search,0,AB
4449,organic_search>organic_search>organic_search,0,BC
4450,affiliate>paid_social>display>direct>email,0,ON
4451,affiliate>direct,0,QC
4452,affiliate>paid_social>paid_search>display>paid_social>email,0,BC
4453,paid_social>affiliate>paid_social>display,0,ON
4454,paid_social,0,QC
4455,paid_social>paid_social>display>display>organic_search,0,Prairies
4456,paid_social>paid_search>paid_social>paid_social>email,1,BC
4457,display,0,Prairies
4458,paid_social>affiliate,0,AB
4459,affiliate>paid_social>organic_search>display,0,Atlantic
4460,display>display>paid_social>paid_social>email,0,QC
4461,display>display>direct,0,BC
4462,display>affiliate>direct>affiliate,1,Atlantic
4463,paid_social>paid_search>email>organic_search>paid_search,0,Prairies
4464,paid_social>paid_social>paid_search,0,BC
4465,paid_search>direct,0,BC
4466,display>display>paid_social>paid_search>paid_social>paid_search>display>display>paid_search,0,QC
4467,organic_search>direct,0,AB
4468,paid_search,0,ON
4469,paid_social>direct,0,ON
4470,paid_social>paid_search>display>email,0,BC
4471,paid_search,0,Prairies
4472,organic_search>organic_search>paid_search>direct,0,Atlantic
4473,display>display>organic_search,0,Atlantic
4474,display>paid_social>direct>paid_social>direct,0,BC
4475,paid_social>direct,0,QC
4476,email,1,ON
4477,organic_search>email>direct>display>display>paid_search,0,ON
4478,direct>organic_search>display>direct,0,Prairies
4479,display>paid_search>display,0,QC
4480,paid_social>email,0,QC
4481,display>affiliate>paid_search>paid_search>paid_search,0,Prairies
4482,direct>paid_search>paid_social>paid_social>paid_social>direct,0,QC
4483,display>paid_search>paid_search,0,ON
4484,paid_search,0,AB
4485,direct>paid_social>display>direct,0,QC
4486,direct>paid_social>direct,0,AB
4487,organic_search>organic_search>paid_search>email,0,Prairies
4488,paid_social>organic_search>affiliate,0,AB
4489,affiliate>paid_social>organic_search>email,0,Atlantic
4490,organic_search>display>affiliate>email>display>display,0,ON
4491,organic_search>paid_search>affiliate,0,Prairies
4492,email,0,QC
4493,paid_social>paid_social>organic_search>organic_search>affiliate>paid_search>direct>display>direct,0,ON
4494,display>display>paid_search,0,AB
4495,affiliate>affiliate,0,Atlantic
4496,display>affiliate>email,0,ON
4497,display>paid_social>organic_search>direct,1,AB
4498,affiliate>paid_social>direct,0,ON
4499,affiliate,0,QC
4500,display>direct,0,Atlantic
4501,display>affiliate>direct,0,Atlantic
4502,direct,0,ON
4503,paid_social>affiliate,0,QC
4504,paid_search>paid_social,0,QC
4505,paid_search>paid_search>affiliate>email,0,QC
4506,paid_search>direct,0,QC
4507,email,0,QC
4508,display>direct>display>display>paid_search,0,BC
4509,paid_social>paid_social>organic_search,1,Prairies
4510,affiliate,0,Atlantic
4511,display>display>organic_search>display>paid_social,0,Atlantic
4512,organic_search>paid_search>display>direct,0,ON
4513,display>organic_search>direct,0,Prairies
4514,paid_search>display>display>paid_social,0,BC
4515,paid_social,0,QC
4516,organic_search>affiliate>organic_search,0,AB
4517,paid_search,0,ON
4518,display>display>paid_search,0,QC
4519,paid_social>direct>organic_search,0,QC
4520,affiliate>paid_search>display>affiliate>organic_search,0,AB
4521,email>paid_social>organic_search>display>display,0,AB
4522,organic_search>organic_search>organic_search>direct,0,BC
4523,paid_social>paid_search,0,Prairies
4524,display>paid_social>affiliate>paid_social>display>direct,0,Atlantic
4525,display>display>display>email,0,Atlantic
4526,display>direct>paid_social>organic_search,0,QC
4527,paid_search,0,BC
4528,paid_social>organic_search>display>paid_social,0,BC
4529,paid_search>paid_social>paid_social>paid_social>email,0,Prairies
4530,paid_search>organic_search>affiliate>direct,1,Atlantic
4531,paid_social>organic_search>display>direct,1,Prairies
4532,paid_social>paid_search,0,BC
4533,paid_social>display>paid_social>organic_search>direct>affiliate>organic_search,0,Prairies
4534,display>email,0,Prairies
4535,organic_search>paid_search>affiliate,0,Prairies
4536,email>direct,1,ON
4537,email>display>affiliate>display>paid_search>paid_search>organic_search>direct,0,AB
4538,display>email,0,Atlantic
4539,paid_social>paid_social>paid_search,0,QC
4540,organic_search>paid_social>display>affiliate,0,ON
4541,display>direct,0,Atlantic
4542,display>direct,0,Atlantic
4543,display>direct,0,QC
4544,paid_social>paid_search,0,ON
4545,organic_search>organic_search,0,ON
4546,paid_social>paid_search>direct>paid_social>organic_search>paid_search,1,QC
4547,email>paid_search,0,ON
4548,paid_social>paid_social>paid_social>display>paid_search,0,QC
4549,paid_social>paid_social>direct,0,Atlantic
4550,organic_search>display>paid_social>paid_search,0,BC
4551,email,0,Atlantic
4552,affiliate>organic_search>organic_search>direct>direct,1,QC
4553,paid_social>organic_search>paid_search>paid_search,0,Atlantic
4554,organic_search>display>display>display>display,0,ON
4555,affiliate>organic_search,0,Atlantic
4556,paid_search>organic_search>paid_social>email,0,Prairies
4557,display>direct,0,Atlantic
4558,display>paid_social>affiliate>paid_search>display>paid_search,0,Atlantic
4559,affiliate>organic_search>paid_social>paid_search,0,QC
4560,affiliate,1,QC
4561,organic_search>paid_social>paid_search>paid_search>paid_social,0,Prairies
4562,email>display>paid_social>paid_social,0,Prairies
4563,affiliate>paid_social>affiliate,0,Atlantic
4564,organic_search>organic_search>paid_search>email,0,Prairies
4565,affiliate>paid_social>affiliate>email,0,QC
4566,display>paid_search>display>paid_social>email,0,BC
4567,paid_search>email,0,Atlantic
4568,paid_search>display>paid_social>display>paid_social,1,AB
4569,paid_social>direct>organic_search>paid_social,0,ON
4570,paid_social>display>email,0,AB
4571,paid_social>paid_search,0,ON
4572,organic_search>organic_search>affiliate>paid_social>display>paid_search,0,AB
4573,direct>display>direct,0,Atlantic
4574,organic_search>paid_search>display>paid_social>paid_social>direct,0,Prairies
4575,display>direct>direct,0,Atlantic
4576,display>direct,0,QC
4577,affiliate>affiliate>organic_search>affiliate>organic_search>organic_search>email,1,Atlantic
4578,organic_search>organic_search,0,Prairies
4579,affiliate>paid_search,0,ON
4580,organic_search>affiliate>affiliate,0,Prairies
4581,affiliate>paid_search>affiliate,0,BC
4582,paid_social>display>paid_social>organic_search>paid_social>display>paid_social,0,QC
4583,paid_social>paid_social,0,BC
4584,paid_search>email>organic_search>email,0,AB
4585,paid_social>email>direct>organic_search>display>direct,0,Prairies
4586,email>email,0,Prairies
4587,paid_social>organic_search>paid_social>affiliate>paid_social>direct,0,QC
4588,paid_search>email,0,Prairies
4589,affiliate>display>affiliate,0,ON
4590,email>email,0,Prairies
4591,email>paid_search>paid_search>organic_search,0,BC
4592,organic_search>display>email,0,QC
4593,display>affiliate>organic_search,0,QC
4594,paid_social>paid_search>display>direct,0,BC
4595,paid_search>direct,1,BC
4596,paid_social,0,Prairies
4597,display>paid_social>affiliate>paid_search>display,0,ON
4598,email,0,ON
4599,paid_search>paid_search>paid_search,1,Prairies
4600,display>organic_search>paid_search>email,1,BC
4601,direct>direct>direct,0,AB
4602,paid_social>affiliate>paid_search,0,AB
4603,organic_search,0,Atlantic
4604,display>organic_search>display>display>direct,0,BC
4605,email>display,0,ON
4606,paid_social>paid_search,0,Prairies
4607,paid_search>display>paid_social>organic_search,0,QC
4608,affiliate>display>display>email,0,Prairies
4609,organic_search>display>paid_search>paid_search>display>email,0,ON
4610,paid_search>organic_search>paid_search>paid_social>affiliate>paid_search>paid_social>paid_search>affiliate,0,Atlantic
4611,paid_social>paid_social>paid_social>paid_search>direct,0,BC
4612,organic_search>affiliate>organic_search>paid_search,1,Prairies
4613,display>paid_social>email,0,Prairies
4614,paid_social>display>paid_search,0,Prairies
4615,organic_search>paid_search>paid_social,0,BC
4616,display>paid_search>organic_search>paid_social,1,Prairies
4617,paid_social>email,0,AB
4618,display>paid_social>display>paid_search,0,Atlantic
4619,paid_social>paid_social>affiliate>display>email,0,QC
4620,direct>paid_social>organic_search,0,AB
4621,paid_search>direct>paid_search,0,Atlantic
4622,paid_search>direct,0,AB
4623,organic_search>paid_social>paid_social>display>direct,0,AB
4624,display>paid_search,0,Prairies
4625,paid_social>organic_search>paid_social>paid_search,0,ON
4626,display>paid_search>paid_search>affiliate,0,ON
4627,organic_search>direct,0,ON
4628,paid_social>paid_search>paid_search>direct,0,BC
4629,affiliate>organic_search>paid_social>affiliate>direct,0,QC
4630,display>paid_search>paid_social,0,QC
4631,paid_social>display>organic_search>affiliate,0,QC
4632,paid_social>organic_search>affiliate,0,AB
4633,direct,0,Prairies
4634,paid_social>organic_search,0,Atlantic
4635,display>email,0,Prairies
4636,organic_search>organic_search>organic_search>email,0,Prairies
4637,paid_search,0,Prairies
4638,paid_social>paid_search,1,QC
4639,direct,0,QC
4640,display>display>direct,0,AB
4641,paid_social>paid_social>display>paid_social>paid_search,0,Atlantic
4642,email>organic_search>affiliate,0,BC
4643,paid_social>email,0,ON
4644,paid_social>display>display>email>direct,1,BC
4645,display>organic_search,0,Atlantic
4646,display>direct>display>paid_social>paid_search,1,ON
4647,paid_social>direct>paid_social>paid_social>direct,1,AB
4648,email>paid_search,1,Prairies
4649,paid_social>paid_search>organic_search>affiliate,1,QC
4650,display>paid_search>paid_search,0,QC
4651,email>paid_search>paid_social,0,AB
4652,affiliate>organic_search>display>paid_search,1,Prairies
4653,paid_social>paid_social>display>organic_search>paid_social>display>affiliate,0,ON
4654,organic_search>paid_social>organic_search>direct,0,ON
4655,organic_search>direct,0,Atlantic
4656,display>paid_search,0,BC
4657,organic_search>organic_search>organic_search>display>direct,0,ON
4658,paid_social>display>direct,0,QC
4659,display>organic_search,0,Prairies
4660,organic_search>display>direct>organic_search>organic_search,0,Atlantic
4661,direct>organic_search>paid_search>email>paid_search>paid_search>direct,1,Atlantic
4662,organic_search>display>paid_social>paid_search>paid_social>direct,0,Prairies
4663,paid_social>organic_search>affiliate,0,AB
4664,paid_social>affiliate,0,AB
4665,direct>display>paid_social>paid_social>paid_search>organic_search,0,BC
4666,paid_social>direct>paid_social>direct,0,AB
4667,paid_social>direct,0,AB
4668,display>paid_social>paid_social>organic_search>organic_search>affiliate,0,BC
4669,organic_search>direct>paid_social,0,Atlantic
4670,direct,0,Atlantic
4671,organic_search>paid_search,0,Prairies
4672,affiliate>paid_social,1,ON
4673,organic_search>affiliate>organic_search>organic_search>display>display>display>organic_search,0,Atlantic
4674,display>paid_social>paid_search>display>email,0,Prairies
4675,paid_social>display>affiliate>affiliate>paid_social>direct,1,AB
4676,email>paid_search>display>paid_search>affiliate>affiliate,0,Atlantic
4677,organic_search>paid_social>organic_search,0,QC
4678,organic_search>email>paid_search>display>direct,0,BC
4679,organic_search>paid_social,0,BC
4680,paid_social>display,0,Atlantic
4681,paid_social>paid_search>display,0,ON
4682,display>paid_social>organic_search,0,ON
4683,paid_search>affiliate>email,1,AB
4684,display>paid_social,0,BC
4685,affiliate>paid_social>display>paid_search>paid_social>direct,0,AB
4686,paid_social>paid_social>affiliate>paid_search,0,ON
4687,paid_social>direct,0,BC
4688,display>display>paid_search,0,AB
4689,direct,0,ON
4690,organic_search>display>display>display>direct,0,Prairies
4691,paid_social>paid_search>paid_search,1,AB
4692,affiliate>organic_search,0,AB
4693,paid_search>organic_search>paid_social>display>display>direct,1,QC
4694,organic_search>paid_search,0,AB
4695,paid_search>direct,0,Atlantic
4696,paid_social>paid_search,0,AB
4697,display>paid_search>direct,0,Prairies
4698,display>affiliate,0,AB
4699,display>paid_social>display>paid_search,0,ON
4700,paid_social>organic_search>organic_search>paid_search>direct,0,Atlantic
4701,paid_social>paid_search,0,Atlantic
4702,display>display>paid_social>paid_search,0,Prairies
4703,paid_search>organic_search>organic_search>paid_social>paid_social>email,0,Prairies
4704,direct,0,ON
4705,paid_search>direct>organic_search>organic_search,0,QC
4706,display>paid_social>display>display>display>direct,1,AB
4707,display>paid_search>direct,0,AB
4708,display>paid_search>direct,1,Prairies
4709,paid_search>paid_social>organic_search>email,0,AB
4710,paid_search>paid_social>display>organic_search>email,0,AB
4711,paid_social>organic_search>display>email,0,QC
4712,affiliate>paid_social>affiliate>paid_search,0,Atlantic
4713,paid_social>organic_search>paid_social>direct,0,Atlantic
4714,display>paid_search>paid_search,0,BC
4715,direct>paid_social>affiliate>paid_search,0,QC
4716,paid_social>organic_search,0,AB
4717,paid_search>display>affiliate,0,AB
4718,display>paid_search>affiliate,1,AB
4719,display>display>organic_search>email,0,Prairies
4720,affiliate>paid_search,0,ON
4721,paid_social>display>direct,0,ON
4722,email>display>direct,0,AB
4723,organic_search>display>direct,0,Prairies
4724,display>affiliate>paid_search,1,AB
4725,display>display>direct,0,Prairies
4726,display>organic_search>paid_social>paid_search>display>organic_search>email,1,ON
4727,display>paid_search>paid_social>affiliate>paid_search,0,Prairies
4728,display>paid_search>paid_social>paid_social,0,ON
4729,email>affiliate>paid_social>organic_search,0,AB
4730,paid_search>organic_search>display>paid_search,0,AB
4731,affiliate>paid_social>direct>direct,0,ON
4732,paid_social>display>direct,0,QC
4733,display>email,0,AB
4734,paid_social>organic_search>direct,0,BC
4735,paid_search>email,0,ON
4736,paid_search>paid_social>paid_search>direct,0,ON
4737,paid_search>paid_search>direct,0,QC
4738,paid_social>affiliate>organic_search>paid_social>direct,0,Atlantic
4739,display>display>display>organic_search>organic_search>paid_search,0,QC
4740,direct,0,Prairies
4741,display>affiliate,0,Prairies
4742,organic_search>email,0,BC
4743,paid_search>display>display>direct,0,ON
4744,display>display>paid_social>affiliate>direct,0,ON
4745,display>affiliate>display>affiliate,0,QC
4746,direct>paid_search,0,AB
4747,direct>display>paid_social>direct,0,Prairies
4748,paid_social>affiliate>paid_search>paid_social>email,1,Atlantic
4749,affiliate>display>organic_search>direct,0,QC
4750,display>affiliate>email>paid_search>affiliate,0,BC
4751,paid_search>paid_social>organic_search,0,Prairies
4752,paid_social>paid_social>display>paid_search,0,Atlantic
4753,organic_search,0,Atlantic
4754,direct>direct,0,Prairies
4755,direct>direct,0,Prairies
4756,display>paid_search>paid_social>display>display,1,ON
4757,direct,0,BC
4758,display>display,0,Atlantic
4759,direct>direct,0,QC
4760,affiliate>paid_social>email,0,BC
4761,paid_social>direct,0,ON
4762,paid_search>paid_social>display>email>direct,1,BC
4763,paid_social>paid_search>affiliate>display>organic_search>display>paid_social>direct,0,Atlantic
4764,email,0,Atlantic
4765,paid_social>email,0,ON
4766,organic_search>display>display>paid_social>paid_search,1,Prairies
4767,organic_search>organic_search>display>paid_search>display>paid_social,0,ON
4768,paid_search>paid_social>paid_social>affiliate,0,QC
4769,display,0,Atlantic
4770,email>organic_search>paid_social,0,Prairies
4771,direct,0,ON
4772,organic_search>organic_search>display>organic_search,0,BC
4773,organic_search>organic_search>paid_social,0,BC
4774,affiliate>organic_search>display>paid_social>affiliate>affiliate,0,Atlantic
4775,display>organic_search>display>organic_search>display>paid_social,0,Atlantic
4776,display>organic_search,0,Prairies
4777,paid_search>organic_search>direct,0,QC
4778,organic_search>direct>affiliate,0,QC
4779,organic_search,0,QC
4780,email>affiliate>organic_search>organic_search>display>organic_search>email,0,Atlantic
4781,paid_social>display>paid_social,0,QC
4782,organic_search>organic_search>paid_search>paid_social>email,0,BC
4783,display>paid_search>paid_social>paid_search>display,0,Atlantic
4784,display>paid_search>organic_search>organic_search,0,QC
4785,direct>paid_search>email,0,AB
4786,organic_search>affiliate,0,ON
4787,paid_social>paid_social>paid_search,1,BC
4788,direct,0,QC
4789,affiliate>direct,1,Atlantic
4790,paid_social>paid_social>paid_search>display>organic_search,0,ON
4791,display>display>affiliate>paid_search>paid_social>affiliate>organic_search>email,0,Atlantic
4792,direct,0,ON
4793,paid_social>paid_social>paid_social>paid_social>direct,0,QC
4794,paid_social>paid_social>direct>display>direct,0,QC
4795,affiliate>display>organic_search>paid_social>organic_search,1,Atlantic
4796,paid_social>paid_social>paid_social>paid_social>paid_social>direct,1,QC
4797,direct,0,Atlantic
4798,paid_social>organic_search>organic_search>paid_social,0,ON
4799,display>display>paid_search,0,AB
4800,organic_search>email,0,QC
4801,direct,0,Prairies
4802,organic_search>display>organic_search>paid_search,0,ON
4803,display>affiliate>paid_search>organic_search,0,QC
4804,paid_search>organic_search>affiliate>affiliate,0,AB
4805,direct>display>paid_social>direct,0,QC
4806,direct>affiliate>paid_search>paid_social>display>display>direct,0,Atlantic
4807,display>paid_social>paid_social>paid_social>display,0,ON
4808,paid_social>display>display>paid_social,0,BC
4809,organic_search>affiliate>display>direct,0,ON
4810,display>paid_search,0,Prairies
4811,display>display>display>organic_search>email,0,QC
4812,display>paid_social>display>paid_search,0,BC
4813,paid_social>paid_search>paid_social,0,QC
4814,paid_social>paid_search>affiliate>affiliate,0,ON
4815,organic_search>paid_social>paid_search>organic_search>paid_social>paid_social>organic_search>organic_search,1,QC
4816,organic_search>organic_search,0,Atlantic
4817,paid_social>paid_social>paid_search>direct,0,Prairies
4818,organic_search>affiliate,0,AB
4819,display>affiliate>paid_search>display,0,BC
4820,organic_search>paid_social>paid_search,0,Atlantic
4821,paid_social>affiliate>affiliate>paid_social>direct,0,Prairies
4822,paid_social>paid_social,0,Prairies
4823,paid_social>organic_search,0,ON
4824,email>paid_search>display>direct>direct,0,Prairies
4825,paid_social>organic_search>display>paid_search,1,QC
4826,direct>paid_social>direct>paid_search,0,QC
4827,paid_social>organic_search>direct>paid_search>affiliate>display>email,0,ON
4828,paid_social>paid_social>paid_search>paid_social>display>email,0,Atlantic
4829,organic_search>paid_social>display>organic_search,0,ON
4830,organic_search>organic_search,0,ON
4831,organic_search,0,ON
4832,paid_search,0,ON
4833,paid_search>email,0,Prairies
4834,email>paid_search>paid_search,0,BC
4835,organic_search>paid_social>direct,0,AB
4836,organic_search>display>direct>paid_social>paid_social,0,Atlantic
4837,organic_search>paid_social>paid_social,0,QC
4838,paid_social>display>email,0,Prairies
4839,paid_social>affiliate>display>email,0,BC
4840,display>paid_social>paid_search,0,Atlantic
4841,direct,0,Prairies
4842,paid_search,1,Atlantic
4843,paid_social>paid_social>organic_search>direct,0,BC
4844,paid_social>affiliate,0,Atlantic
4845,email>paid_search>affiliate>email,0,Prairies
4846,organic_search>affiliate,0,ON
4847,display>affiliate>paid_social,0,ON
4848,email,1,QC
4849,paid_social>paid_search>paid_social>email,0,ON
4850,direct>display>organic_search>display>paid_search,1,Atlantic
4851,display>display,0,Prairies
4852,display>affiliate>paid_social>direct,0,AB
4853,affiliate,0,Prairies
4854,affiliate,0,Atlantic
4855,organic_search>display>organic_search,0,Prairies
4856,display>organic_search,0,AB
4857,paid_social>organic_search>paid_search,0,AB
4858,email>affiliate,0,QC
4859,organic_search>email>direct,1,BC
4860,display>display>affiliate,0,Atlantic
4861,paid_social>paid_search>paid_social>direct,0,AB
4862,email,1,QC
4863,display>direct,0,BC
4864,display>affiliate>organic_search>paid_search,0,Prairies
4865,paid_social>affiliate>organic_search>organic_search,0,QC
4866,paid_search>display>organic_search>affiliate,1,QC
4867,paid_social>paid_search>display>display>affiliate,0,BC
4868,direct>display>email>email,0,BC
4869,paid_social>affiliate,0,BC
4870,organic_search,0,ON
4871,display>paid_search,0,Prairies
4872,paid_social>organic_search>direct,0,Atlantic
4873,affiliate>display>display>affiliate>display>display,0,Atlantic
4874,paid_social>paid_search,0,AB
4875,organic_search>email,0,BC
4876,direct,0,Prairies
4877,display>paid_social>organic_search>paid_social>email,0,BC
4878,display>paid_social>paid_search,0,BC
4879,paid_social>direct,0,Prairies
4880,display>paid_search>display>direct,0,Prairies
4881,paid_social>display>paid_search,0,ON
4882,display>email,0,Prairies
4883,affiliate,0,QC
4884,display>paid_social>email,0,AB
4885,paid_search>display>display>direct,0,BC
4886,paid_social>direct>organic_search>paid_search,1,Prairies
4887,organic_search>direct,0,QC
4888,direct,0,Atlantic
4889,direct>organic_search>direct,0,ON
4890,affiliate>organic_search>organic_search,0,Prairies
4891,affiliate>display>organic_search>paid_search>organic_search,0,Atlantic
4892,affiliate>paid_social>display>display,0,ON
4893,display>paid_search,0,BC
4894,display>paid_social>affiliate>paid_search>organic_search>organic_search,0,BC
4895,display>display>affiliate>email,0,AB
4896,paid_social>direct,0,QC
4897,display>display>affiliate>paid_search>email,0,AB
4898,paid_social>affiliate>organic_search>display>paid_social>direct,0,QC
4899,direct>display>affiliate,0,BC
4900,display>paid_social>paid_search>direct,0,AB
4901,organic_search>direct,0,Atlantic
4902,paid_social>paid_social>paid_search>paid_social>paid_social>email,0,ON
4903,organic_search>display>paid_social,0,Atlantic
4904,organic_search>direct,0,Prairies
4905,display>organic_search>paid_social>display>display,0,BC
4906,display>affiliate>display>email,0,Prairies
4907,paid_social>organic_search,0,AB
4908,paid_search>direct,0,QC
4909,paid_search>display,0,AB
4910,paid_social>display>email,0,ON
4911,display>affiliate>paid_social>paid_search>paid_social>display>paid_search,0,Atlantic
4912,affiliate>organic_search>paid_social,0,QC
4913,paid_search,0,AB
4914,email,0,Atlantic
4915,paid_search>paid_social>paid_search>email,0,BC
4916,direct>organic_search>paid_social>direct>organic_search,0,ON
4917,paid_search>organic_search>direct,0,QC
4918,display>paid_search>email,0,Atlantic
4919,direct,0,BC
4920,email,1,Prairies
4921,paid_social>organic_search,0,Prairies
4922,display>paid_social>display>direct,0,Prairies
4923,affiliate>organic_search>paid_social>affiliate,1,Prairies
4924,paid_social>paid_social>display,0,QC
4925,paid_social>display>organic_search,0,QC
4926,display>email,0,AB
4927,paid_search>paid_search>paid_social>email,0,ON
4928,display>paid_search>paid_social>paid_search,0,QC
4929,paid_social>direct>organic_search>display>organic_search,0,ON
4930,organic_search>organic_search>email,0,QC
4931,paid_search>affiliate>direct,0,Prairies
4932,paid_social>paid_social>affiliate>direct,0,Atlantic
4933,display>display>paid_search>paid_search>organic_search>email,0,AB
4934,affiliate>paid_social>paid_search>paid_search,1,Prairies
4935,paid_social>paid_search>display>direct,0,BC
4936,display>display>email,0,QC
4937,organic_search>email,0,ON
4938,display>affiliate>direct,0,Atlantic
4939,paid_social>display>organic_search>affiliate,0,ON
4940,paid_social>affiliate>direct>email,0,QC
4941,affiliate>paid_social>paid_search,0,QC
4942,organic_search>display>paid_social>affiliate,0,BC
4943,paid_social>paid_search,0,BC
4944,paid_social>direct>paid_search>display>affiliate>affiliate,0,AB
4945,paid_search,0,QC
4946,paid_social>paid_social>organic_search,0,AB
4947,paid_social>affiliate>paid_social>organic_search,0,Atlantic
4948,paid_social>email,1,Atlantic
4949,organic_search>direct>direct,0,AB
4950,display>display>email,0,BC
4951,email>paid_social>paid_social>paid_search>affiliate>affiliate,0,QC
4952,organic_search>affiliate>direct,0,Atlantic
4953,paid_social>email,0,Atlantic
4954,display>paid_search>display>affiliate>organic_search>paid_social,0,QC
4955,display>display>paid_social>direct,0,AB
4956,direct>paid_search,0,BC
4957,organic_search,0,ON
4958,display>paid_search>paid_search,0,Atlantic
4959,paid_social>direct,0,ON
4960,direct>paid_search,0,QC
4961,paid_search>paid_social>direct,0,ON
4962,affiliate>paid_social>paid_social>display,0,Prairies
4963,display>paid_social>direct,0,Atlantic
4964,direct,0,ON
4965,paid_search>display>organic_search,0,Atlantic
4966,paid_search>display>paid_search,0,Prairies
4967,paid_social>display>display>direct>organic_search,0,Prairies
4968,direct>direct,0,AB
4969,paid_social>direct,0,ON
4970,paid_search,1,Prairies
4971,organic_search>paid_social>paid_search,0,QC
4972,paid_social>affiliate>paid_social>direct>direct,0,ON
4973,display>affiliate>direct>organic_search,0,AB
4974,direct>display>affiliate>email,0,BC
4975,display>display>paid_search>organic_search,0,BC
4976,paid_search>display>affiliate,1,BC
4977,paid_social>paid_search>paid_social>paid_social>paid_social>display>organic_search>paid_search,0,QC
4978,paid_search>display>organic_search,0,Prairies
4979,display>display>organic_search,0,BC
4980,paid_search>display>paid_social>organic_search,1,BC
4981,affiliate>display>organic_search>affiliate,0,Atlantic
4982,paid_social>paid_social>affiliate>affiliate,0,QC
4983,paid_social>paid_social>display>email,0,QC
4984,paid_social>paid_social>email,0,Atlantic
4985,display>display>paid_social>paid_social>affiliate,1,Prairies
4986,display>display>organic_search>email,0,ON
4987,affiliate>display>paid_search>direct,1,AB
4988,direct,0,BC
4989,paid_social>organic_search>organic_search>email,0,Prairies
4990,paid_search>affiliate,0,ON
4991,paid_social,0,ON
4992,paid_social>display>email,0,Prairies
4993,email>paid_social>display>direct,0,Atlantic
4994,direct>organic_search>affiliate,0,Atlantic
4995,paid_social>display>paid_social>paid_social>organic_search>direct>direct,0,QC
4996,paid_search>display>display>direct,1,Prairies
4997,organic_search>direct>display>organic_search>paid_search,0,QC
4998,display>affiliate>paid_search,0,QC
4999,direct>paid_social>display>display>paid_social>organic_search>paid_search,0,QC
5000,paid_social>paid_social>direct,0,QC
5001,paid_social>display>affiliate>affiliate,0,Prairies
5002,affiliate>paid_social>display>affiliate,0,BC
5003,paid_social,0,AB
5004,paid_social>email,0,QC
5005,paid_search>paid_social>display>direct,0,Prairies
5006,display>paid_search>direct>paid_search,0,ON
5007,display>email>display>display>affiliate>affiliate,1,ON
5008,display>paid_social>organic_search>direct>paid_search,0,Prairies
5009,display>display>email,1,ON
5010,direct>paid_social>display>affiliate>paid_social>direct,0,Prairies
5011,display>display>display>email,0,AB
5012,paid_search>display>affiliate,0,Prairies
5013,direct>paid_search>paid_social>email,0,BC
5014,display>paid_social>affiliate>display>paid_search,0,AB
5015,paid_social>organic_search>display>direct,0,AB
5016,direct>paid_social>display,0,ON
5017,display>display>direct>display>organic_search,0,ON
5018,paid_search>affiliate>paid_search,0,Atlantic
5019,paid_search>paid_search>paid_search,0,QC
5020,email>affiliate,0,ON
5021,affiliate>affiliate>email,0,Atlantic
5022,email>display>organic_search>organic_search>paid_social>direct,0,Atlantic
5023,paid_social>organic_search>paid_social>organic_search>paid_search>paid_search,0,Prairies
5024,paid_social>display>paid_search>paid_social>organic_search>display>paid_social>display>organic_search,0,AB
5025,affiliate>organic_search>paid_social>organic_search>direct,0,ON
5026,affiliate>organic_search>paid_social>paid_search,0,Atlantic
5027,display>direct>paid_social>direct,0,BC
5028,affiliate,0,AB
5029,display>display>display>email,0,QC
5030,affiliate>organic_search>display>direct,0,QC
5031,display>paid_social>paid_social>paid_search>email,0,AB
5032,paid_social>display>display>display>paid_search,1,AB
5033,display>paid_social>email>affiliate,0,QC
5034,direct,0,Prairies
5035,display>affiliate>direct,1,Prairies
5036,affiliate>organic_search>direct>display>paid_social,0,QC
5037,affiliate>affiliate>paid_search>paid_search,0,Prairies
5038,organic_search>paid_social>affiliate>affiliate>organic_search>organic_search,0,BC
5039,email,1,Prairies
5040,direct>paid_search,0,Atlantic
5041,paid_search>paid_social>organic_search,0,Prairies
5042,paid_social>email,0,AB
5043,display>direct>display>paid_social,0,Atlantic
5044,display>email>organic_search,0,ON
5045,display>affiliate,0,Prairies
5046,direct>display>direct>display>display>paid_search,0,Atlantic
5047,affiliate>display>paid_social>display>paid_social,0,Atlantic
5048,paid_social>direct,0,Prairies
5049,display>display>affiliate,0,Atlantic
5050,paid_social>organic_search>organic_search>direct,0,ON
5051,display>direct>affiliate,0,Prairies
5052,organic_search>display>paid_social>paid_search>direct,0,Prairies
5053,organic_search>direct>display>direct>organic_search,0,Atlantic
5054,affiliate,0,Prairies
5055,paid_social>paid_search>organic_search>display>organic_search>email>display>paid_search,0,ON
5056,email,0,BC
5057,display>organic_search>affiliate>paid_social,0,Atlantic
5058,organic_search>paid_social>direct,0,Atlantic
5059,display>organic_search,0,BC
5060,direct>paid_search,0,Prairies
5061,email>organic_search>display>paid_search,0,ON
5062,display>paid_search>direct,0,BC
5063,display>display>display>affiliate>direct>affiliate>direct,0,AB
5064,paid_social>paid_social,0,BC
5065,paid_social>paid_search>email,0,Atlantic
5066,display>email,0,AB
5067,paid_search>display>direct,0,BC
5068,organic_search>affiliate>paid_search>paid_social>paid_social,1,BC
5069,paid_social>paid_search>paid_social>direct,0,QC
5070,paid_social>email>organic_search>direct,1,BC
5071,display>paid_search,0,BC
5072,organic_search>paid_social>paid_social>direct,0,BC
5073,display>paid_social>paid_search,0,Prairies
5074,paid_social>organic_search>paid_search,0,QC
5075,paid_social>display>display>display>direct,0,BC
5076,paid_social>display>paid_social,0,AB
5077,display>direct,1,ON
5078,direct>organic_search>display>display>paid_search,0,QC
5079,organic_search>paid_social>paid_search,0,Prairies
5080,paid_search>display>organic_search>paid_social>display>organic_search,1,Prairies
5081,organic_search>organic_search>paid_social,0,ON
5082,paid_search>direct,0,BC
5083,display>organic_search,0,Atlantic
5084,display>paid_social>direct,0,AB
5085,paid_search>affiliate>paid_social>affiliate,1,ON
5086,paid_social>organic_search>organic_search,0,QC
5087,organic_search>paid_social>paid_social>paid_social>email,0,BC
5088,direct>display>organic_search>paid_social>organic_search>email,0,BC
5089,display>paid_social>organic_search,0,AB
5090,affiliate>display>paid_search>paid_search,0,Atlantic
5091,direct>email,0,Prairies
5092,affiliate>direct,0,AB
5093,paid_social>display>display>paid_search>direct,0,Prairies
5094,paid_search>display>display>display>direct,0,AB
5095,paid_social>organic_search>affiliate>direct,0,Atlantic
5096,direct>paid_search>direct,0,Atlantic
5097,display>paid_search>direct>display>direct,0,Atlantic
5098,paid_search>paid_social>direct,0,BC
5099,paid_search>email,0,AB
5100,display>organic_search>organic_search>direct,0,QC
5101,affiliate,0,AB
5102,display>email>paid_social>display>paid_search,0,QC
5103,affiliate>display>direct,0,BC
5104,display>direct>paid_search>email,0,Atlantic
5105,paid_search>paid_social>paid_search,0,Atlantic
5106,paid_search>paid_social>paid_search,0,AB
5107,paid_social>paid_social>display>direct,0,QC
5108,paid_social>organic_search>direct,0,Atlantic
5109,display>direct,0,Prairies
5110,affiliate>direct,0,Atlantic
5111,paid_search>display>affiliate>affiliate>email,0,Prairies
5112,organic_search,0,Prairies
5113,paid_search>direct>affiliate,0,QC
5114,display>direct,0,Atlantic
5115,display>display>paid_social>paid_social>organic_search,0,Atlantic
5116,direct>organic_search>email,0,QC
5117,paid_search>paid_social>paid_social>direct>direct,0,Atlantic
5118,display>paid_social>organic_search>paid_search>affiliate>paid_search>paid_search,0,Atlantic
5119,display>paid_search>display>paid_social>paid_search,0,AB
5120,paid_social>paid_social>affiliate>display>paid_search>direct>direct,0,Prairies
5121,display>direct,1,QC
5122,display>organic_search>paid_search,0,Atlantic
5123,paid_search>paid_search,0,Atlantic
5124,organic_search>paid_social>affiliate>direct,0,ON
5125,organic_search>organic_search>display>direct,0,AB
5126,email>paid_search>paid_search,0,QC
5127,direct>display,0,QC
5128,affiliate>email,0,Atlantic
5129,paid_social>affiliate>paid_social>organic_search>affiliate,0,Atlantic
5130,organic_search>display>paid_search,1,BC
5131,paid_search>affiliate>display>email,0,Atlantic
5132,email,0,ON
5133,direct,0,ON
5134,paid_social>paid_social>display>paid_search,0,BC
5135,affiliate>direct>email,0,Prairies
5136,direct>paid_search>display>organic_search,0,Prairies
5137,display>affiliate>email,0,BC
5138,organic_search>display>affiliate>paid_social>paid_search>organic_search>affiliate,0,Prairies
5139,display>paid_search,0,Atlantic
5140,paid_social>organic_search>organic_search>paid_search,0,Atlantic
5141,paid_search>display>display>paid_social>organic_search>email,0,QC
5142,organic_search>display>display>paid_social>affiliate,0,AB
5143,paid_social>organic_search>email,0,Atlantic
5144,email>organic_search,0,QC
5145,affiliate>direct,0,QC
5146,organic_search>paid_social>direct>paid_social>paid_social>paid_social>organic_search>affiliate,0,Prairies
5147,paid_search>direct,1,ON
5148,paid_search>organic_search>display,0,AB
5149,display>paid_social>email,0,BC
5150,display>paid_social>paid_social>affiliate,0,ON
5151,display>paid_search>email,0,BC
5152,paid_social>organic_search>paid_social,0,Atlantic
5153,display>paid_social>display>direct,0,QC
5154,organic_search>paid_social>paid_search,0,ON
5155,direct>paid_social>paid_social>paid_search>affiliate,0,QC
5156,paid_social>affiliate>direct,0,AB
5157,direct>direct,0,ON
5158,display>paid_search,0,AB
5159,paid_social>direct>affiliate>paid_social>paid_social>email,1,ON
5160,direct>display>organic_search,0,Prairies
5161,paid_social>paid_social>email>email,0,Prairies
5162,direct>paid_social>display>paid_social>paid_search,0,Atlantic
5163,organic_search>email>affiliate,0,ON
5164,paid_search>paid_social>display>paid_social>display>paid_search>direct,0,Prairies
5165,direct>paid_search>paid_social>paid_search>paid_social>paid_search,0,AB
5166,paid_social>organic_search>paid_social>affiliate,0,ON
5167,email>organic_search>display>display>email,0,QC
5168,paid_search>affiliate,0,Prairies
5169,paid_social>display>organic_search>display>organic_search>organic_search>direct,0,QC
5170,display>display>display>paid_social>affiliate>display>affiliate>paid_search>paid_social>paid_social>direct,0,BC
5171,direct,0,ON
5172,paid_search>email,0,BC
5173,display>affiliate>organic_search>display>direct>direct,1,AB
5174,display>display>display>display>email,0,AB
5175,organic_search>paid_social>display>email,0,Prairies
5176,direct>email>display>display>direct,0,QC
5177,paid_search>display>display>direct,1,QC
5178,paid_search>display,1,ON
5179,organic_search>organic_search>display>display>paid_search,0,ON
5180,affiliate>affiliate>display>paid_search>affiliate,0,ON
5181,display>organic_search>display>organic_search>email,0,Prairies
5182,paid_social>display>direct,0,Atlantic
5183,display>email,1,Prairies
5184,affiliate>email,0,Atlantic
5185,display>paid_social>affiliate,0,ON
5186,direct>direct>direct,0,Prairies
5187,organic_search>organic_search>organic_search>paid_social>direct,1,Prairies
5188,affiliate>organic_search,0,Atlantic
5189,organic_search>paid_social,0,ON
5190,paid_search>paid_search>paid_social>paid_search,0,AB
5191,organic_search>affiliate>display>paid_search,0,ON
5192,organic_search>paid_search>paid_social>display>paid_social>email,0,Atlantic
5193,paid_search>paid_social>organic_search>email,0,AB
5194,display>paid_search>direct,0,AB
5195,display>paid_social>paid_search>paid_search>paid_search>paid_search>paid_social>paid_social,1,QC
5196,paid_search>organic_search>paid_search,0,Atlantic
5197,direct>paid_search>paid_social,0,AB
5198,direct>paid_social>paid_search>direct,0,BC
5199,display>organic_search>paid_social>email,0,Prairies
5200,display>affiliate,0,Atlantic
5201,display>paid_social>paid_social>paid_search,0,AB
5202,paid_search>direct,0,QC
5203,display>email,0,QC
5204,paid_social>paid_social>direct,0,AB
5205,display>paid_social>email,0,Prairies
5206,display>paid_social>display>display,1,QC
5207,paid_social>display>paid_social>display>display,1,QC
5208,affiliate,0,ON
5209,display>affiliate,0,BC
5210,organic_search>affiliate,0,QC
5211,email>display>paid_search,0,Prairies
5212,email,0,BC
5213,affiliate>paid_social>direct,0,Atlantic
5214,display>organic_search>display>display>direct,0,BC
5215,email>paid_social>organic_search,0,BC
5216,organic_search>organic_search>email,0,ON
5217,paid_search>organic_search>display>affiliate>email,0,QC
5218,paid_social>organic_search>affiliate>display>paid_search,1,BC
5219,paid_social>organic_search>affiliate>display>affiliate,0,QC
5220,display>affiliate>paid_search>email,0,Prairies
5221,paid_social>display>direct>paid_search>paid_social>organic_search,0,QC
5222,affiliate>paid_search>direct,0,AB
5223,display>display>paid_social>paid_social>display>display>direct,0,Atlantic
5224,paid_social>paid_search,0,QC
5225,display>paid_social>display>direct,0,BC
5226,display>organic_search>paid_social,0,BC
5227,affiliate>direct>paid_search,0,AB
5228,paid_social>email>display>paid_search>paid_social,0,AB
5229,display>paid_search>paid_search,0,QC
5230,paid_social>display>display>paid_social>display>paid_search,0,QC
5231,organic_search>display>direct,0,QC
5232,direct>paid_social>direct,0,AB
5233,paid_social>organic_search>paid_social>organic_search>display>display>paid_search,1,BC
5234,paid_social>paid_social>display>organic_search>paid_search,0,BC
5235,display>paid_social>direct,0,AB
5236,paid_social>paid_search,0,AB
5237,display>paid_social>paid_social>display>paid_social>paid_social,0,QC
5238,display>paid_search>email,0,Atlantic
5239,direct>email,0,AB
5240,paid_social>paid_search>affiliate>paid_search>paid_search>direct,0,QC
5241,paid_social>direct>direct,0,ON
5242,organic_search>affiliate>email>paid_social>paid_search,1,QC
5243,organic_search>paid_search>affiliate>display>paid_social>organic_search,0,BC
5244,direct>paid_social>organic_search,0,QC
5245,display>paid_search>display>paid_search,0,ON
5246,organic_search>affiliate,0,BC
5247,display>organic_search>direct,0,BC
5248,organic_search>direct>email>organic_search>affiliate>organic_search>paid_search,0,AB
5249,direct,0,Atlantic
5250,display>paid_social,0,BC
5251,paid_social>paid_social>organic_search>paid_social>paid_social>organic_search,0,QC
5252,paid_social,0,ON
5253,paid_search>organic_search>affiliate,0,QC
5254,paid_social>display>display>paid_search>display>email,0,QC
5255,organic_search>paid_social>organic_search>direct,1,ON
5256,paid_social>organic_search>paid_social>direct>display>paid_search,0,AB
5257,paid_social>affiliate,0,ON
5258,paid_search>display>paid_search>organic_search>paid_social,0,BC
5259,display>organic_search>paid_social>display>display>affiliate,0,ON
5260,paid_social>affiliate>display>display>paid_social,0,Atlantic
5261,paid_search>display>display>email,0,BC
5262,paid_social>organic_search>display>direct,0,Prairies
5263,display>display>paid_social>email,0,Prairies
5264,paid_social>paid_social>display>paid_social>email>display>direct,0,ON
5265,paid_social>paid_search>affiliate>paid_social,0,AB
5266,display>affiliate>paid_search>paid_search,0,BC
5267,display>organic_search>direct,0,Atlantic
5268,direct>paid_search,0,AB
5269,direct,0,Atlantic
5270,affiliate>affiliate>paid_search>paid_social>email>paid_social,0,ON
5271,affiliate>email,0,ON
5272,paid_search>paid_search>paid_search,0,BC
5273,display>direct>display>paid_social>organic_search>email,0,BC
5274,affiliate,0,Prairies
5275,direct>paid_social,0,AB
5276,organic_search>email,0,AB
5277,display>organic_search>paid_social>email,0,BC
5278,display>paid_search,0,QC
5279,display>paid_search>display>paid_social>email,0,QC
5280,direct>direct>display>paid_search>display>paid_search>organic_search,0,Prairies
5281,organic_search>paid_search>paid_social>paid_search,1,BC
5282,display>paid_social>paid_social,0,BC
5283,affiliate>paid_social>organic_search,0,QC
5284,display>affiliate>paid_social>direct,0,QC
5285,paid_social>paid_search,0,BC
5286,organic_search>display>organic_search>paid_social>display>email>affiliate,0,BC
5287,paid_social>paid_social>paid_search,0,Prairies
5288,organic_search>display>organic_search>direct>direct,0,AB
5289,display>organic_search>organic_search>affiliate,1,BC
5290,direct>paid_search,0,Prairies
5291,paid_social>paid_search>paid_search,0,Prairies
5292,display>organic_search>paid_search,0,AB
5293,paid_social>direct>direct,0,BC
5294,affiliate>paid_search,0,ON
5295,paid_social>organic_search>paid_social>display>organic_search>paid_search,0,BC
5296,display>paid_social>paid_social>organic_search,0,Prairies
5297,paid_social>email,0,QC
5298,display>organic_search>organic_search>paid_search,0,Prairies
5299,organic_search>direct,1,Prairies
5300,affiliate>email,0,ON
5301,organic_search,0,Prairies
5302,paid_search>paid_social>paid_social>display>display>direct,0,QC
5303,direct,0,AB
5304,display>display>display>paid_social>affiliate,0,Prairies
5305,display>affiliate>paid_social>organic_search>paid_social,0,Atlantic
5306,organic_search>organic_search>paid_social>direct,0,AB
5307,display>display>paid_search,1,AB
5308,organic_search>paid_social>organic_search>display>display>affiliate>direct,0,ON
5309,organic_search>affiliate,0,AB
5310,display>organic_search>paid_social>direct,0,QC
5311,display>paid_search>direct>direct,0,Atlantic
5312,organic_search>direct,0,AB
5313,paid_social>display>organic_search>display>direct,0,QC
5314,paid_search>display>direct,0,Prairies
5315,organic_search>paid_social>organic_search,0,QC
5316,display>organic_search>email,0,ON
5317,paid_search>direct,0,Atlantic
5318,paid_search>paid_search>paid_search,0,Prairies
5319,email,0,QC
5320,direct>display,0,Prairies
5321,paid_search>organic_search>paid_social,0,AB
5322,display>paid_search>direct,0,Prairies
5323,display>affiliate>affiliate>email,1,AB
5324,paid_social>affiliate,0,AB
5325,paid_social>display>direct,0,QC
5326,display>paid_social>direct>paid_search>email,0,AB
5327,paid_social>paid_search>direct,0,BC
5328,direct>paid_social,0,ON
5329,affiliate>paid_social>display>affiliate>direct>paid_search>affiliate,0,QC
5330,organic_search>paid_social>organic_search>display>organic_search>paid_social>direct,0,AB
5331,organic_search>affiliate>display>display>affiliate,0,ON
5332,direct>display>affiliate>paid_social>paid_search,0,QC
5333,paid_search>display>email>direct,0,AB
5334,affiliate>display>direct,0,QC
5335,display>email>organic_search>affiliate>direct,0,AB
5336,paid_social>direct,0,ON
5337,display>organic_search>paid_search>organic_search>display>paid_search,1,ON
5338,paid_social>display>display>display>paid_social>paid_social>direct,0,AB
5339,paid_social>email,0,BC
5340,display>display>direct,0,Prairies
5341,direct,1,Atlantic
5342,paid_search>paid_search>organic_search>display>paid_search>paid_search>paid_search,0,ON
5343,organic_search>direct>direct,0,QC
5344,direct>organic_search>paid_search>email,0,BC
5345,display>display>direct,0,AB
5346,organic_search>paid_search>direct>organic_search,0,QC
5347,organic_search>paid_social>affiliate>paid_search>paid_social>display>direct>paid_search>display>paid_search,1,ON
5348,paid_social>email,0,Prairies
5349,organic_search>direct,0,AB
5350,display>direct>display,0,QC
5351,organic_search>paid_search>paid_social,0,Atlantic
5352,paid_social>display>display>organic_search>direct,0,QC
5353,display>paid_search>display>direct,0,QC
5354,organic_search>paid_search>affiliate>paid_search>display>paid_search,1,Atlantic
5355,paid_social>paid_social>display>paid_social>paid_search,0,Atlantic
5356,display>display>direct,0,ON
5357,display>paid_social>display>affiliate,0,ON
5358,email>organic_search>direct,0,Prairies
5359,display>paid_social>display>paid_search>paid_search>organic_search>paid_search,0,BC
5360,paid_search>paid_search,0,ON
5361,paid_social>paid_search>paid_social>paid_search>paid_social,1,BC
5362,display>paid_search>paid_search>organic_search,0,Prairies
5363,organic_search>organic_search>organic_search>paid_search,0,AB
5364,display>email,0,ON
5365,paid_search>paid_search,0,QC
5366,paid_search>direct,0,AB
5367,display>paid_search,1,ON
5368,organic_search>direct,0,Prairies
5369,display>email,0,Prairies
5370,paid_search>paid_search>direct>direct,0,BC
5371,paid_search>paid_search>direct,0,Atlantic
5372,organic_search>organic_search>organic_search>paid_social>paid_social>paid_search,0,Prairies
5373,display>paid_social>display>paid_search>paid_social,0,ON
5374,display>organic_search>paid_search>direct,0,ON
5375,display>paid_social>email>affiliate>paid_social>direct,0,Prairies
5376,affiliate>paid_search>organic_search>direct,0,QC
5377,organic_search>organic_search>paid_social>display>paid_social>direct,0,AB
5378,organic_search>email,1,AB
5379,organic_search>paid_social,0,AB
5380,organic_search>organic_search>direct,0,QC
5381,display>direct,0,BC
5382,paid_social>paid_search>display>display>organic_search>direct,1,QC
5383,organic_search>paid_search>display>paid_social>direct,0,ON
5384,paid_social>paid_search>paid_social>display>email,0,AB
5385,paid_social>paid_social>paid_social>direct,1,AB
5386,display>paid_search>organic_search,0,QC
5387,display>paid_social>organic_search,0,QC
5388,display>display>display>display,0,Prairies
5389,paid_search>paid_search>direct,0,Prairies
5390,paid_search>paid_search>paid_search>paid_search>paid_search,0,ON
5391,display>direct>organic_search>paid_search,0,Prairies
5392,paid_search>affiliate>display>affiliate,1,AB
5393,display>paid_social>display>paid_social>paid_social>affiliate,0,QC
5394,paid_search>organic_search>paid_social>email,0,QC
5395,organic_search>paid_search>paid_social>direct,0,ON
5396,display>paid_social>affiliate,0,QC
5397,display>organic_search>direct,0,QC
5398,affiliate,0,Atlantic
5399,display>direct,0,AB
5400,display>paid_social>paid_search>paid_social>organic_search>affiliate,0,Prairies
5401,display>display>paid_social>paid_search,0,Atlantic
5402,affiliate,0,Prairies
5403,organic_search>paid_search,0,Prairies
5404,display>paid_social>email,1,Atlantic
5405,organic_search>organic_search>paid_social>paid_search,0,AB
5406,paid_social>direct,0,QC
5407,organic_search,0,BC
5408,organic_search>direct,1,ON
5409,paid_social>direct,1,BC
5410,display>paid_social>display>affiliate>direct>paid_search,0,BC
5411,display>paid_search>display>paid_search,0,QC
5412,organic_search>affiliate>affiliate>paid_social>organic_search>paid_search,0,ON
5413,display>paid_social>paid_search>paid_search>display>paid_search>paid_search,0,Atlantic
5414,paid_social>paid_social>email,0,QC
5415,paid_social>direct,0,AB
5416,paid_social>organic_search>organic_search>display>direct,0,BC
5417,organic_search>paid_social>display>display>paid_search>direct,0,BC
5418,affiliate>paid_social>direct,0,Prairies
5419,display>organic_search>display>paid_search,1,QC
5420,paid_search>direct>affiliate,0,AB
5421,paid_search>paid_search,0,BC
5422,paid_search>display>organic_search>affiliate,0,Atlantic
5423,paid_search>organic_search>affiliate>organic_search>paid_social,0,AB
5424,affiliate>paid_search,0,Prairies
5425,direct>paid_social>affiliate>organic_search>organic_search,1,Prairies
5426,paid_search>direct>display>direct,0,Atlantic
5427,direct>organic_search>affiliate>organic_search,0,QC
5428,organic_search>paid_social>affiliate>direct>paid_search,1,BC
5429,organic_search>affiliate>direct,0,Atlantic
5430,affiliate>paid_social>paid_social>direct>affiliate,0,Prairies
5431,paid_social>email>paid_search,0,AB
5432,organic_search>affiliate>paid_social>paid_search>organic_search>organic_search>direct,0,QC
5433,direct>affiliate,0,QC
5434,display>display>display>affiliate,0,QC
5435,paid_search>display>direct,0,AB
5436,organic_search>direct,0,QC
5437,paid_social,0,AB
5438,paid_social>organic_search>email>affiliate,0,BC
5439,organic_search>organic_search>paid_search>display>email,0,AB
5440,paid_social>email,0,Atlantic
5441,paid_social,0,AB
5442,organic_search>affiliate>display>organic_search>organic_search>affiliate,0,QC
5443,paid_search,0,ON
5444,paid_social>affiliate>direct,1,Prairies
5445,affiliate>paid_social>direct,0,Prairies
5446,organic_search>paid_social>email,1,Atlantic
5447,direct,0,AB
5448,paid_social>organic_search>organic_search,0,Prairies
5449,display>paid_social,0,QC
5450,affiliate>paid_social>organic_search>display>direct,0,QC
5451,display>display>affiliate>direct,0,AB
5452,organic_search>display>organic_search>direct,0,QC
5453,paid_social>paid_search>affiliate>display>paid_search,0,BC
5454,paid_social>display>display,0,Atlantic
5455,paid_social>paid_social>organic_search>paid_social>paid_search>paid_search>affiliate,0,BC
5456,organic_search>email>email,1,Atlantic
5457,paid_social>paid_social>display>direct,0,AB
5458,organic_search>paid_social>paid_search,1,Prairies
5459,organic_search>organic_search>paid_search,1,AB
5460,email>paid_social>email,0,AB
5461,display>paid_social>direct,0,ON
5462,display>direct,0,ON
5463,display>paid_social,0,ON
5464,affiliate>paid_social>organic_search>paid_social>paid_social>direct,0,BC
5465,organic_search>display>affiliate>paid_social>direct,0,QC
5466,organic_search>paid_social>paid_social>email,0,AB
5467,paid_social>display>display>paid_search>affiliate>affiliate>paid_social>display>paid_search,0,ON
5468,direct>paid_social>display>direct,0,ON
5469,direct>paid_social>display>direct,0,Prairies
5470,paid_search>paid_social>paid_search>direct,0,Prairies
5471,organic_search>paid_search>organic_search>affiliate>display,0,ON
5472,organic_search>paid_search,0,QC
5473,paid_social>paid_social>display>direct,0,Atlantic
5474,organic_search>direct>email,0,AB
5475,display>paid_search>direct,1,BC
5476,paid_social>organic_search>paid_search>direct,0,QC
5477,paid_social>paid_social,0,QC
5478,display>paid_social>paid_search,0,Prairies
5479,paid_social>display,0,BC
5480,paid_social>email,0,ON
5481,affiliate>display>direct,0,AB
5482,display>affiliate,0,AB
5483,direct,0,AB
5484,display>organic_search>paid_social>display>email,1,QC
5485,display>display>display>affiliate>paid_search,0,Prairies
5486,paid_social>display>paid_search,0,Prairies
5487,direct>organic_search>organic_search>direct,0,Prairies
5488,organic_search>paid_search>email,0,QC
5489,direct,0,Atlantic
5490,paid_social>paid_social>paid_social>paid_search,0,QC
5491,paid_search>organic_search>display,0,AB
5492,direct,0,ON
5493,affiliate>organic_search,0,AB
5494,organic_search>display>display>paid_search>display>direct,0,AB
5495,paid_social>direct,0,QC
5496,affiliate>direct>paid_search>display>organic_search>direct,0,Prairies
5497,organic_search>paid_search>paid_social>organic_search,0,Prairies
5498,email>direct,0,Prairies
5499,paid_search>paid_search,0,AB
5500,organic_search>display>email,0,QC
5501,paid_search>display>organic_search,0,AB
5502,paid_social>paid_social>direct>paid_search,0,QC
5503,affiliate>organic_search,1,Prairies
5504,display>paid_search,0,Atlantic
5505,affiliate>display>paid_social>paid_social>display,1,Atlantic
5506,display>affiliate,0,Prairies
5507,display>organic_search>affiliate>affiliate,0,Prairies
5508,affiliate>paid_social>paid_search>email,0,BC
5509,display>display>paid_search>email,0,QC
5510,paid_social>organic_search>display>organic_search>display>email>organic_search,0,AB
5511,paid_social>display>paid_search,0,ON
5512,organic_search>email>paid_search>direct,0,Atlantic
5513,paid_social>display>direct>organic_search,1,ON
5514,display>paid_social>display>paid_search,0,AB
5515,display>direct>paid_social>paid_social>paid_social,0,Prairies
5516,paid_search>display>organic_search>direct>display>paid_social>paid_social>display>paid_search,0,ON
5517,display>paid_social,0,Atlantic
5518,organic_search>paid_social>display>display,1,Prairies
5519,paid_social>organic_search>paid_social>organic_search,0,AB
5520,email>paid_search>display>paid_search>display>paid_search,0,AB
5521,display>display>display>paid_social>organic_search,0,Prairies
5522,display>paid_social>organic_search>paid_search,0,QC
5523,paid_social>paid_social>paid_search,0,Atlantic
5524,display>direct>organic_search,0,AB
5525,organic_search>direct,0,Atlantic
5526,paid_social>paid_social>paid_social>affiliate,0,Prairies
5527,organic_search>affiliate>direct,0,Prairies
5528,organic_search>organic_search>email,0,AB
5529,display>display>paid_social>direct>display>paid_search,0,BC
5530,display>organic_search,0,Atlantic
5531,email,0,Prairies
5532,organic_search>affiliate>affiliate,0,Prairies
5533,display>paid_social>direct,0,QC
5534,direct>paid_search>affiliate>organic_search,0,Atlantic
5535,affiliate>organic_search>direct,0,ON
5536,organic_search>display>paid_search>organic_search,1,QC
5537,organic_search>direct,0,Atlantic
5538,paid_social>paid_social>organic_search>paid_search,0,AB
5539,paid_search>organic_search>display>email>direct>organic_search,0,Atlantic
5540,paid_social>organic_search>paid_social>affiliate,0,BC
5541,display>organic_search>paid_social>display>direct,0,Prairies
5542,paid_social>display>paid_social>organic_search,0,Atlantic
5543,affiliate>direct,0,QC
5544,paid_social>paid_search>display>display>paid_search,0,ON
5545,organic_search>display>paid_social>affiliate,0,ON
5546,organic_search>organic_search,0,QC
5547,paid_search,0,AB
5548,organic_search>paid_search>paid_social>paid_search,0,QC
5549,organic_search>display>display>direct,0,AB
5550,paid_social>paid_search>paid_search,0,AB
5551,paid_search>organic_search>organic_search>direct,0,ON
5552,paid_social>organic_search>direct,0,AB
5553,paid_social>direct>affiliate,0,AB
5554,email,0,Atlantic
5555,direct>paid_social,0,AB
5556,paid_social>direct,0,Atlantic
5557,paid_social>display>paid_social>affiliate,0,Prairies
5558,organic_search>paid_social>display>organic_search>paid_social>display>direct,0,QC
5559,affiliate>direct>organic_search>direct,0,BC
5560,organic_search,0,Atlantic
5561,organic_search>display>affiliate>affiliate,0,Prairies
5562,display>paid_social>organic_search,1,Atlantic
5563,organic_search>display>display>direct,0,Atlantic
5564,paid_social>paid_social>paid_social>display>paid_search,0,ON
5565,paid_social>affiliate,0,Atlantic
5566,paid_social>email,0,AB
5567,organic_search,0,Atlantic
5568,display>display>paid_social>paid_social,0,Atlantic
5569,paid_social>affiliate,0,Prairies
5570,display>organic_search>email,0,Atlantic
5571,display>email>display>organic_search>direct,0,QC
5572,direct>display>direct>organic_search>display>direct,0,Prairies
5573,paid_social>direct,0,Atlantic
5574,display>paid_social>direct>paid_social>paid_search,0,Prairies
5575,organic_search,0,ON
5576,organic_search>display>paid_search>display>paid_social>email>direct,0,Prairies
5577,display>email,1,BC
5578,paid_social>paid_social>direct,0,ON
5579,display>email,1,QC
5580,email>paid_search,0,BC
5581,display>affiliate>organic_search>affiliate>display>organic_search,0,Atlantic
5582,display>paid_search>paid_search>paid_social>direct,1,ON
5583,paid_search>paid_social>paid_search,0,BC
5584,affiliate>direct>paid_search,0,Prairies
5585,organic_search>display>organic_search>paid_social,0,Atlantic
5586,display>organic_search>email>paid_social>paid_search>display>paid_search,1,QC
5587,direct>email>display>organic_search>paid_social,1,ON
5588,affiliate>organic_search>direct>direct,0,Prairies
5589,paid_social>affiliate>paid_social>display>email,0,QC
5590,paid_search>organic_search>paid_social,0,ON
5591,paid_social>direct>paid_search>organic_search>paid_search,0,ON
5592,paid_search>direct>direct,0,QC
5593,affiliate>paid_search>paid_search,0,BC
5594,paid_social>display>display>display>organic_search>paid_social>direct,0,AB
5595,display>paid_search>display>email,0,Atlantic
5596,email,0,AB
5597,affiliate>paid_social>display>paid_search>direct,0,QC
5598,direct>paid_social>paid_search>direct,0,AB
5599,display>organic_search>paid_search>paid_social>paid_social,0,Atlantic
5600,display>display>paid_search,0,Atlantic
5601,organic_search>affiliate,1,BC
5602,paid_search>organic_search>display>paid_social>organic_search>email,1,ON
5603,organic_search>display>organic_search>paid_social>paid_social>direct,0,Prairies
5604,display>affiliate,0,BC
5605,paid_social>display>display>affiliate,0,BC
5606,organic_search>display>paid_social>affiliate,0,ON
5607,organic_search>email>organic_search>paid_search>paid_search,0,ON
5608,email>display>display>display>paid_search,0,Atlantic
5609,display>paid_social>paid_search,0,AB
5610,display>organic_search>organic_search>paid_social,0,AB
5611,display>display>paid_social,0,Atlantic
5612,organic_search>display>affiliate,1,BC
5613,paid_search>email,0,AB
5614,affiliate>display>email>display>organic_search,0,AB
5615,display>paid_search>direct,0,Atlantic
5616,email>paid_social>display,1,AB
5617,display>paid_search>organic_search>direct,0,ON
5618,paid_search>organic_search>email,0,ON
5619,display>affiliate>paid_social>organic_search>organic_search,0,AB
5620,paid_social>organic_search>paid_search>affiliate,0,QC
5621,organic_search>display>organic_search>paid_search>email,0,ON
5622,display>paid_social>direct,0,Atlantic
5623,display>affiliate>paid_social,0,ON
5624,email>paid_search>direct,0,Prairies
5625,paid_social>display>direct,0,AB
5626,paid_social,0,Prairies
5627,organic_search>affiliate,0,AB
5628,direct>paid_social>display>organic_search,0,ON
5629,paid_social>paid_search,0,QC
5630,paid_social>organic_search>email,0,ON
5631,organic_search>paid_search>display>display>paid_social,1,Atlantic
5632,display>paid_social>paid_search>paid_social>direct,0,QC
5633,paid_search>display>display>direct,0,AB
5634,display>direct>paid_search>paid_social>paid_search,0,BC
5635,affiliate>organic_search>email>paid_social>paid_search,0,BC
5636,paid_social>display>display>organic_search>paid_social>paid_search>paid_social,1,ON
5637,organic_search>direct>organic_search,0,BC
5638,affiliate>paid_social>paid_social>paid_search>organic_search>affiliate,1,Prairies
5639,display>paid_search>paid_social>direct,0,QC
5640,paid_social>display>organic_search>affiliate,0,QC
5641,organic_search>email,0,QC
5642,paid_social>direct>email,0,Prairies
5643,paid_search>paid_search>display>organic_search>affiliate,0,QC
5644,organic_search>display>paid_search>email,0,BC
5645,paid_search,1,Atlantic
5646,display>direct>paid_search,0,AB
5647,display>email,0,Prairies
5648,paid_social,0,AB
5649,paid_social>paid_search>direct,0,AB
5650,email>paid_social>paid_social>paid_social>display>organic_search>direct,1,BC
5651,paid_social>organic_search>direct>direct,0,ON
5652,direct>paid_search>paid_search>paid_search,0,AB
5653,organic_search>organic_search,0,Prairies
5654,email,0,QC
5655,display>paid_search>direct,0,Atlantic
5656,email>paid_social>paid_social>paid_social,0,QC
5657,display>paid_social>paid_search>email>organic_search>affiliate,0,ON
5658,display>display>organic_search>direct,0,ON
5659,paid_search>organic_search>display>organic_search>email,0,ON
5660,paid_social>paid_search,0,BC
5661,display>direct,0,AB
5662,paid_social>display>organic_search,0,Prairies
5663,affiliate>paid_search>display>affiliate,0,ON
5664,paid_social>direct>display>paid_search>affiliate,0,Atlantic
5665,display>display>display>direct,0,AB
5666,paid_social>paid_search,0,BC
5667,paid_social>email,0,Prairies
5668,paid_social>paid_social>direct>organic_search>affiliate,0,BC
5669,paid_social>paid_social>organic_search>paid_social>affiliate,0,AB
5670,paid_social>paid_social>email,0,BC
5671,display>display>organic_search,0,ON
5672,paid_search>paid_social>affiliate,0,AB
5673,direct>display>paid_search>organic_search>display>display>organic_search>direct,1,Prairies
5674,paid_search>affiliate,0,AB
5675,paid_search>paid_social>organic_search,0,Atlantic
5676,paid_social>email,0,Atlantic
5677,organic_search>organic_search>organic_search,0,BC
5678,affiliate>paid_search>organic_search>paid_search>affiliate,0,Atlantic
5679,display>display>organic_search>direct>paid_social>display>paid_social>organic_search>paid_social,0,BC
5680,display>direct,0,QC
5681,paid_social>direct>affiliate,0,AB
5682,display>organic_search>affiliate>paid_social>paid_search,0,ON
5683,paid_search>paid_social>display>organic_search>direct,0,Atlantic
5684,affiliate>paid_social>affiliate>display,0,BC
5685,organic_search>organic_search>display>display>email>organic_search,0,BC
5686,organic_search>paid_search,0,BC
5687,paid_search,0,QC
5688,display>paid_search>direct,0,ON
5689,organic_search>organic_search>display>paid_social,0,ON
5690,display>paid_social>direct,0,Atlantic
5691,paid_social>affiliate>paid_search>affiliate,1,Prairies
5692,organic_search>direct,0,BC
5693,display>affiliate>paid_search>paid_search>direct>organic_search,0,QC
5694,organic_search,0,QC
5695,organic_search>paid_social>display>paid_social>direct,0,Atlantic
5696,display>organic_search>affiliate,0,AB
5697,paid_social>organic_search,0,Atlantic
5698,affiliate>paid_search>paid_search,0,BC
5699,display>paid_search,0,QC
5700,affiliate>affiliate>direct,0,AB
5701,paid_social>affiliate>affiliate,0,BC
5702,display>display>direct>paid_social,0,QC
5703,display>paid_social>display>display>email,0,AB
5704,display>affiliate,0,AB
5705,paid_social>organic_search>paid_search>paid_search,0,BC
5706,display>display>organic_search>direct,0,Atlantic
5707,organic_search>organic_search>paid_social>paid_search>display,0,Atlantic
5708,display>paid_search,0,Atlantic
5709,paid_social>display>paid_social>email,0,Atlantic
5710,paid_social>organic_search>display>direct,1,BC
5711,display>organic_search>paid_search>paid_search,1,Atlantic
5712,paid_social>paid_search,0,Prairies
5713,display>paid_search>affiliate,0,ON
5714,display>organic_search>display>direct,0,BC
5715,paid_social>display>paid_social>email,1,AB
5716,paid_search>email>organic_search>direct,0,QC
5717,direct,0,Atlantic
5718,display>direct,0,QC
5719,organic_search>paid_search>email,1,QC
5720,paid_search>organic_search>paid_search>affiliate,0,AB
5721,display>direct,0,QC
5722,display>email,0,BC
5723,organic_search>display>paid_social,0,BC
5724,display>display>paid_social>paid_search>direct,0,Prairies
5725,paid_social>organic_search,0,QC
5726,paid_search>organic_search>display>affiliate,0,QC
5727,paid_search>direct>direct,0,Atlantic
5728,direct>display>paid_search,0,Prairies
5729,display>display>display>paid_social,0,Prairies
5730,display>paid_social,0,BC
5731,paid_search>display>email,1,Atlantic
5732,direct,0,Atlantic
5733,paid_social>paid_search>direct,0,QC
5734,display>display>direct,0,BC
5735,email>paid_social,0,ON
5736,paid_social>display>direct,0,BC
5737,paid_social>display>affiliate>paid_social>email,0,QC
5738,affiliate>organic_search>organic_search,0,AB
5739,organic_search>display>display>direct,0,AB
5740,paid_search>organic_search>paid_search>organic_search>display>email,0,AB
5741,organic_search>paid_search,0,AB
5742,display>display>email>paid_search>paid_search,0,QC
5743,organic_search>display>display>paid_social>email,0,ON
5744,direct>organic_search,0,ON
5745,affiliate>organic_search,0,Prairies
5746,display>affiliate,0,Prairies
5747,paid_search>paid_search>paid_search>paid_search,0,AB
5748,paid_social>paid_social>paid_search,0,Prairies
5749,display>affiliate>email,1,AB
5750,direct>paid_social>paid_social>paid_search>paid_social>display>paid_search,0,Atlantic
5751,paid_social>organic_search>display>direct,1,Prairies
5752,paid_search>paid_search,0,Prairies
5753,organic_search>display>display>paid_search>paid_search>paid_social>direct,1,Atlantic
5754,display>display>paid_search,0,AB
5755,paid_social>paid_social>paid_search>paid_search>email,0,AB
5756,display>direct,0,Prairies
5757,paid_social>paid_search>paid_social>paid_social>direct,0,QC
5758,paid_social>display>paid_social>organic_search>display>paid_search,0,AB
5759,paid_social>display>direct,0,BC
5760,display>direct>paid_social>paid_search>paid_search>paid_search,0,BC
5761,organic_search>display>paid_social>affiliate,0,BC
5762,paid_search>affiliate>direct,0,ON
5763,display>email,0,Atlantic
5764,organic_search>paid_search,1,AB
5765,paid_social>paid_social>paid_social>direct>display>display>organic_search,0,BC
5766,display>direct,0,QC
5767,direct>display>organic_search>direct,1,BC
5768,paid_search>paid_search>email>display,0,Prairies
5769,paid_search>organic_search>organic_search>paid_social>paid_social,0,AB
5770,organic_search>affiliate,0,AB
5771,display>organic_search,0,AB
5772,display>display>paid_social>paid_social>paid_search>paid_search,0,Atlantic
5773,display>paid_search>organic_search>direct,0,Atlantic
5774,display>direct>paid_search,0,Prairies
5775,organic_search>paid_search,1,AB
5776,paid_social>direct,0,Atlantic
5777,organic_search>paid_social>email,0,Prairies
5778,organic_search>display>paid_social>paid_social>organic_search>direct,1,ON
5779,organic_search>direct,0,AB
5780,direct>organic_search,0,AB
5781,organic_search>direct>affiliate>paid_social>organic_search>direct,0,QC
5782,paid_social>display>display>display,0,ON
5783,display>organic_search>paid_social>paid_search>paid_search>display,0,Atlantic
5784,display>direct,0,Atlantic
5785,affiliate>display>paid_social>direct,0,QC
5786,organic_search>organic_search>display>paid_search>paid_social>display>paid_social,1,Atlantic
5787,display>display>organic_search>email>paid_social,0,ON
5788,paid_social>display>affiliate>direct>paid_social>paid_search,0,BC
5789,organic_search>direct>display>direct,0,Prairies
5790,paid_social>email,0,AB
5791,display>display>affiliate,0,Prairies
5792,paid_search>organic_search,0,AB
5793,display>affiliate>paid_search,0,ON
5794,affiliate>paid_search>organic_search>display>paid_social>paid_search,0,Prairies
5795,display>display>direct,0,Prairies
5796,paid_social>affiliate>paid_social,0,Prairies
5797,display>paid_social>direct,0,AB
5798,organic_search>organic_search>email>paid_social,0,BC
5799,display>affiliate>direct,0,ON
5800,display>paid_search>paid_social>display>organic_search,1,Atlantic
5801,paid_social>direct>display>display>display>display>display>direct,0,BC
5802,display>paid_search,0,ON
5803,display>organic_search,0,Prairies
5804,display>organic_search>display>display>email,0,Prairies
5805,display>direct>paid_search>display>paid_search,1,QC
5806,display>paid_search>organic_search>organic_search>email,0,Prairies
5807,paid_social>display>paid_search,0,BC
5808,paid_search>paid_social>display,0,BC
5809,display>email>paid_social>organic_search,0,QC
5810,email>direct>direct,0,QC
5811,affiliate,0,Prairies
5812,paid_social>paid_social>display>direct,0,Prairies
5813,direct>paid_social>display>paid_social>direct,0,QC
5814,display>email,0,Prairies
5815,paid_social>direct>organic_search>paid_social,0,QC
5816,paid_social>display>paid_search>email>direct,0,BC
5817,organic_search>paid_search>display>direct,1,AB
5818,paid_social>display>email>email,0,AB
5819,display>organic_search>direct,0,BC
5820,display>affiliate>paid_social,0,BC
5821,display>organic_search>display>paid_search>direct,1,QC
5822,display>direct>display>organic_search,0,ON
5823,paid_search>paid_search>email,0,QC
5824,affiliate>affiliate,0,Atlantic
5825,display>paid_social>email,0,ON
5826,organic_search,0,Atlantic
5827,display>display>direct>direct,0,Prairies
5828,organic_search>display>paid_search,0,Prairies
5829,paid_social>direct>display>paid_search>organic_search>affiliate,0,Prairies
5830,email>display,0,ON
5831,direct,0,ON
5832,organic_search>email,0,QC
5833,paid_social>affiliate>affiliate>direct,0,BC
5834,affiliate>organic_search>organic_search>email,0,Atlantic
5835,paid_search>affiliate>display>paid_search,0,Prairies
5836,display>paid_social,0,AB
5837,paid_social>paid_social>direct,0,QC
5838,affiliate>affiliate>paid_social>display>email>display>display>paid_social>paid_search,1,BC
5839,paid_search>affiliate,0,Atlantic
5840,display>display>paid_search>paid_social>affiliate,0,Prairies
5841,paid_search>affiliate>affiliate>paid_search>paid_social>paid_search,0,ON
5842,paid_search,0,ON
5843,paid_social>organic_search>paid_search>paid_search,0,Prairies
5844,organic_search>paid_social>paid_social>organic_search>organic_search,0,Atlantic
5845,paid_social>organic_search>display>organic_search,0,Atlantic
5846,display>paid_social>organic_search>email,0,Prairies
5847,display>organic_search>paid_social>display>affiliate,0,ON
5848,direct>paid_search>affiliate,0,Prairies
5849,display>organic_search>display>display>paid_search,0,ON
5850,display>paid_search>display>organic_search,0,Prairies
5851,display>paid_search,0,ON
5852,affiliate>organic_search>organic_search>paid_search>email,0,QC
5853,paid_social>organic_search>organic_search>display>email,0,Atlantic
5854,display>organic_search>email,0,QC
5855,paid_social>email,0,QC
5856,paid_social>display>direct,0,BC
5857,display>direct,0,Atlantic
5858,organic_search>paid_search>paid_search,0,QC
5859,paid_search,0,ON
5860,paid_social>display>paid_social>direct,0,BC
5861,paid_social>organic_search>direct,0,Atlantic
5862,paid_search>paid_social>direct,0,BC
5863,display>organic_search,0,Prairies
5864,paid_social>affiliate,0,AB
5865,direct>paid_search>display>organic_search>direct,0,Atlantic
5866,email>organic_search>paid_social>paid_search,0,Atlantic
5867,display>paid_social>email,0,QC
5868,paid_search>organic_search>paid_social>organic_search,0,ON
5869,display>direct,1,QC
5870,paid_social>affiliate>organic_search,0,AB
5871,display>paid_search,0,Atlantic
5872,organic_search>affiliate>paid_social>paid_search>paid_search,1,Atlantic
5873,organic_search>paid_search>paid_social>paid_social>email,1,QC
5874,display>display>paid_social>paid_social>display>email,0,QC
5875,organic_search>paid_social>organic_search>display>email,0,AB
5876,display>paid_search>display>direct,0,ON
5877,paid_social>display>direct>direct>direct,0,QC
5878,paid_social>display>affiliate,0,Prairies
5879,organic_search,0,BC
5880,direct>paid_search>paid_social>email,0,BC
5881,display>paid_search>organic_search>paid_social>organic_search>direct,0,ON
5882,display>paid_social>paid_social>direct,1,BC
5883,display>direct,0,Atlantic
5884,paid_search>organic_search>paid_social>paid_social>paid_search>paid_social,0,Prairies
5885,affiliate>display>direct,0,Atlantic
5886,affiliate>paid_social>paid_search>paid_search,0,AB
5887,paid_social>direct>paid_social>affiliate>affiliate,0,ON
5888,paid_social>direct,0,Atlantic
5889,paid_social>paid_social>organic_search,0,Atlantic
5890,paid_search>display>paid_social>organic_search>paid_search,0,BC
5891,paid_search>display>direct,0,AB
5892,affiliate>affiliate>paid_social>direct,0,AB
5893,affiliate>display>organic_search,0,QC
5894,paid_social>organic_search>email,0,QC
5895,display>display>direct,0,AB
5896,paid_social>paid_social>affiliate>paid_social>display>direct,0,ON
5897,display>display>email>paid_social>organic_search,0,ON
5898,display>paid_social>display>email,0,ON
5899,paid_search,0,QC
5900,organic_search>email,0,AB
5901,display>affiliate>organic_search>paid_search,0,ON
5902,affiliate>email,0,Atlantic
5903,display>affiliate,0,Prairies
5904,direct,0,BC
5905,paid_search>display>display>paid_search>organic_search,0,BC
5906,display>paid_search>affiliate,1,QC
5907,affiliate>paid_social>display>affiliate,0,BC
5908,affiliate>organic_search>affiliate>display>organic_search,0,QC
5909,paid_search>display>organic_search>organic_search,0,QC
5910,display>paid_social>paid_social,0,ON
5911,organic_search>paid_search>display>organic_search,0,AB
5912,paid_social>display>direct>direct,0,Atlantic
5913,affiliate>organic_search,0,Atlantic
5914,paid_search>paid_search>paid_search,0,AB
5915,display>direct,0,Prairies
5916,paid_search>paid_social>organic_search>paid_social>organic_search,0,AB
5917,paid_social>email>email,0,Prairies
5918,paid_social>display>direct>display>organic_search,0,ON
5919,display>organic_search>display>email,0,BC
5920,display>email,0,QC
5921,display>display>email,0,Prairies
5922,display>paid_social>paid_social>direct,0,BC
5923,paid_search>organic_search>paid_search>paid_social>direct,0,Atlantic
5924,affiliate>paid_search,0,BC
5925,display>paid_social>email,0,AB
5926,paid_social>paid_search>paid_search>paid_social>direct,0,AB
5927,organic_search,0,ON
5928,direct>email,0,Prairies
5929,organic_search,0,BC
5930,display>paid_search>affiliate>direct,0,Atlantic
5931,organic_search>display>paid_social>paid_social,0,BC
5932,organic_search,0,Atlantic
5933,affiliate>direct,0,BC
5934,email>direct>display,0,BC
5935,organic_search>email>organic_search>email,0,QC
5936,affiliate>display>affiliate,0,Atlantic
5937,organic_search>direct,0,BC
5938,paid_social>paid_search>paid_search>direct>affiliate>email,1,BC
5939,organic_search>direct,0,Atlantic
5940,paid_search>organic_search>affiliate,0,AB
5941,display>affiliate>paid_search,0,AB
5942,paid_social>paid_social>display>display>paid_social>direct,0,QC
5943,display>paid_search>affiliate>direct,0,QC
5944,paid_social>affiliate>direct,0,Prairies
5945,display>display>paid_search>organic_search>affiliate>paid_social,0,QC
5946,paid_social>paid_social>organic_search>direct>paid_social>direct,0,Prairies
5947,paid_search,0,Prairies
5948,direct>paid_social>display>direct>paid_social>email,0,AB
5949,paid_social>paid_social>email,0,Prairies
5950,display>display>organic_search>organic_search>affiliate,0,BC
5951,organic_search>paid_social>paid_social>paid_social,0,Prairies
5952,organic_search>paid_social>display>organic_search,0,AB
5953,paid_social>display>paid_social>display>paid_social,1,AB
5954,display>display>affiliate,0,AB
5955,organic_search>direct,0,Prairies
5956,affiliate>affiliate>display>paid_search,0,BC
5957,direct>paid_social>organic_search>paid_search,0,BC
5958,paid_social>affiliate,0,BC
5959,organic_search>organic_search,0,Atlantic
5960,display>paid_social>organic_search>email,0,Atlantic
5961,organic_search>display>organic_search>paid_social,0,Prairies
5962,display>paid_search,1,BC
5963,affiliate>display>display>paid_search,0,Prairies
5964,display>display>organic_search>email,0,Atlantic
5965,paid_social>email,0,AB
5966,display>display>display>paid_search,1,ON
5967,paid_social>paid_search,0,Atlantic
5968,paid_search>direct,1,Prairies
5969,display>affiliate>organic_search>paid_social>display>paid_search,0,QC
5970,display>paid_social>organic_search>affiliate>direct,0,ON
5971,paid_social>direct,0,BC
5972,display>paid_social>email,1,ON
5973,display>organic_search>direct,0,Atlantic
5974,email,1,AB
5975,paid_social>organic_search>email>direct>display>affiliate,0,BC
5976,organic_search>paid_social>affiliate>display>email,0,QC
5977,display>direct,0,BC
5978,display>display>paid_social>paid_social>affiliate,0,BC
5979,display>paid_social>paid_social>paid_search>affiliate,0,BC
5980,display>paid_search>organic_search>direct>paid_search,1,Prairies
5981,affiliate>paid_search,0,ON
5982,display>affiliate,0,BC
5983,display>affiliate>affiliate,0,BC
5984,direct>display>display>paid_search,0,BC
5985,paid_search>organic_search>organic_search,0,BC
5986,paid_search>paid_social,0,QC
5987,organic_search>affiliate>display>paid_social,1,Prairies
5988,display>paid_social,0,Prairies
5989,paid_social>display>paid_search>paid_search,1,AB
5990,display>display>paid_social>display>email,0,Prairies
5991,paid_social>display>display>paid_social>paid_search,0,Prairies
5992,display>paid_social>paid_social>display,0,BC
5993,display>paid_social>paid_social>paid_social>paid_social>paid_social>organic_search>affiliate,0,Atlantic
5994,display>display>paid_search,0,ON
5995,display>display,0,Prairies
5996,paid_social>organic_search>direct>affiliate,1,Prairies
5997,affiliate>paid_social>display>display>paid_social>paid_search,1,Atlantic
5998,display>display>paid_search,0,Atlantic
5999,paid_social>display>paid_search>affiliate>display>direct,0,AB
6000,organic_search>paid_social>affiliate>organic_search,0,ON
6001,paid_social>affiliate,0,QC
6002,paid_search>paid_search>paid_search,0,Atlantic
6003,display>direct,0,BC
6004,display>display>organic_search>affiliate>paid_social>email,0,Prairies
6005,email>organic_search,0,Atlantic
6006,organic_search>organic_search>paid_social,0,QC
6007,display>organic_search>organic_search>display>organic_search,0,ON
6008,display>paid_social>affiliate>paid_search,0,Atlantic
6009,paid_social>direct>paid_social>display>affiliate,0,AB
6010,organic_search>display>display>paid_search>email,0,Atlantic
6011,organic_search>direct>affiliate,0,Atlantic
6012,affiliate>organic_search>organic_search,0,Atlantic
6013,paid_search>paid_social>display>paid_social>paid_social>direct,0,ON
6014,paid_search>paid_social>paid_social>paid_search>affiliate>direct,0,ON
6015,paid_social>display>email,0,Atlantic
6016,display>organic_search>paid_social>organic_search>direct,0,BC
6017,display>affiliate>direct,0,Prairies
6018,paid_search>email>organic_search,1,BC
6019,paid_search>email,0,ON
6020,paid_search>direct,1,Prairies
6021,paid_social>paid_search>organic_search>direct,0,ON
6022,display>display>organic_search>affiliate>email,0,BC
6023,email>organic_search,0,BC
6024,paid_social>paid_search>direct>paid_search,0,Atlantic
6025,display>organic_search>organic_search>email,0,ON
6026,direct>display>affiliate,0,Atlantic
6027,organic_search>direct,0,Prairies
6028,paid_social>organic_search>organic_search>email,0,QC
6029,direct>display>paid_social>paid_social,0,Prairies
6030,organic_search>affiliate>affiliate>paid_social>display>affiliate,0,Prairies
6031,paid_social>display>direct,0,AB
6032,affiliate>affiliate,0,Atlantic
6033,organic_search>display>affiliate>display>organic_search>display,1,AB
6034,organic_search>email,0,Prairies
6035,organic_search>display>paid_search>display>direct,0,AB
6036,email>paid_search>affiliate>paid_social>display>organic_search>paid_social>affiliate,0,Atlantic
6037,display>paid_social>display,0,Atlantic
6038,paid_social>display>organic_search>affiliate,0,ON
6039,paid_search>display>paid_social,0,Atlantic
6040,organic_search>paid_search,0,BC
6041,affiliate>organic_search>organic_search>paid_social>paid_search,1,QC
6042,display>organic_search,0,AB
6043,direct>paid_search>display>affiliate>direct,0,Prairies
6044,organic_search>affiliate>paid_social,0,BC
6045,direct,0,Prairies
6046,display>display>paid_search>display>display>direct,0,AB
6047,display>email,0,AB
6048,paid_search>affiliate,0,AB
6049,paid_social>paid_search,0,ON
6050,display>display>paid_search,0,Prairies
6051,display>paid_search>display>paid_social>affiliate,0,BC
6052,paid_social>paid_social>direct,0,Prairies
6053,direct>display>paid_search>direct,0,ON
6054,paid_search>paid_search>paid_social>paid_social>paid_social>paid_social>paid_search,0,BC
6055,organic_search>display>paid_social>direct,0,QC
6056,direct>paid_search>direct>email,0,BC
6057,display>display>paid_social,0,QC
6058,paid_search>paid_search>affiliate>display>paid_social,0,BC
6059,paid_search>paid_social>paid_search,0,ON
6060,display>affiliate>paid_social>affiliate,1,BC
6061,paid_social>paid_search>email>display>paid_search,0,ON
6062,affiliate>direct,0,ON
6063,paid_search>display>direct,0,ON
6064,display>display>organic_search,0,BC
6065,display>organic_search>display>paid_social>paid_search>organic_search>affiliate,0,BC
6066,paid_social>paid_social,1,Prairies
6067,affiliate>display>paid_social>organic_search>paid_search>organic_search>organic_search,0,Prairies
6068,affiliate>paid_social>direct,0,BC
6069,paid_search>display>direct,0,QC
6070,direct,0,QC
6071,paid_search>email>email,0,QC
6072,organic_search>paid_search>display>paid_search>direct>direct,1,BC
6073,organic_search>paid_social>email,0,Atlantic
6074,organic_search>direct,0,Atlantic
6075,display>organic_search>direct,0,BC
6076,organic_search>organic_search>paid_social>direct,0,BC
6077,email,0,Atlantic
6078,display>email>paid_search>affiliate,0,AB
6079,paid_social>display>paid_search>paid_search,0,QC
6080,display>paid_social,0,QC
6081,affiliate>organic_search,0,Atlantic
6082,paid_social>paid_social>organic_search,0,BC
6083,paid_social>affiliate,0,Atlantic
6084,paid_social>direct,0,BC
6085,display>email,0,Prairies
6086,display>direct,0,Atlantic
6087,display>organic_search>affiliate,0,Atlantic
6088,display>affiliate>display>organic_search>email,0,Prairies
6089,display>affiliate>organic_search>direct,0,Prairies
6090,paid_search>direct>paid_search>affiliate>paid_search,1,ON
6091,paid_social>paid_search>paid_social>organic_search>paid_social>paid_search,1,BC
6092,display>paid_search>paid_search>email,1,ON
6093,email>paid_search>paid_social>affiliate,1,BC
6094,affiliate>affiliate>paid_search>paid_search,1,ON
6095,email,0,BC
6096,email,0,Prairies
6097,paid_social,0,ON
6098,paid_search>display>direct,1,QC
6099,affiliate,1,ON
6100,display>display>organic_search>direct,0,QC
6101,direct>organic_search>affiliate,0,BC
6102,display>display>organic_search,0,QC
6103,paid_search>direct>display>paid_social>paid_search>affiliate,0,BC
6104,paid_social>paid_social>display>direct,0,QC
6105,direct>direct,0,ON
6106,paid_social>paid_search>paid_search,0,Prairies
6107,paid_social>direct>direct,0,BC
6108,display>email>paid_social>paid_search,0,AB
6109,paid_search>organic_search>organic_search>paid_social>organic_search>paid_search,0,BC
6110,paid_social>direct,0,Atlantic
6111,display>display>display>paid_search,0,Atlantic
6112,paid_social>paid_social>direct>paid_social>direct,0,AB
6113,direct>paid_social>organic_search,0,AB
6114,direct,0,Atlantic
6115,organic_search>organic_search>display>paid_search,0,ON
6116,paid_search>direct,0,QC
6117,display>organic_search,0,BC
6118,affiliate>direct>organic_search>paid_search,0,ON
6119,email>paid_search>organic_search>email,0,Prairies
6120,display>paid_search,0,BC
6121,paid_search>email>display>email,0,AB
6122,display>paid_social>paid_social,0,BC
6123,paid_social>direct>email,0,Prairies
6124,direct>email>display>email,0,BC
6125,paid_search>display>affiliate>direct,1,BC
6126,paid_search>display>direct,0,BC
6127,organic_search>direct,0,AB
6128,paid_social>affiliate,0,QC
6129,paid_social>direct>display>paid_search>organic_search,1,AB
6130,paid_search>paid_social>display>organic_search>paid_social>direct,0,Atlantic
6131,email,0,BC
6132,organic_search>paid_social>display>organic_search,0,QC
6133,paid_search>display>display>organic_search>paid_social>display>organic_search>affiliate,0,Atlantic
6134,paid_social>affiliate>direct>direct,0,AB
6135,paid_social>direct,1,BC
6136,organic_search>paid_social>display>display>paid_search,0,AB
6137,paid_social>direct,0,AB
6138,organic_search>affiliate>direct,0,AB
6139,paid_social>paid_search,0,AB
6140,display>organic_search>affiliate,0,Atlantic
6141,display>email,0,ON
6142,organic_search>display>paid_social>organic_search>email,1,Atlantic
6143,paid_search>display>affiliate,1,BC
6144,paid_search>paid_search>paid_search,1,AB
6145,display>paid_search>organic_search>affiliate,0,BC
6146,paid_social>display>paid_search,0,BC
6147,display>direct,0,BC
6148,display>display>affiliate,0,BC
6149,paid_social>organic_search>organic_search>paid_social>direct,0,Atlantic
6150,paid_social>paid_social>paid_social>paid_search>paid_social>email,0,BC
6151,display>organic_search>direct,0,AB
6152,display>display>direct>organic_search,0,QC
6153,display>organic_search>paid_social>affiliate,0,AB
6154,paid_social>affiliate>paid_social>email,0,QC
6155,organic_search>organic_search>paid_search>email,0,Prairies
6156,direct>direct,0,AB
6157,paid_search>paid_search>paid_search>direct,0,QC
6158,display>organic_search>organic_search>paid_social>paid_social>paid_social,0,Atlantic
6159,paid_social>display>display>display>direct,0,ON
6160,paid_search>organic_search>email,0,Atlantic
6161,paid_search>paid_social>organic_search,0,ON
6162,affiliate>affiliate,0,QC
6163,organic_search>paid_social>direct,0,Prairies
6164,affiliate>paid_social>organic_search>email,0,Atlantic
6165,direct>organic_search>email,0,BC
6166,paid_search>display>affiliate>display>email,0,ON
6167,paid_search>direct>organic_search>email,0,Prairies
6168,paid_search,0,AB
6169,display>organic_search>paid_social>affiliate,0,BC
6170,display>organic_search>display>paid_search>affiliate,1,QC
6171,display>paid_search>affiliate>paid_search,0,Atlantic
6172,paid_search>display>display>display>paid_social>paid_social>organic_search>display>email,0,ON
6173,organic_search>paid_search>organic_search,0,AB
6174,display>affiliate>display>display,0,Prairies
6175,organic_search>organic_search,0,Atlantic
6176,organic_search>paid_social,0,BC
6177,organic_search>display>direct>paid_search,0,ON
6178,email>affiliate>email,0,Atlantic
6179,display>organic_search>affiliate,0,Prairies
6180,paid_social>affiliate>paid_search>direct,1,QC
6181,paid_social>paid_social>direct,0,Atlantic
6182,paid_social>organic_search>paid_social>paid_social>affiliate,0,ON
6183,paid_social>organic_search,0,ON
6184,email>display>affiliate>email,1,Atlantic
6185,affiliate>email,0,QC
6186,display>paid_search,0,Atlantic
6187,display>affiliate>paid_search>paid_social>display>organic_search>organic_search,0,Prairies
6188,affiliate>paid_search>display>affiliate,1,QC
6189,paid_search>organic_search>paid_search,0,QC
6190,paid_search>paid_search>paid_social>direct>paid_search,1,Atlantic
6191,paid_social>display>paid_social>paid_social,0,AB
6192,paid_social>display>affiliate>display>affiliate,0,ON
6193,organic_search>paid_social>email,0,Prairies
6194,display>display>direct>paid_search>direct,0,ON
6195,display>paid_search>display>affiliate,0,ON
6196,email>paid_search>direct,0,AB
6197,display>display>paid_search,0,BC
6198,display>display>display>affiliate,0,QC
6199,display>affiliate>paid_social>organic_search>email,0,QC
6200,display>paid_search>direct,0,ON
6201,paid_social>paid_search,0,AB
6202,display>display>email,0,AB
6203,organic_search>paid_social>display,0,AB
6204,affiliate>display>paid_search>paid_search,0,Atlantic
6205,paid_social>paid_search>paid_search,0,Prairies
6206,display>direct,1,Prairies
6207,paid_social>direct>paid_social>direct>display>direct,0,AB
6208,email>affiliate>paid_search,0,BC
6209,paid_social>display>organic_search>paid_search,1,BC
6210,display>affiliate>direct,0,QC
6211,paid_social>paid_social>paid_search,0,ON
6212,affiliate>organic_search,0,ON
6213,display>email>paid_social>direct,0,BC
6214,paid_social>organic_search>display>organic_search,0,ON
6215,paid_social>email,0,AB
6216,direct,0,AB
6217,display>organic_search,0,Atlantic
6218,paid_search>paid_social>paid_social>organic_search>email,0,ON
6219,paid_social>affiliate>affiliate>paid_social>paid_search,0,Atlantic
6220,display>paid_search>paid_social>paid_search>organic_search>organic_search,0,QC
6221,display>direct,0,ON
6222,direct>paid_social>email,0,Prairies
6223,email,0,Atlantic
6224,organic_search>display>paid_search>paid_social,0,AB
6225,paid_social>display>organic_search,0,ON
6226,display>display>paid_search,0,BC
6227,organic_search>paid_social>direct,0,Prairies
6228,display>direct,0,Atlantic
6229,display>direct,0,QC
6230,direct,0,ON
6231,paid_search>paid_social,0,Prairies
6232,organic_search>display,0,ON
6233,paid_search>affiliate>organic_search>paid_social>paid_social>affiliate>paid_search,0,AB
6234,email,0,BC
6235,display>paid_search,0,Atlantic
6236,paid_social>affiliate>email,0,AB
6237,paid_search,0,BC
6238,display>paid_search>organic_search>paid_social>paid_social>display>paid_social,0,Atlantic
6239,organic_search>affiliate>organic_search>direct,0,ON
6240,display>organic_search,0,Prairies
6241,direct,0,BC
6242,paid_search>display,0,QC
6243,paid_search>paid_social>paid_social,0,QC
6244,affiliate>organic_search>paid_search>display>display>affiliate,0,ON
6245,display>organic_search,0,AB
6246,display>paid_social>organic_search,0,AB
6247,paid_search>display>paid_social>paid_social>direct,0,QC
6248,direct>display>direct,0,Prairies
6249,display>paid_search>paid_search,0,QC
6250,organic_search>direct>paid_social>display>organic_search>email,0,QC
6251,organic_search>affiliate>paid_search>email,0,Prairies
6252,direct>email>affiliate,0,AB
6253,organic_search>paid_social>organic_search>email>affiliate>paid_search,0,BC
6254,direct,0,Atlantic
6255,organic_search>paid_social>organic_search,1,ON
6256,paid_social>display>display,0,QC
6257,organic_search>display>email>affiliate,0,BC
6258,affiliate>email,0,BC
6259,paid_social>paid_social>affiliate,0,ON
6260,paid_social>affiliate>display>email,0,BC
6261,paid_social>display>paid_search>direct,1,AB
6262,affiliate>paid_social>paid_search>email,0,BC
6263,paid_social>paid_search,1,ON
6264,paid_search>direct,0,BC
6265,display>organic_search,1,Prairies
6266,display>paid_social>paid_social>paid_search,0,AB
6267,paid_social>paid_social>affiliate,0,AB
6268,organic_search>direct,0,BC
6269,display>display>affiliate,0,Atlantic
6270,organic_search>direct,0,Atlantic
6271,affiliate>organic_search,0,AB
6272,paid_social>direct,1,ON
6273,email,0,Atlantic
6274,paid_search,0,ON
6275,display>direct>paid_social>paid_social>affiliate,0,BC
6276,paid_social>display>affiliate,0,Prairies
6277,organic_search>paid_social>display>direct,0,ON
6278,display>affiliate>display>affiliate,0,Atlantic
6279,paid_social>paid_social>paid_social>affiliate>paid_search,0,Atlantic
6280,organic_search>paid_search>paid_search,0,Prairies
6281,display>display>paid_social>paid_social>display>display>organic_search>paid_social,0,ON
6282,paid_search>organic_search>display>paid_social>paid_social>direct,0,Atlantic
6283,affiliate>organic_search>paid_social>display>paid_search,0,AB
6284,paid_search>direct,0,AB
6285,paid_social>organic_search>email,0,QC
6286,organic_search>display>organic_search>paid_social,1,BC
6287,paid_search>paid_search,0,ON
6288,paid_social>organic_search>email>email,0,Prairies
6289,organic_search>display>paid_social>display>display>email,0,Atlantic
6290,display>organic_search>paid_search,0,Prairies
6291,display>paid_social>direct>affiliate>paid_social>affiliate,0,Prairies
6292,display>affiliate,0,BC
6293,email,0,AB
6294,display>organic_search>paid_search>display,1,Atlantic
6295,organic_search>direct,0,Prairies
6296,affiliate,0,Prairies
6297,paid_social>direct,0,Atlantic
6298,paid_social>paid_social>direct,0,BC
6299,paid_social>display>organic_search>organic_search>paid_search>paid_search>organic_search>paid_social>organic_search>affiliate,0,Atlantic
6300,paid_social>paid_social>affiliate,0,QC
6301,organic_search>paid_social>display>paid_search>affiliate,0,BC
6302,paid_social,0,BC
6303,organic_search>paid_social>paid_social>organic_search>direct>affiliate>organic_search,0,BC
6304,affiliate>paid_search,0,QC
6305,display>display>paid_search,0,ON
6306,paid_social>paid_search>email,0,AB
6307,paid_social>affiliate>direct,0,ON
6308,display>display>display>email>email,0,Atlantic
6309,paid_social>display>direct,1,Prairies
6310,display>email,0,Atlantic
6311,paid_social>paid_social>paid_social>display>affiliate,1,ON
6312,direct>affiliate>paid_social>direct,0,BC
6313,display>organic_search>direct>paid_social>paid_search>paid_social>display>organic_search>display>paid_search,0,ON
6314,paid_social>email>display>display>paid_social>organic_search,0,QC
6315,direct>organic_search>paid_search,0,ON
6316,direct>paid_search>paid_search>direct,0,ON
6317,organic_search>direct>paid_social>paid_social>display>organic_search,0,Prairies
6318,email>paid_social>affiliate>paid_search>email,1,AB
6319,affiliate>organic_search>organic_search>organic_search>direct,0,Atlantic
6320,organic_search,0,Prairies
6321,paid_search>paid_social>paid_search>paid_search>display>paid_social>email,0,QC
6322,organic_search>display>organic_search,0,BC
6323,display>display>organic_search>paid_search>paid_social>direct,0,AB
6324,display>display>paid_search>paid_search,0,BC
6325,direct>direct,0,QC
6326,organic_search>organic_search>affiliate,0,Atlantic
6327,paid_search>organic_search,0,ON
6328,email>paid_search>organic_search,0,AB
6329,display>paid_social>organic_search>organic_search>paid_social>paid_search,0,Prairies
6330,direct>organic_search,0,BC
6331,organic_search>paid_social>paid_social,0,Prairies
6332,display>paid_social>direct,0,Atlantic
6333,paid_social>paid_search,0,Prairies
6334,paid_social>paid_social>direct,0,ON
6335,organic_search>display>paid_search>affiliate,0,QC
6336,paid_search>affiliate,0,QC
6337,paid_search>paid_search>paid_search>paid_social>paid_social,1,BC
6338,organic_search>display>display>email,0,Prairies
6339,paid_social>paid_social>organic_search>paid_social,0,QC
6340,organic_search>paid_social>organic_search>paid_search,0,AB
6341,affiliate>paid_social>paid_search,0,ON
6342,paid_social>display>affiliate>direct,0,Atlantic
6343,display>display>email,0,ON
6344,display>paid_social>paid_social,0,Atlantic
6345,affiliate>email>paid_social>direct,0,ON
6346,display>paid_social>organic_search,0,Prairies
6347,display>affiliate>paid_social>affiliate>email,0,AB
6348,paid_social>organic_search>paid_social>direct,0,Atlantic
6349,display>paid_social>display>paid_social>direct,0,AB
6350,paid_social>display>paid_search,0,AB
6351,paid_social>direct>paid_social>paid_social>affiliate,0,QC
6352,paid_social>organic_search>email,0,ON
6353,affiliate>direct,0,Atlantic
6354,organic_search>direct,0,Atlantic
6355,email>display>paid_social>paid_social>paid_search,0,AB
6356,paid_social>display>email,0,Atlantic
6357,display>display>organic_search>paid_search>organic_search>paid_search,0,QC
6358,paid_social>affiliate>direct>paid_social>paid_search,0,AB
6359,paid_social>organic_search>display>display>affiliate>direct,0,AB
6360,direct>affiliate>paid_social>direct,0,Atlantic
6361,display>email,0,QC
6362,paid_social>paid_search,0,QC
6363,display>paid_social>display>email,0,QC
6364,paid_social>display>paid_search>paid_social,1,QC
6365,organic_search,0,QC
6366,direct>affiliate>affiliate,0,BC
6367,paid_social>display>direct,0,Prairies
6368,direct>paid_search,0,ON
6369,paid_social>paid_social>paid_search>direct,0,ON
6370,email>paid_social>paid_search,0,Prairies
6371,organic_search>email,0,QC
6372,paid_social>display>paid_social>paid_social>affiliate,0,BC
6373,email,0,AB
6374,paid_social>display>email,0,Atlantic
6375,organic_search>paid_search>paid_social>direct>paid_social>email,0,Prairies
6376,organic_search>display>affiliate>paid_search>paid_social,0,QC
6377,display>email>paid_search>display>display>organic_search,0,AB
6378,affiliate>paid_social>affiliate>paid_search>display,0,Prairies
6379,display>display>affiliate>display>affiliate>direct,0,ON
6380,paid_search>paid_social>organic_search>paid_search,0,Prairies
6381,paid_social>paid_social>paid_search,0,QC
6382,display>display>organic_search>organic_search,1,AB
6383,display>direct>paid_social>affiliate,0,Atlantic
6384,affiliate>display>paid_search,0,BC
6385,display>organic_search,0,BC
6386,paid_social>display>paid_search,0,Prairies
6387,organic_search>display>display>organic_search>paid_search>paid_social>direct,0,QC
6388,display>paid_social>paid_search>display>paid_social,0,QC
6389,display>display>paid_search>direct,0,ON
6390,paid_social>organic_search>display>display>organic_search>display,0,Atlantic
6391,paid_search>paid_social>organic_search>paid_social>paid_social>direct,0,BC
6392,paid_search>direct,0,ON
6393,display>paid_social>affiliate>email,1,Prairies
6394,organic_search>organic_search>display>direct>display>paid_search>paid_search>direct,0,AB
6395,direct>organic_search>direct,0,QC
6396,organic_search>display>affiliate,0,Prairies
6397,organic_search>organic_search,0,Prairies
6398,organic_search>display>direct,0,QC
6399,direct>paid_social>paid_social>organic_search,0,Atlantic
6400,paid_social>display>organic_search>display>paid_search>email,0,AB
6401,paid_social>display>paid_social>display>paid_search,0,BC
6402,direct,0,Atlantic
6403,paid_social>affiliate,0,ON
6404,display>affiliate>display>organic_search>direct,0,Atlantic
6405,display>paid_social>email,0,ON
6406,display>paid_social>organic_search>email>email,0,Atlantic
6407,paid_social>direct,0,AB
6408,display>paid_social>direct>email>email,0,Prairies
6409,display>display,0,AB
6410,affiliate,0,Atlantic
6411,organic_search>paid_social>affiliate>direct,0,AB
6412,paid_search,0,Atlantic
6413,paid_social>affiliate>organic_search>paid_search,1,Prairies
6414,organic_search>direct>direct,0,Atlantic
6415,display>display>direct>affiliate>paid_social>display,0,QC
6416,paid_social>paid_social>paid_search>display>email,0,QC
6417,paid_social>paid_search>email,0,Prairies
6418,paid_social>display>paid_search>display>direct,0,ON
6419,paid_search>paid_social>direct,0,Prairies
6420,paid_social>display>direct>display>paid_search,0,Atlantic
6421,direct>paid_social,0,ON
6422,paid_social>paid_social>email,0,Atlantic
6423,organic_search>direct>organic_search>paid_search>organic_search,0,Prairies
6424,display>direct>organic_search>paid_search,1,ON
6425,display>paid_search>paid_social>organic_search,0,AB
6426,affiliate>display>direct,0,AB
6427,display>direct,0,Atlantic
6428,paid_search>paid_social>display>email,0,BC
6429,email>display>direct>display>email,0,BC
6430,email,0,Atlantic
6431,organic_search>display>paid_search>display>display>direct,1,ON
6432,organic_search>display>paid_search,0,Prairies
6433,paid_social>paid_search>email,0,ON
6434,affiliate>organic_search>display>display>paid_search,0,QC
6435,organic_search>display>paid_social>affiliate,0,Prairies
6436,paid_social>affiliate>direct,0,Atlantic
6437,organic_search>display>direct,0,ON
6438,display>display,0,BC
6439,display>email>email,0,BC
6440,organic_search>affiliate>display>paid_social>email,0,Atlantic
6441,direct,0,Atlantic
6442,direct>paid_social>affiliate,0,ON
6443,paid_search>paid_social>organic_search,0,Atlantic
6444,paid_social>display>display>email,0,BC
6445,paid_search>email,1,Atlantic
6446,affiliate>paid_social>display>paid_social,0,QC
6447,paid_social>affiliate,0,ON
6448,organic_search>direct>display>paid_search,0,Prairies
6449,paid_search>direct,0,Atlantic
6450,paid_social>paid_search>affiliate>display>affiliate,0,ON
6451,display>organic_search>organic_search>paid_social>direct,0,BC
6452,direct,0,Atlantic
6453,affiliate>display>display>organic_search,0,QC
6454,display>affiliate>affiliate>direct>paid_social,0,AB
6455,paid_social>paid_search>display>organic_search>paid_search,0,Atlantic
6456,organic_search>paid_search>direct,0,Atlantic
6457,paid_social>paid_social>paid_search>direct,0,Atlantic
6458,display>organic_search>display>organic_search>affiliate,0,BC
6459,paid_social>paid_social>paid_social>paid_search,0,BC
6460,paid_social>display>direct,0,Atlantic
6461,paid_social>display>direct,1,AB
6462,paid_search>paid_social>display>affiliate>organic_search,0,BC
6463,organic_search>display>paid_search>organic_search>direct,0,BC
6464,paid_social>organic_search,0,QC
6465,direct>display>affiliate,0,Atlantic
6466,paid_social>email,0,BC
6467,paid_search>paid_search>paid_search>organic_search>display>direct,1,BC
6468,direct>email>paid_search>direct,0,BC
6469,paid_social>paid_social>email,0,QC
6470,display>display>display>direct,0,Prairies
6471,paid_social>paid_search>direct,0,QC
6472,organic_search>display>direct>direct,0,ON
6473,display>display>paid_search>organic_search>paid_social,0,AB
6474,organic_search,0,Prairies
6475,paid_social>direct,0,BC
6476,paid_social>paid_social>paid_social>organic_search>paid_social,0,AB
6477,direct>email,0,Atlantic
6478,display>email,0,ON
6479,paid_search>display>organic_search>email,0,ON
6480,display>paid_search>organic_search,0,Atlantic
6481,display>paid_social>paid_search,0,Prairies
6482,organic_search>paid_social>affiliate,0,ON
6483,display>display>affiliate,0,QC
6484,paid_social>display>organic_search>email,0,Prairies
6485,email>paid_social>paid_search>display>display,0,QC
6486,paid_search,0,Atlantic
6487,organic_search,0,Prairies
6488,affiliate>display,0,ON
6489,paid_search>direct>paid_social,1,ON
6490,organic_search,0,ON
6491,paid_search>display>affiliate,0,Atlantic
6492,paid_social>display>direct,0,QC
6493,display>paid_social>paid_search>direct,0,Atlantic
6494,paid_social>affiliate>display>paid_search>email,0,AB
6495,paid_social>direct>direct,0,Atlantic
6496,paid_social>paid_social>display>paid_social>organic_search>display,0,Atlantic
6497,display>paid_social>display>affiliate>display>display>paid_search,0,AB
6498,paid_social>direct,1,QC
6499,organic_search>organic_search>paid_search>display,0,AB
6500,paid_social>organic_search>organic_search>paid_social>email>display>display,0,Atlantic
6501,affiliate>direct,0,ON
6502,organic_search>organic_search>affiliate,0,ON
6503,paid_social>paid_search>display>organic_search>affiliate>display>email,0,QC
6504,organic_search>direct,0,ON
6505,paid_search>organic_search>paid_social>paid_search>display>direct,0,Prairies
6506,display>display>affiliate>direct,0,BC
6507,organic_search>paid_social>affiliate>paid_social,0,BC
6508,affiliate>paid_social>paid_social>organic_search,0,AB
6509,display>paid_social>direct,0,Atlantic
6510,paid_social>paid_search>organic_search,0,QC
6511,affiliate>display>email,0,Prairies
6512,paid_search>display>paid_search>display>direct,0,BC
6513,display>paid_social>email,0,AB
6514,paid_social>paid_social,0,Prairies
6515,paid_social>email>paid_social>organic_search>email,0,Atlantic
6516,display>email>direct,0,BC
6517,organic_search>paid_social>direct,0,ON
6518,paid_social>paid_social>display>paid_search>direct,1,BC
6519,affiliate>direct>organic_search>paid_search>paid_social,0,ON
6520,display>paid_social>email>organic_search>affiliate,0,BC
6521,paid_social>email>paid_search>paid_search,0,ON
6522,display>paid_social>display>direct>direct,0,BC
6523,paid_search,0,ON
6524,paid_social>organic_search>email,0,QC
6525,display>email,0,BC
6526,email>organic_search,0,ON
6527,paid_social>display>direct,0,Atlantic
6528,display>direct,0,ON
6529,email,0,QC
6530,affiliate>display>display>paid_social>organic_search>paid_search>display>direct>display>organic_search,0,Atlantic
6531,paid_search>email>affiliate,0,QC
6532,paid_social>affiliate>paid_search,0,ON
6533,paid_search>paid_search,0,Atlantic
6534,affiliate>paid_search>organic_search>paid_search,1,ON
6535,display>direct,0,Prairies
6536,display>paid_search>affiliate>email,0,QC
6537,direct,0,QC
6538,affiliate>organic_search>organic_search>email,0,AB
6539,display>paid_social>paid_search>display>paid_search>affiliate,0,AB
6540,direct>affiliate,0,Atlantic
6541,organic_search>email,0,QC
6542,display>affiliate>paid_search,0,Atlantic
6543,organic_search>direct>paid_search>display,1,AB
6544,organic_search>paid_search,0,AB
6545,paid_social>paid_search>organic_search>display>direct,0,ON
6546,organic_search>paid_search,0,BC
6547,display>direct>paid_social>paid_social>paid_search>paid_social>display>display>paid_social>organic_search>paid_social>paid_search,0,Atlantic
6548,display>direct,0,QC
6549,direct>paid_search>paid_search>organic_search>paid_search,0,AB
6550,paid_search>direct,0,QC
6551,affiliate>direct,1,ON
6552,email,0,ON
6553,direct>organic_search>organic_search>direct,0,AB
6554,affiliate>direct>paid_social>direct>direct,0,QC
6555,paid_search>direct,0,ON
6556,paid_social>direct>paid_social>affiliate,0,Atlantic
6557,paid_social>paid_search,0,BC
6558,paid_social>paid_search>display>organic_search,0,AB
6559,paid_search>display>display>organic_search>email,1,Prairies
6560,paid_search>display>paid_search,0,ON
6561,paid_search>display>paid_social>paid_search>direct,1,Atlantic
6562,display>direct,0,Prairies
6563,display>paid_search>display>direct,0,Atlantic
6564,organic_search,0,Atlantic
6565,display>organic_search>paid_search>paid_search,0,QC
6566,paid_social>display>direct,0,ON
6567,display>display>direct,0,BC
6568,direct>paid_search,0,Prairies
6569,organic_search>affiliate>display>affiliate,0,Atlantic
6570,organic_search>organic_search>affiliate>display>display>display>direct,1,BC
6571,organic_search>paid_search>paid_social>paid_social>organic_search>direct,0,QC
6572,display>display>paid_social>paid_social>organic_search,0,BC
6573,direct>paid_search>paid_social,0,AB
6574,affiliate>paid_social>direct,0,AB
6575,direct,0,AB
6576,display>display>organic_search>paid_social>direct,1,QC
6577,paid_social>paid_search,1,Prairies
6578,display>display>affiliate>affiliate,0,Prairies
6579,organic_search>display>direct>direct,0,Prairies
6580,display>display>paid_search>email>organic_search,0,Atlantic
6581,paid_social>paid_search,0,ON
6582,display,0,QC
6583,organic_search>email,0,ON
6584,display>paid_social>direct,0,AB
6585,display>paid_search>display>paid_social>paid_search>organic_search>paid_social>display>affiliate>direct,1,Atlantic
6586,paid_social>organic_search>organic_search,0,BC
6587,organic_search>paid_search>organic_search>direct,0,BC
6588,paid_search>display>paid_social>affiliate,0,Prairies
6589,display>direct>display>paid_social>direct,0,Prairies
6590,affiliate,0,Atlantic
6591,display>paid_search>paid_search>paid_social>paid_social,0,Atlantic
6592,affiliate>display>paid_social>organic_search>direct,0,BC
6593,paid_social>paid_social>paid_social>organic_search>display>affiliate,0,Prairies
6594,display>paid_search,0,ON
6595,paid_social>display>organic_search>direct,0,Atlantic
6596,paid_social>display>direct>paid_social>paid_social>direct,0,Prairies
6597,organic_search>display>display>paid_search,0,AB
6598,direct,0,Atlantic
6599,direct>paid_search,0,QC
6600,affiliate>organic_search,0,ON
6601,display>affiliate>direct,0,BC
6602,display>paid_social>affiliate>direct,0,BC
6603,paid_social>direct>paid_social>paid_search>paid_social>email,1,QC
6604,direct>display>display>paid_search>direct,0,BC
6605,organic_search>email>organic_search>affiliate,1,AB
6606,display>organic_search,0,BC
6607,display>display>display>paid_search>direct,0,QC
6608,display>direct,0,AB
6609,display>paid_social>affiliate,0,BC
6610,paid_social>paid_social,0,QC
6611,paid_social>display,0,BC
6612,paid_search>paid_search>paid_search,0,BC
6613,display>paid_social>organic_search>display>direct>affiliate,0,AB
6614,display>paid_social>paid_search>display>email,0,BC
6615,organic_search>paid_search,0,BC
6616,email>paid_search,0,BC
6617,paid_social>organic_search>paid_social,0,BC
6618,organic_search>display>direct,0,AB
6619,organic_search>display>organic_search>paid_social,0,Atlantic
6620,paid_search>display>paid_social,0,Prairies
6621,display>display>direct,0,Prairies
6622,paid_social>display>organic_search,0,ON
6623,paid_social>paid_social>paid_search>display>direct,1,BC
6624,display>organic_search,0,ON
6625,organic_search>paid_search>display>paid_social>email,0,AB
6626,organic_search>email,0,AB
6627,display>paid_social>display>direct,0,QC
6628,paid_social>direct>paid_search>email,0,Prairies
6629,paid_social>organic_search>display>paid_social>paid_search>paid_search,0,Prairies
6630,display>organic_search>affiliate>organic_search>paid_social>paid_search>paid_social,0,QC
6631,organic_search>display>paid_social>paid_social>display>organic_search>display>display>email,1,Prairies
6632,paid_search>affiliate>direct,0,BC
6633,paid_social>email,0,Atlantic
6634,affiliate>display>direct,0,ON
6635,organic_search>direct,0,BC
6636,direct>email,0,Atlantic
6637,email>paid_social>email,0,Atlantic
6638,direct>paid_social>paid_social>paid_search>paid_social>paid_search,0,AB
6639,paid_social>paid_social>paid_social>email,0,AB
6640,display>paid_search,0,ON
6641,organic_search>display>paid_search,0,BC
6642,organic_search>paid_social>paid_social>email,0,BC
6643,paid_search>email,0,QC
6644,display>affiliate>organic_search>affiliate>affiliate,0,AB
6645,email>display>display>display>paid_search,0,Atlantic
6646,paid_search>organic_search>paid_search,0,AB
6647,paid_social>display>paid_social>paid_search,0,QC
6648,email>email>organic_search>display>email,0,BC
6649,paid_social>paid_social>display,0,Atlantic
6650,display>organic_search,0,QC
6651,paid_search>paid_social>paid_social>paid_social>display,0,ON
6652,organic_search>paid_social>paid_social>paid_search,0,QC
6653,paid_social>direct,0,BC
6654,display>display>email,0,Prairies
6655,display>display>paid_social,0,ON
6656,direct>paid_social>display>paid_search,0,Prairies
6657,direct>display>display>organic_search,0,BC
6658,display>paid_search>email,0,QC
6659,display>direct>email,0,Prairies
6660,display>paid_social>direct,0,QC
6661,paid_search>paid_search,0,BC
6662,display>direct,0,AB
6663,affiliate>paid_social>paid_search>organic_search>affiliate,0,Atlantic
6664,display>display>affiliate>organic_search>organic_search,0,QC
6665,email>email>organic_search>paid_search>paid_search,0,Atlantic
6666,paid_search,0,BC
6667,paid_search>organic_search,0,Prairies
6668,display>paid_social>paid_social>paid_search,0,BC
6669,affiliate>affiliate>affiliate,0,AB
6670,display>organic_search>direct,0,AB
6671,paid_search>display>direct,1,Atlantic
6672,display>paid_social>paid_search>display>display>affiliate,0,Atlantic
6673,display>organic_search,0,Atlantic
6674,display>display>organic_search>direct,1,AB
6675,display>email,0,AB
6676,paid_search>direct>organic_search,0,Atlantic
6677,affiliate>paid_social>display>organic_search,0,ON
6678,display>paid_social>display>display>paid_social,0,Prairies
6679,display>display>paid_social>organic_search>direct,0,QC
6680,affiliate,0,QC
6681,paid_social>affiliate>organic_search>paid_social>email,0,Prairies
6682,display>paid_social>organic_search>direct>direct,0,QC
6683,paid_social>paid_social>affiliate>direct,0,Prairies
6684,affiliate>paid_search,0,ON
6685,display>display>paid_search,0,ON
6686,display>direct,0,Atlantic
6687,paid_search,0,QC
6688,display>organic_search>paid_search>paid_social>paid_social>paid_social,0,Prairies
6689,paid_social>paid_search>display>email,0,Atlantic
6690,display>paid_social>display>paid_search>paid_search>paid_social>paid_search,1,QC
6691,organic_search>paid_social>email,0,Atlantic
6692,organic_search>display>organic_search>paid_search,0,ON
6693,display>display>email>organic_search>email,0,ON
6694,display>display>email,0,ON
6695,organic_search>paid_search>paid_social>display>paid_social>paid_search>display>organic_search>paid_search,0,AB
6696,paid_search>email,0,BC
6697,paid_social>paid_social>organic_search,1,QC
6698,affiliate,0,Prairies
6699,display>display>display>affiliate,0,Atlantic
6700,organic_search>display>paid_social>direct>affiliate,0,ON
6701,organic_search>paid_social>email,0,BC
6702,paid_social>paid_social>direct>paid_social,0,ON
6703,email>organic_search>paid_social>paid_search>direct,1,Prairies
6704,paid_social>paid_social>email,0,BC
6705,direct>direct>email,0,Prairies
6706,affiliate>paid_social>paid_social>paid_search,1,QC
6707,direct>display>affiliate,0,Atlantic
6708,display>display>paid_search>paid_search,0,ON
6709,display>paid_social>direct>affiliate,0,Atlantic
6710,display>paid_social>affiliate>paid_search,1,BC
6711,display>organic_search>display>display>direct,1,Atlantic
6712,paid_social>organic_search>paid_search>paid_social>paid_search>organic_search>direct,0,QC
6713,paid_search>direct,0,BC
6714,display>display>paid_social>email,0,ON
6715,paid_search>display>email,0,ON
6716,display>paid_search>display>affiliate,0,Atlantic
6717,display>paid_search>organic_search>direct,0,ON
6718,paid_social>paid_social>organic_search>display>organic_search>organic_search,0,QC
6719,display>display>display>paid_social>paid_social,0,ON
6720,affiliate>paid_social>direct,0,ON
6721,organic_search,0,Atlantic
6722,display>display>affiliate>affiliate>affiliate,0,Atlantic
6723,paid_social>paid_social>organic_search>paid_search,0,ON
6724,display>display>paid_search,0,Atlantic
6725,display>display>paid_social>email>paid_search,0,AB
6726,display>paid_search>paid_social>email,0,BC
6727,direct>paid_social>organic_search,0,QC
6728,organic_search>email,0,Atlantic
6729,display>paid_search>affiliate,0,QC
6730,paid_social,0,QC
6731,display>paid_search>organic_search>affiliate>paid_search,0,BC
6732,display>paid_social>direct,0,AB
6733,organic_search>affiliate>paid_search,0,AB
6734,direct>email,0,Atlantic
6735,paid_social>organic_search>organic_search>organic_search,0,ON
6736,affiliate>paid_social>email,0,Prairies
6737,affiliate>display>display>display>paid_search,0,AB
6738,display>display>organic_search,0,AB
6739,display>paid_search,0,Atlantic
6740,organic_search>paid_search>display>paid_search>display>display,0,AB
6741,display>paid_social>paid_social>paid_social>paid_search,0,Prairies
6742,direct>direct>organic_search,0,ON
6743,paid_search>organic_search,1,Atlantic
6744,paid_search>email>display>display>paid_search,0,Atlantic
6745,paid_search>affiliate,1,AB
6746,paid_social>direct,0,BC
6747,paid_search>direct,0,Prairies
6748,display>paid_social>organic_search>paid_search,0,AB
6749,display>display>paid_search>paid_search>direct,1,BC
6750,paid_social>organic_search,0,Atlantic
6751,paid_social>display>paid_social>paid_social>direct,0,BC
6752,direct>paid_search>organic_search,0,Atlantic
6753,organic_search>paid_search>paid_social>direct,0,BC
6754,organic_search>paid_social>direct,0,BC
6755,email>display>paid_search,1,AB
6756,display>email>organic_search>email,0,AB
6757,paid_social>display>direct,0,BC
6758,paid_social>display>paid_social>direct,0,ON
6759,organic_search>direct>paid_search,0,AB
6760,paid_social>affiliate>display>direct,0,Atlantic
6761,paid_social>display>email,0,BC
6762,organic_search>paid_search>paid_search>paid_search>direct,1,AB
6763,organic_search>paid_social>direct>display,0,ON
6764,display>organic_search>email,0,Prairies
6765,paid_social>direct>paid_social,0,ON
6766,paid_search>display>affiliate>paid_social>organic_search,0,AB
6767,paid_social>display>paid_search,1,QC
6768,paid_search>display>affiliate>organic_search>email,0,ON
6769,display>organic_search>display>display>direct>direct,0,AB
6770,organic_search,0,QC
6771,display>affiliate>organic_search,0,ON
6772,display>paid_social>paid_social>paid_social>organic_search,0,AB
6773,paid_social>paid_search>display>paid_search,0,QC
6774,organic_search>affiliate>email,0,BC
6775,organic_search>paid_search>direct,0,ON
6776,display>organic_search,0,ON
6777,display>paid_social>affiliate>paid_social>direct,0,AB
6778,paid_social>paid_search>display>email,0,Prairies
6779,email>email,0,Prairies
6780,display>paid_search,0,Prairies
6781,paid_search>affiliate,0,BC
6782,organic_search>direct>affiliate,0,Atlantic
6783,paid_social>paid_social>organic_search>affiliate>email,0,Atlantic
6784,organic_search>paid_social>affiliate>display>organic_search>display>display>direct,1,Atlantic
6785,display>affiliate>organic_search>affiliate,0,AB
6786,display>organic_search>display>paid_social>paid_social>paid_search,0,AB
6787,paid_social>organic_search>direct,1,Atlantic
6788,affiliate,0,ON
6789,organic_search>paid_social>organic_search,0,AB
6790,organic_search>email,0,Prairies
6791,display>paid_social>organic_search>direct,1,Atlantic
6792,affiliate,0,Atlantic
6793,paid_social>affiliate>paid_search>paid_search>display>paid_social>direct,0,Atlantic
6794,organic_search>direct>paid_social,0,Atlantic
6795,paid_social>affiliate>paid_social>paid_social,0,Prairies
6796,paid_search>display>organic_search,0,ON
6797,paid_search>display>email>paid_search>paid_social,0,ON
6798,display>paid_search,0,BC
6799,display>paid_social>paid_search,0,AB
6800,organic_search>email>affiliate,0,BC
6801,direct>paid_search>paid_social>paid_social>email,0,Prairies
6802,paid_social>paid_social>paid_social>display>organic_search>paid_search,0,ON
6803,paid_social>paid_search>paid_social>direct,1,ON
6804,affiliate>affiliate>paid_social>paid_search,0,BC
6805,paid_social>email>paid_social>paid_search,1,QC
6806,display>display>paid_search>organic_search,0,ON
6807,affiliate>affiliate>display,0,BC
6808,direct>affiliate>direct,0,Atlantic
6809,display>direct>paid_social,0,AB
6810,paid_search>direct>paid_search,0,Prairies
6811,direct>paid_social>paid_search>email,0,QC
6812,display>affiliate>organic_search>organic_search>email,1,AB
6813,direct,0,Prairies
6814,paid_search>display>email,0,Atlantic
6815,organic_search>display>direct,0,BC
6816,paid_social>affiliate>paid_search,0,BC
6817,affiliate>display>direct,0,QC
6818,direct,0,BC
6819,paid_search,0,ON
6820,affiliate,0,BC
6821,email>paid_social>display>direct,0,BC
6822,display>paid_social>paid_social>direct,0,QC
6823,organic_search>paid_social>display>email>email,0,BC
6824,affiliate>paid_social>paid_social>email,1,BC
6825,paid_social>affiliate,0,ON
6826,paid_search,0,BC
6827,paid_social>paid_social>paid_search>affiliate,0,ON
6828,organic_search>display>display,0,Atlantic
6829,paid_social>email,0,BC
6830,direct>paid_search,0,Prairies
6831,paid_social>organic_search>paid_search>affiliate,0,ON
6832,display>paid_social>organic_search>paid_search,0,AB
6833,display>paid_search>email,0,AB
6834,organic_search>display>paid_search,0,ON
6835,display>display>affiliate,0,AB
6836,paid_search>affiliate>paid_social>display,0,QC
6837,display>paid_search,0,Atlantic
6838,paid_social>paid_social,0,AB
6839,paid_search>affiliate>direct>email,0,ON
6840,organic_search>affiliate>paid_social>paid_search,0,BC
6841,organic_search>paid_search,0,QC
6842,direct>direct,0,ON
6843,paid_social>direct,0,ON
6844,display>paid_social>paid_search>paid_search>paid_search,1,ON
6845,paid_social>organic_search>paid_social>organic_search>organic_search>affiliate,0,Atlantic
6846,organic_search>paid_social>email,1,ON
6847,affiliate>email,0,Prairies
6848,direct>organic_search>paid_search,0,Prairies
6849,paid_social>organic_search>direct,0,AB
6850,direct,0,ON
6851,display>paid_social>paid_search,0,Atlantic
6852,organic_search>display>paid_social>direct,0,Prairies
6853,display>direct>display>direct,0,AB
6854,display>paid_search,0,Prairies
6855,paid_social>paid_social>direct>display>paid_search,0,ON
6856,paid_social>organic_search>display>paid_search,0,QC
6857,paid_search,0,BC
6858,display>email,0,AB
6859,paid_social>organic_search,0,QC
6860,paid_social>paid_search>organic_search>paid_search,0,Prairies
6861,affiliate>paid_search,0,Prairies
6862,paid_search>display>paid_social>display>affiliate>direct,0,ON
6863,organic_search>paid_social>affiliate>paid_search,1,BC
6864,paid_search>paid_social>organic_search>email,0,ON
6865,affiliate>organic_search>organic_search,0,Atlantic
6866,paid_social>paid_search>direct,0,QC
6867,paid_social>organic_search>paid_search>display>affiliate,0,AB
6868,paid_search>direct>paid_search,0,ON
6869,affiliate>paid_social>direct,0,QC
6870,paid_search>paid_search>direct,0,Prairies
6871,affiliate>affiliate,0,Atlantic
6872,display>affiliate,0,Atlantic
6873,display>paid_social>organic_search>email,0,ON
6874,paid_search>paid_search>affiliate>email,1,Atlantic
6875,display>organic_search>organic_search>display>paid_social,0,QC
6876,paid_social>display>affiliate>display>paid_social,0,AB
6877,paid_social>paid_social>paid_search,0,BC
6878,paid_social>affiliate>paid_search,0,ON
6879,affiliate>paid_search>paid_social>paid_search,0,Atlantic
6880,display>display>display,0,AB
6881,paid_social>organic_search>organic_search>email,0,QC
6882,organic_search>paid_social>direct,0,Prairies
6883,paid_social>organic_search>display>email,0,ON
6884,paid_search>paid_social,0,Atlantic
6885,paid_social>organic_search>display>organic_search,1,AB
6886,paid_social>affiliate>organic_search,0,Atlantic
6887,display>email>paid_social>direct,0,AB
6888,paid_social>email>affiliate,0,QC
6889,paid_social>display>paid_search>organic_search,0,ON
6890,display>paid_social,0,Atlantic
6891,display,0,BC
6892,paid_search>affiliate,0,AB
6893,paid_social>display>paid_social>paid_social>organic_search>email,0,QC
6894,organic_search>paid_social,0,Atlantic
6895,email,0,Atlantic
6896,paid_search>paid_social>paid_social>organic_search>paid_social,0,Prairies
6897,affiliate>paid_social,0,BC
6898,direct,0,Prairies
6899,affiliate>organic_search>paid_search,0,QC
6900,display>paid_social,0,AB
6901,display>display>affiliate>paid_social>paid_social>direct,0,AB
6902,paid_social>organic_search,0,QC
6903,paid_social>paid_social>paid_social>paid_social>affiliate>direct,0,Atlantic
6904,paid_search>paid_search,0,Prairies
6905,direct>paid_search,0,Atlantic
6906,paid_social>affiliate>display>organic_search,0,BC
6907,direct>affiliate>affiliate>affiliate,0,Atlantic
6908,paid_social>organic_search>paid_social>organic_search>display>paid_search,0,QC
6909,display>display>email,0,AB
6910,display>display>email>display>organic_search,0,BC
6911,paid_search>organic_search>email,0,ON
6912,affiliate,0,AB
6913,paid_search>paid_search>direct,0,Atlantic
6914,display>direct,0,Prairies
6915,paid_social>email,0,AB
6916,display>organic_search>paid_social>display>email,0,Atlantic
6917,paid_social>paid_social>direct,0,AB
6918,paid_search>organic_search>display>affiliate,0,QC
6919,paid_social>email,0,ON
6920,paid_social>paid_social>display>affiliate>organic_search>paid_search>direct,0,ON
6921,organic_search>paid_social>direct>organic_search,0,BC
6922,display>organic_search>paid_social>affiliate,0,Prairies
6923,email>display>paid_social>direct,0,ON
6924,paid_social>direct>paid_social>paid_social,0,Prairies
6925,paid_social>organic_search>organic_search,0,ON
6926,affiliate>organic_search>paid_search>direct,0,Atlantic
6927,email>email,0,Atlantic
6928,display>affiliate,0,Prairies
6929,display>paid_social>paid_search,1,QC
6930,display>paid_search>paid_search,0,BC
6931,display>display>organic_search,0,Prairies
6932,paid_search,1,Prairies
6933,paid_social>direct,0,ON
6934,direct>paid_search>email,0,QC
6935,paid_social>organic_search>direct,0,Atlantic
6936,display>paid_social>paid_social>paid_social>paid_social>organic_search>paid_search,0,BC
6937,paid_search>display>paid_search>paid_social>paid_social,0,ON
6938,affiliate>direct,0,AB
6939,display>display>paid_social>paid_search,0,ON
6940,paid_social>direct>organic_search>affiliate,0,Atlantic
6941,affiliate>paid_search>display>email,0,QC
6942,organic_search,0,ON
6943,paid_social>paid_social>display>direct,0,Prairies
6944,paid_social>paid_search>direct,0,QC
6945,direct>paid_social>display>organic_search,0,QC
6946,paid_search>organic_search>paid_social>paid_social>paid_social>paid_social>organic_search,0,Prairies
6947,organic_search>email,0,AB
6948,organic_search>display,0,Prairies
6949,paid_social>direct,0,QC
6950,email>affiliate>paid_social>display>affiliate,0,Prairies
6951,paid_social>email,0,QC
6952,affiliate>display>email,0,Atlantic
6953,display>paid_social>organic_search,0,Atlantic
6954,direct,0,Prairies
6955,direct>paid_social>affiliate,0,QC
6956,paid_social>display>direct>paid_social>paid_social,0,Atlantic
6957,paid_search>affiliate>organic_search>organic_search,0,AB
6958,paid_search>affiliate>affiliate,0,Prairies
6959,affiliate>affiliate>paid_social>display>direct>direct,0,QC
6960,display>display>display>direct,1,QC
6961,affiliate>display>display>display>email,0,BC
6962,paid_search>display>paid_social>paid_search>paid_social>organic_search>direct,0,Atlantic
6963,direct,0,ON
6964,paid_search>display>affiliate>affiliate>direct,0,Prairies
6965,direct>display>direct>paid_search,0,ON
6966,direct>email>organic_search>paid_social>organic_search,0,BC
6967,paid_social>paid_search>direct,0,Prairies
6968,organic_search>display>direct,0,Prairies
6969,paid_social>paid_social>organic_search,0,Atlantic
6970,paid_social>paid_social,0,Atlantic
6971,email>paid_search>paid_search>affiliate,0,BC
6972,paid_social>organic_search>paid_search,0,AB
6973,paid_search>display>paid_search>affiliate,0,Prairies
6974,paid_search>paid_social>display>email,1,Atlantic
6975,paid_social,0,Prairies
6976,paid_social>paid_search>paid_social>paid_social,0,BC
6977,paid_social>display>display>paid_social>affiliate,0,QC
6978,affiliate>email,0,BC
6979,direct>organic_search,0,ON
6980,organic_search>paid_social>display>paid_social,0,Atlantic
6981,organic_search>display>display>organic_search,0,Atlantic
6982,paid_search>organic_search>direct,0,BC
6983,display>email,0,AB
6984,organic_search>paid_social>paid_search,0,Atlantic
6985,paid_social>display>direct>paid_search>email>affiliate,0,QC
6986,affiliate>paid_social>paid_social>email,0,Prairies
6987,paid_social>direct,0,QC
6988,direct,0,QC
6989,display>direct,0,QC
6990,paid_search>paid_social>paid_social>paid_search,1,BC
6991,paid_search,0,QC
6992,organic_search>organic_search>paid_search,0,BC
6993,paid_social>display>display>affiliate,0,Prairies
6994,affiliate>paid_social>direct,0,Atlantic
6995,affiliate>paid_social>paid_search>affiliate>paid_search>paid_search>organic_search>affiliate,0,Prairies
6996,affiliate>paid_social>paid_social>email,0,Prairies
6997,paid_search>display>paid_social>direct>paid_social>affiliate,0,ON
6998,paid_social,0,BC
6999,paid_social>display>paid_social>organic_search,0,Atlantic
7000,affiliate>paid_social>organic_search>affiliate>display>affiliate>email>display>email,0,Prairies
7001,organic_search>paid_social>organic_search,0,Prairies
7002,paid_search>paid_search>organic_search,0,BC
7003,direct>paid_search>organic_search>display>email,0,ON
7004,paid_social>display>paid_social>paid_search,1,AB
7005,paid_search>affiliate>organic_search>display>paid_social>paid_search,1,QC
7006,paid_search>email>paid_search,0,ON
7007,paid_social>paid_social>affiliate>organic_search>affiliate,0,BC
7008,affiliate>display>direct,0,ON
7009,organic_search>organic_search>display>affiliate>paid_social>paid_social>paid_search>affiliate>direct>direct,0,ON
7010,display>direct,0,Atlantic
7011,display>paid_social>email,0,Prairies
7012,paid_social>affiliate>organic_search>paid_search,1,BC
7013,paid_social>affiliate,0,AB
7014,organic_search>paid_search,0,Atlantic
7015,paid_search>paid_search>paid_social>affiliate>paid_search>organic_search>email,0,ON
7016,organic_search>paid_search>paid_search>paid_search>email,0,Atlantic
7017,paid_social>organic_search,0,QC
7018,paid_search>paid_search,1,QC
7019,paid_search>display>affiliate>paid_search>display>paid_social>organic_search>paid_search,1,Atlantic
7020,email>direct,0,AB
7021,affiliate>paid_search>organic_search>affiliate>organic_search,0,BC
7022,organic_search>paid_social,0,ON
7023,paid_social>paid_social>direct,0,BC
7024,paid_social>organic_search>paid_social>paid_social>paid_social>display>affiliate,0,Atlantic
7025,paid_social>email,0,AB
7026,display>paid_search>direct,0,Atlantic
7027,display>direct,1,AB
7028,display>display>paid_social>display>organic_search,0,QC
7029,display>affiliate>affiliate,0,ON
7030,paid_search,0,QC
7031,paid_social>paid_social,0,Atlantic
7032,affiliate>direct>paid_search,0,AB
7033,paid_social>paid_social>paid_search>affiliate>organic_search,0,Prairies
7034,organic_search>display>affiliate>direct,0,ON
7035,display>paid_search>display>display>display>paid_social>organic_search>direct,0,QC
7036,paid_social>paid_search,1,Atlantic
7037,affiliate>paid_social>paid_social>paid_search,0,ON
7038,paid_search>display>display>paid_social,0,QC
7039,affiliate>affiliate>organic_search,0,Atlantic
7040,display>paid_social>display>paid_social,1,BC
7041,paid_social>affiliate>paid_social>paid_social>email,0,Atlantic
7042,display>display>display>organic_search>paid_social>direct,0,Atlantic
7043,direct>affiliate,0,AB
7044,affiliate>organic_search>paid_social>paid_search,0,AB
7045,direct>direct>affiliate>direct,0,QC
7046,direct,0,Atlantic
7047,display>affiliate,0,BC
7048,display>direct>organic_search,0,BC
7049,paid_social>direct>organic_search>paid_social>direct,0,Atlantic
7050,organic_search>email,0,Atlantic
7051,display>paid_social>direct>paid_search,0,BC
7052,paid_social>paid_social>organic_search,0,ON
7053,display>affiliate>affiliate>email,0,Atlantic
7054,display>direct>affiliate>direct,0,ON
7055,email>paid_social>direct>display>display>paid_social,1,ON
7056,organic_search>paid_social>display>paid_search>affiliate,0,BC
7057,email>display>direct,0,Atlantic
7058,paid_social,0,Prairies
7059,paid_social>paid_search>paid_search>organic_search>affiliate,0,ON
7060,paid_search>email,0,AB
7061,paid_search>paid_social>direct,0,AB
7062,display>direct,0,ON
7063,display>organic_search>display>direct,0,AB
7064,paid_social>direct>organic_search>paid_social>paid_search,1,ON
7065,paid_social>paid_social>organic_search>paid_social>display>paid_social,0,Prairies
7066,paid_social>paid_search,0,BC
7067,organic_search>organic_search,0,AB
7068,direct,0,ON
7069,email>direct>organic_search>display>affiliate>paid_social>affiliate,0,BC
7070,paid_social>display>paid_social>email,0,Prairies
7071,organic_search>paid_search>organic_search>display,1,Prairies
7072,direct>email>direct>paid_search>email,0,Atlantic
7073,organic_search>organic_search>email>paid_search,0,Prairies
7074,paid_social>display>paid_search,0,BC
7075,paid_social>paid_search>display>paid_search,0,BC
7076,organic_search>affiliate>paid_search>paid_search,0,ON
7077,display>display>affiliate>email,1,BC
7078,direct>display>display>paid_social>organic_search>email,0,Prairies
7079,paid_social>direct,0,AB
7080,paid_social>direct>display>paid_social,0,Atlantic
7081,paid_social>display>organic_search>paid_social,0,Atlantic
7082,paid_search>paid_social>display>direct,1,AB
7083,organic_search>direct>display>direct>paid_search,0,Atlantic
7084,paid_social>paid_social>paid_social>paid_search,0,Atlantic
7085,affiliate,0,AB
7086,organic_search>organic_search>paid_social>affiliate>affiliate>organic_search>paid_social>paid_social,0,ON
7087,organic_search>paid_social>organic_search>organic_search>email,0,Prairies
7088,paid_social>organic_search>direct,0,ON
7089,display>display>direct>display>paid_social>display>organic_search,1,Prairies
7090,display>paid_social>paid_search>paid_social,0,Prairies
7091,organic_search>display>paid_social>direct>paid_social>direct,1,QC
7092,display>display>paid_social>display>email,0,Atlantic
7093,display>paid_social>display>paid_social>paid_search>display>organic_search,0,Atlantic
7094,organic_search>paid_search>display>direct>direct,0,ON
7095,display>display>display>display>direct,0,QC
7096,organic_search>paid_social>email,0,QC
7097,display>display>display>display,0,ON
7098,paid_search>direct>paid_search>display>display>direct,0,QC
7099,display>paid_search>paid_search,0,AB
7100,paid_search>affiliate>paid_social>affiliate>organic_search>paid_search,0,Atlantic
7101,paid_social>display>paid_search>email,0,Prairies
7102,email>paid_social>paid_search,0,Atlantic
7103,direct,0,QC
7104,paid_search>paid_social>paid_search,0,AB
7105,organic_search>direct,0,AB
7106,paid_social>direct>paid_social,0,ON
7107,display>paid_social>paid_social>paid_search>organic_search>email,0,BC
7108,paid_social>paid_social>direct,0,ON
7109,organic_search>organic_search>organic_search>direct>email,0,AB
7110,affiliate>email>paid_search,0,Prairies
7111,email>organic_search>display>organic_search,0,BC
7112,display>display>paid_search>display>display>paid_search,0,AB
7113,organic_search>email,1,Atlantic
7114,paid_search>organic_search>organic_search,1,ON
7115,paid_social>paid_search>affiliate,0,AB
7116,paid_social>affiliate>paid_search>affiliate>email,0,BC
7117,organic_search>display>paid_social>email,0,AB
7118,display>paid_search>paid_social>paid_search>display>email,0,Prairies
7119,organic_search>paid_search>paid_search>organic_search>paid_search,1,Prairies
7120,display>display>paid_search>paid_search>affiliate>email,0,AB
7121,paid_social>display>direct>affiliate,0,BC
7122,organic_search>display>paid_search,0,BC
7123,paid_search>paid_search>direct,0,ON
7124,paid_search>organic_search>direct,0,QC
7125,paid_social>paid_social>display>organic_search,0,QC
7126,paid_social>organic_search>affiliate,0,BC
7127,direct>paid_search,0,Prairies
7128,paid_social>affiliate>direct,0,AB
7129,direct>direct>direct,0,QC
7130,paid_social>paid_search>affiliate,0,Atlantic
7131,display>paid_social>direct,0,AB
7132,display>organic_search>display,0,BC
7133,paid_social>paid_social>paid_search,0,QC
7134,paid_social>direct,0,Prairies
7135,affiliate>paid_social>organic_search>direct,0,Atlantic
7136,paid_search>paid_search>direct>direct,0,QC
7137,paid_search>direct,0,Atlantic
7138,affiliate>affiliate,0,Prairies
7139,organic_search>paid_social>organic_search>organic_search,0,Atlantic
7140,paid_search>affiliate>email,0,Atlantic
7141,paid_social>paid_social>paid_social>display>organic_search>paid_search,0,AB
7142,paid_social>organic_search>paid_search,0,AB
7143,paid_social>organic_search>paid_social>direct,0,ON
7144,organic_search>direct>paid_social>organic_search,0,BC
7145,display>paid_social>display>display>direct>affiliate>direct,1,Prairies
7146,organic_search>display>display,0,AB
7147,display>paid_search>paid_search,0,ON
7148,affiliate>display>paid_social,0,BC
7149,paid_search>organic_search>paid_social>paid_search,1,QC
7150,display>email,0,BC
7151,display>paid_search>display>display>paid_social,0,BC
7152,direct>paid_search>affiliate>paid_search,1,BC
7153,direct,0,Atlantic
7154,display>organic_search>organic_search,0,AB
7155,display>paid_social>paid_search>display>direct,0,Atlantic
7156,paid_social>organic_search>affiliate,0,Prairies
7157,organic_search>paid_social>organic_search>organic_search,0,Prairies
7158,direct,0,BC
7159,paid_search>direct,0,AB
7160,display>affiliate>organic_search>affiliate,0,ON
7161,direct,0,BC
7162,direct,0,ON
7163,display>organic_search>display>paid_search,0,BC
7164,display>paid_search>paid_social>affiliate,0,Prairies
7165,display>paid_social>display>paid_search>paid_search,0,ON
7166,paid_social>paid_search,0,ON
7167,paid_search>paid_social>display,0,QC
7168,paid_social>paid_social>paid_social,0,Atlantic
7169,display>paid_social>direct,0,BC
7170,organic_search>organic_search>paid_social>paid_social>organic_search,0,QC
7171,direct>organic_search>paid_search,0,QC
7172,paid_social>affiliate,0,ON
7173,paid_search>direct,0,Atlantic
7174,organic_search>direct>direct>paid_search,0,ON
7175,organic_search>email,0,QC
7176,direct,0,Prairies
7177,organic_search>affiliate>display>display>affiliate,1,AB
7178,paid_social>paid_search>paid_social>display,0,AB
7179,organic_search>display>display>display>paid_social,0,QC
7180,display>paid_social>display>display>organic_search>paid_social>affiliate>email,0,QC
7181,direct>paid_social>paid_search,0,AB
7182,display>paid_social>affiliate,0,Atlantic
7183,paid_social>affiliate>direct,0,AB
7184,paid_search>organic_search>organic_search,0,QC
7185,organic_search>direct>organic_search,0,Atlantic
7186,paid_social>email,0,Prairies
7187,display>paid_search,0,BC
7188,display>paid_search>display>display>direct,0,ON
7189,organic_search>email>direct,0,QC
7190,display>display,0,AB
7191,organic_search>paid_social>display>organic_search,1,Prairies
7192,display>direct,0,Prairies
7193,display>paid_social>paid_search>affiliate,0,BC
7194,organic_search>paid_search>organic_search,1,BC
7195,paid_social>display>organic_search,0,ON
7196,paid_social>display>paid_social>direct>display>display>paid_social,0,Prairies
7197,display>display>paid_social>paid_social>paid_search>affiliate,1,QC
7198,email>affiliate>display>organic_search,0,BC
7199,paid_search>affiliate,0,QC
7200,paid_search>display>paid_search,0,Prairies
7201,email,0,Prairies
7202,paid_social>display>paid_social>affiliate,0,QC
7203,display>paid_social>paid_social>display>display>display>direct,0,ON
7204,paid_search>display>organic_search>display>paid_search,0,ON
7205,display>display>paid_search>paid_search>display,0,AB
7206,affiliate>affiliate>direct,0,BC
7207,display>paid_social>display>organic_search>email,0,AB
7208,display>organic_search>paid_social>paid_social>paid_social,0,Atlantic
7209,organic_search>display>direct,0,BC
7210,organic_search>paid_search>display>direct,0,ON
7211,paid_search>display>display,0,Atlantic
7212,paid_search>display>organic_search>email,0,QC
7213,paid_social>display>paid_social>display>paid_search,0,AB
7214,affiliate>paid_search>direct,0,AB
7215,organic_search>paid_search,0,BC
7216,paid_social>direct>paid_social>paid_search>paid_search,0,Atlantic
7217,paid_search>display>paid_search>direct>organic_search,1,ON
7218,display>affiliate>affiliate,0,Prairies
7219,organic_search>paid_social>email,1,Prairies
7220,paid_social>paid_social>email,0,Prairies
7221,paid_search>paid_social>organic_search,1,BC
7222,display>direct>display>display>display>direct,0,QC
7223,paid_search>display>organic_search>display,0,AB
7224,organic_search>display>paid_social>paid_social>display>display,0,ON
7225,direct>display>direct,0,QC
7226,paid_social>display>organic_search>direct,0,Atlantic
7227,paid_social>direct>paid_social>email,0,Atlantic
7228,paid_search>organic_search>display>paid_social>direct,0,AB
7229,direct>organic_search,0,ON
7230,paid_social,0,BC
7231,paid_social>display>email,0,Atlantic
7232,affiliate,0,AB
7233,paid_social>display,0,ON
7234,display>direct,0,BC
7235,paid_search>organic_search>paid_social>display>organic_search>direct>paid_search,1,Prairies
7236,direct>organic_search>email,0,QC
7237,paid_search>display>affiliate,0,QC
7238,organic_search>affiliate>affiliate,0,Prairies
7239,paid_social>affiliate>affiliate>email,0,AB
7240,paid_search>display>paid_social>paid_social>display,0,AB
7241,affiliate>affiliate>direct,0,AB
7242,paid_social>organic_search>organic_search,0,ON
7243,paid_search>display>paid_social>organic_search>paid_social>display>affiliate,0,ON
7244,affiliate>email,0,Atlantic
7245,paid_search>organic_search,0,ON
7246,paid_social>organic_search>paid_social>organic_search>paid_social,0,ON
7247,display>affiliate>display,0,AB
7248,paid_social,0,BC
7249,organic_search>paid_search>paid_social>display>paid_social,1,Atlantic
7250,organic_search>paid_search,0,AB
7251,display>paid_search,0,QC
7252,paid_social>display>direct>organic_search>display>display>paid_social>email>display>display,0,Atlantic
7253,paid_social>paid_social>display>paid_social>paid_search>email,0,Prairies
7254,display>affiliate,0,Prairies
7255,paid_search>direct,0,AB
7256,direct,0,QC
7257,display>display>organic_search,0,QC
7258,paid_search>direct>display>display>email,0,Atlantic
7259,email>paid_search>paid_social>direct>direct,0,Atlantic
7260,paid_social>paid_search>organic_search>paid_search,0,Prairies
7261,display>paid_social>direct>organic_search,0,ON
7262,email,0,ON
7263,organic_search>direct,0,ON
7264,display>display>email>display,0,Atlantic
7265,paid_social>organic_search,0,QC
7266,organic_search>display>direct,0,BC
7267,paid_search>paid_search>organic_search>organic_search>organic_search>paid_social>direct,0,ON
7268,paid_social>paid_social>affiliate,0,Atlantic
7269,paid_search>paid_social>affiliate,0,AB
7270,paid_social>display>affiliate>direct,0,ON
7271,paid_search>paid_social>paid_social>affiliate,0,AB
7272,display>display>paid_search>organic_search>email,0,AB
7273,affiliate,0,Prairies
7274,display>paid_social>direct,0,Prairies
7275,display>organic_search>display>paid_social>paid_search>paid_social,0,Atlantic
7276,organic_search>organic_search>organic_search>direct,0,Atlantic
7277,email,0,ON
7278,direct>paid_search>paid_social>paid_social>direct,0,AB
7279,affiliate>paid_social>paid_search,0,Atlantic
7280,paid_search>paid_social>paid_social,0,Prairies
7281,paid_search>paid_social>email>paid_social>display>direct,0,BC
7282,paid_social>display>display>direct,0,AB
7283,direct,0,Atlantic
7284,affiliate>paid_search>display>affiliate,1,QC
7285,display>organic_search>paid_social>direct,0,AB
7286,display>email,0,Prairies
7287,paid_search>paid_social>paid_search,0,Atlantic
7288,affiliate>paid_social>display>paid_social>direct,1,ON
7289,direct,0,QC
7290,paid_social>paid_social>paid_social,0,QC
7291,direct>paid_social>direct>paid_search>email>display,0,Prairies
7292,display>organic_search>paid_search>organic_search>paid_social>direct,0,Prairies
7293,display>display>direct,0,BC
7294,paid_social>paid_social>paid_search>direct,0,AB
7295,paid_search>display>affiliate>paid_social>paid_search,0,BC
7296,display>paid_search>affiliate>display>direct>display>direct,0,BC
7297,affiliate>organic_search>email>paid_social>organic_search>direct,0,ON
7298,paid_social>organic_search>email,0,BC
7299,email>affiliate>direct,0,ON
7300,display>paid_social>direct,0,Prairies
7301,display>organic_search>affiliate,0,Atlantic
7302,email>email>paid_search>organic_search>affiliate>direct,0,QC
7303,organic_search>organic_search>paid_social>paid_search,0,ON
7304,paid_search>paid_social>direct>direct,0,QC
7305,paid_social>display>organic_search>email,0,Prairies
7306,paid_search>organic_search>paid_social>email,1,Prairies
7307,organic_search>display>email,0,QC
7308,direct>paid_search>paid_search>paid_search,1,Atlantic
7309,affiliate>paid_social>paid_social>paid_search>direct,0,QC
7310,organic_search>paid_search>email>organic_search>organic_search>paid_search>direct>organic_search>direct,0,AB
7311,email,0,Prairies
7312,organic_search>direct>display>organic_search>email>display>direct,0,QC
7313,paid_social>display>paid_search,0,AB
7314,direct,0,ON
7315,paid_search>email,0,BC
7316,organic_search>paid_social>affiliate>paid_search,1,ON
7317,display>paid_social>paid_search,0,BC
7318,email>display>paid_search,0,ON
7319,paid_search>affiliate>display>organic_search>organic_search,0,QC
7320,organic_search>display>display>organic_search>affiliate,0,Atlantic
7321,display>direct>paid_search,0,ON
7322,organic_search>organic_search>display>paid_search,1,BC
7323,paid_search>display>organic_search>direct,0,ON
7324,affiliate>direct,0,AB
7325,organic_search>paid_search>affiliate,0,QC
7326,organic_search>direct>display>paid_social>paid_search>direct,0,Atlantic
7327,display>display>affiliate,0,AB
7328,paid_social>display>paid_social>affiliate>direct,0,QC
7329,paid_search,0,Atlantic
7330,paid_social>display>organic_search>affiliate,0,Prairies
7331,display>organic_search>paid_social>paid_search,0,Atlantic
7332,display>paid_social>affiliate>paid_search>paid_search>paid_search>direct,0,Prairies
7333,paid_social>paid_search,0,BC
7334,paid_social>organic_search>direct,1,AB
7335,display>paid_social>display,0,AB
7336,paid_search>display>organic_search>direct,0,Prairies
7337,affiliate,0,AB
7338,paid_social>direct,0,Prairies
7339,organic_search>display>display>paid_social>direct,0,QC
7340,organic_search>paid_social>affiliate,0,QC
7341,direct>email,0,AB
7342,paid_social>paid_search>paid_social,0,ON
7343,organic_search>organic_search>paid_search>paid_social,0,AB
7344,paid_search>affiliate>display>paid_social,0,Prairies
7345,display>paid_social>paid_social>organic_search>direct,1,Prairies
7346,affiliate>affiliate>display>direct,0,Atlantic
7347,paid_social>display>paid_search>paid_search,0,ON
7348,direct>organic_search>display>direct,0,BC
7349,paid_social>direct,0,BC
7350,affiliate>display>display>direct>direct>direct,0,ON
7351,display>paid_search,0,Atlantic
7352,paid_search>organic_search>organic_search,0,BC
7353,direct,0,AB
7354,organic_search>paid_search>paid_search,0,QC
7355,organic_search>organic_search>paid_social>paid_search,0,ON
7356,paid_social>email,0,QC
7357,display>paid_search>paid_search>display>display>organic_search>direct,0,AB
7358,organic_search>paid_search>organic_search>organic_search>organic_search,0,ON
7359,display>paid_search>display>display>paid_search,0,Prairies
7360,paid_search,1,QC
7361,display>organic_search>email,0,Prairies
7362,email,0,QC
7363,paid_social>organic_search>paid_search>paid_search>direct,0,BC
7364,display>email,0,Prairies
7365,paid_social>direct,0,Atlantic
7366,affiliate>display>paid_search,0,ON
7367,paid_social>paid_search>display>display>direct,0,Atlantic
7368,paid_social>display>paid_search,0,AB
7369,organic_search>direct>display>paid_search,0,AB
7370,direct>paid_search,0,AB
7371,display>affiliate>email,0,Atlantic
7372,direct,0,Atlantic
7373,display>paid_social>paid_search>paid_social>display>paid_search,1,Atlantic
7374,organic_search>paid_social>paid_social>paid_social>paid_social,0,Atlantic
7375,direct,0,ON
7376,paid_social>display>paid_search,0,QC
7377,organic_search,0,Atlantic
7378,affiliate>organic_search>paid_search>affiliate,0,AB
7379,email,0,Prairies
7380,affiliate>organic_search,0,BC
7381,paid_search>paid_social>affiliate,0,BC
7382,display>organic_search>paid_search>paid_social>email,0,BC
7383,affiliate>organic_search,1,Atlantic
7384,display>paid_search,0,BC
7385,organic_search,0,BC
7386,paid_social>direct,0,QC
7387,direct,0,AB
7388,paid_search,0,BC
7389,paid_search>display>organic_search>paid_search>direct,1,QC
7390,direct>direct>organic_search>paid_social>display>display>paid_social>email,0,Prairies
7391,organic_search>organic_search>display>direct,0,ON
7392,organic_search>paid_social>email,0,Prairies
7393,paid_social>organic_search>direct>display>paid_social>direct,0,QC
7394,display>affiliate>direct>display,1,Atlantic
7395,organic_search>display>email,0,Atlantic
7396,paid_search>organic_search>display>paid_social>paid_search>paid_social>affiliate,0,AB
7397,affiliate>organic_search,1,Prairies
7398,paid_search,0,BC
7399,email>affiliate>display>email,1,ON
7400,display>organic_search>affiliate>direct,0,BC
7401,paid_social>organic_search>email,0,Atlantic
7402,organic_search>paid_social>paid_search,0,Prairies
7403,display>display>organic_search>organic_search>affiliate>direct,0,Atlantic
7404,organic_search>paid_social>paid_search,0,AB
7405,paid_social>organic_search>direct,0,ON
7406,display>direct>affiliate>display>paid_search>affiliate>paid_social>affiliate,0,ON
7407,display>paid_search>direct,0,Atlantic
7408,direct>display>affiliate>direct,0,ON
7409,affiliate,0,Atlantic
7410,organic_search>paid_search,1,QC
7411,paid_search>display>display>display>paid_search>affiliate,0,AB
7412,email>display>display>display>direct>organic_search,0,Prairies
7413,email,0,Atlantic
7414,email>email,0,Atlantic
7415,display>paid_social>display>display>paid_social>organic_search,0,Atlantic
7416,organic_search>paid_search,0,Prairies
7417,affiliate>direct,1,AB
7418,display>display>direct,0,ON
7419,direct>display>display,0,QC
7420,organic_search>direct>direct,1,BC
7421,display>direct>organic_search>paid_social,0,QC
7422,display>organic_search>email,0,Atlantic
7423,paid_social>organic_search>organic_search>display>affiliate,0,Prairies
7424,display>display>direct,0,BC
7425,paid_search>affiliate>direct,0,BC
7426,organic_search>paid_search>paid_search>direct,0,QC
7427,direct>affiliate,0,QC
7428,organic_search>organic_search>paid_search>display>affiliate>paid_social,1,ON
7429,display>organic_search>email,0,Atlantic
7430,paid_social,0,QC
7431,display>affiliate>display>paid_social>email,0,Prairies
7432,paid_social>paid_search,0,BC
7433,email,0,BC
7434,affiliate>display>paid_search>direct>paid_search>organic_search,1,Atlantic
7435,organic_search>organic_search>display>organic_search>organic_search>paid_search,0,ON
7436,display>paid_social>affiliate,0,Atlantic
7437,affiliate>paid_search>direct,0,AB
7438,display>paid_social>display>organic_search>display,0,Prairies
7439,display>paid_social>paid_social>affiliate>direct,0,QC
7440,paid_social>paid_search>paid_search>organic_search>direct,0,Atlantic
7441,paid_social>paid_social>organic_search>direct,0,ON
7442,paid_social>affiliate>display>direct,0,QC
7443,display>email>display>paid_search,0,ON
7444,display>paid_search>direct,0,QC
7445,paid_social>display>email,0,BC
7446,paid_social>direct,0,QC
7447,direct>paid_social>paid_social>display>paid_search>affiliate>direct,0,BC
7448,direct>affiliate>paid_social>paid_search,0,QC
7449,paid_social>direct,0,Prairies
7450,affiliate>display>email,0,ON
7451,display>display>organic_search>display>affiliate,1,Atlantic
7452,display>display>organic_search>organic_search,0,Prairies
7453,display>organic_search>email>organic_search,0,ON
7454,paid_search>paid_search>paid_search,0,Atlantic
7455,paid_social>display>affiliate,1,Prairies
7456,paid_social>display>display>paid_search,1,ON
7457,direct,0,AB
7458,paid_social>paid_search>direct>affiliate,0,Atlantic
7459,paid_social>affiliate,0,ON
7460,display>paid_social>paid_social>paid_search,0,AB
7461,organic_search>display>display>email,0,ON
7462,paid_search,0,QC
7463,display>display>organic_search>paid_search>organic_search>display>paid_search>paid_search,0,AB
7464,direct>paid_social>organic_search>organic_search>affiliate,0,Prairies
7465,display>display>organic_search>display>display>organic_search,0,BC
7466,paid_social>email>paid_social>paid_social>paid_search>paid_search,0,Prairies
7467,affiliate>display>paid_social>direct,0,Prairies
7468,organic_search>affiliate>display>email,0,ON
7469,display>display>paid_social>affiliate>email,0,ON
7470,display>paid_social>paid_search,0,AB
7471,paid_search,0,Prairies
7472,display>direct,0,QC
7473,paid_search>paid_search>direct,0,Prairies
7474,direct>display>email,0,QC
7475,organic_search>affiliate,0,Atlantic
7476,display>affiliate>paid_search,0,BC
7477,paid_social>email,1,BC
7478,email,0,Atlantic
7479,email>display>paid_social>direct,0,ON
7480,display>email,0,ON
7481,organic_search,0,BC
7482,paid_search>direct,0,AB
7483,organic_search>paid_search,0,ON
7484,display>display>affiliate>organic_search>paid_search>paid_search>display,0,Prairies
7485,paid_social>paid_social>paid_social>paid_social>paid_search,0,Atlantic
7486,display>email>organic_search>direct,0,BC
7487,paid_search>organic_search,0,Atlantic
7488,paid_search>affiliate>affiliate,0,QC
7489,paid_social>paid_social>paid_social,1,ON
7490,display>organic_search>direct>organic_search,1,Prairies
7491,paid_social>display>paid_search>affiliate,0,Prairies
7492,affiliate>display>paid_social>paid_search>email,0,ON
7493,display>organic_search>organic_search,0,Atlantic
7494,paid_social>paid_social>paid_search,0,Prairies
7495,direct,0,QC
7496,organic_search>paid_search>paid_search>direct,0,ON
7497,organic_search>organic_search>affiliate,0,Prairies
7498,email>paid_social>direct>organic_search,0,AB
7499,paid_search>paid_search>display>paid_social>display>paid_search>direct,1,BC
7500,paid_search>email,0,BC
7501,paid_search>organic_search>organic_search>direct,0,Atlantic
7502,paid_search>paid_social>organic_search>organic_search>paid_social>email,1,ON
7503,organic_search>direct,0,ON
7504,direct>organic_search>affiliate,0,AB
7505,display>paid_search,0,Prairies
7506,paid_social>organic_search,0,Atlantic
7507,organic_search>organic_search>paid_search>affiliate>organic_search>organic_search,0,AB
7508,paid_social>paid_search>display>direct>display>affiliate,0,QC
7509,paid_search>paid_social>display>paid_social>direct,0,QC
7510,display>direct,0,Atlantic
7511,organic_search>direct,0,Prairies
7512,display>direct>paid_social>display>direct,0,ON
7513,organic_search>affiliate>display>affiliate,1,AB
7514,organic_search>organic_search,0,ON
7515,affiliate>organic_search>display>paid_search,0,ON
7516,direct>organic_search>direct,0,BC
7517,paid_social>paid_search>direct,0,AB
7518,affiliate>display>paid_search,0,Atlantic
7519,organic_search>display>organic_search,0,Atlantic
7520,paid_search>organic_search>paid_social>display>paid_search,0,Atlantic
7521,organic_search>paid_search,0,AB
7522,display,0,ON
7523,display>paid_social>affiliate>display>paid_social>paid_search,0,AB
7524,organic_search>paid_search,0,AB
7525,display>affiliate>paid_social>paid_social>paid_search,0,Atlantic
7526,paid_social>display>organic_search>paid_social,0,AB
7527,direct>display>display>paid_search>direct,0,ON
7528,display>display>paid_social>paid_search,0,BC
7529,organic_search>affiliate>direct,0,Prairies
7530,paid_search>direct,0,Atlantic
7531,paid_search>display>display>paid_search,0,BC
7532,affiliate>email,0,QC
7533,direct>display>display>paid_search>affiliate>affiliate,0,Atlantic
7534,paid_social>display>paid_social>display>paid_social>organic_search>direct,0,ON
7535,display>organic_search>paid_search,0,Prairies
7536,email>display>display>display>direct,0,QC
7537,organic_search>paid_social>affiliate,0,QC
7538,organic_search>display>paid_search,0,QC
7539,paid_social>paid_search,0,BC
7540,display>affiliate>organic_search>email>email,0,Atlantic
7541,paid_social>display>organic_search>direct,0,AB
7542,display>display>display>paid_social>organic_search,0,Atlantic
7543,display>direct,0,Prairies
7544,direct,0,ON
7545,organic_search>direct>direct,0,QC
7546,display>organic_search>display>paid_search,0,Atlantic
7547,organic_search>paid_social>display>affiliate>affiliate,0,QC
7548,paid_social>display>display>direct,0,ON
7549,affiliate>email,0,QC
7550,paid_social>display>paid_search,0,Prairies
7551,paid_search>direct,0,ON
7552,paid_social>direct,0,AB
7553,paid_social>direct,0,Prairies
7554,paid_social>display>direct,0,Prairies
7555,paid_social>paid_social>organic_search>direct,1,BC
7556,direct>affiliate>paid_social>display>display>display>affiliate>paid_social>direct,0,Atlantic
7557,organic_search>organic_search>paid_search,0,Atlantic
7558,paid_social>paid_search,0,Atlantic
7559,organic_search>paid_social>organic_search,0,ON
7560,paid_social>display>display>email,0,BC
7561,email>organic_search>direct,0,BC
7562,affiliate>email,0,ON
7563,paid_search>affiliate>paid_search,0,Prairies
7564,organic_search>paid_search>display>email,0,Atlantic
7565,display>organic_search>direct,0,Prairies
7566,organic_search>display>paid_social,0,BC
7567,paid_social>paid_social>paid_social>affiliate,0,BC
7568,email>paid_search,0,AB
7569,email>email,0,ON
7570,paid_social>affiliate,0,Prairies
7571,display>direct>display>paid_search,0,QC
7572,paid_social>paid_search>affiliate>display>email,0,Atlantic
7573,paid_social>paid_search,0,AB
7574,paid_search,0,AB
7575,paid_social>display>paid_search>organic_search>email,0,Prairies
7576,paid_social>paid_social>display>organic_search,0,AB
7577,affiliate>display>email,0,ON
7578,paid_search>paid_social>organic_search>paid_social>paid_search,0,BC
7579,paid_social>paid_search>direct,0,Atlantic
7580,display>direct,0,ON
7581,direct>paid_search>direct,0,Prairies
7582,paid_search>paid_search,0,AB
7583,organic_search>direct,0,ON
7584,organic_search>paid_social>email,0,Prairies
7585,paid_social>paid_search>direct,1,ON
7586,paid_search>affiliate>direct>direct,0,AB
7587,display>paid_social>display>direct,0,QC
7588,display>paid_search>display>paid_social>paid_social,0,Prairies
7589,paid_search>paid_search>display>affiliate,0,QC
7590,paid_social>organic_search>paid_search,0,AB
7591,paid_search,0,QC
7592,display>display>display>display>email,0,ON
7593,organic_search>display>direct,0,QC
7594,affiliate>affiliate,0,AB
7595,organic_search>organic_search>paid_social>paid_search>affiliate,1,Prairies
7596,display>organic_search,0,BC
7597,paid_social>direct>direct,0,Prairies
7598,organic_search>direct>affiliate,1,ON
7599,paid_search>paid_social>paid_search>email>organic_search>direct,0,Prairies
7600,affiliate>paid_search,0,QC
7601,display>paid_search,0,QC
7602,organic_search>paid_social,0,ON
7603,display>paid_social>paid_social>display>direct,0,Prairies
7604,paid_social>paid_search,0,Prairies
7605,paid_social>affiliate>paid_search>organic_search>organic_search,1,Atlantic
7606,organic_search>display>organic_search>paid_social>paid_search>direct,0,Prairies
7607,paid_social>email,0,BC
7608,paid_social>display>display>affiliate>direct,0,BC
7609,paid_social>paid_social>affiliate>affiliate>organic_search>paid_search,0,Atlantic
7610,organic_search>affiliate>paid_social>paid_search,0,Atlantic
7611,paid_social>direct,0,Atlantic
7612,display>paid_search,0,BC
7613,direct>organic_search>direct,0,ON
7614,organic_search>paid_social>paid_search,0,AB
7615,organic_search>paid_search,0,AB
7616,organic_search>paid_social>organic_search,0,AB
7617,organic_search>direct,0,Atlantic
7618,paid_search,0,Atlantic
7619,display>paid_search,0,ON
7620,organic_search>affiliate>paid_search>display>organic_search>paid_social>email,0,ON
7621,display>direct,0,BC
7622,display>paid_social,0,BC
7623,paid_social>organic_search,0,QC
7624,organic_search>direct>direct>email,0,ON
7625,organic_search>paid_social>paid_search,0,BC
7626,display>display>display,0,Atlantic
7627,display>paid_search>paid_social>direct,0,Prairies
7628,paid_social>organic_search,0,ON
7629,organic_search>direct,0,ON
7630,organic_search>paid_social>affiliate,0,Atlantic
7631,display>display>email>email,0,Atlantic
7632,paid_social>paid_search>email,0,Atlantic
7633,paid_social>organic_search>organic_search,0,Atlantic
7634,email>display>email,0,ON
7635,display>direct,0,AB
7636,organic_search>organic_search,0,QC
7637,paid_social>paid_social>display,0,ON
7638,display>organic_search,0,ON
7639,display>direct>paid_social>paid_search,0,BC
7640,display>paid_social>paid_social>display>affiliate,0,BC
7641,affiliate>affiliate>paid_social>affiliate,0,AB
7642,organic_search>organic_search>paid_social>organic_search>display>direct,1,QC
7643,paid_search>paid_search>email,0,AB
7644,email>paid_social>direct,0,AB
7645,organic_search>paid_search>paid_search,0,AB
7646,paid_social>display>organic_search>paid_social>paid_social>display,0,BC
7647,display>display>affiliate,0,Prairies
7648,display>display>paid_search>paid_social>email,0,BC
7649,direct>display>affiliate,0,Prairies
7650,organic_search>direct,0,QC
7651,paid_search>direct>paid_social>paid_search,0,QC
7652,display>display>direct,0,Prairies
7653,paid_social>display>display>paid_social>affiliate,0,AB
7654,display>paid_social>paid_social>paid_search>direct,0,BC
7655,paid_search>paid_social>email,0,BC
7656,organic_search>organic_search>direct,1,AB
7657,display>affiliate,0,AB
7658,email>paid_search,0,AB
7659,paid_social>paid_social>direct,0,Prairies
7660,paid_social>organic_search>display>direct,0,AB
7661,paid_social>display>display,0,ON
7662,paid_social>paid_social>display>organic_search,0,QC
7663,display>organic_search>paid_search>paid_search,1,BC
7664,display>direct>direct,0,QC
7665,email>paid_search>affiliate>organic_search,0,Prairies
7666,organic_search>display>direct,0,Prairies
7667,paid_social>display>organic_search>affiliate,0,ON
7668,display>organic_search>paid_search,0,BC
7669,paid_social>paid_search>paid_search>email,0,Atlantic
7670,organic_search>paid_search,1,Prairies
7671,organic_search>direct>paid_social>display>direct,0,AB
7672,display>organic_search>paid_search>organic_search>email,0,BC
7673,affiliate>paid_search>paid_search>direct,0,AB
7674,organic_search>paid_search,0,BC
7675,paid_social>paid_social>affiliate>direct>affiliate,0,BC
7676,organic_search>paid_search>organic_search>organic_search,0,ON
7677,display>affiliate,0,BC
7678,organic_search>paid_social>paid_search,0,BC
7679,direct,0,BC
7680,paid_search>paid_search>email,1,Atlantic
7681,affiliate>affiliate>organic_search>display>paid_social,1,Prairies
7682,display>display>display>affiliate,0,Prairies
7683,display>display>paid_search,0,Atlantic
7684,direct,0,Prairies
7685,paid_social>organic_search>paid_social>email>organic_search>paid_search,0,Atlantic
7686,paid_social>organic_search>direct,0,Atlantic
7687,organic_search>organic_search>email,1,Prairies
7688,email,0,Atlantic
7689,paid_search>affiliate,0,BC
7690,paid_search>direct,1,ON
7691,organic_search>display>email,1,Atlantic
7692,organic_search>organic_search>paid_search>direct,1,Prairies
7693,organic_search>organic_search>paid_social>direct,0,AB
7694,paid_search>affiliate>paid_search>affiliate,0,Atlantic
7695,organic_search>organic_search>paid_social>direct,0,BC
7696,affiliate>organic_search>paid_search,0,ON
7697,paid_search>display,0,AB
7698,display>display>display>display>email,0,Prairies
7699,display>display>display>paid_search>organic_search>organic_search>affiliate,1,Atlantic
7700,display>display>paid_social>paid_search>direct,0,BC
7701,display>direct,0,AB
7702,paid_search>display>paid_social,0,BC
7703,organic_search>paid_search>paid_social,0,Prairies
7704,paid_social>affiliate>direct,0,Atlantic
7705,paid_social>display>paid_social>display>affiliate>organic_search>paid_social>affiliate,0,ON
7706,direct>email,0,BC
7707,email,0,ON
7708,display>paid_social>display>display>paid_search,0,Prairies
7709,paid_social>direct>display>paid_search>direct,0,QC
7710,paid_search>paid_social>email>organic_search,1,AB
7711,affiliate>organic_search>affiliate>direct,0,AB
7712,affiliate>paid_search>direct>display>paid_search>paid_social,0,Prairies
7713,display>organic_search>display>direct,0,QC
7714,paid_social>display>organic_search>paid_social>paid_social>organic_search,1,Prairies
7715,direct>paid_search>display>organic_search>direct,0,AB
7716,display>organic_search>display>email,1,ON
7717,email>paid_social>paid_search>organic_search>display,0,ON
7718,display>organic_search>display>paid_search>display>paid_social>display>direct,0,Atlantic
7719,display>paid_social>paid_social>organic_search>organic_search>paid_search,1,AB
7720,paid_social>display>paid_social>organic_search,0,BC
7721,paid_social>paid_social>organic_search>display>paid_social,0,QC
7722,direct>organic_search>organic_search>display>paid_search,0,Atlantic
7723,organic_search,0,ON
7724,direct>paid_search,0,Atlantic
7725,affiliate>organic_search>direct,0,Prairies
7726,affiliate>paid_social>display,0,ON
7727,paid_search>direct,0,QC
7728,direct>paid_social>email,0,Prairies
7729,direct,0,Prairies
7730,direct>organic_search>affiliate,1,BC
7731,display>display>affiliate>paid_social,0,ON
7732,paid_social>paid_search>affiliate>direct,0,BC
7733,display>paid_social>paid_search,0,ON
7734,display>paid_search,1,AB
7735,paid_social>paid_social>paid_social>display>paid_search,0,Atlantic
7736,paid_social>paid_social>organic_search>affiliate>paid_social>paid_search,0,AB
7737,display>organic_search>organic_search,0,BC
7738,direct>display>display,0,ON
7739,paid_social>display>display>organic_search>affiliate,0,Prairies
7740,direct,0,Atlantic
7741,organic_search>paid_search>paid_social>organic_search>display>paid_social>display>email,1,AB
7742,paid_social>organic_search>display,1,AB
7743,display>display>email>affiliate,0,Prairies
7744,organic_search>paid_social>display>affiliate,0,BC
7745,organic_search>display>affiliate,0,ON
7746,display>display>organic_search>display>paid_search>email,0,QC
7747,paid_social>display>paid_search,0,ON
7748,email>organic_search>display>email,0,ON
7749,display>paid_search>paid_social>direct,0,BC
7750,paid_search>paid_social>direct>paid_social>display>display>organic_search,1,AB
7751,organic_search>paid_social>display>paid_social>display>direct,0,QC
7752,display>organic_search>display>email>paid_search,0,BC
7753,paid_search>email>paid_search>organic_search>display>display>display>paid_social,0,AB
7754,paid_search>display>paid_search>direct>email,0,Prairies
7755,affiliate>paid_social>organic_search,0,QC
7756,paid_social>direct,0,BC
7757,display>display>display>paid_search,0,ON
7758,display>display>affiliate>display>direct,0,QC
7759,organic_search>paid_search>affiliate>affiliate,0,Atlantic
7760,direct,0,AB
7761,affiliate>paid_search,0,ON
7762,paid_social>paid_social>paid_social>affiliate>organic_search,0,Atlantic
7763,display>affiliate>organic_search,0,AB
7764,organic_search>organic_search>email>organic_search,0,Prairies
7765,paid_social>paid_social>paid_social>direct>paid_search,0,QC
7766,affiliate>paid_social>email,0,Atlantic
7767,display>organic_search,0,AB
7768,organic_search,0,ON
7769,paid_search>display>direct>direct,0,ON
7770,paid_search>affiliate,0,QC
7771,display>paid_social,0,AB
7772,display,0,BC
7773,organic_search>organic_search>display>affiliate,0,ON
7774,organic_search>paid_social>paid_social>direct,0,Prairies
7775,paid_social>organic_search,0,AB
7776,organic_search>display>email>affiliate>paid_social>organic_search,0,ON
7777,paid_social>affiliate,0,QC
7778,display>paid_search,0,ON
7779,paid_social>paid_search>display>paid_search>paid_social>organic_search>affiliate>paid_social>paid_social,0,BC
7780,display>paid_search,0,Atlantic
7781,paid_search>organic_search,0,BC
7782,paid_social>email,1,Atlantic
7783,organic_search>paid_search>paid_search>affiliate,0,AB
7784,direct>direct>affiliate>display>display>email,0,AB
7785,paid_search>affiliate>affiliate>email>email,0,Atlantic
7786,display>paid_search>display>paid_search>email,0,AB
7787,organic_search>paid_social>paid_search>affiliate>email,1,Atlantic
7788,paid_social>organic_search>display>paid_search,0,AB
7789,paid_social>direct>direct>direct,0,Prairies
7790,affiliate>organic_search,0,AB
7791,paid_search>display>affiliate,0,QC
7792,paid_search>display>paid_social>paid_search>paid_social>paid_search,0,Prairies
7793,affiliate>direct>paid_search>organic_search,0,AB
7794,paid_social>organic_search>direct,0,Atlantic
7795,organic_search>direct>paid_search,0,QC
7796,paid_search>organic_search>organic_search>display>paid_search,1,Prairies
7797,organic_search>paid_social>organic_search>email,0,BC
7798,organic_search>organic_search>paid_social>direct,1,Prairies
7799,direct>organic_search>paid_search,0,Prairies
7800,paid_social>paid_search,0,QC
7801,display>organic_search>display>organic_search,0,ON
7802,paid_social>display>organic_search>paid_social>display,0,AB
7803,paid_social>paid_search>affiliate,0,BC
7804,paid_social>display>email,0,Prairies
7805,display>paid_social>display>direct,0,BC
7806,paid_social>display>display>direct>paid_social,0,QC
7807,affiliate,0,QC
7808,direct>paid_search,0,AB
7809,paid_social,0,Prairies
7810,paid_social>display>email,0,Prairies
7811,display>paid_social>organic_search>direct,0,Prairies
7812,paid_search,0,BC
7813,email>direct,0,Atlantic
7814,display>display>paid_social,0,AB
7815,organic_search>direct>direct,1,Atlantic
7816,paid_social>paid_social>organic_search>direct>direct,0,Prairies
7817,direct>affiliate>organic_search>paid_search>organic_search,0,AB
7818,paid_search>display>organic_search>direct,0,Prairies
7819,paid_search>display>paid_social>paid_social>email,0,AB
7820,direct,0,Atlantic
7821,organic_search>display>affiliate>paid_social>display>email,0,Atlantic
7822,affiliate>display>display>direct,0,AB
7823,organic_search>display>paid_search,0,AB
7824,organic_search>paid_search,0,Prairies
7825,paid_social>paid_social>paid_social>paid_social>display>email,0,Atlantic
7826,display>direct,0,QC
7827,display>paid_social>display>paid_social>paid_search>paid_search,0,ON
7828,display>email,0,QC
7829,affiliate>email,0,ON
7830,paid_search,0,ON
7831,paid_social>affiliate>organic_search>paid_search>direct,0,QC
7832,paid_search>display>paid_social>affiliate>display>paid_search>paid_social,1,Prairies
7833,paid_social>display>email,0,QC
7834,paid_social>paid_search,1,BC
7835,display>display>affiliate,0,QC
7836,display>paid_social>organic_search>display>display>display>paid_search,0,Atlantic
7837,display>display>display>display>paid_search,0,Prairies
7838,organic_search>organic_search>organic_search>paid_social>email,0,Prairies
7839,display>paid_social>paid_search,0,QC
7840,organic_search>email>direct,0,ON
7841,organic_search>direct>paid_search>email,0,QC
7842,display>affiliate>display>paid_search,0,BC
7843,display>direct>organic_search,0,AB
7844,paid_search,0,Atlantic
7845,display>affiliate>display>direct,0,BC
7846,organic_search>paid_search,0,Atlantic
7847,display>organic_search>organic_search,0,Prairies
7848,paid_search>organic_search>organic_search>paid_search>email,0,ON
7849,display>paid_social,0,AB
7850,display>paid_search>paid_social>direct,0,Prairies
7851,paid_social>paid_social>email,0,BC
7852,organic_search>paid_social>organic_search>affiliate>paid_social,0,QC
7853,paid_social>display>affiliate,0,Atlantic
7854,paid_social>paid_search>display>organic_search,1,Atlantic
7855,paid_search,0,QC
7856,paid_search>display>affiliate>paid_social,0,Prairies
7857,paid_social>paid_search>paid_social>organic_search,0,QC
7858,display>paid_social>direct,0,ON
7859,direct>email,0,AB
7860,paid_search>organic_search>direct,0,BC
7861,paid_search>affiliate,1,QC
7862,organic_search>paid_social>display>organic_search>paid_social>organic_search>email,1,AB
7863,affiliate>display,0,BC
7864,paid_search>display>direct>direct,0,ON
7865,paid_social>paid_search>paid_social>paid_search,0,QC
7866,paid_social>display>email,0,ON
7867,organic_search,0,ON
7868,display>paid_social>paid_search>paid_social>display>email,0,QC
7869,display>display>display>display>organic_search,0,Atlantic
7870,email>display>direct>paid_search>organic_search>direct,0,ON
7871,paid_social>display>organic_search>paid_search,0,QC
7872,organic_search>paid_search>display>affiliate>direct,0,ON
7873,organic_search>display>organic_search>organic_search>display>paid_search>direct,0,Prairies
7874,display>affiliate,0,Prairies
7875,paid_social>organic_search>direct,1,Atlantic
7876,display>display>direct,0,Prairies
7877,display>display>paid_search>organic_search,0,ON
7878,email,0,BC
7879,paid_search,0,ON
7880,display>paid_social>direct,0,QC
7881,affiliate,0,ON
7882,paid_social>display>organic_search>paid_social>display,0,AB
7883,paid_search>direct,0,BC
7884,affiliate>direct,0,Atlantic
7885,paid_social>direct,0,AB
7886,paid_social>display>email,0,BC
7887,organic_search>display>display>organic_search>display>direct,1,AB
7888,paid_search>paid_search>organic_search>display>display,0,Prairies
7889,organic_search>paid_social>organic_search,1,QC
7890,display>display>paid_search,0,AB
7891,display>email>affiliate,0,AB
7892,paid_social>paid_search>display>direct,0,QC
7893,display>affiliate,0,ON
7894,organic_search>direct>display>email>affiliate>direct,0,BC
7895,paid_social>direct,0,Prairies
7896,display>organic_search>email,0,AB
7897,display>paid_social>direct>email>paid_social>display>affiliate,0,AB
7898,paid_search,0,AB
7899,display>paid_social>affiliate,1,QC
7900,organic_search>display>direct,0,AB
7901,paid_search>paid_search>paid_search,0,AB
7902,display>affiliate>paid_social>paid_social,0,QC
7903,display>affiliate>display>paid_search,1,ON
7904,email>display>affiliate>direct,0,ON
7905,affiliate>display>direct,0,BC
7906,affiliate>display>paid_search,0,Atlantic
7907,paid_social>email,0,Atlantic
7908,paid_search,0,Prairies
7909,display>paid_social>display>display>email,0,Atlantic
7910,display>direct,0,Prairies
7911,paid_search>direct>paid_social>email,0,Atlantic
7912,organic_search>display>direct,0,BC
7913,paid_search>paid_social>paid_social>paid_search,0,AB
7914,affiliate>display>direct,0,QC
7915,paid_social>email,0,Prairies
7916,direct>organic_search>affiliate>paid_search,0,QC
7917,paid_search>paid_search>paid_social,0,Atlantic
7918,paid_search>display>display>affiliate>paid_social>display>organic_search>paid_search,0,QC
7919,display>paid_social>direct,0,QC
7920,paid_social>organic_search>organic_search>organic_search>paid_search>display>affiliate,1,AB
7921,display>paid_search>paid_search,0,BC
7922,paid_social>direct,0,BC
7923,affiliate>display>email,0,ON
7924,paid_social>email>paid_search,0,ON
7925,paid_social>paid_social>affiliate,0,Atlantic
7926,display>organic_search>direct>paid_search,0,AB
7927,paid_social>organic_search,0,QC
7928,paid_social>paid_search,0,AB
7929,direct>paid_social>organic_search,0,Atlantic
7930,paid_social>display>paid_social>display>organic_search,0,AB
7931,paid_social>paid_search,0,BC
7932,organic_search>display>direct>paid_social>paid_search>direct,0,ON
7933,display,0,AB
7934,organic_search,0,BC
7935,organic_search>paid_social>organic_search>direct>organic_search,0,Prairies
7936,paid_social>paid_search>display>paid_search>paid_social,0,Prairies
7937,organic_search>paid_search>paid_search,0,Atlantic
7938,paid_social>paid_search,1,ON
7939,affiliate>display>organic_search>organic_search>display>email,0,Atlantic
7940,display>paid_search>affiliate,0,Prairies
7941,paid_social>paid_social>paid_social>affiliate,0,QC
7942,paid_search>email,0,Atlantic
7943,affiliate>paid_search>email,0,Prairies
7944,organic_search>paid_social>display>email,0,ON
7945,display>affiliate>paid_search,0,ON
7946,display>organic_search>paid_social>paid_search,0,ON
7947,organic_search,0,Atlantic
7948,paid_social>display>display>affiliate>paid_social>direct,0,QC
7949,organic_search>display>display>display>display>organic_search>direct,0,ON
7950,paid_social>affiliate>direct>paid_social>paid_social>paid_search,1,ON
7951,direct>display>display>organic_search,0,AB
7952,direct>display>email,0,Prairies
7953,paid_social>organic_search,0,Prairies
7954,direct>paid_social>paid_search>direct,0,ON
7955,paid_social>paid_search>display>paid_search,1,BC
7956,display>paid_search,0,Atlantic
7957,paid_search,0,BC
7958,paid_social>display>paid_social,0,AB
7959,paid_social>organic_search,0,QC
7960,paid_search,0,Prairies
7961,organic_search>display>paid_social>affiliate>organic_search,0,ON
7962,paid_social>paid_search,0,AB
7963,display>display>affiliate,0,BC
7964,organic_search>display>direct,0,Prairies
7965,organic_search>affiliate,0,Prairies
7966,paid_search>paid_search>paid_social>affiliate>organic_search>affiliate>display>paid_search,0,BC
7967,paid_search>affiliate>display>display,0,Prairies
7968,paid_search>display>affiliate,0,Prairies
7969,organic_search>display>paid_social>direct,0,Prairies
7970,paid_social>email,0,ON
7971,affiliate>display>paid_social>organic_search,0,BC
7972,display>email>organic_search>affiliate>affiliate,1,BC
7973,paid_search>paid_social>paid_social>affiliate,0,AB
7974,direct>display>paid_search,0,QC
7975,affiliate>direct>paid_search,0,Prairies
7976,paid_social>organic_search>direct>display>direct,1,Atlantic
7977,organic_search>direct,0,Atlantic
7978,display>paid_social>paid_social>organic_search>paid_search>paid_social>organic_search,1,Atlantic
7979,display>affiliate>affiliate>paid_search,0,Atlantic
7980,display>paid_search>paid_social>display>paid_search>organic_search>affiliate>paid_social>direct,0,AB
7981,paid_search>paid_social>paid_social>direct,0,BC
7982,paid_search>display>paid_social>email,1,Prairies
7983,paid_search,0,QC
7984,email,0,AB
7985,affiliate>display>display>paid_social>paid_search,0,BC
7986,paid_social>organic_search>paid_search>direct>direct,0,QC
7987,direct,0,QC
7988,display>display>display>paid_search,0,AB
7989,paid_social>email,0,BC
7990,affiliate>affiliate>paid_social>display>paid_social>direct,0,QC
7991,paid_social>email,0,ON
7992,email,0,QC
7993,display>display>paid_social>affiliate,0,BC
7994,paid_social>organic_search>paid_search>paid_social>email>direct,0,Atlantic
7995,display>organic_search>paid_search>direct,0,Atlantic
7996,display>direct,0,Atlantic
7997,paid_search>direct,0,Prairies
7998,paid_social>paid_social>paid_social>display>organic_search>direct,0,Atlantic
7999,display>direct,0,Prairies
8000,display>direct>paid_search>display>email,0,QC
8001,paid_search>paid_search>paid_search>direct>organic_search,0,Prairies
8002,display>paid_search,0,BC
8003,email>paid_search>direct,0,Prairies
8004,display>paid_social>paid_social,0,QC
8005,email>direct>organic_search>display>organic_search,0,AB
8006,paid_search>paid_search>direct,0,Prairies
8007,paid_social>paid_search,1,AB
8008,paid_social>display>direct>paid_search,0,ON
8009,paid_search>paid_social>display>paid_search>paid_social>paid_social>direct,0,Atlantic
8010,paid_search>direct,0,AB
8011,paid_social>paid_social>display,0,AB
8012,paid_social>paid_social>organic_search,0,ON
8013,organic_search>organic_search>display>display>email,0,Atlantic
8014,paid_search>direct,0,Atlantic
8015,paid_social>affiliate>paid_social>display>paid_search,0,BC
8016,display>paid_search,0,ON
8017,paid_search>direct,0,BC
8018,display>organic_search>affiliate>affiliate,0,BC
8019,paid_social>display>paid_social>display>paid_social>direct,0,QC
8020,affiliate>display>paid_search,0,QC
8021,organic_search>email>display>paid_social>affiliate,0,BC
8022,paid_social>direct,0,Prairies
8023,display>paid_search>paid_search,0,AB
8024,paid_search>display>organic_search,0,AB
8025,display>paid_search>affiliate,0,ON
8026,display>organic_search>affiliate,0,QC
8027,email>paid_search>display>paid_search>direct,0,QC
8028,direct,0,ON
8029,display>direct>paid_search>affiliate>paid_search,0,BC
8030,organic_search>direct,0,AB
8031,paid_social>paid_social>paid_social>direct,0,ON
8032,display>paid_search>direct,0,ON
8033,affiliate>display>direct>display,0,BC
8034,direct>paid_search,0,AB
8035,display>display>direct,0,BC
8036,display>display>direct,0,Prairies
8037,paid_search>paid_search,0,Atlantic
8038,paid_search>direct>paid_social>display>direct,0,AB
8039,display>paid_social>paid_search,0,Prairies
8040,paid_search>organic_search>display>direct,0,Prairies
8041,display>organic_search>display,1,BC
8042,paid_social>paid_search,0,QC
8043,display>paid_search>paid_social>direct>affiliate>paid_social>paid_social,0,BC
8044,display>paid_social>organic_search>display,0,ON
8045,paid_social>paid_search>direct,0,Prairies
8046,paid_social>organic_search>email,0,BC
8047,paid_search,0,ON
8048,affiliate>display>paid_social>display>paid_social>organic_search>email,0,ON
8049,paid_social>paid_search>paid_social>paid_social>paid_search,0,Prairies
8050,paid_social>email,0,AB
8051,affiliate,0,Atlantic
8052,email>display>organic_search>paid_search>display>organic_search,0,QC
8053,paid_search>paid_social>organic_search,0,Prairies
8054,paid_social>paid_social>direct,0,AB
8055,display>direct,0,BC
8056,paid_social>paid_social>paid_search>organic_search,0,Atlantic
8057,paid_social>organic_search>direct>paid_social>display,1,AB
8058,organic_search>display>display>affiliate>paid_search,0,QC
8059,display>paid_search,0,BC
8060,paid_social>affiliate,0,BC
8061,paid_social>display>direct,0,ON
8062,display>paid_social>direct>organic_search>affiliate>email,0,Atlantic
8063,paid_social>paid_search,0,Prairies
8064,display>display>paid_social>paid_search,0,Prairies
8065,display>paid_social>paid_social>paid_search,0,ON
8066,display>affiliate,0,BC
8067,paid_social>direct,0,AB
8068,paid_social>paid_social>paid_social>display>email,0,QC
8069,email>paid_social>display>display>direct,0,BC
8070,display>direct>email>paid_search>paid_search>display>direct,1,BC
8071,organic_search>display>paid_search,0,QC
8072,direct,0,QC
8073,display>organic_search>display>display>affiliate>email,0,BC
8074,paid_social>paid_search>paid_search,0,Prairies
8075,display>organic_search>paid_social>display>direct,0,QC
8076,organic_search>paid_search,0,BC
8077,display>display>display>display,0,AB
8078,paid_social>display>display>email,0,ON
8079,affiliate>paid_social>direct>affiliate,0,BC
8080,display>paid_search>paid_search,1,Atlantic
8081,display>display,0,QC
8082,display>direct>paid_search,1,ON
8083,paid_search>paid_social>affiliate>paid_social>direct,0,Atlantic
8084,display>display>paid_search>email,0,ON
8085,paid_social>affiliate>display>direct,0,Prairies
8086,display>display>affiliate>paid_search>organic_search,0,BC
8087,organic_search>direct>direct,0,ON
8088,display>display>display>affiliate,0,ON
8089,affiliate>display>display>direct,0,Atlantic
8090,organic_search>paid_social>email,0,ON
8091,paid_social>display>email,0,Atlantic
8092,paid_search>display>paid_social>direct>paid_social>organic_search,0,AB
8093,organic_search>email,0,Atlantic
8094,paid_social>email>paid_search>email,1,Atlantic
8095,organic_search>paid_search,0,QC
8096,paid_search,0,ON
8097,display>display>organic_search>display>organic_search>paid_social>email,0,AB
8098,display>affiliate>email,0,Prairies
8099,affiliate,0,BC
8100,paid_social>display>direct>direct,0,BC
8101,display>affiliate>paid_social>direct,0,ON
8102,display>paid_search,0,Atlantic
8103,email>display>display,0,Atlantic
8104,direct,0,BC
8105,direct,0,QC
8106,display>organic_search>organic_search>display>display,0,Prairies
8107,paid_social>display>organic_search>paid_search>display>paid_search,1,Atlantic
8108,display>display>direct,0,ON
8109,display>paid_social>paid_search,0,AB
8110,paid_social>paid_search>direct,0,AB
8111,display>affiliate,0,AB
8112,organic_search>display>display>organic_search,0,Prairies
8113,paid_social>organic_search>affiliate,0,ON
8114,paid_social>affiliate>organic_search,0,AB
8115,paid_search,0,BC
8116,organic_search>affiliate>organic_search>display>paid_social,1,Prairies
8117,affiliate>direct,0,ON
8118,display>paid_social>affiliate>paid_social>affiliate,0,BC
8119,paid_social>paid_social>paid_social>direct,1,AB
8120,affiliate>display>direct>paid_search,0,QC
8121,display>paid_search>paid_search,0,QC
8122,paid_search>affiliate,0,Prairies
8123,direct,0,AB
8124,affiliate>organic_search>display>direct>paid_search>affiliate,0,ON
8125,display>paid_social>display>direct,0,Atlantic
8126,paid_search>paid_search>display>organic_search,0,Prairies
8127,email>direct>direct>organic_search>paid_search,1,BC
8128,affiliate>affiliate,0,AB
8129,affiliate>paid_social>display>email,0,Atlantic
8130,display>display>paid_social,0,BC
8131,display>paid_social>direct,0,BC
8132,organic_search>organic_search>display>direct>direct,0,Prairies
8133,direct>affiliate>display>organic_search>display>direct,0,QC
8134,paid_social>display>organic_search,0,Prairies
8135,direct>paid_search>paid_social>direct>direct,0,BC
8136,paid_social>paid_search>affiliate>organic_search,1,BC
8137,display>paid_search,0,ON
8138,display>paid_search>paid_social>paid_social>organic_search>email,0,BC
8139,display>paid_social>organic_search,0,Atlantic
8140,display>paid_social>organic_search>direct>display>affiliate>display>organic_search,1,Prairies
8141,affiliate>display>paid_search,1,BC
8142,direct>direct>display>paid_social>paid_search>affiliate,0,Atlantic
8143,paid_social>direct,0,Atlantic
8144,paid_social>affiliate,0,QC
8145,organic_search>organic_search>display,0,BC
8146,affiliate>direct,0,QC
8147,display>display>organic_search>paid_search,0,QC
8148,paid_social>paid_social>organic_search,0,ON
8149,paid_social>affiliate,0,Atlantic
8150,display>display>email,0,QC
8151,direct>organic_search>email,0,Atlantic
8152,email>display>display>paid_social>paid_social>affiliate,0,Prairies
8153,affiliate>paid_social>direct,0,ON
8154,paid_social>email>affiliate,0,BC
8155,display>direct,0,QC
8156,paid_search>paid_social>paid_social>paid_search>organic_search,0,BC
8157,affiliate>paid_social>paid_social>paid_search>direct,1,AB
8158,display>organic_search>display>organic_search>display>email,0,Prairies
8159,organic_search>paid_search>organic_search>direct,0,ON
8160,display>paid_social>email>paid_search,0,AB
8161,paid_search>paid_social>paid_social>paid_social>direct>affiliate,0,AB
8162,direct,0,BC
8163,paid_social>paid_social,1,BC
8164,direct,0,Atlantic
8165,paid_search>paid_search>email,0,ON
8166,affiliate>display>display>paid_search>display>email>organic_search,0,Prairies
8167,display>display>organic_search>paid_search>direct,0,BC
8168,paid_social>display>paid_search>direct>organic_search,0,BC
8169,paid_social>paid_search>paid_search>paid_search>display,0,Atlantic
8170,display>organic_search>direct,0,AB
8171,paid_social>organic_search>organic_search>direct,0,QC
8172,paid_social>paid_search>display>paid_social>organic_search>display,0,QC
8173,paid_social>affiliate>direct,0,QC
8174,paid_social>paid_search>affiliate>display>paid_search>organic_search,0,AB
8175,organic_search>paid_search>display>organic_search,0,QC
8176,affiliate>organic_search>email>paid_search,0,Prairies
8177,paid_social>display>paid_social,0,ON
8178,paid_search,0,QC
8179,paid_social>paid_search>display>email,0,Prairies
8180,display>paid_search>organic_search>affiliate,1,Prairies
8181,organic_search>affiliate>affiliate>display>direct>paid_search,0,BC
8182,direct>affiliate>organic_search,0,QC
8183,affiliate>paid_social>direct>organic_search,0,BC
8184,organic_search>direct>paid_search,0,AB
8185,paid_social>paid_search,1,Prairies
8186,organic_search>organic_search>direct,0,BC
8187,paid_social>direct,0,QC
8188,direct>organic_search>paid_search>paid_social>affiliate,0,AB
8189,paid_social>paid_search,0,BC
8190,display>paid_social>affiliate>paid_social,0,Prairies
8191,email>display>direct>organic_search>paid_search>paid_social,0,ON
8192,paid_social>organic_search>organic_search>paid_social>paid_search,0,AB
8193,affiliate,0,Prairies
8194,paid_social>display>email,0,AB
8195,organic_search>paid_social>display>direct,0,Prairies
8196,organic_search,0,BC
8197,paid_social>paid_search,0,QC
8198,paid_social>paid_social>email>direct,0,QC
8199,paid_social>direct,0,QC
8200,display>direct>organic_search>direct,0,QC
8201,organic_search>paid_social>display>paid_social>paid_search>email,0,QC
8202,paid_social>affiliate>email,0,BC
8203,paid_social>organic_search>direct>paid_search>paid_search,0,QC
8204,display>organic_search>display>direct,0,Atlantic
8205,display>display>paid_social>direct,0,Prairies
8206,display>display>display>organic_search>direct,0,AB
8207,organic_search>organic_search>paid_search,0,ON
8208,paid_social>paid_social>paid_social>affiliate,0,BC
8209,paid_social>direct>affiliate,0,AB
8210,display>paid_search>display>organic_search>paid_social,0,QC
8211,paid_social>paid_social>email,0,ON
8212,display>email,0,BC
8213,organic_search>direct,0,ON
8214,paid_search>paid_social>direct>paid_search,0,Atlantic
8215,paid_search>organic_search>organic_search>paid_search>display,0,BC
8216,email,0,BC
8217,paid_social>organic_search>paid_social>affiliate,0,QC
8218,paid_social>paid_social>paid_social>display,0,Atlantic
8219,paid_social>display>display,0,ON
8220,direct>organic_search>paid_social>paid_social,1,AB
8221,display>email>paid_search>email,0,ON
8222,display>organic_search>paid_social>direct,1,QC
8223,display>display>paid_social>organic_search,0,BC
8224,organic_search>organic_search>paid_social>paid_search>paid_search>email,0,Atlantic
8225,organic_search>display>display>email>paid_search>affiliate,1,Atlantic
8226,display>direct,0,Prairies
8227,affiliate>display>display>display>organic_search,0,AB
8228,affiliate>direct,0,Atlantic
8229,paid_social>affiliate>direct>display>direct,0,ON
8230,organic_search>paid_search>display>affiliate,1,QC
8231,paid_social>direct,0,Atlantic
8232,direct>paid_social>organic_search,0,ON
8233,affiliate>affiliate>affiliate>paid_social,0,Atlantic
8234,direct>affiliate>affiliate>paid_social,1,AB
8235,paid_social,0,QC
8236,organic_search>paid_search>display>display>paid_search,0,Atlantic
8237,organic_search>paid_social,0,ON
8238,paid_social>display>paid_search>paid_search,1,BC
8239,paid_search>display>paid_social>direct,0,ON
8240,paid_search>display>display>paid_search,0,Prairies
8241,paid_social>paid_social>direct,0,BC
8242,organic_search>display>email,0,QC
8243,direct,0,QC
8244,paid_search>display>organic_search>affiliate,0,ON
8245,display>affiliate>organic_search>display>paid_social,0,BC
8246,paid_social>paid_social>organic_search>direct,0,Prairies
8247,display>display>organic_search>paid_social>paid_search,0,ON
8248,paid_search>display>paid_social>organic_search,0,AB
8249,direct>paid_search,0,QC
8250,display>paid_social>paid_social>direct>paid_social>affiliate,0,Prairies
8251,affiliate,0,QC
8252,direct,0,BC
8253,paid_search>paid_search>direct>display>email,0,BC
8254,organic_search>organic_search>direct,0,ON
8255,display>paid_social>paid_social,0,AB
8256,paid_social>paid_social>organic_search>affiliate,0,QC
8257,display>paid_search>paid_search>paid_social>affiliate,1,BC
8258,direct,0,Prairies
8259,paid_search>paid_social>organic_search>paid_social>paid_search>email,0,ON
8260,paid_social>organic_search>paid_social,1,BC
8261,paid_search>display>direct,0,BC
8262,display>display,0,Prairies
8263,direct,0,Atlantic
8264,display>affiliate>email,1,ON
8265,paid_search>affiliate>paid_social>paid_social>display,0,ON
8266,paid_social>display>direct>paid_search,0,Prairies
8267,organic_search>paid_social>organic_search>affiliate,1,Prairies
8268,paid_social>paid_social>email,0,QC
8269,display>paid_search,0,BC
8270,paid_search>paid_social>affiliate>direct,1,AB
8271,display>direct,0,BC
8272,affiliate>display>paid_social>affiliate,0,QC
8273,display>paid_social>paid_search>organic_search,0,Atlantic
8274,organic_search>organic_search>direct,0,ON
8275,paid_social>paid_social>email,0,BC
8276,paid_search,0,Atlantic
8277,paid_search>paid_social,0,Prairies
8278,display>direct>paid_search,0,BC
8279,paid_social>paid_social>direct,0,Prairies
8280,display>display>paid_search>direct,0,AB
8281,paid_social>display>email,0,ON
8282,paid_search>affiliate>email,0,Atlantic
8283,display>paid_social>paid_search>display>organic_search,1,Atlantic
8284,paid_social>display>display>email,0,QC
8285,display>paid_social>affiliate,0,Atlantic
8286,organic_search>display>paid_social>email,0,Atlantic
8287,display>organic_search>display>organic_search>display>paid_social,1,QC
8288,email>paid_social>paid_search>organic_search>email,0,Atlantic
8289,organic_search>display>direct,1,AB
8290,email,0,Prairies
8291,display>display>paid_search>display>affiliate,0,Atlantic
8292,display>organic_search,0,BC
8293,direct>paid_social>paid_social>paid_social>paid_search,1,QC
8294,paid_social>display>affiliate>paid_search,1,ON
8295,email,0,ON
8296,display>direct>affiliate>direct,0,Prairies
8297,organic_search>paid_social>paid_social>affiliate,0,Atlantic
8298,paid_social>direct>display>paid_social>organic_search>paid_search>organic_search,0,AB
8299,direct>display>direct>affiliate>paid_search>display>display>direct,0,QC
8300,organic_search>direct,0,BC
8301,display>display>paid_social>email,0,QC
8302,organic_search>affiliate>email,0,Atlantic
8303,paid_social>email>affiliate,0,Prairies
8304,affiliate>paid_search>organic_search>paid_social>paid_search,0,Prairies
8305,organic_search>paid_social,0,Prairies
8306,display>email,0,Prairies
8307,display>organic_search>affiliate,0,QC
8308,paid_search>paid_social>email>direct,0,AB
8309,organic_search>paid_social>paid_search,0,Atlantic
8310,display>direct>display>organic_search>display>direct,0,Atlantic
8311,organic_search,0,Atlantic
8312,display>email>display>email,0,Prairies
8313,paid_social>paid_social>display>paid_social>display>organic_search>direct,0,BC
8314,email,0,Atlantic
8315,display>email>paid_search>email,0,ON
8316,affiliate,0,Prairies
8317,display>display>organic_search>paid_social>email,0,Prairies
8318,display>paid_social>paid_social>affiliate>display>display>direct,0,Prairies
8319,display>paid_social>paid_social>paid_search,0,Prairies
8320,affiliate>display>email,0,Prairies
8321,display>organic_search>email,0,ON
8322,organic_search>organic_search>paid_social>paid_social>paid_social,0,ON
8323,display>display>affiliate>paid_social,0,QC
8324,direct>display>paid_search>display>direct,0,AB
8325,direct,0,QC
8326,affiliate>display>affiliate,1,QC
8327,display>email,0,BC
8328,display>paid_social>paid_search>paid_social,1,BC
8329,organic_search>email,0,Prairies
8330,affiliate,1,Atlantic
8331,paid_search>paid_search,0,Prairies
8332,paid_social>paid_search>paid_search,0,Prairies
8333,organic_search>organic_search>paid_search,0,Prairies
8334,display>direct,0,BC
8335,affiliate>paid_search>display>paid_social>direct,0,Atlantic
8336,display>direct,1,AB
8337,email>affiliate,0,Atlantic
8338,affiliate>direct>display>paid_social>direct>paid_search,0,Atlantic
8339,affiliate>display>paid_search,0,BC
8340,paid_social>organic_search>direct,0,BC
8341,paid_search>affiliate,1,ON
8342,paid_social>direct>organic_search>paid_search,0,AB
8343,display>organic_search>paid_search>display>affiliate>affiliate,1,QC
8344,paid_social>paid_search>display>paid_search,0,Prairies
8345,direct>organic_search>paid_social>organic_search,0,AB
8346,paid_social>paid_social>paid_social>direct,0,BC
8347,paid_search,0,Prairies
8348,organic_search>paid_search>paid_search,0,QC
8349,affiliate>display>affiliate>organic_search>paid_search>display>organic_search,0,Atlantic
8350,paid_search>display>direct,0,AB
8351,organic_search>paid_social>display>display>paid_social>direct,0,QC
8352,paid_social>display>paid_search>email,0,ON
8353,display>display>display>paid_social>paid_search,0,BC
8354,display>direct>display>organic_search>affiliate,0,QC
8355,organic_search>display>organic_search,0,ON
8356,paid_social>organic_search>display>affiliate>display>organic_search,0,BC
8357,email>paid_search>paid_search,0,BC
8358,display>paid_social,0,BC
8359,organic_search>paid_search>email,0,AB
8360,display>paid_search>paid_social>display>display>display>affiliate,0,BC
8361,affiliate>paid_search>email,0,BC
8362,direct>display>display>affiliate,0,QC
8363,email>direct>paid_search,0,AB
8364,paid_search>affiliate>direct,0,Prairies
8365,organic_search,0,QC
8366,affiliate>paid_social>direct,0,Prairies
8367,paid_search>display>display>direct>paid_social,0,BC
8368,affiliate>organic_search>display>direct,1,Atlantic
8369,affiliate>display>email,0,Prairies
8370,email,0,ON
8371,display>paid_social>direct,0,QC
8372,display>paid_search>paid_search,0,QC
8373,organic_search>affiliate,0,AB
8374,organic_search>display>direct,0,BC
8375,display>affiliate>display>paid_search>direct,0,AB
8376,paid_social>organic_search,0,AB
8377,organic_search>affiliate>paid_search>paid_social>display,0,ON
8378,email>email,0,BC
8379,affiliate>email,1,QC
8380,paid_social>organic_search>paid_social>direct,0,BC
8381,organic_search>paid_search,0,QC
8382,paid_social,0,BC
8383,affiliate>paid_search>display>organic_search>paid_search>affiliate>direct,1,Atlantic
8384,paid_search>paid_social>paid_social>paid_search,0,AB
8385,display>paid_search>direct,0,AB
8386,display>affiliate>organic_search>paid_search>organic_search>paid_search,0,Atlantic
8387,paid_social>paid_search>paid_search,0,Prairies
8388,paid_search,0,QC
8389,organic_search>organic_search>display>direct,0,AB
8390,affiliate>display>affiliate>organic_search>paid_search,0,Atlantic
8391,paid_search>organic_search>paid_search,0,ON
8392,organic_search>display>organic_search>organic_search>display>email,0,Atlantic
8393,email>email,0,AB
8394,affiliate>organic_search>display>paid_search,0,AB
8395,display>affiliate>paid_social>affiliate>organic_search>affiliate,1,Atlantic
8396,organic_search>paid_social>paid_search,1,Atlantic
8397,paid_social>organic_search>direct,0,BC
8398,organic_search>display>display>email>direct,0,Prairies
8399,organic_search>organic_search>paid_search,1,Atlantic
8400,organic_search>paid_social>affiliate,0,ON
8401,paid_social>display>organic_search>affiliate>paid_search>affiliate,1,Atlantic
8402,organic_search>paid_social>organic_search,0,AB
8403,affiliate>display>paid_social>affiliate>organic_search>direct>direct,0,Atlantic
8404,organic_search,0,ON
8405,paid_social>paid_search>paid_search,0,ON
8406,paid_social>paid_social>paid_social>display>paid_search>organic_search>email,0,ON
8407,organic_search>organic_search>paid_search>direct,0,BC
8408,display>organic_search,0,AB
8409,organic_search>paid_social>organic_search>direct,1,AB
8410,affiliate>display>direct,1,BC
8411,paid_social>organic_search>paid_search,0,BC
8412,paid_search>display>paid_social>direct,0,ON
8413,paid_search>paid_search,0,BC
8414,affiliate>paid_social>affiliate>organic_search,0,ON
8415,paid_search>display>organic_search,0,ON
8416,paid_social>paid_social>organic_search>organic_search>affiliate,0,Atlantic
8417,organic_search>affiliate>organic_search>paid_search,0,Atlantic
8418,paid_social>display>paid_social>paid_social>paid_search,0,ON
8419,paid_social>organic_search>paid_search>paid_social>direct,1,Atlantic
8420,display>display>display>paid_search,1,BC
8421,direct>organic_search>display>paid_search>direct>display>email,0,Atlantic
8422,paid_search>display>paid_social>paid_search>email,0,ON
8423,paid_social>paid_search>paid_search,1,ON
8424,paid_social>direct,0,AB
8425,paid_social>display>paid_search,0,Atlantic
8426,affiliate>email,0,Prairies
8427,paid_search>organic_search>email,0,QC
8428,paid_search>organic_search,1,Prairies
8429,paid_social>paid_search>organic_search,0,AB
8430,paid_search>direct,0,Atlantic
8431,paid_social>display>display>paid_search>email,1,BC
8432,paid_social>affiliate>direct,1,ON
8433,paid_search>paid_search>paid_search>affiliate,0,Prairies
8434,direct>organic_search>email,0,AB
8435,organic_search>organic_search>paid_search>paid_search,0,BC
8436,email>display,0,Prairies
8437,display>paid_social>paid_search,0,BC
8438,affiliate>paid_social>paid_social>display>paid_search,0,ON
8439,organic_search>display>organic_search>display>paid_search,1,AB
8440,paid_social>display>display>organic_search>display>email,0,ON
8441,paid_social>affiliate,0,AB
8442,organic_search>organic_search>paid_social>paid_social>organic_search,0,BC
8443,email>organic_search>direct>paid_search>direct,0,QC
8444,paid_social>direct,0,BC
8445,display>paid_social>affiliate>display>paid_social,0,ON
8446,direct>affiliate>organic_search>paid_search,0,Prairies
8447,display>email>organic_search>paid_social>email>direct,1,AB
8448,organic_search>display>affiliate>paid_social>paid_search,0,Prairies
8449,organic_search>display>paid_social>paid_social>affiliate>email,0,QC
8450,direct>display>display>paid_social>email,0,Prairies
8451,organic_search>affiliate>paid_social>email>organic_search>paid_social>organic_search,1,ON
8452,paid_social>paid_social>organic_search,0,BC
8453,organic_search>display>paid_social>display>organic_search,0,Prairies
8454,display>direct,0,AB
8455,direct>affiliate,0,BC
8456,paid_search,0,Atlantic
8457,display>paid_search>display>display>email,0,Atlantic
8458,paid_search>direct,0,ON
8459,paid_social>paid_social>email>affiliate,1,AB
8460,display>display>paid_social>affiliate,0,ON
8461,paid_social>organic_search>direct,0,Prairies
8462,paid_social>paid_social>display>affiliate,0,Atlantic
8463,paid_search>organic_search>organic_search>paid_search,0,QC
8464,organic_search>paid_social>paid_social>paid_social,0,BC
8465,display>paid_social>affiliate>paid_search,0,BC
8466,affiliate>paid_search>direct,0,BC
8467,display>display>affiliate>organic_search>paid_social>direct>paid_social>email,0,BC
8468,paid_search>organic_search>paid_social,1,Atlantic
8469,display>affiliate>display>paid_search>organic_search>affiliate,0,BC
8470,paid_social>display>display>display>paid_search>affiliate>email>display,0,ON
8471,paid_social>paid_social>email,0,Atlantic
8472,paid_social>paid_search,1,Prairies
8473,direct>display>paid_search>paid_search,0,AB
8474,affiliate>display>paid_search>paid_search,0,Atlantic
8475,organic_search>display>paid_social>organic_search,0,Atlantic
8476,direct,0,Prairies
8477,organic_search>organic_search>organic_search,0,Prairies
8478,organic_search>paid_social>paid_search>paid_search>direct>affiliate>direct,1,AB
8479,display>organic_search,0,BC
8480,display>paid_search,0,Prairies
8481,paid_search>display>paid_search>email,0,BC
8482,organic_search>paid_search,0,Atlantic
8483,paid_social>paid_social>display>organic_search>email>display,0,AB
8484,email>paid_search,0,QC
8485,organic_search>direct>email,1,QC
8486,organic_search>email,0,Atlantic
8487,organic_search,0,AB
8488,paid_social>paid_social>paid_search>email,0,BC
8489,display>paid_search>paid_search,0,Atlantic
8490,paid_social>display>paid_social>organic_search>display>display,0,BC
8491,paid_social>organic_search,0,BC
8492,organic_search>paid_social>paid_social>affiliate,1,Atlantic
8493,affiliate>display>email,0,QC
8494,paid_search>paid_search>organic_search,0,Atlantic
8495,paid_social>affiliate>email,0,ON
8496,paid_social,1,Prairies
8497,display>organic_search>organic_search>email>organic_search,1,Prairies
8498,display>paid_social>organic_search>paid_search>organic_search,0,QC
8499,display>display>display>affiliate,0,QC
8500,paid_social>affiliate,0,Atlantic
8501,display>organic_search>paid_social>affiliate>organic_search,0,Atlantic
8502,paid_search>display,0,AB
8503,email>organic_search>paid_search,1,Atlantic
8504,paid_social>paid_social,0,Prairies
8505,display>display>affiliate,0,ON
8506,paid_search>display>paid_search,0,QC
8507,display>affiliate,0,QC
8508,affiliate>display>paid_social>paid_search,0,ON
8509,display>display>organic_search>organic_search>email,0,Atlantic
8510,direct>direct,0,BC
8511,display>affiliate,0,Atlantic
8512,display>paid_social>paid_social>display,0,Prairies
8513,direct,0,QC
8514,affiliate>email,1,Prairies
8515,paid_social>direct>display>display>affiliate>direct,0,BC
8516,paid_search>display>organic_search>direct,0,QC
8517,display>organic_search>display>paid_social>email,0,BC
8518,paid_search>paid_search>organic_search>direct,0,BC
8519,email,0,AB
8520,paid_social>display>direct,0,ON
8521,display>organic_search,0,BC
8522,display>display>paid_social>paid_search,0,Atlantic
8523,paid_social>direct>affiliate>paid_social>paid_search,0,Atlantic
8524,affiliate>display>display>affiliate,0,Atlantic
8525,display>display>paid_social>direct,0,Atlantic
8526,display>paid_social>paid_social>paid_search,0,BC
8527,affiliate>email,0,AB
8528,display>display>display>display,0,Atlantic
8529,paid_social>paid_social,0,QC
8530,display>paid_search,0,Prairies
8531,paid_social>paid_search,0,Prairies
8532,paid_social>paid_social>email,0,QC
8533,direct>paid_social>display>affiliate,0,Atlantic
8534,affiliate,0,AB
8535,display>paid_social>organic_search>email,0,ON
8536,paid_social>display>paid_search,0,AB
8537,organic_search>paid_social>email,0,Prairies
8538,email>affiliate>email,0,Prairies
8539,display>paid_social>display>paid_social>paid_social>affiliate,1,Atlantic
8540,paid_social>paid_social>direct>organic_search,0,Prairies
8541,organic_search>organic_search>display>display>paid_social>display,0,BC
8542,display>paid_social>direct,0,AB
8543,direct>paid_social,0,QC
8544,display>organic_search>display>paid_search,0,Prairies
8545,display>display>email>affiliate>paid_search,0,Prairies
8546,paid_social>paid_search>paid_social>display>paid_search,0,Atlantic
8547,direct,0,BC
8548,organic_search>direct>display,0,AB
8549,affiliate>display>paid_social>organic_search>affiliate,0,BC
8550,display>organic_search>organic_search>affiliate>paid_search>paid_social,1,BC
8551,display>display>email>paid_social>paid_social,0,Atlantic
8552,display>affiliate>paid_social>paid_search,0,QC
8553,email,0,Prairies
8554,organic_search>email,0,Prairies
8555,display>paid_search>paid_search>paid_social>email,0,Prairies
8556,organic_search>affiliate>organic_search>organic_search>affiliate>display,0,ON
8557,display>organic_search>paid_search>paid_social>display>paid_search>direct,0,AB
8558,paid_social>display>organic_search>paid_search,0,BC
8559,paid_search>paid_search,0,Atlantic
8560,organic_search>display>email,0,AB
8561,organic_search,0,BC
8562,paid_social>display>display>paid_search>direct,0,Atlantic
8563,display>display>paid_social>display,0,QC
8564,paid_social>paid_social>direct>direct,0,AB
8565,display>paid_search>display>paid_search>email>email,0,QC
8566,display>affiliate>paid_social>affiliate>paid_social,0,ON
8567,display>direct>paid_search>paid_search,0,ON
8568,organic_search>email,0,BC
8569,direct,0,BC
8570,organic_search>paid_social>paid_search,0,Atlantic
8571,paid_social>affiliate>organic_search>direct,0,Atlantic
8572,paid_search>organic_search>paid_social>email,0,QC
8573,affiliate>paid_social>paid_social>display>organic_search>paid_social>direct,0,ON
8574,display>paid_social>organic_search>organic_search>paid_social>organic_search>paid_search,1,Atlantic
8575,paid_social>organic_search>affiliate,0,AB
8576,paid_search>organic_search,0,BC
8577,display>display>display>paid_search,0,ON
8578,organic_search>affiliate,0,Atlantic
8579,paid_search>display>display>paid_search>paid_search>paid_social>paid_search,0,QC
8580,paid_search>display>organic_search>direct,0,Atlantic
8581,paid_social>display>affiliate>paid_search,0,BC
8582,paid_search>organic_search,0,Prairies
8583,organic_search>direct>affiliate>paid_social>organic_search,0,AB
8584,paid_social>paid_search>email,0,ON
8585,paid_search>paid_social>display>paid_social>display>paid_social>direct,0,AB
8586,display>paid_social>display>direct,0,BC
8587,organic_search>paid_social>direct,0,AB
8588,organic_search>direct,0,ON
8589,organic_search>display>display>paid_search,1,QC
8590,organic_search>organic_search>display>paid_search>paid_search>email,0,AB
8591,organic_search>affiliate>paid_social>paid_search,1,Prairies
8592,display>email>organic_search,0,Atlantic
8593,direct,0,BC
8594,display>paid_search,0,Atlantic
8595,organic_search>email>organic_search,0,Atlantic
8596,organic_search>direct,0,AB
8597,paid_social>display>paid_search,0,QC
8598,paid_social>organic_search>display>direct>paid_search,1,ON
8599,display>display>display>paid_search,0,Atlantic
8600,organic_search>display>email,0,BC
8601,paid_social>organic_search>paid_social>direct>paid_search>paid_social>paid_social>paid_search,1,QC
8602,paid_social>display>display>paid_social>affiliate>paid_search,0,QC
8603,display>paid_search>email,0,Atlantic
8604,affiliate>direct,0,AB
8605,display>direct,0,QC
8606,organic_search>paid_social>organic_search>paid_search,0,ON
8607,affiliate>display>display>display>paid_social>direct,0,Prairies
8608,paid_social>display>organic_search,0,AB
8609,organic_search>display>paid_social>email,0,Atlantic
8610,organic_search>organic_search>direct,0,Atlantic
8611,paid_search>affiliate>organic_search>display>email>affiliate>organic_search>organic_search,0,Atlantic
8612,paid_search>paid_social>paid_search>paid_search>display,0,AB
8613,organic_search>paid_search>direct>affiliate,0,Prairies
8614,organic_search>affiliate,0,QC
8615,display>paid_search,0,Prairies
8616,display>display>display>organic_search>organic_search>email,0,Prairies
8617,display>paid_search>direct,0,AB
8618,organic_search>paid_social>direct>direct,0,QC
8619,email>paid_search,1,BC
8620,display>paid_social,0,BC
8621,affiliate>display,0,ON
8622,organic_search>organic_search,0,ON
8623,paid_social>paid_social,0,Prairies
8624,paid_social>display>paid_social>paid_search>email>display,0,Atlantic
8625,paid_social>paid_search>paid_search>paid_social>direct,0,Prairies
8626,organic_search,0,BC
8627,display>organic_search>paid_social>paid_search,0,ON
8628,organic_search>paid_social>paid_social>email,0,QC
8629,paid_search>paid_search>paid_social>email,1,BC
8630,paid_search>display>display>organic_search,0,BC
8631,display>paid_social>paid_social>direct,0,QC
8632,paid_search,0,BC
8633,direct>display>display>organic_search,1,AB
8634,paid_search>direct>paid_search>organic_search,0,ON
8635,paid_social>paid_social>display>paid_search>email>email,0,BC
8636,display>display>organic_search>direct,0,QC
8637,paid_social>display>display>direct,0,QC
8638,paid_search>paid_search,0,Prairies
8639,display>paid_social>paid_social>email,0,ON
8640,paid_search>direct>direct,0,Prairies
8641,display>affiliate,0,Prairies
8642,display>paid_social>paid_search>affiliate,0,BC
8643,email>paid_search,0,AB
8644,paid_search>organic_search>email,0,AB
8645,affiliate>display>display>paid_search>paid_search>paid_search,0,QC
8646,paid_search>display>organic_search>direct>affiliate,0,Prairies
8647,display>paid_search,0,QC
8648,organic_search>direct>paid_social>display>email,0,Atlantic
8649,paid_social>display>email,0,Atlantic
8650,direct,0,BC
8651,email>paid_search,0,BC
8652,direct>email>paid_search>direct,0,Atlantic
8653,affiliate>paid_social>email,0,ON
8654,paid_social>paid_search,0,AB
8655,paid_social>paid_search>affiliate,0,Prairies
8656,direct>paid_social>paid_social>paid_search>paid_social,0,Prairies
8657,paid_search>affiliate>display>paid_search,1,Prairies
8658,organic_search>display>organic_search>paid_search,0,BC
8659,organic_search,0,QC
8660,paid_social>paid_social>email>paid_search>display,0,ON
8661,organic_search>paid_social>paid_search,0,BC
8662,display>paid_social>organic_search>display>display,1,Prairies
8663,direct,0,Atlantic
8664,display>paid_social>organic_search,0,Atlantic
8665,display>paid_search,0,Prairies
8666,paid_social>affiliate>email,0,QC
8667,display>display>email>affiliate>paid_search,0,Atlantic
8668,paid_search>direct,0,QC
8669,display>affiliate>email,0,QC
8670,paid_social>paid_search>email,0,AB
8671,direct>paid_social>direct,0,Prairies
8672,display>affiliate,0,QC
8673,display>display>paid_search,0,BC
8674,display>direct>email,0,AB
8675,paid_search>organic_search>display>direct,0,BC
8676,paid_social>display>organic_search>direct>paid_social,0,Atlantic
8677,organic_search>display>paid_social>paid_search>affiliate,0,AB
8678,display>paid_social>display>direct,0,ON
8679,paid_social>display>paid_social>display>paid_social,0,ON
8680,paid_social>display>paid_social,0,Atlantic
8681,organic_search>paid_social>paid_social>display>paid_search>display>direct,0,QC
8682,affiliate>paid_social>direct,0,AB
8683,organic_search>display>paid_social>email,0,Atlantic
8684,display>direct>display>organic_search>paid_social>affiliate,0,BC
8685,paid_search>display>affiliate>display>direct>affiliate,0,AB
8686,display>display>email,1,ON
8687,paid_social>paid_social>direct,0,ON
8688,organic_search>direct,0,Atlantic
8689,direct,0,ON
8690,display>organic_search>paid_social>paid_search,0,BC
8691,paid_social>paid_search>affiliate,0,Atlantic
8692,display>affiliate>organic_search>paid_search,0,Prairies
8693,organic_search>direct,0,AB
8694,paid_social>paid_search,0,Prairies
8695,paid_social>direct>display>display>organic_search>email,0,BC
8696,paid_social>organic_search>organic_search>affiliate,0,ON
8697,organic_search>paid_social>paid_social>affiliate>paid_search,1,QC
8698,paid_search>paid_search>display>display>paid_social>paid_social>email,0,ON
8699,paid_social>email,0,AB
8700,email,0,Prairies
8701,organic_search>organic_search>display>organic_search,0,Prairies
8702,affiliate>paid_social>paid_search>affiliate,0,Atlantic
8703,direct>paid_search>paid_search,0,AB
8704,paid_search>organic_search>direct,0,ON
8705,email,0,QC
8706,paid_search>direct,0,BC
8707,display>paid_search,0,BC
8708,display>display>display>paid_social>paid_search,0,Prairies
8709,paid_social>paid_social>organic_search>organic_search>paid_search>direct,1,Prairies
8710,paid_search>direct>email>organic_search>direct,0,Atlantic
8711,display>organic_search>email>affiliate,0,QC
8712,direct>paid_search>paid_search,0,Atlantic
8713,paid_social>paid_social>display>paid_search>direct,0,QC
8714,affiliate>display>display>organic_search>organic_search>email,0,QC
8715,paid_social>direct>paid_search>affiliate>paid_search>email,0,QC
8716,display>paid_social>paid_search>direct,0,QC
8717,paid_social>paid_social>paid_search>email>display>display,0,AB
8718,display>display>paid_search,0,AB
8719,display>affiliate>email,0,BC
8720,display>paid_search>paid_search,0,QC
8721,organic_search>paid_search>affiliate,0,QC
8722,organic_search>paid_social>paid_social>direct,0,ON
8723,paid_social,0,ON
8724,paid_search>display>organic_search,0,Atlantic
8725,direct>paid_social>direct,0,QC
8726,paid_search>organic_search>email,0,QC
8727,affiliate>paid_social>display>display>direct,0,QC
8728,display>paid_search>paid_search>paid_search>display,1,BC
8729,affiliate>display>display>paid_search>display>organic_search>display>paid_search>direct,0,AB
8730,display>direct,0,ON
8731,paid_social>display>email>display>paid_search,1,AB
8732,email>paid_social>email,0,ON
8733,paid_search>paid_social>affiliate>paid_search,0,Atlantic
8734,affiliate>display>paid_search>paid_social>email,0,QC
8735,paid_search>organic_search>display>paid_social,0,Prairies
8736,organic_search>email,1,AB
8737,organic_search>direct,0,Atlantic
8738,display>direct,0,QC
8739,affiliate>display>organic_search>email>paid_social>email,0,BC
8740,display>paid_social>affiliate>paid_search>affiliate,0,QC
8741,display>paid_social>direct,0,ON
8742,organic_search>organic_search>paid_social>paid_search,0,QC
8743,affiliate>paid_social>organic_search,0,AB
8744,affiliate>display>paid_social>paid_social>affiliate,1,ON
8745,paid_social>display>organic_search>display>paid_search,0,Prairies
8746,paid_social>affiliate>paid_search,0,BC
8747,paid_social>organic_search>display>affiliate,0,Prairies
8748,affiliate>paid_search>organic_search>affiliate>direct,0,BC
8749,affiliate>paid_search>direct,0,ON
8750,affiliate>paid_social>organic_search>paid_search,0,ON
8751,display>display>direct,0,ON
8752,display>organic_search>organic_search>paid_search>email,0,AB
8753,affiliate>affiliate>direct,0,ON
8754,paid_social>display>display>email,0,QC
8755,paid_social>display,1,Atlantic
8756,paid_social>email>display>direct,0,AB
8757,organic_search>display>paid_social>email,0,BC
8758,organic_search>display>organic_search>email,0,BC
8759,paid_social>paid_search,0,ON
8760,organic_search>organic_search>organic_search>paid_social>direct,0,QC
8761,paid_social>organic_search>display>display>paid_search,0,BC
8762,paid_search>display>direct,0,BC
8763,display>direct,0,BC
8764,display>display>paid_search>email,0,ON
8765,organic_search>display>display>display>paid_search,0,AB
8766,display>paid_search>direct>direct>organic_search,0,QC
8767,organic_search>paid_search,0,BC
8768,paid_social>direct>affiliate>paid_social>affiliate,0,Atlantic
8769,organic_search>display>organic_search>display>display>paid_search,0,QC
8770,display>display>organic_search>affiliate,0,BC
8771,display>paid_search,0,ON
8772,email>organic_search>paid_search>organic_search>organic_search>organic_search,1,QC
8773,email>affiliate>email,0,ON
8774,display>direct>display>organic_search,0,Atlantic
8775,display>paid_search,0,BC
8776,direct>paid_search,0,AB
8777,display>paid_social>display>direct,0,QC
8778,paid_search>organic_search>paid_search>paid_social>direct,0,QC
8779,email,0,AB
8780,display>affiliate>direct,0,Atlantic
8781,organic_search>paid_search>affiliate,0,Prairies
8782,direct>organic_search>organic_search>paid_search,0,Prairies
8783,organic_search>affiliate>direct,0,Atlantic
8784,paid_social>display>direct,0,AB
8785,paid_social>organic_search>email,0,BC
8786,affiliate>display>display>affiliate>display,0,ON
8787,organic_search>direct,0,BC
8788,paid_social>email,0,AB
8789,display>affiliate>paid_search>paid_social>affiliate,0,Atlantic
8790,paid_social>email>email,0,AB
8791,display>paid_social>email>direct,0,QC
8792,affiliate>organic_search>display>organic_search>affiliate,0,AB
8793,display>affiliate>email,0,Prairies
8794,organic_search>organic_search>display>display>direct,0,AB
8795,direct>organic_search>direct,0,Prairies
8796,organic_search>paid_search>paid_search>display>paid_social>paid_search>email,0,QC
8797,organic_search>paid_social>direct>affiliate,0,ON
8798,paid_search,0,QC
8799,paid_search>paid_social>affiliate>paid_social>direct,0,Atlantic
8800,paid_social>paid_search>paid_social>display>paid_social>direct,0,Atlantic
8801,affiliate>paid_social>affiliate>affiliate,1,BC
8802,paid_search>display>organic_search>display>affiliate>organic_search,0,ON
8803,organic_search>paid_search>paid_search,1,ON
8804,display>affiliate>organic_search,0,ON
8805,paid_social>affiliate,0,ON
8806,display>organic_search>affiliate>paid_social>organic_search,0,ON
8807,display>organic_search,0,BC
8808,display>display>paid_social>direct,1,ON
8809,display>paid_social>email,0,QC
8810,paid_social>display>display>direct>paid_social,0,AB
8811,organic_search>display>affiliate>display,0,AB
8812,paid_social>direct,0,Atlantic
8813,direct>affiliate>affiliate>paid_social>paid_search,0,Prairies
8814,display>display>paid_social>organic_search,0,ON
8815,paid_search>display>paid_search,0,ON
8816,affiliate>display>affiliate>paid_search,0,ON
8817,direct,0,AB
8818,paid_social>paid_social>organic_search>direct,1,Atlantic
8819,direct>display>direct,0,Atlantic
8820,display>direct>display>affiliate,0,QC
8821,paid_social>paid_social>direct>organic_search>display>paid_search>display>display>organic_search>paid_search,0,Prairies
8822,paid_search>affiliate>affiliate>direct,1,Atlantic
8823,display>affiliate,0,QC
8824,direct,0,AB
8825,display>display>paid_social>paid_social>direct,0,AB
8826,paid_search>direct>paid_social>paid_social>direct,0,ON
8827,display>affiliate>paid_social>affiliate>display>paid_search,0,Atlantic
8828,organic_search>paid_social>affiliate,0,QC
8829,paid_search>direct>email,0,ON
8830,paid_social>organic_search>affiliate>paid_search,0,Atlantic
8831,organic_search>affiliate>paid_search,0,Atlantic
8832,display>direct,0,Atlantic
8833,organic_search>display>paid_social>display>email,0,BC
8834,paid_search,0,Prairies
8835,paid_search>email,0,Atlantic
8836,email,0,BC
8837,organic_search>direct,0,ON
8838,paid_social>email,0,BC
8839,organic_search>paid_social>direct,0,Atlantic
8840,paid_social>display>affiliate,1,AB
8841,display>paid_social>paid_search,1,AB
8842,display>paid_social>paid_social>affiliate,0,Atlantic
8843,organic_search>organic_search>affiliate,0,AB
8844,paid_search>paid_search>paid_search>organic_search,0,ON
8845,display>paid_search>paid_search>affiliate>paid_social>paid_search>direct,0,QC
8846,affiliate>email>direct,0,ON
8847,affiliate>organic_search>paid_social,1,Atlantic
8848,affiliate>display>paid_search,0,Prairies
8849,paid_search>organic_search>paid_social>display>display,0,Atlantic
8850,display>display>display>affiliate>paid_search>direct,0,Atlantic
8851,organic_search>display>paid_social>affiliate>display>paid_social,0,Prairies
8852,display>paid_social>organic_search>paid_search>paid_search>paid_search,0,QC
8853,direct>affiliate>display>email,0,ON
8854,email>paid_search>affiliate>display>display,0,QC
8855,organic_search>display>paid_search,0,ON
8856,affiliate,0,AB
8857,display>paid_social>display>paid_social,0,Prairies
8858,affiliate>display>paid_search,0,AB
8859,affiliate>display>email,0,Atlantic
8860,paid_social>paid_search,0,AB
8861,paid_social>paid_search>display>organic_search>paid_social>organic_search>organic_search>display>paid_social,1,ON
8862,affiliate>direct,0,AB
8863,paid_social>direct>affiliate,0,Atlantic
8864,paid_search>paid_social>paid_social>direct,1,Prairies
8865,display>paid_social>direct>display>direct,0,ON
8866,display>display>paid_social>paid_search,0,AB
8867,email>direct,0,ON
8868,paid_social>paid_social>direct,0,BC
8869,display>paid_social>email,0,BC
8870,organic_search>organic_search>display>display>display>direct,0,AB
8871,paid_search,0,ON
8872,organic_search,0,BC
8873,paid_search>paid_social,0,ON
8874,organic_search>display>display>organic_search>display>paid_search,1,Prairies
8875,display>display>display>direct,0,QC
8876,display>affiliate>display,0,Atlantic
8877,paid_search>organic_search>paid_search>direct,0,ON
8878,paid_social>paid_search>direct,0,Atlantic
8879,display>paid_search>organic_search>paid_search,0,Atlantic
8880,paid_search>display>paid_search,0,Atlantic
8881,paid_search>display>organic_search>organic_search,0,QC
8882,display>affiliate>email>paid_search,0,Prairies
8883,display>organic_search>display>display>email,1,AB
8884,paid_social>organic_search>paid_social>affiliate,0,BC
8885,display>organic_search>display>display>affiliate,0,Prairies
8886,organic_search>paid_social>paid_social>direct,0,ON
8887,display>paid_social>display>display>email,0,AB
8888,display>display>organic_search>display>organic_search>display>paid_search>paid_search,0,BC
8889,paid_social>paid_search>direct,0,ON
8890,email>paid_social>paid_social>affiliate,0,ON
8891,organic_search>display>paid_search>paid_search>paid_social,0,Prairies
8892,display>affiliate,0,AB
8893,organic_search>paid_social>direct>display>direct,0,BC
8894,paid_social>display>direct,0,ON
8895,organic_search>paid_social>email>paid_social>direct,1,AB
8896,paid_social>display>email,0,Prairies
8897,paid_search>affiliate>display,0,AB
8898,paid_social>direct,0,Atlantic
8899,display>affiliate>organic_search,0,AB
8900,paid_social>organic_search>display>display>affiliate,0,AB
8901,paid_social>direct>paid_social>display>direct,0,Prairies
8902,paid_search>affiliate>display>paid_social>email,0,ON
8903,organic_search>display>paid_search>paid_search>organic_search>paid_search,1,AB
8904,direct,0,Atlantic
8905,paid_search>affiliate>display>direct,0,Atlantic
8906,paid_social>paid_search>paid_search,1,BC
8907,organic_search>direct>email,0,Atlantic
8908,display>paid_search>organic_search>display>direct,0,Atlantic
8909,paid_social>affiliate,0,Atlantic
8910,organic_search>affiliate>display>organic_search,1,ON
8911,direct>paid_social,0,QC
8912,direct,0,ON
8913,paid_search>paid_social>paid_search,1,Atlantic
8914,affiliate,1,BC
8915,email>affiliate>organic_search,0,AB
8916,paid_social>paid_search,1,ON
8917,organic_search>affiliate>organic_search>direct,0,Prairies
8918,display>paid_search,0,Prairies
8919,paid_search>organic_search>display>organic_search>display>organic_search,0,Prairies
8920,paid_social>paid_social>paid_social>display>display>display>affiliate,0,ON
8921,display>paid_social>direct,0,Prairies
8922,paid_search>paid_social>affiliate>affiliate>paid_search>paid_search>affiliate>organic_search>paid_search>organic_search,0,ON
8923,paid_search>affiliate>display>affiliate,0,Prairies
8924,affiliate,0,BC
8925,display>paid_social>direct,0,ON
8926,paid_social>organic_search>email,0,AB
8927,display>paid_social>paid_social>organic_search,0,QC
8928,email>paid_social>organic_search>affiliate,0,Prairies
8929,email>affiliate>paid_social>direct,0,QC
8930,paid_search>display>paid_social>paid_search,1,AB
8931,display>paid_social>paid_search>organic_search,0,Atlantic
8932,affiliate>email,0,BC
8933,display>organic_search>organic_search,0,QC
8934,paid_social>paid_search>paid_social>paid_social>direct,0,Prairies
8935,display>display,0,QC
8936,display>paid_social>paid_social>affiliate,0,ON
8937,display>paid_search,0,QC
8938,organic_search>paid_search,1,ON
8939,organic_search>paid_social>display>display>paid_social,0,ON
8940,paid_search>paid_social>display>email,0,Atlantic
8941,paid_social>email>paid_search>organic_search>direct,1,AB
8942,paid_social>email,0,ON
8943,affiliate>organic_search>display>affiliate,0,BC
8944,display>paid_social>direct,0,BC
8945,display>paid_social>paid_search>direct>affiliate,0,ON
8946,display>paid_search>paid_social>display>paid_search,0,Prairies
8947,paid_search>display>display>email,0,BC
8948,display>paid_social>affiliate>paid_social>paid_social>paid_search,0,BC
8949,organic_search>paid_social>paid_search>paid_social,0,ON
8950,email>display>paid_search>direct,0,Atlantic
8951,paid_social>organic_search>paid_search>paid_social>organic_search>paid_social,0,AB
8952,affiliate>organic_search>organic_search>direct,0,Prairies
8953,paid_social>affiliate>paid_search,0,Atlantic
8954,paid_social>display>organic_search>email,0,ON
8955,affiliate>display>paid_social>organic_search,0,Atlantic
8956,direct>display>paid_search,0,AB
8957,organic_search,0,QC
8958,paid_social>display>affiliate,0,Prairies
8959,paid_social>affiliate,0,ON
8960,email>paid_search>paid_search>paid_social>organic_search>direct,0,Prairies
8961,organic_search>display>display>organic_search>organic_search>organic_search,0,BC
8962,paid_search>email>organic_search>display>paid_social>email,0,QC
8963,paid_social>organic_search>display>display>affiliate,0,BC
8964,direct,0,ON
8965,direct>paid_search,0,Prairies
8966,display>direct>display>email,0,BC
8967,paid_search>paid_search>paid_search>paid_social,0,Prairies
8968,display>paid_search>display>display>organic_search,0,QC
8969,organic_search>paid_search>display>paid_social>email,0,Atlantic
8970,organic_search,0,Atlantic
8971,organic_search>direct,0,BC
8972,paid_social>organic_search,0,Atlantic
8973,paid_social>paid_social>organic_search>direct,0,Atlantic
8974,paid_social>email,0,Atlantic
8975,display>organic_search>paid_social>paid_search>direct,0,AB
8976,paid_social>direct>direct>organic_search,0,AB
8977,paid_social>direct,1,AB
8978,direct>email>direct,0,Atlantic
8979,display>direct,0,AB
8980,paid_search>paid_social>organic_search>paid_search>email,0,AB
8981,paid_social>paid_social>paid_social>direct,0,QC
8982,paid_search>display>display>paid_search>affiliate,0,AB
8983,paid_search>paid_social>affiliate,0,AB
8984,display>display>paid_social>direct>paid_social>organic_search>paid_social>affiliate,0,QC
8985,organic_search>display>organic_search>organic_search>paid_social>display>paid_social>affiliate>direct,0,QC
8986,paid_search>organic_search>paid_social>paid_search,1,Prairies
8987,display>direct,0,AB
8988,paid_social>display>display>direct,0,Atlantic
8989,display>display,0,QC
8990,affiliate,0,Atlantic
8991,email>paid_search>display>email,0,Atlantic
8992,affiliate>direct,0,BC
8993,paid_search,0,ON
8994,paid_social>display>paid_social>display>paid_social>direct,0,Atlantic
8995,paid_search>paid_social,0,Prairies
8996,paid_social>display>paid_search,1,AB
8997,paid_social>display>organic_search>organic_search>direct,0,QC
8998,paid_social>paid_search>paid_search>paid_search>email,0,Atlantic
8999,paid_search>email,0,ON
9000,organic_search>paid_search>paid_social>direct,0,ON
9001,organic_search>organic_search>direct,0,AB
9002,paid_social>paid_social>paid_search>email>display,0,AB
9003,display>paid_social>paid_search,0,Atlantic
9004,paid_search>paid_search>affiliate>paid_social>paid_search,0,BC
9005,paid_social>paid_search,0,QC
9006,paid_social>display>paid_search,0,Prairies
9007,organic_search>direct,0,AB
9008,paid_search>affiliate,1,AB
9009,organic_search>organic_search>display>organic_search,0,Atlantic
9010,display>direct>affiliate>affiliate,0,QC
9011,display>paid_search>email,0,AB
9012,display>paid_social>organic_search,0,QC
9013,display>display>display>paid_search,0,AB
9014,display>display>direct>paid_search,0,Atlantic
9015,paid_social>display>paid_search,0,QC
9016,paid_social>email,0,QC
9017,display>paid_social>paid_search,0,BC
9018,paid_search>paid_social,0,Atlantic
9019,organic_search>display>paid_search>paid_search,0,BC
9020,direct>paid_search>display>direct,0,QC
9021,paid_social>paid_search>display>paid_social>direct,0,AB
9022,paid_social>organic_search>affiliate,0,AB
9023,affiliate>display>display>organic_search>direct,0,ON
9024,paid_social>paid_social>affiliate>paid_search>display>paid_search,0,Prairies
9025,paid_social>organic_search>paid_search,0,QC
9026,paid_search>display>email,0,BC
9027,paid_social>organic_search>display>paid_search,1,ON
9028,display>display>paid_search>display>email,0,Prairies
9029,display>display>paid_search>affiliate,1,AB
9030,display>organic_search,0,Atlantic
9031,affiliate>display>paid_social>paid_search>email>display>email,0,Prairies
9032,affiliate>display>direct,0,Prairies
9033,organic_search>display>display>direct>paid_search>display>paid_search>direct,0,BC
9034,organic_search>email,0,Prairies
9035,display>display>display,0,QC
9036,paid_search,0,Prairies
9037,email>paid_social>email,0,QC
9038,paid_social>paid_search,0,QC
9039,display>email,0,Prairies
9040,paid_social>display>email,0,AB
9041,paid_social>display>direct,0,Prairies
9042,paid_social>paid_social>display>display>paid_social>direct,0,ON
9043,direct,0,ON
9044,paid_social>email>display>display>affiliate>paid_search>direct,0,Prairies
9045,organic_search>organic_search>paid_social>display>paid_search,0,QC
9046,paid_search>display>paid_social>paid_search,1,Atlantic
9047,paid_search>paid_social>paid_search,0,BC
9048,organic_search>direct,0,BC
9049,affiliate,0,QC
9050,organic_search>organic_search>paid_social>paid_social,0,Atlantic
9051,paid_social>display>display>paid_search>direct,1,Atlantic
9052,email,0,AB
9053,paid_social>direct>display>paid_social>direct,0,BC
9054,paid_search>paid_search>paid_social>paid_social>direct,0,AB
9055,affiliate>direct,0,BC
9056,display>display>direct>paid_search,0,BC
9057,organic_search>direct,0,ON
9058,affiliate>paid_social>direct,0,QC
9059,paid_search>organic_search>email,0,ON
9060,paid_social>direct,0,BC
9061,paid_search>direct>display>email>paid_social>organic_search,0,Atlantic
9062,affiliate>organic_search>paid_social,0,QC
9063,paid_social>paid_social>paid_search,0,AB
9064,email,0,BC
9065,affiliate>paid_social>organic_search,0,ON
9066,paid_social>organic_search>paid_social>direct>direct,0,Atlantic
9067,display>organic_search>affiliate,0,ON
9068,display>organic_search>paid_social,0,Prairies
9069,paid_search>paid_search>email,0,AB
9070,paid_search>display>direct,0,Prairies
9071,paid_social>direct,0,AB
9072,paid_social>display>paid_social>paid_search>paid_search,0,AB
9073,direct>paid_search>direct,0,Prairies
9074,affiliate>display>paid_social>display>email,0,Atlantic
9075,display>organic_search>display>affiliate,0,AB
9076,paid_social>display>affiliate,0,QC
9077,paid_social,0,AB
9078,paid_search>display>paid_social>email,0,AB
9079,affiliate>organic_search>direct>paid_search>organic_search>paid_search>organic_search>direct,1,Prairies
9080,display>paid_search>paid_search>paid_social>paid_search,0,BC
9081,display>paid_social>direct,0,QC
9082,affiliate>paid_social>display>email,0,AB
9083,email>paid_search,0,AB
9084,paid_social>affiliate,0,BC
9085,display>email>affiliate>direct,1,AB
9086,paid_search>email,1,AB
9087,affiliate>organic_search>display>organic_search>email,0,Prairies
9088,paid_social>display>direct,0,Atlantic
9089,paid_social>email>display>affiliate,0,AB
9090,paid_search>organic_search>display>direct,0,AB
9091,paid_search>paid_social>display>paid_search>paid_social>affiliate,0,Atlantic
9092,paid_social>direct>paid_social,0,BC
9093,paid_social>organic_search>display>paid_search>direct>paid_social>display>paid_social>paid_social,0,QC
9094,organic_search,0,QC
9095,organic_search>organic_search>organic_search>paid_search>paid_search,0,Atlantic
9096,display>paid_social>display>direct,0,BC
9097,organic_search>display>email,0,Atlantic
9098,display>paid_search>direct,1,Prairies
9099,paid_social>paid_search,0,Atlantic
9100,affiliate>paid_social>email,0,BC
9101,paid_social>paid_social>affiliate>paid_search>email,0,Prairies
9102,paid_social>paid_search>display>organic_search>organic_search>paid_social>organic_search>paid_social,0,AB
9103,direct,0,BC
9104,display>paid_search>paid_social>email,0,Prairies
9105,paid_social>paid_social>paid_search>direct,0,ON
9106,display>display>display>email,0,Prairies
9107,email>display>display>email,0,AB
9108,display>display>paid_search>display>display>direct,0,AB
9109,display>display>affiliate>paid_social>organic_search,0,QC
9110,paid_social>paid_social>paid_search>paid_search,0,QC
9111,paid_search,0,ON
9112,direct>affiliate,0,AB
9113,email,0,Atlantic
9114,display>affiliate,0,AB
9115,paid_social>display>direct>organic_search>display>paid_social,0,ON
9116,paid_social>display>paid_search,0,ON
9117,paid_search,0,Prairies
9118,direct>direct>paid_search,0,ON
9119,paid_search>organic_search>paid_social>email,0,Prairies
9120,paid_social>direct,0,Prairies
9121,affiliate>affiliate,0,Prairies
9122,direct>email,0,AB
9123,paid_social>affiliate>paid_search>affiliate,0,Prairies
9124,paid_social>display>display>email>affiliate>organic_search,0,BC
9125,display>paid_search>organic_search>display>email>direct,1,BC
9126,display>display>display>affiliate,1,AB
9127,paid_social,0,QC
9128,paid_social>paid_social>paid_search>direct,0,Prairies
9129,display>affiliate>display>affiliate>organic_search,1,BC
9130,display>direct>email>email>paid_search,0,Atlantic
9131,organic_search>direct,0,ON
9132,paid_social>display>organic_search>display>direct,0,AB
9133,email>direct,0,Prairies
9134,paid_search>paid_social>paid_social,0,ON
9135,display>paid_social>organic_search>direct,0,BC
9136,affiliate>direct,0,BC
9137,display>affiliate>display>paid_social,0,ON
9138,affiliate,0,Atlantic
9139,paid_search>affiliate>direct,1,Prairies
9140,display>email,0,AB
9141,display>paid_search,0,Prairies
9142,organic_search>paid_search>display>paid_social>display>email,0,BC
9143,direct>organic_search>paid_search>affiliate,0,BC
9144,paid_search,0,ON
9145,display>display>display>display>direct,0,Atlantic
9146,paid_search>organic_search>display>paid_search>direct,0,AB
9147,paid_search>paid_social>organic_search,0,BC
9148,affiliate,0,Atlantic
9149,direct>paid_social>organic_search,0,Atlantic
9150,affiliate>paid_social>direct,0,BC
9151,display>direct,0,Prairies
9152,affiliate>paid_search>display>direct,1,Prairies
9153,paid_social>organic_search,0,AB
9154,email>display>affiliate>display,0,ON
9155,email>affiliate,0,AB
9156,paid_social>direct>direct,0,Prairies
9157,organic_search>paid_search>paid_search,0,QC
9158,display>paid_search>display>paid_search,0,QC
9159,display>display>paid_social>direct,0,Prairies
9160,affiliate>organic_search>organic_search>organic_search>organic_search>paid_search>paid_social,1,QC
9161,organic_search>display>email,0,BC
9162,organic_search>display>paid_search,1,ON
9163,paid_social>paid_search>affiliate>affiliate>email,1,ON
9164,paid_social>display>display>organic_search,1,QC
9165,paid_social>direct>direct,0,AB
9166,display>direct,0,Prairies
9167,direct>paid_search,0,AB
9168,display>paid_search>direct,0,AB
9169,paid_social>paid_search>email,0,QC
9170,paid_social>email>paid_search,0,BC
9171,display>display>paid_search,0,Prairies
9172,display>direct>paid_social,0,AB
9173,paid_social>affiliate>paid_social>email>direct,0,Atlantic
9174,display>direct,1,Prairies
9175,paid_social>organic_search>display>organic_search>direct,0,QC
9176,paid_social>display>organic_search>paid_search,0,Atlantic
9177,direct>paid_search>paid_search,0,AB
9178,organic_search>direct,0,BC
9179,organic_search>organic_search>email>display>direct,0,Atlantic
9180,paid_social>paid_search>display>organic_search>display>affiliate,0,Atlantic
9181,display>paid_search>affiliate,0,ON
9182,paid_social>paid_social>organic_search>display>direct>direct,0,Atlantic
9183,paid_social>paid_social>direct,0,ON
9184,organic_search>paid_social>display>affiliate>direct,0,AB
9185,organic_search>paid_social>paid_search,0,Atlantic
9186,display>display>direct,1,QC
9187,paid_social>affiliate>paid_social>email,0,ON
9188,paid_search>paid_social,0,QC
9189,direct>direct>display>direct,0,Atlantic
9190,affiliate>organic_search>display,0,Prairies
9191,paid_social>email,0,Prairies
9192,email>paid_social>organic_search,0,QC
9193,direct,0,BC
9194,direct>affiliate,0,Atlantic
9195,paid_search,0,QC
9196,direct>email>organic_search>paid_social>organic_search>direct,0,Atlantic
9197,paid_social>direct,0,AB
9198,affiliate>direct,0,Prairies
9199,display>organic_search,0,BC
9200,affiliate>paid_social>organic_search>organic_search>paid_social>organic_search,0,Prairies
9201,display>email>paid_social>affiliate>direct,0,ON
9202,organic_search>paid_social>paid_social>direct,0,QC
9203,paid_social>paid_search>display>display>affiliate>email,0,ON
9204,paid_search>display>organic_search>paid_social>email,0,Atlantic
9205,affiliate>paid_social>organic_search>paid_social>direct,0,QC
9206,display>display>email,0,Atlantic
9207,organic_search>email>organic_search,0,QC
9208,paid_social>direct,0,QC
9209,organic_search>affiliate,0,Atlantic
9210,display>direct>display>paid_social>affiliate>paid_social>paid_social>organic_search>email,0,Prairies
9211,direct>affiliate>affiliate>display>direct,0,Atlantic
9212,organic_search>display>paid_search>paid_social>email,0,Prairies
9213,paid_social>display>paid_search>direct,1,ON
9214,display>direct>display>display,0,Atlantic
9215,paid_social>email>display>paid_social>email>affiliate,0,BC
9216,paid_social>direct,0,AB
9217,paid_search>paid_search,1,ON
9218,paid_search>affiliate>paid_social>organic_search,0,QC
9219,organic_search>paid_social>paid_social>email,0,Prairies
9220,affiliate>display>organic_search,0,AB
9221,display>direct,0,Atlantic
9222,paid_social>display>display>paid_social>direct,0,ON
9223,email>paid_search,0,AB
9224,paid_social>paid_social>display>affiliate>paid_search>email,1,QC
9225,paid_social>paid_search>paid_social>paid_social>paid_search,0,BC
9226,email>paid_search>affiliate,0,Atlantic
9227,organic_search>email,0,Prairies
9228,display>paid_social>organic_search,0,Atlantic
9229,paid_social>affiliate,0,BC
9230,paid_social>organic_search>display,0,ON
9231,email>direct>paid_search>display>paid_search>organic_search,0,BC
9232,affiliate,0,AB
9233,paid_search>paid_search>paid_search,0,QC
9234,paid_search>paid_search>affiliate>direct,0,Atlantic
9235,display>organic_search>email,0,Prairies
9236,display>email,0,Atlantic
9237,paid_social>paid_social>direct,0,AB
9238,paid_social>paid_search>paid_search>affiliate,1,Prairies
9239,direct>paid_social>paid_search>paid_search>affiliate,0,ON
9240,display>direct>paid_search>paid_search,1,QC
9241,organic_search>organic_search>paid_social>organic_search>affiliate,0,Prairies
9242,affiliate>organic_search>paid_social>direct,0,QC
9243,display>paid_social>display>direct,0,ON
9244,paid_search>paid_social>paid_social>display>paid_search,0,ON
9245,paid_social>paid_social>affiliate,0,QC
9246,display>organic_search>paid_social,0,BC
9247,display>direct,0,QC
9248,display>paid_social>display>display>organic_search>paid_search,0,QC
9249,display>direct,0,ON
9250,affiliate,0,Atlantic
9251,affiliate>paid_social>paid_social>direct>display>affiliate,1,Atlantic
9252,paid_social>direct>direct,1,Atlantic
9253,display>direct>display>paid_social>organic_search>paid_social>paid_social,0,ON
9254,organic_search>display>affiliate,0,Atlantic
9255,email,0,ON
9256,direct>paid_social>paid_search,0,Prairies
9257,paid_search>paid_social>direct>paid_social>affiliate>organic_search>affiliate>paid_search,0,Atlantic
9258,display>organic_search>email,0,Prairies
9259,paid_social>email,0,QC
9260,paid_search>paid_social>paid_social>paid_search>affiliate,0,ON
9261,paid_social>email>email,0,AB
9262,affiliate>paid_search>paid_search>paid_social>display>direct,1,QC
9263,paid_social>paid_social>direct>display>paid_social>display,0,QC
9264,paid_social>organic_search>organic_search,0,Atlantic
9265,paid_social>display>organic_search>display,1,ON
9266,paid_search>display>affiliate>paid_social>direct,0,Atlantic
9267,affiliate>paid_search>display>affiliate>paid_search,0,BC
9268,display>display>affiliate>email>direct,0,ON
9269,display>email,1,Prairies
9270,paid_search>direct,0,BC
9271,affiliate>paid_search,0,BC
9272,display>organic_search>paid_social>paid_search>direct,0,Atlantic
9273,paid_social>paid_search>paid_social>direct,1,BC
9274,paid_social>paid_social>paid_search>paid_search>paid_social>direct,0,ON
9275,direct>display>direct,0,BC
9276,paid_social>affiliate>email>direct,0,ON
9277,display>paid_social>paid_search>affiliate>paid_social>paid_social>direct,0,Atlantic
9278,display>organic_search,0,QC
9279,paid_social>display>email,0,QC
9280,organic_search>paid_search>paid_search>direct,0,Prairies
9281,paid_search>paid_social>paid_social>paid_social>organic_search>affiliate,0,Atlantic
9282,display>paid_social>paid_social>display>paid_search>email,1,Atlantic
9283,paid_social>paid_social,0,AB
9284,paid_social>direct>paid_search>paid_social>paid_search,0,Prairies
9285,display>direct,0,AB
9286,organic_search>paid_social>paid_search,0,ON
9287,affiliate>affiliate>direct,0,Prairies
9288,email,0,Atlantic
9289,paid_social>organic_search,0,QC
9290,paid_social>direct,0,ON
9291,paid_social>display>paid_social>direct,0,ON
9292,display>organic_search>organic_search>affiliate,0,AB
9293,display>paid_search>display>affiliate,0,ON
9294,display>paid_social>affiliate>organic_search>paid_social>paid_search,0,Atlantic
9295,display>direct,0,QC
9296,affiliate>direct>paid_social>paid_social>direct,0,QC
9297,display>display>paid_social>direct,0,Prairies
9298,paid_search>paid_social>affiliate,1,AB
9299,display>paid_social>direct>paid_social,0,Atlantic
9300,display>direct,0,ON
9301,paid_social>display>affiliate>paid_social>organic_search>display>direct,0,AB
9302,direct>display>display>display>affiliate,1,AB
9303,paid_social>paid_social>display>paid_social,0,Atlantic
9304,paid_social>direct,0,BC
9305,display>direct>paid_social>organic_search>direct,0,BC
9306,paid_social>paid_social>paid_search,0,BC
9307,display>affiliate,0,BC
9308,direct>display>display>display>paid_search,0,ON
9309,email,0,ON
9310,paid_social>display>organic_search>paid_search,0,QC
9311,paid_social>display>affiliate>paid_search,0,Atlantic
9312,display>paid_social>paid_search>organic_search>direct,0,Atlantic
9313,display,0,ON
9314,paid_search>direct>display>paid_social>organic_search>email,1,ON
9315,email>paid_search>paid_social>paid_social>direct,0,Atlantic
9316,organic_search>paid_search>affiliate>direct,0,QC
9317,organic_search>display>paid_social>organic_search>paid_social,0,AB
9318,affiliate>paid_search>affiliate,0,ON
9319,organic_search>paid_search>display>affiliate>paid_search>paid_search,0,QC
9320,paid_search>organic_search>paid_search>display>paid_search>paid_social,1,Prairies
9321,organic_search>affiliate>paid_social,0,ON
9322,display>direct,0,Atlantic
9323,display>display>affiliate,0,BC
9324,paid_social>email>affiliate>display>organic_search>organic_search,0,ON
9325,organic_search>display>direct,0,BC
9326,display>display>direct>direct,0,BC
9327,display>paid_social>paid_social>direct,0,BC
9328,paid_social>paid_search>paid_social>affiliate>paid_social>paid_search>paid_search,0,ON
9329,paid_search,0,ON
9330,direct>paid_social,0,AB
9331,display>paid_social,0,Prairies
9332,paid_social>direct,0,QC
9333,display>paid_social>display>direct,0,Prairies
9334,paid_social>paid_social>paid_social>organic_search>display>paid_search,0,BC
9335,organic_search>organic_search>direct>paid_social>affiliate>paid_search,0,BC
9336,display>direct>affiliate>email,0,BC
9337,display>affiliate,0,QC
9338,paid_social>paid_social>email,0,BC
9339,display>paid_social>display>paid_search,1,ON
9340,email>direct>paid_social>direct,0,Prairies
9341,paid_social>paid_social>paid_search,0,Atlantic
9342,email>paid_social>organic_search>email,1,Atlantic
9343,paid_search>email>paid_social>affiliate,1,Atlantic
9344,direct>organic_search>display>email>paid_search,0,Atlantic
9345,paid_social>email,0,BC
9346,display>organic_search>organic_search>email,0,AB
9347,paid_social>display>paid_social>paid_search,0,QC
9348,paid_search>paid_search,0,AB
9349,paid_social>affiliate>paid_search>paid_social>paid_social>direct,0,ON
9350,affiliate,0,Prairies
9351,display>display>affiliate>email,0,AB
9352,display>affiliate>paid_social>organic_search>direct,0,QC
9353,paid_search>organic_search>display>organic_search>paid_social>email,1,Atlantic
9354,display>paid_social>paid_search>direct,0,BC
9355,organic_search>paid_social>paid_search,0,Prairies
9356,paid_social>display>display>paid_search>paid_social>paid_social>direct,0,Atlantic
9357,display>organic_search>paid_social>affiliate,1,BC
9358,paid_social>paid_search>paid_social>organic_search,0,QC
9359,paid_social>direct,0,Prairies
9360,display>display>direct,0,Prairies
9361,affiliate>direct,0,Atlantic
9362,affiliate>direct,0,AB
9363,email>organic_search>organic_search>direct,0,Atlantic
9364,display>affiliate>direct>direct,0,AB
9365,paid_search,0,Atlantic
9366,display>display>paid_social,0,ON
9367,organic_search>display>affiliate>affiliate>organic_search>email,0,ON
9368,affiliate>display>direct>organic_search,1,AB
9369,direct,0,QC
9370,display>organic_search,0,Atlantic
9371,email,0,QC
9372,organic_search>direct,0,AB
9373,email>direct,0,AB
9374,display>paid_search>paid_social>direct,0,Prairies
9375,paid_social>affiliate>direct>email,0,Prairies
9376,paid_social>paid_social>affiliate,0,Atlantic
9377,direct>display>direct,0,Atlantic
9378,direct>display>display>paid_search,0,BC
9379,display>organic_search>display>email,0,Prairies
9380,display>organic_search,1,ON
9381,direct,0,Atlantic
9382,display>display>direct,1,QC
9383,paid_social,0,AB
9384,paid_social>organic_search>affiliate>organic_search>paid_search,0,Atlantic
9385,direct,0,BC
9386,display>paid_social>display>direct,1,QC
9387,display>paid_search,0,Prairies
9388,organic_search,0,QC
9389,display>direct,0,Atlantic
9390,display>direct,0,QC
9391,display>direct>affiliate>direct,0,QC
9392,paid_social>paid_search>affiliate>direct,0,QC
9393,organic_search>affiliate>display>direct>paid_search>paid_search,1,Prairies
9394,organic_search>organic_search>email,0,ON
9395,paid_social>email>display>paid_search,0,AB
9396,paid_social>affiliate,0,AB
9397,paid_search>affiliate>affiliate>paid_search>organic_search>display>direct>paid_social>paid_search,0,Atlantic
9398,display>paid_social>direct>paid_social,0,ON
9399,direct,0,ON
9400,paid_social>display>display>direct>direct>affiliate,0,Prairies
9401,paid_social>paid_social>affiliate>organic_search>affiliate,0,AB
9402,display>organic_search>organic_search>paid_social>paid_search>paid_social>paid_social>email,1,Atlantic
9403,paid_social>affiliate>paid_social>email,0,Prairies
9404,organic_search>display>paid_social>paid_search>organic_search>email,0,BC
9405,organic_search>organic_search>direct,0,QC
9406,paid_search>organic_search>paid_search>affiliate,0,AB
9407,organic_search>paid_social>display>direct,0,QC
9408,organic_search>display>paid_search>email,0,QC
9409,display>affiliate,0,AB
9410,affiliate>paid_social>paid_search>paid_social,0,AB
9411,display>affiliate>paid_social>affiliate,0,QC
9412,organic_search,0,ON
9413,paid_social>organic_search>direct,0,AB
9414,display>paid_social>display>paid_social,0,AB
9415,paid_social>paid_search>paid_search,0,ON
9416,organic_search>display>affiliate,0,QC
9417,direct>paid_social>organic_search,0,Atlantic
9418,paid_social>display>affiliate>paid_social>paid_search,1,QC
9419,display>paid_social,0,Prairies
9420,display>organic_search>paid_social>affiliate,0,Prairies
9421,display>paid_social>paid_search,0,QC
9422,organic_search>display>direct,0,QC
9423,affiliate>paid_search,0,Atlantic
9424,paid_search>organic_search>display>organic_search>paid_search,0,BC
9425,organic_search>display>paid_search>email,0,Prairies
9426,organic_search>organic_search,1,Prairies
9427,organic_search>organic_search>display>organic_search,0,ON
9428,display>paid_search>paid_social>display>affiliate,0,ON
9429,paid_social>direct>display>paid_search,0,Atlantic
9430,organic_search>display>paid_search,0,QC
9431,paid_social>display>organic_search>affiliate,0,BC
9432,email>direct,0,AB
9433,organic_search>paid_social>direct,1,QC
9434,display>display>paid_search>direct,1,AB
9435,paid_search>affiliate>direct,0,Prairies
9436,affiliate>paid_social>display>affiliate>organic_search>direct,0,AB
9437,organic_search>organic_search>email,0,Prairies
9438,paid_social>display>paid_search>paid_social>direct,0,Atlantic
9439,paid_social>display>paid_social,0,Atlantic
9440,affiliate>email,0,Prairies
9441,paid_social>display>organic_search>paid_search>organic_search>paid_search,1,Atlantic
9442,display>display>display,0,Atlantic
9443,paid_social>organic_search>paid_search>paid_social>paid_search,0,AB
9444,display>organic_search>organic_search>organic_search,0,Atlantic
9445,paid_social>paid_social>direct>direct,0,ON
9446,direct>email,0,AB
9447,organic_search>direct>paid_search>paid_search,0,AB
9448,display>paid_social>organic_search>display>paid_social>display>paid_social,0,Prairies
9449,organic_search>paid_search>direct,0,AB
9450,organic_search>display>paid_social>display>paid_social,0,ON
9451,paid_social>email,0,AB
9452,display>display>affiliate>organic_search>direct,1,ON
9453,paid_social>display>organic_search,0,ON
9454,display>paid_search>paid_social>affiliate,0,Prairies
9455,paid_search,0,AB
9456,paid_social>organic_search,0,ON
9457,display>paid_social>affiliate>direct>display>direct,0,Atlantic
9458,affiliate>display>affiliate,0,ON
9459,display>organic_search,0,AB
9460,paid_social>organic_search>display>direct,0,QC
9461,paid_social>email,0,ON
9462,direct>paid_social>direct,0,AB
9463,paid_search>display>paid_search,0,ON
9464,organic_search>paid_search,0,QC
9465,email>affiliate,0,Prairies
9466,paid_social>direct,0,BC
9467,organic_search>direct,0,Atlantic
9468,display>display>direct,0,QC
9469,paid_search,0,AB
9470,paid_social>paid_social>paid_search>direct,0,AB
9471,affiliate>paid_search>paid_social>affiliate>organic_search>display,0,BC
9472,affiliate>affiliate>paid_social>display>paid_search>email,0,ON
9473,direct>display>display>display>paid_search,0,AB
9474,display>affiliate>paid_social>direct,0,AB
9475,display>paid_social>direct,0,ON
9476,paid_search>display>paid_social>organic_search>organic_search,0,Prairies
9477,paid_search>affiliate,0,BC
9478,display>email>direct>display>email>display>organic_search>paid_social,0,Prairies
9479,paid_social>display>organic_search>paid_social>direct,0,AB
9480,organic_search>paid_search,0,ON
9481,paid_social>paid_social>direct,0,Atlantic
9482,affiliate>direct,0,Prairies
9483,display>direct>direct,0,Atlantic
9484,organic_search>direct,0,Atlantic
9485,organic_search>direct,0,QC
9486,direct>paid_social>email,0,Atlantic
9487,paid_search>organic_search>direct,0,Atlantic
9488,paid_social>email,0,BC
9489,paid_social>affiliate>display>paid_social>paid_social>display>affiliate,0,QC
9490,display>direct,0,BC
9491,display>paid_social>organic_search,0,BC
9492,paid_social>paid_search>direct>display>organic_search,1,BC
9493,paid_social>display>affiliate,0,QC
9494,direct>paid_search>email,0,QC
9495,display>direct>direct,0,AB
9496,display,0,AB
9497,organic_search>direct>paid_social>display>affiliate,0,Prairies
9498,organic_search>paid_social>affiliate>organic_search,0,BC
9499,direct,1,Atlantic
9500,paid_social>paid_social>paid_social,0,AB
9501,paid_social>paid_social>organic_search>paid_social>paid_social,0,ON
9502,paid_social>paid_social>display>affiliate,0,Atlantic
9503,display>organic_search>display>paid_social>paid_search,0,AB
9504,display>organic_search>paid_social>direct,0,BC
9505,affiliate>paid_search>direct>direct,0,QC
9506,display>organic_search>paid_search>email,0,BC
9507,paid_social>paid_search,0,ON
9508,paid_social>organic_search>direct>email,0,ON
9509,paid_social>paid_search>direct>direct>display>direct,0,AB
9510,display>display>direct,0,AB
9511,direct>direct,0,BC
9512,organic_search>organic_search>organic_search,1,BC
9513,display>organic_search>paid_search>paid_social>paid_search>paid_search,0,QC
9514,display>display>paid_social>organic_search>email,0,BC
9515,display>display>display>direct,0,ON
9516,display>direct>display>direct,0,ON
9517,paid_search,0,AB
9518,display>direct>direct,0,QC
9519,paid_search>organic_search>paid_search,1,QC
9520,display>direct,1,QC
9521,affiliate>paid_social>paid_search>direct,0,Prairies
9522,display>display>paid_search,0,Prairies
9523,display>paid_social>display>paid_social>affiliate,0,Prairies
9524,paid_social>paid_social>paid_social>display>email>display>direct,0,Atlantic
9525,direct>paid_search,0,Atlantic
9526,email,0,ON
9527,paid_social>display>direct>paid_search>affiliate,0,ON
9528,paid_social>organic_search>organic_search,0,QC
9529,email>direct,0,QC
9530,display>paid_search>direct,0,QC
9531,paid_social>organic_search>paid_search,1,QC
9532,direct>display>organic_search,1,QC
9533,paid_social>paid_social>affiliate>affiliate,0,BC
9534,display>direct,0,Atlantic
9535,display>organic_search>organic_search>paid_social>paid_search>display,0,QC
9536,organic_search>paid_social>organic_search>display>paid_social>email,0,AB
9537,paid_social>display>paid_search>paid_social>email,1,Prairies
9538,display>paid_social>organic_search>paid_search,0,BC
9539,paid_social>display>paid_social>organic_search>paid_search,0,Prairies
9540,display>paid_search,0,ON
9541,organic_search>direct,0,AB
9542,paid_social>paid_social>paid_search>affiliate>direct,0,QC
9543,paid_social>display>display>paid_social,0,QC
9544,organic_search,0,Prairies
9545,paid_social>paid_social,0,ON
9546,display>organic_search>display>direct,0,ON
9547,display>paid_search>display>direct,0,Prairies
9548,display>paid_social>paid_social>display>display>paid_search,0,QC
9549,organic_search>paid_search>direct,0,Atlantic
9550,organic_search>display>paid_social>paid_social>paid_social>email,0,ON
9551,paid_social>affiliate,0,Prairies
9552,direct>direct,0,Prairies
9553,paid_search>email,0,AB
9554,email>paid_social>paid_social>organic_search>paid_social>affiliate,0,Prairies
9555,paid_social>display>paid_search,0,QC
9556,direct>paid_search,0,ON
9557,display>paid_social,0,AB
9558,paid_search>paid_social>organic_search,0,ON
9559,display>paid_search,0,ON
9560,email>direct,0,AB
9561,paid_social>paid_social>paid_search>paid_social,0,AB
9562,display>display>affiliate>paid_search>affiliate>paid_search>paid_search,1,QC
9563,affiliate>paid_social>organic_search>email,1,AB
9564,paid_social>direct,0,Atlantic
9565,paid_search>display>display>paid_social>display>email,0,AB
9566,organic_search>paid_social>display>affiliate,0,ON
9567,paid_social>display>display>display>organic_search>organic_search,0,ON
9568,paid_social>paid_social>organic_search>email>paid_social>organic_search,0,QC
9569,direct,0,ON
9570,paid_social>paid_search>display>paid_search>direct,0,Prairies
9571,display>paid_social>paid_social>organic_search,0,BC
9572,paid_social>direct>paid_search>organic_search>direct,1,ON
9573,paid_search>paid_social>email,0,Prairies
9574,display>paid_social>affiliate,0,ON
9575,affiliate>paid_social>direct,0,BC
9576,display>display>direct,0,ON
9577,organic_search>organic_search,1,AB
9578,display>display>direct,0,Atlantic
9579,organic_search,0,Atlantic
9580,organic_search>direct,0,QC
9581,direct>paid_search,0,Atlantic
9582,paid_search>direct>display>paid_search>paid_search,0,AB
9583,affiliate>organic_search>organic_search>paid_social>direct>affiliate,0,AB
9584,paid_search>display>organic_search>paid_social>paid_search>affiliate,0,BC
9585,display,0,Prairies
9586,organic_search,0,AB
9587,display>display>email,0,BC
9588,display>paid_social>paid_social>paid_social>organic_search>direct,0,ON
9589,paid_social>paid_social>organic_search>display>paid_social>direct,0,ON
9590,organic_search>organic_search>affiliate,0,QC
9591,organic_search,0,AB
9592,paid_social>display>paid_social,0,QC
9593,display>paid_social>paid_social>direct,0,AB
9594,organic_search>organic_search>paid_search,0,ON
9595,organic_search>affiliate>display>paid_social>affiliate>email,0,Atlantic
9596,display>display>organic_search>paid_search,0,Prairies
9597,paid_social>affiliate,0,AB
9598,display>paid_social>paid_social>affiliate,0,Prairies
9599,display>paid_social>organic_search>paid_search>display>paid_search>paid_search,0,AB
9600,affiliate>direct>display>email,0,Prairies
9601,paid_search>paid_social>display>display>organic_search,0,AB
9602,paid_social>paid_social>paid_search>organic_search>paid_search>direct,0,BC
9603,affiliate>paid_social>display>paid_search,0,Prairies
9604,direct,0,Atlantic
9605,paid_search>affiliate,0,Prairies
9606,display>display>display,0,Prairies
9607,direct>paid_social,0,Atlantic
9608,direct>display>paid_social>paid_social>email,0,AB
9609,paid_social>display>affiliate>display>paid_social,0,Prairies
9610,organic_search>direct>organic_search>direct,0,BC
9611,display>display>email>paid_social>email,0,Prairies
9612,organic_search>organic_search>direct,0,BC
9613,display>affiliate>direct,0,QC
9614,display>email,0,Prairies
9615,organic_search>email,0,Atlantic
9616,display>direct,0,BC
9617,direct,0,AB
9618,paid_social>email,1,Prairies
9619,paid_social>paid_social>direct>display>paid_search>email,0,AB
9620,affiliate>display>paid_social,0,Prairies
9621,paid_social>display>email>paid_search>email,0,Atlantic
9622,paid_search>organic_search>organic_search,0,QC
9623,affiliate>display>paid_search>email,0,Prairies
9624,paid_social>paid_social>display>affiliate>direct,0,QC
9625,display>direct,0,ON
9626,display>paid_social,0,Atlantic
9627,display>paid_social>display>paid_search>organic_search>direct,1,Prairies
9628,organic_search>paid_search,0,Prairies
9629,display>display>email,0,ON
9630,email>display>email,0,AB
9631,paid_social>organic_search>paid_social,0,AB
9632,affiliate>paid_social,0,Atlantic
9633,paid_social>display>direct,0,Prairies
9634,display>email>paid_social>email,0,BC
9635,paid_social>paid_social>email,0,Prairies
9636,paid_social>affiliate,0,QC
9637,paid_social>direct,0,ON
9638,paid_search>paid_social>affiliate,1,QC
9639,paid_search>paid_search>organic_search,0,ON
9640,paid_search>display>email,0,ON
9641,paid_social>email>email,0,AB
9642,direct,0,BC
9643,display>direct,0,AB
9644,paid_social>paid_social,0,QC
9645,display>display>display>organic_search>email,0,QC
9646,display>display>display>display,0,BC
9647,organic_search>paid_social>direct,0,AB
9648,paid_search>direct>paid_social>direct,0,ON
9649,paid_search>direct,0,AB
9650,organic_search>display>paid_search>direct>display>organic_search,0,AB
9651,display,0,Prairies
9652,display>organic_search>display>direct,1,ON
9653,paid_social>paid_search>paid_social>paid_social>direct,0,BC
9654,affiliate,0,Prairies
9655,display>display>paid_social>paid_social>email,0,ON
9656,direct>display>paid_search>direct,0,Atlantic
9657,display>paid_search>paid_social>email,0,BC
9658,display>paid_social>display>paid_search>paid_social>email,0,QC
9659,paid_social>display>direct>affiliate>display>paid_social>direct,0,AB
9660,affiliate>paid_search>paid_search,0,ON
9661,paid_social>paid_social>paid_search,1,ON
9662,display>paid_search>paid_social>paid_social>direct,0,Prairies
9663,display>display>display>direct>paid_social>display>display>paid_search,0,QC
9664,paid_search>display>display>email>paid_search>paid_search,0,Atlantic
9665,paid_search>paid_social,0,ON
9666,affiliate>display>display>organic_search>email,0,QC
9667,affiliate>paid_social>affiliate,0,Prairies
9668,paid_search>display>paid_search>affiliate>paid_social>display,1,Atlantic
9669,display>organic_search>organic_search>organic_search,1,Atlantic
9670,organic_search>paid_social>display>organic_search>organic_search,1,ON
9671,display>affiliate>display>paid_search,0,QC
9672,organic_search>paid_search>paid_social,0,Atlantic
9673,display>paid_search>organic_search,1,AB
9674,paid_social>email,0,Prairies
9675,organic_search>paid_search>affiliate>direct,0,Atlantic
9676,display>paid_social>direct,0,ON
9677,paid_social>paid_search>affiliate,0,ON
9678,affiliate>organic_search>display>organic_search>display>paid_social,0,Prairies
9679,display>paid_social>display>direct,0,Prairies
9680,affiliate,0,QC
9681,paid_social>direct,0,ON
9682,direct>email,0,Prairies
9683,paid_search,0,ON
9684,organic_search>direct>paid_social>display>affiliate,0,Prairies
9685,paid_social>display>organic_search>display>email,0,QC
9686,paid_search>paid_search>paid_search,0,BC
9687,paid_search>direct>paid_social,0,Atlantic
9688,paid_search>affiliate,0,QC
9689,organic_search>paid_social,0,QC
9690,direct>paid_social>paid_social>display>email>affiliate,0,ON
9691,display>paid_social>paid_social>display>paid_search,0,Prairies
9692,paid_social>paid_social>display>display>paid_social>organic_search,0,ON
9693,organic_search>display>display>paid_search,0,AB
9694,paid_social>affiliate>direct,0,QC
9695,paid_search>paid_social>display>affiliate,0,QC
9696,display>organic_search,0,QC
9697,organic_search>paid_social>affiliate>organic_search,0,Atlantic
9698,affiliate>paid_search>affiliate>direct,0,AB
9699,paid_social>paid_search>paid_social>affiliate,0,AB
9700,paid_social>paid_social>affiliate>paid_search,0,QC
9701,paid_social>email,0,AB
9702,direct,0,ON
9703,paid_social>display>paid_social>organic_search>paid_social,0,AB
9704,display>paid_search,0,Atlantic
9705,display>display>organic_search,0,Atlantic
9706,paid_search>direct,0,QC
9707,display>paid_social>paid_social>display>paid_search>paid_search,0,Atlantic
9708,organic_search>paid_social>paid_search>display>email,0,QC
9709,paid_search>paid_search>display>direct,0,QC
9710,paid_social>direct,0,ON
9711,display>direct>paid_search>organic_search>organic_search>direct,0,AB
9712,paid_social>affiliate>paid_search,1,ON
9713,organic_search>paid_social>organic_search>direct,0,Prairies
9714,email,0,Prairies
9715,direct>affiliate>paid_social>affiliate,0,AB
9716,display>paid_search>organic_search>email,0,ON
9717,display>organic_search>paid_search,0,ON
9718,organic_search>organic_search>organic_search>direct,0,BC
9719,organic_search>display>paid_social>direct,0,BC
9720,organic_search>paid_search>paid_search,0,AB
9721,organic_search>direct,0,QC
9722,paid_social>display>paid_search>organic_search>organic_search>paid_social>email,0,BC
9723,email>display>paid_search,1,ON
9724,display>paid_social>paid_social>paid_social>direct,0,QC
9725,paid_social>paid_social>organic_search>paid_search,0,QC
9726,paid_social>paid_social>direct,0,Prairies
9727,display>display>paid_search,0,BC
9728,paid_social>organic_search>display>paid_social>paid_search,1,AB
9729,paid_social>direct,0,QC
9730,display,0,BC
9731,display>direct,0,Atlantic
9732,paid_social>display>affiliate,0,Prairies
9733,organic_search>affiliate,0,Prairies
9734,affiliate>email>organic_search>display>email>paid_search,1,BC
9735,affiliate>display>affiliate>paid_search,0,Prairies
9736,direct>paid_social>paid_social>paid_social>paid_search,0,AB
9737,paid_social>direct,0,ON
9738,paid_social>direct>affiliate>display>organic_search,0,ON
9739,display>paid_search>display>paid_search>paid_social>affiliate>display>paid_search>affiliate,1,Atlantic
9740,paid_social>affiliate>paid_social>organic_search>paid_search,0,Prairies
9741,direct>paid_social>display>paid_search>email>email,0,Prairies
9742,paid_search>display>paid_search,0,BC
9743,organic_search>paid_social>organic_search>paid_social>display>paid_search>paid_search,0,AB
9744,paid_search>display>paid_search>affiliate,0,BC
9745,display>direct,0,QC
9746,affiliate,0,Prairies
9747,paid_search>email>direct>direct,0,QC
9748,paid_search>paid_social>display>email,0,Prairies
9749,display>paid_social>direct>affiliate,0,QC
9750,organic_search>display>paid_search>organic_search,0,Atlantic
9751,organic_search>display>paid_search,0,ON
9752,direct>display>direct,0,BC
9753,paid_search>organic_search>paid_search>display>affiliate,0,ON
9754,organic_search,0,QC
9755,organic_search>display>paid_social,0,Prairies
9756,organic_search>paid_social>display>organic_search>display>paid_social>paid_search,1,Prairies
9757,display>paid_social>affiliate>display,0,AB
9758,direct>paid_search,0,Prairies
9759,organic_search>affiliate>paid_search,1,Atlantic
9760,affiliate>paid_social>organic_search>paid_social>paid_social>display>paid_social>direct,0,BC
9761,paid_social>affiliate,0,Atlantic
9762,paid_social>display>affiliate>direct,0,Atlantic
9763,affiliate,1,AB
9764,paid_social>paid_search>display>display>email,0,Prairies
9765,display>direct,0,Atlantic
9766,paid_social>display>display>display>affiliate>paid_social>paid_search>affiliate>email,1,AB
9767,affiliate>direct>direct,0,Prairies
9768,paid_social>paid_social>organic_search>organic_search>affiliate,0,QC
9769,display>display>organic_search>paid_social>organic_search>direct,0,BC
9770,organic_search>paid_social>affiliate>organic_search>paid_social,0,QC
9771,display>display,0,AB
9772,organic_search>organic_search>organic_search>affiliate>paid_social>email>paid_search,1,Atlantic
9773,organic_search>paid_social>paid_social,0,QC
9774,paid_social>display>paid_social>organic_search>organic_search,0,ON
9775,organic_search>paid_search>paid_social>email,0,Prairies
9776,display>paid_social>email,0,Prairies
9777,display>paid_search>affiliate>display>paid_social>direct,0,Prairies
9778,organic_search>organic_search>direct,0,BC
9779,display>email,0,BC
9780,paid_social>affiliate,0,Prairies
9781,paid_search>display>paid_social,0,BC
9782,paid_social>organic_search>display>organic_search>affiliate,0,ON
9783,affiliate>affiliate>paid_search,0,ON
9784,email>display>paid_social>email,0,AB
9785,display>organic_search,0,AB
9786,paid_social>affiliate>affiliate>email,1,Prairies
9787,paid_search>organic_search>paid_social>display>organic_search>paid_search,0,QC
9788,paid_social>organic_search>direct>email,0,QC
9789,display>display>direct,0,ON
9790,paid_search>affiliate,0,ON
9791,organic_search>direct,1,ON
9792,display>paid_social>paid_search>paid_search,0,QC
9793,organic_search>paid_social>display>affiliate,0,AB
9794,paid_search>affiliate>paid_social>paid_social>display>organic_search,1,ON
9795,paid_social>display>affiliate>paid_search>direct,0,ON
9796,paid_search>direct>direct,0,BC
9797,paid_social>paid_search>direct,1,BC
9798,display>paid_search>organic_search>display>display,0,BC
9799,paid_search>display>display>direct>organic_search>paid_social,0,Prairies
9800,direct,0,QC
9801,affiliate>display>paid_social>display>organic_search>paid_search,0,BC
9802,display>organic_search,0,AB
9803,paid_search>display>email>organic_search,0,Atlantic
9804,affiliate>direct,0,QC
9805,direct>organic_search>paid_search>paid_search>paid_search,1,ON
9806,paid_search>direct>direct>paid_social,0,QC
9807,display>display>organic_search,1,BC
9808,paid_social>organic_search>organic_search>direct,0,QC
9809,affiliate>paid_search>paid_search>direct,0,AB
9810,display>display>organic_search>paid_search,0,AB
9811,affiliate>affiliate>paid_social>organic_search>paid_search>display>display>paid_search>paid_social,1,AB
9812,display>organic_search>display>paid_search,0,Atlantic
9813,organic_search>affiliate>display>display>email>paid_search,0,Prairies
9814,organic_search>display>display>affiliate>affiliate>email,0,AB
9815,affiliate>paid_social>organic_search>display>organic_search,0,BC
9816,affiliate,0,Atlantic
9817,organic_search>affiliate>paid_social>direct>organic_search,0,BC
9818,organic_search>direct>paid_social>organic_search>paid_search,0,Prairies
9819,display>organic_search>paid_search,0,Atlantic
9820,paid_search>paid_social>display>affiliate,0,ON
9821,organic_search>email,0,BC
9822,affiliate>email,0,Prairies
9823,paid_social>email,0,ON
9824,display>affiliate,0,ON
9825,paid_search,0,Prairies
9826,paid_social>organic_search,0,BC
9827,paid_social>paid_social>organic_search,0,BC
9828,paid_social>display>affiliate>paid_search,0,AB
9829,paid_search>organic_search>paid_search>display>direct,0,QC
9830,direct>direct,0,ON
9831,paid_social>paid_social>affiliate>paid_search>display>paid_search,0,AB
9832,paid_social>organic_search>affiliate,1,QC
9833,affiliate>organic_search>direct,0,ON
9834,organic_search>paid_search>direct,0,BC
9835,organic_search,0,ON
9836,display>paid_search,1,QC
9837,display>organic_search>direct>direct,1,AB
9838,display>direct,0,BC
9839,display>paid_social>organic_search>display,0,ON
9840,paid_search>paid_social>direct,0,BC
9841,paid_search>display>paid_social>affiliate>paid_search>organic_search,0,Prairies
9842,organic_search>display>email>affiliate,0,Prairies
9843,email,0,Atlantic
9844,direct>paid_social>display>email>direct,0,QC
9845,email,0,ON
9846,display>paid_social>affiliate>paid_social>affiliate>display,0,Prairies
9847,display>direct>paid_social>direct,0,ON
9848,direct,0,Atlantic
9849,display>paid_search>direct>display>direct>paid_search,0,ON
9850,email>direct,0,ON
9851,display>paid_social>organic_search>direct>email,0,QC
9852,paid_social>organic_search>display>organic_search,0,Atlantic
9853,paid_search>paid_social>display>organic_search>affiliate>direct,0,QC
9854,paid_search>display>paid_search>paid_social>email,0,Prairies
9855,paid_search>display>paid_search>organic_search,0,AB
9856,display>paid_search>organic_search>paid_search>display,0,AB
9857,display>display>display>display,0,Prairies
9858,email>paid_social>paid_search,0,ON
9859,paid_search,0,Prairies
9860,paid_social>display>affiliate>paid_social,0,ON
9861,paid_social>display>paid_social>paid_social>display>direct,0,Prairies
9862,direct,0,Atlantic
9863,paid_search>display>display>affiliate>paid_search,0,QC
9864,display>paid_social>affiliate>direct,0,Prairies
9865,paid_social>direct,0,Prairies
9866,organic_search>paid_search>display>affiliate>direct,0,BC
9867,paid_social>paid_social>affiliate>affiliate,0,AB
9868,display>paid_search,0,ON
9869,paid_social>paid_social>affiliate>affiliate,0,BC
9870,paid_social>paid_search,0,ON
9871,organic_search>affiliate>display>direct,0,BC
9872,paid_social>paid_search>affiliate>paid_search,0,Prairies
9873,affiliate>display>direct>email,0,ON
9874,paid_social>paid_search,0,Atlantic
9875,affiliate>paid_search>paid_search,0,ON
9876,paid_search>paid_social>paid_social>direct>paid_social>direct,0,Atlantic
9877,display>paid_social>organic_search,0,Atlantic
9878,paid_search>affiliate,0,BC
9879,affiliate,0,QC
9880,display>direct,0,Prairies
9881,direct>display>organic_search>paid_social>organic_search>direct,0,Prairies
9882,display>paid_social>email,0,Prairies
9883,display>paid_social>paid_social>organic_search>direct>paid_search,0,ON
9884,paid_social>organic_search>paid_social>email,0,BC
9885,direct>paid_social>paid_social>display>direct,1,Atlantic
9886,organic_search>display>direct>paid_social>direct,0,BC
9887,display>affiliate,0,ON
9888,paid_social>affiliate>paid_social>paid_search,1,Atlantic
9889,organic_search>paid_social,0,Prairies
9890,organic_search>affiliate>organic_search>organic_search,0,Prairies
9891,paid_social>email,0,AB
9892,organic_search>email,0,AB
9893,paid_social>direct,0,BC
9894,organic_search>display>organic_search>paid_search>paid_social>affiliate,0,Prairies
9895,email>email>display>organic_search>paid_search>direct>affiliate,0,BC
9896,direct>direct,0,Prairies
9897,display>paid_social>affiliate,0,Atlantic
9898,display>affiliate>email>paid_social>organic_search>display,0,AB
9899,paid_search>organic_search>organic_search>display>display>paid_search,1,AB
9900,organic_search>paid_social>affiliate>email,1,ON
9901,display>display>paid_social>direct,0,Atlantic
9902,affiliate>organic_search>paid_social>paid_search>display>organic_search>direct,0,Atlantic
9903,paid_social>paid_social>direct,0,Atlantic
9904,affiliate>paid_social>affiliate>affiliate>paid_social,0,Atlantic
9905,paid_search>organic_search>email>paid_search>paid_search>paid_social>direct,0,Prairies
9906,paid_search>paid_social>direct>direct>direct,0,Prairies
9907,organic_search>paid_social>direct,0,ON
9908,display>organic_search>paid_search>organic_search>direct,0,Prairies
9909,paid_social>paid_social>display>organic_search>direct,0,ON
9910,affiliate>paid_social>direct>display>paid_social>paid_search,1,Atlantic
9911,paid_search>affiliate,0,BC
9912,affiliate>email>paid_search,1,BC
9913,display>display>display>direct,0,ON
9914,display>email>direct>display>affiliate,0,ON
9915,display>affiliate>display>email,1,AB
9916,organic_search>email,0,Prairies
9917,organic_search>paid_social>display>display>email,0,ON
9918,paid_social>paid_search,0,ON
9919,organic_search>direct>paid_search,0,Atlantic
9920,paid_social>paid_search>paid_social,0,Atlantic
9921,paid_social>organic_search>direct>paid_search,0,Atlantic
9922,display>organic_search>direct,0,QC
9923,paid_social>organic_search>paid_social>display>paid_social>display>direct,0,Prairies
9924,paid_social>display>affiliate,0,QC
9925,affiliate>paid_social,0,ON
9926,paid_social>organic_search>organic_search>organic_search>direct,1,Prairies
9927,display>display>direct>organic_search,0,QC
9928,display>affiliate>organic_search,0,Prairies
9929,paid_search>display>paid_social>email,0,AB
9930,paid_social>paid_social>organic_search>direct,0,Prairies
9931,paid_social>paid_social>direct,0,AB
9932,paid_social>direct>affiliate,0,ON
9933,display>email,0,ON
9934,paid_search>direct,0,Prairies
9935,paid_social>paid_social>paid_social,0,Prairies
9936,email>organic_search>paid_social>direct,0,AB
9937,paid_social>paid_social>paid_search>paid_social>paid_social,1,ON
9938,paid_social>direct,0,AB
9939,display>display>paid_social>display>paid_social>direct,0,Prairies
9940,organic_search>organic_search>affiliate,0,Prairies
9941,direct>paid_search>email,0,QC
9942,organic_search>affiliate,0,AB
9943,display>display>email,0,Atlantic
9944,affiliate>display>email>paid_social>display>direct,0,QC
9945,paid_social>paid_search>display>email>paid_search,0,Atlantic
9946,email,0,BC
9947,organic_search>paid_social>paid_search>paid_search,0,AB
9948,display>affiliate>affiliate>paid_search,0,QC
9949,organic_search>direct,0,BC
9950,paid_social>paid_social,0,AB
9951,paid_search>affiliate>organic_search>direct,0,Atlantic
9952,affiliate,0,ON
9953,affiliate>display>display>organic_search>affiliate,0,Prairies
9954,paid_search>organic_search>paid_search>paid_search>paid_search,0,Prairies
9955,paid_social>organic_search>organic_search>direct,0,Prairies
9956,display>email,0,Atlantic
9957,direct>display>affiliate>display>paid_search>email,0,BC
9958,display>paid_social>display>affiliate>direct,0,Prairies
9959,affiliate>direct>paid_social>paid_social>paid_search>direct,0,Atlantic
9960,paid_social>paid_search>direct,0,Atlantic
9961,display>email>organic_search,0,Atlantic
9962,display>display>paid_social>paid_social>display,0,BC
9963,paid_social>paid_social>display>display>display>paid_search>paid_search,0,BC
9964,paid_search>paid_search>paid_social>paid_social>direct,0,BC
9965,paid_search>paid_social>direct,1,AB
9966,paid_social>paid_social>direct,0,Atlantic
9967,affiliate>direct>paid_search>paid_search,0,Prairies
9968,paid_social>email,0,Prairies
9969,paid_social>organic_search>paid_social>organic_search>affiliate,0,Atlantic
9970,direct>display>direct,0,Atlantic
9971,display>organic_search,0,AB
9972,paid_search>direct,1,Atlantic
9973,paid_social>direct>direct>organic_search>paid_search,0,Prairies
9974,paid_search>display>display>direct,0,ON
9975,paid_search>paid_social>display>email,0,Prairies
9976,affiliate>paid_social>display>display>paid_social>organic_search,0,Prairies
9977,display>paid_search,0,ON
9978,paid_search,0,Atlantic
9979,affiliate>display>direct,0,ON
9980,paid_social>paid_search>paid_search>email,0,Atlantic
9981,organic_search>paid_social>display>display>direct,0,Atlantic
9982,display>organic_search,0,Atlantic
9983,display>display>paid_social>direct>paid_social,0,BC
9984,paid_search>organic_search>display>paid_search,1,Prairies
9985,paid_social>organic_search>affiliate>email>organic_search,0,Atlantic
9986,paid_search>direct,0,Atlantic
9987,display>direct,0,AB
9988,direct>paid_social>paid_social,0,QC
9989,affiliate>display>affiliate>display>affiliate,0,BC
9990,affiliate>paid_social>paid_search>direct>affiliate>display>paid_search>paid_social>direct,1,QC
9991,paid_search>paid_search>affiliate,0,QC
9992,paid_social>organic_search>email>direct,0,AB
9993,organic_search>paid_search>direct>organic_search,0,BC
9994,display>direct,0,Atlantic
9995,affiliate>paid_search>affiliate>paid_social>direct,1,Atlantic
9996,email>display>paid_search>direct>paid_search,0,Prairies
9997,display>paid_social>paid_search>paid_social>paid_search,0,Atlantic
9998,organic_search>display>paid_search,0,Atlantic
9999,direct>display>direct>direct,0,QC
10000,display>paid_social>direct,0,Prairies
10001,paid_social>display>display>display>display>direct,0,QC
10002,display>direct,0,QC
10003,display>organic_search>organic_search>paid_search,0,BC
10004,display>display>affiliate>paid_social>paid_search,0,Atlantic
10005,paid_social>organic_search>paid_social>organic_search,0,Atlantic
10006,paid_search>paid_search>paid_social>affiliate,0,BC
10007,paid_social>paid_search>paid_social>display>organic_search,0,ON
10008,paid_search>display>display>paid_social>paid_social>direct>organic_search>affiliate,0,BC
10009,paid_search>display>paid_social,0,QC
10010,paid_social>display>organic_search>affiliate,0,Atlantic
10011,paid_social>email>direct>paid_social>display>paid_social>direct,0,ON
10012,paid_social>paid_social>display>paid_social>paid_search,0,Prairies
10013,organic_search>affiliate>affiliate,0,Atlantic
10014,affiliate>paid_social>direct,0,AB
10015,display>paid_social>paid_social>display>organic_search,0,AB
10016,paid_social>affiliate>paid_search>paid_search>direct>paid_search,1,ON
10017,display>organic_search>paid_search,0,QC
10018,display>affiliate,0,Prairies
10019,display>affiliate>display>direct>affiliate>paid_search,0,QC
10020,display>display>paid_search>paid_social>display>direct,0,ON
10021,display>paid_social>display,0,Atlantic
10022,display>paid_social>display,0,BC
10023,paid_search>display>direct>display,0,ON
10024,display>display>paid_search>paid_search,1,ON
10025,display>paid_social>direct>organic_search>paid_search>paid_search,0,Prairies
10026,paid_social>email,0,BC
10027,direct>paid_social,1,AB
10028,direct>email,0,BC
10029,affiliate>organic_search>paid_search>direct,0,QC
10030,paid_social>display>paid_social>direct,0,Prairies
10031,paid_search>display>display>paid_social,0,BC
10032,organic_search>organic_search>organic_search>organic_search>paid_search,0,Prairies
10033,paid_social>paid_social>organic_search,0,Atlantic
10034,display>paid_social>paid_search>display>paid_search,1,Atlantic
10035,direct>affiliate>display>paid_social>organic_search>display,0,BC
10036,display>display>affiliate>organic_search>direct,0,ON
10037,direct>organic_search>paid_social>paid_social>paid_social,0,QC
10038,affiliate>display>email,0,Prairies
10039,direct>paid_search>display>paid_social>paid_search>direct,0,Atlantic
10040,paid_social>affiliate>direct,0,QC
10041,organic_search>display>display>paid_social>direct,0,Prairies
10042,paid_search>display>paid_social>paid_search>display>direct,1,AB
10043,display>email,0,BC
10044,paid_search>paid_social>display>affiliate,0,QC
10045,paid_search>display>direct>affiliate,0,AB
10046,display>display>paid_search,0,Prairies
10047,email,0,BC
10048,direct,0,ON
10049,display>paid_search,0,AB
10050,paid_social>display>paid_social>display>display>organic_search,0,AB
10051,display>organic_search>display>direct,0,ON
10052,paid_search>direct,0,Atlantic
10053,organic_search>paid_search>affiliate>email,1,QC
10054,organic_search>paid_search,0,Prairies
10055,direct>organic_search>organic_search>affiliate,0,Prairies
10056,paid_search>paid_search>email,0,BC
10057,email>organic_search>display>display>direct,0,Atlantic
10058,direct,0,ON
10059,affiliate>paid_social>direct,1,BC
10060,organic_search>paid_search,0,ON
10061,paid_search>paid_search>direct>display>email,0,Prairies
10062,organic_search>direct,0,Atlantic
10063,paid_social>paid_search,1,AB
10064,organic_search>direct>organic_search>paid_social>direct,0,Prairies
10065,display>display>display>paid_search>paid_social>affiliate,0,Atlantic
10066,email>display>organic_search,1,Atlantic
10067,organic_search>paid_social>organic_search,0,Atlantic
10068,email>display,0,Prairies
10069,display>affiliate>affiliate>direct>email,0,Prairies
10070,paid_social>paid_social>display>affiliate,0,AB
10071,paid_social>organic_search>display>paid_social>paid_search,1,BC
10072,organic_search>email,0,QC
10073,paid_social>display>direct,0,AB
10074,paid_search>display>display>display>email,0,Prairies
10075,paid_social>paid_social>affiliate>paid_search,0,ON
10076,organic_search>paid_social>display>organic_search>organic_search>display>direct,1,QC
10077,email>affiliate>display>paid_social,0,Prairies
10078,organic_search>affiliate>email>paid_social>email,0,BC
10079,paid_search>affiliate>display>paid_social>display>direct,0,QC
10080,display>display>paid_social>direct,0,Prairies
10081,email>email,0,BC
10082,paid_search>display>paid_social>direct,0,Atlantic
10083,paid_social>display>affiliate,0,AB
10084,paid_search>direct,1,AB
10085,paid_social>paid_search>paid_social>paid_social>affiliate,0,AB
10086,display>organic_search>paid_social,0,Atlantic
10087,paid_search,0,BC
10088,organic_search>paid_search>paid_search>display>direct>direct,0,Atlantic
10089,direct>display>display>paid_search,0,QC
10090,direct,0,Prairies
10091,display>paid_search>display>paid_social,0,QC
10092,direct,0,QC
10093,paid_social>paid_social>paid_search>email,0,Atlantic
10094,display>affiliate>paid_search>paid_search>organic_search>display>paid_search,0,Prairies
10095,display>paid_search,1,Prairies
10096,paid_social>organic_search>display,0,BC
10097,organic_search>display>email,0,AB
10098,organic_search>display>organic_search>display>organic_search,0,QC
10099,affiliate>paid_search,0,Prairies
10100,organic_search>organic_search>direct,0,BC
10101,display>paid_social>paid_social>email,0,QC
10102,direct>display>display>direct,0,BC
10103,display>organic_search>organic_search>paid_search>direct,0,QC
10104,paid_social>paid_social>organic_search>organic_search>affiliate,0,BC
10105,organic_search>organic_search>direct>display>direct,0,AB
10106,organic_search>direct,0,Prairies
10107,direct,0,Prairies
10108,paid_social>display>paid_social>paid_search,0,BC
10109,affiliate>paid_search>paid_search,0,Prairies
10110,affiliate,0,Prairies
10111,organic_search>organic_search>organic_search>direct,1,Prairies
10112,paid_social>email>affiliate>display>direct,1,BC
10113,paid_social>display>organic_search>email>organic_search,1,ON
10114,affiliate>organic_search,0,AB
10115,paid_social>affiliate>organic_search,0,QC
10116,paid_social>organic_search>paid_social>affiliate>affiliate,1,AB
10117,display>organic_search>affiliate>direct,0,ON
10118,direct>paid_search>paid_social>display>paid_social>direct,0,AB
10119,display>paid_social>paid_social>direct>direct,0,AB
10120,display>paid_search>paid_search,0,BC
10121,email>display>paid_social>paid_search,0,BC
10122,organic_search>paid_search>display>paid_search,0,Prairies
10123,affiliate>affiliate>direct>paid_search,0,Atlantic
10124,organic_search>affiliate>display>direct,0,Atlantic
10125,direct,0,AB
10126,paid_search>affiliate>display>email,0,QC
10127,paid_search>organic_search>display>affiliate,0,AB
10128,paid_social>paid_search>affiliate>display>organic_search>email,0,AB
10129,paid_social>paid_social>paid_social>paid_social>direct,0,AB
10130,email,0,Prairies
10131,paid_search>display>paid_social,0,ON
10132,paid_social,0,BC
10133,display>email,0,AB
10134,paid_social>paid_search,0,AB
10135,paid_social>display>display>direct,1,Prairies
10136,display>paid_search>affiliate,1,ON
10137,display>paid_search>affiliate,0,Atlantic
10138,display>display>paid_search>paid_search>display>paid_search,0,QC
10139,display>paid_search>paid_search,0,QC
10140,direct,0,ON
10141,display>organic_search,0,Prairies
10142,paid_social>paid_search>paid_social,0,Prairies
10143,paid_social>organic_search>paid_social>display>paid_search,0,Prairies
10144,display>direct,0,Prairies
10145,organic_search>organic_search>display>paid_social>paid_social,0,Prairies
10146,display>organic_search,0,ON
10147,paid_search>paid_social>paid_social>organic_search>organic_search>direct,0,AB
10148,direct>affiliate>direct,0,ON
10149,paid_social>paid_search>display>paid_social>organic_search>paid_social>affiliate,0,ON
10150,paid_social>display>paid_social>organic_search>organic_search,1,Prairies
10151,display>email,0,Atlantic
10152,paid_social>affiliate,0,Atlantic
10153,paid_social>affiliate>paid_social,0,AB
10154,display>direct>organic_search,0,BC
10155,display>affiliate,0,Prairies
10156,organic_search>direct>organic_search>affiliate,0,Atlantic
10157,organic_search>paid_social>affiliate>affiliate>direct,0,Atlantic
10158,organic_search>paid_social>direct>direct,0,Prairies
10159,organic_search>affiliate>organic_search>organic_search>paid_social>affiliate,1,Prairies
10160,display>direct,0,BC
10161,organic_search>organic_search>paid_social,0,AB
10162,paid_social>direct,0,BC
10163,paid_social>display>paid_search>paid_search>organic_search>display>paid_search>paid_search,1,Prairies
10164,display>display>organic_search,0,BC
10165,paid_search>affiliate>affiliate>paid_social>affiliate,1,AB
10166,display>direct>paid_social>organic_search>display>direct,0,Atlantic
10167,paid_search>organic_search>paid_search>direct,0,Atlantic
10168,paid_search>display>email,0,Atlantic
10169,paid_social>paid_search>email,0,QC
10170,display>affiliate,0,AB
10171,paid_social>paid_search,0,ON
10172,paid_search>email,0,QC
10173,paid_search>display>direct,1,Prairies
10174,paid_social>paid_search>email,0,AB
10175,display>organic_search>paid_search>organic_search,0,AB
10176,paid_social>display>organic_search>direct>organic_search,0,BC
10177,display>paid_search>paid_social>direct>affiliate>display>display>affiliate>organic_search>paid_social>paid_social>direct,0,Atlantic
10178,paid_social>display>paid_search>direct>display>direct,0,Atlantic
10179,direct>organic_search>display>paid_social,0,QC
10180,paid_social>display>display>direct>paid_social>paid_social>direct,0,Atlantic
10181,paid_social>paid_search>organic_search,0,Prairies
10182,paid_search>email>display>display>email,0,Atlantic
10183,direct>direct>display,0,ON
10184,display>paid_social>display>email,0,AB
10185,direct>affiliate>paid_social,0,ON
10186,organic_search>display>direct,0,ON
10187,display,0,Prairies
10188,paid_social>display,0,QC
10189,paid_social>display>display>paid_search,0,Atlantic
10190,organic_search>direct,0,AB
10191,direct>email,0,QC
10192,organic_search>direct,0,Atlantic
10193,affiliate>organic_search,0,Atlantic
10194,display>organic_search>paid_search>paid_search,0,QC
10195,paid_social>organic_search>paid_search>paid_social,1,AB
10196,paid_social>display>organic_search>affiliate>affiliate>direct,0,Atlantic
10197,display>paid_social>paid_search,0,Prairies
10198,display>display>organic_search,0,Atlantic
10199,organic_search>paid_search>direct>display,0,ON
10200,paid_social>affiliate>display>direct,0,Atlantic
10201,organic_search>paid_social>organic_search>direct,0,Prairies
10202,display>direct>direct,0,Prairies
10203,affiliate,0,BC
10204,organic_search>display>paid_search>affiliate>paid_search>paid_social>organic_search,1,Atlantic
10205,affiliate>email>paid_search>direct,0,ON
10206,organic_search>organic_search,0,Prairies
10207,display>display>display>paid_social,0,BC
10208,paid_search>organic_search>paid_search,0,ON
10209,paid_search>paid_search>direct,0,Atlantic
10210,direct>email,0,BC
10211,paid_search>paid_social>organic_search,1,Atlantic
10212,display>affiliate>email>affiliate,0,QC
10213,paid_social>paid_social>paid_social>organic_search,0,Prairies
10214,direct,0,Atlantic
10215,paid_social>paid_social>display>display,0,QC
10216,display>paid_social>affiliate,0,AB
10217,paid_search>paid_search,0,Prairies
10218,display>affiliate>affiliate>paid_social>organic_search,0,BC
10219,display>affiliate>paid_social>paid_social>email,0,Atlantic
10220,organic_search>display>organic_search>affiliate>email,0,BC
10221,organic_search>paid_social,0,Prairies
10222,display>paid_social>paid_search,0,QC
10223,affiliate>paid_social>display>paid_search>paid_search>paid_social>paid_social>direct,1,AB
10224,paid_social>organic_search>display>paid_social,0,Atlantic
10225,affiliate,0,QC
10226,display>organic_search>paid_search>affiliate,0,BC
10227,paid_social>paid_search>affiliate>email>organic_search,0,Atlantic
10228,paid_social>organic_search>email,0,Atlantic
10229,paid_social>paid_search>organic_search,1,QC
10230,display>paid_social>display>paid_search>organic_search>paid_search>organic_search,0,Prairies
10231,display>paid_social>organic_search,0,QC
10232,direct>affiliate>display>direct,0,Atlantic
10233,paid_search>affiliate>email>affiliate>paid_social>email>email>direct,0,Atlantic
10234,display>display>direct,0,QC
10235,paid_search>display>direct,0,BC
10236,display>organic_search>display>display>organic_search>email,0,ON
10237,display>display>paid_social>email,0,Atlantic
10238,display>direct,0,ON
10239,direct,0,ON
10240,display>organic_search>display>paid_social>direct,0,QC
10241,paid_social>paid_social>display>direct,0,AB
10242,display>paid_social>organic_search>display>paid_search,0,Prairies
10243,direct>affiliate>organic_search,0,ON
10244,display>affiliate>paid_social>email,0,ON
10245,organic_search>affiliate>organic_search>paid_search,0,Atlantic
10246,display>paid_search>display>paid_social>paid_social>direct,0,AB
10247,affiliate>affiliate>paid_search,1,QC
10248,paid_social>direct>direct,0,AB
10249,organic_search>display>display>direct,0,BC
10250,affiliate>email,0,ON
10251,paid_search>organic_search>paid_social>organic_search,1,BC
10252,direct>display>paid_search,0,BC
10253,email>paid_social>affiliate>organic_search>paid_search,0,QC
10254,paid_search>paid_social>paid_search,0,Atlantic
10255,display>direct,0,Prairies
10256,affiliate>display>display>paid_social>paid_social>display>organic_search,0,Atlantic
10257,display>paid_search>display>direct,0,AB
10258,direct>display,0,AB
10259,paid_search>affiliate>email,0,Atlantic
10260,paid_search>organic_search>email>organic_search,0,ON
10261,paid_social>paid_social>display>direct,0,AB
10262,display>affiliate>paid_social>direct,0,BC
10263,organic_search>organic_search>direct,0,Prairies
10264,organic_search>paid_social>display>display>paid_social>affiliate,1,Atlantic
10265,organic_search>paid_social>paid_search,1,BC
10266,paid_social>display>paid_social>display>organic_search,0,BC
10267,paid_search>organic_search>paid_social>affiliate,1,BC
10268,display>direct,0,AB
10269,paid_social>affiliate>email,0,ON
10270,organic_search>paid_social>email>email,0,ON
10271,display>direct>display>paid_search,0,Prairies
10272,affiliate>display>display>paid_social,0,Prairies
10273,paid_search>paid_social>organic_search>paid_social>paid_social>direct,0,AB
10274,paid_social>affiliate>paid_social>organic_search,0,ON
10275,affiliate>direct>email>organic_search>affiliate,0,Prairies
10276,organic_search>organic_search>paid_social>direct,0,BC
10277,paid_search>paid_search>display>display>display>direct,0,Atlantic
10278,paid_social>paid_social>organic_search>display>organic_search>organic_search,0,Atlantic
10279,paid_social>paid_social>organic_search>display>paid_search>organic_search,0,QC
10280,organic_search>affiliate>direct,0,Prairies
10281,display>display>organic_search>organic_search>email>email,0,Atlantic
10282,display>organic_search>email>organic_search,0,AB
10283,paid_social>email>direct,0,AB
10284,organic_search>organic_search>affiliate,0,ON
10285,display>organic_search>display>paid_social,0,ON
10286,display>display>organic_search>paid_search,0,Atlantic
10287,paid_search>organic_search>display>display>paid_search,0,AB
10288,display>organic_search>affiliate,0,QC
10289,paid_social>direct,0,ON
10290,email>affiliate>direct,0,QC
10291,paid_social>organic_search>affiliate>direct,0,AB
10292,display>paid_social>direct,0,ON
10293,affiliate>display>organic_search>paid_search,0,Prairies
10294,paid_search>display>display>paid_search>affiliate,0,QC
10295,display>display>direct,0,BC
10296,organic_search>display>paid_social,0,BC
10297,paid_search>paid_social>organic_search>display>display>direct,0,QC
10298,direct,0,QC
10299,direct>direct,0,Atlantic
10300,paid_social>display>paid_social>email,0,ON
10301,organic_search>display>display>paid_social>direct>display>email,1,ON
10302,direct>affiliate>display,0,AB
10303,email>email>direct,1,ON
10304,direct>email,0,Prairies
10305,display>organic_search>display>paid_social,0,AB
10306,paid_social>paid_search>email,0,Atlantic
10307,organic_search>paid_social>affiliate>paid_search,0,AB
10308,affiliate>display>organic_search,0,ON
10309,paid_social>display>email,0,Prairies
10310,organic_search>organic_search>affiliate>email,0,Atlantic
10311,paid_search>direct,0,ON
10312,paid_search>paid_search>paid_search,0,AB
10313,organic_search>display>display>email,0,Atlantic
10314,paid_search>direct,0,ON
10315,affiliate>organic_search>paid_search,0,AB
10316,paid_search>organic_search,0,Atlantic
10317,organic_search>paid_social>display>direct,0,Atlantic
10318,paid_social>paid_social>organic_search>display,0,AB
10319,paid_search>paid_social>display>organic_search,0,QC
10320,paid_search>display>email>display>paid_search>organic_search,0,BC
10321,organic_search>organic_search,0,Prairies
10322,display>display>organic_search>direct,0,BC
10323,direct>display>paid_search,0,AB
10324,organic_search>direct,0,Atlantic
10325,organic_search>affiliate>display>paid_search>paid_social,0,QC
10326,display>organic_search>display>direct>display>affiliate,0,AB
10327,organic_search>paid_social>affiliate>direct,1,Prairies
10328,email>direct>organic_search,0,ON
10329,display>display>direct,0,ON
10330,paid_search>direct>direct,0,Atlantic
10331,email,0,AB
10332,display>paid_search>display>paid_social>display>direct,1,QC
10333,organic_search,0,ON
10334,display>paid_social>direct,0,ON
10335,organic_search>paid_search>paid_search>display>display>paid_social>organic_search>paid_search,0,BC
10336,direct,0,Prairies
10337,organic_search>paid_social>paid_social>organic_search>email,0,Prairies
10338,paid_social>affiliate>organic_search>direct,0,AB
10339,organic_search>affiliate,0,Prairies
10340,direct,0,QC
10341,display>email>organic_search>paid_social>direct>direct,0,QC
10342,paid_search>display>direct,0,AB
10343,display>paid_social>paid_social>organic_search>affiliate>direct,0,BC
10344,organic_search>paid_search,0,QC
10345,paid_search,0,Atlantic
10346,display>paid_social>display>paid_social>paid_social,0,Atlantic
10347,paid_search>organic_search,0,ON
10348,email>paid_search>direct,0,AB
10349,organic_search>direct>display>direct,0,Prairies
10350,organic_search>paid_social>direct,0,AB
10351,paid_social,0,Prairies
10352,affiliate>direct>direct>display,0,Atlantic
10353,paid_social>email,1,BC
10354,paid_social>direct>display>organic_search,0,QC
10355,paid_search,0,BC
10356,paid_search,0,AB
10357,organic_search>display>paid_search>display>affiliate,0,ON
10358,direct,0,ON
10359,paid_social>display>affiliate>paid_search,0,QC
10360,display>display>direct>organic_search>affiliate>paid_search,0,QC
10361,organic_search>paid_social>paid_search>organic_search>affiliate,0,ON
10362,organic_search>organic_search>affiliate>paid_social>organic_search>affiliate,0,ON
10363,display>email>paid_social>direct,1,QC
10364,paid_social>affiliate>display>paid_social>paid_search,0,BC
10365,paid_search>organic_search>direct,0,BC
10366,organic_search>affiliate>display>direct,0,Atlantic
10367,organic_search>email>direct,0,AB
10368,paid_social>display>paid_search,0,AB
10369,affiliate>email>paid_search,0,QC
10370,paid_search>display>organic_search>paid_social>direct,0,Atlantic
10371,display>organic_search>paid_social>organic_search>affiliate,0,Prairies
10372,display>affiliate,0,Prairies
10373,organic_search>organic_search>organic_search,0,QC
10374,paid_social>display,0,AB
10375,display>paid_search,1,AB
10376,paid_search>organic_search>affiliate,0,Prairies
10377,paid_social>direct,0,QC
10378,organic_search>email>paid_search>display>direct,0,BC
10379,paid_social>paid_search>paid_search,0,QC
10380,display>paid_social>paid_search>organic_search>affiliate,1,Atlantic
10381,email>paid_social>affiliate,0,AB
10382,display>paid_social>email,0,QC
10383,organic_search>paid_search>paid_search>paid_search,0,BC
10384,paid_social>affiliate,0,AB
10385,display>paid_social>affiliate,0,ON
10386,display>email,0,AB
10387,paid_social>paid_search>display>affiliate,0,Prairies
10388,paid_social>paid_social>paid_search>paid_social>paid_search>display>organic_search,1,QC
10389,email>affiliate>paid_social>direct,0,AB
10390,organic_search>display>organic_search>paid_search,0,AB
10391,display>affiliate>display>affiliate,0,BC
10392,display>paid_social>paid_search,0,QC
10393,paid_social>paid_search>paid_social>organic_search,0,ON
10394,paid_search>paid_social>organic_search>organic_search,0,ON
10395,paid_search>affiliate>display>paid_social>display,0,BC
10396,paid_social>affiliate>organic_search,0,ON
10397,affiliate>email,1,Prairies
10398,organic_search>paid_social>organic_search>affiliate>organic_search>paid_search>organic_search,0,QC
10399,paid_social>paid_search>display>paid_social>display,1,Prairies
10400,paid_search>paid_search>display>organic_search>direct,0,Atlantic
10401,display>affiliate>organic_search>organic_search>affiliate,0,ON
10402,organic_search>paid_search,0,Prairies
10403,organic_search>affiliate>direct,0,QC
10404,display>paid_social>paid_social,0,Atlantic
10405,direct>paid_social>paid_search,0,Atlantic
10406,paid_social>paid_social>organic_search>affiliate>organic_search>direct,0,ON
10407,email>organic_search>email>display>display>paid_search,0,QC
10408,display>display>display>paid_search,0,AB
10409,paid_social>organic_search>display>direct,1,Atlantic
10410,display>display>email,0,AB
10411,paid_social>display,0,Prairies
10412,paid_social>display>paid_search>organic_search,0,QC
10413,display>affiliate>paid_search>organic_search>paid_social>paid_social,0,ON
10414,paid_social>direct,0,Atlantic
10415,affiliate>direct,0,ON
10416,direct,0,Atlantic
10417,organic_search>organic_search>paid_social,0,Prairies
10418,paid_social>display>paid_social>affiliate>direct,0,ON
10419,organic_search>organic_search>affiliate,1,Prairies
10420,display>organic_search>paid_social>direct>paid_search,1,Prairies
10421,display>direct>paid_search,0,Prairies
10422,paid_social>paid_social>display>paid_search>affiliate,0,QC
10423,display>display>email>paid_search>direct,0,BC
10424,organic_search>organic_search>affiliate,0,BC
10425,direct>paid_search>paid_social>paid_social>paid_social>email,0,BC
10426,paid_search>paid_social>display>paid_search,0,BC
10427,paid_search>paid_social>paid_search>paid_social,0,ON
10428,paid_search>paid_social>display>email,1,ON
10429,direct>paid_social>direct,0,QC
10430,paid_search>paid_social>paid_search>paid_search,1,BC
10431,display>direct>direct>email,0,Prairies
10432,display>direct>affiliate,0,BC
10433,display>paid_social>display>direct,0,QC
10434,organic_search>paid_social>paid_social>affiliate,0,BC
10435,display>display>organic_search>organic_search>direct,0,QC
10436,organic_search>affiliate>paid_social,0,AB
10437,affiliate>organic_search>direct,0,AB
10438,affiliate>paid_social>email,1,BC
10439,paid_social>email>display>affiliate,0,ON
10440,paid_search,0,Atlantic
10441,paid_search>display>paid_search>organic_search>email,0,ON
10442,affiliate>organic_search>affiliate>direct>paid_social,0,QC
10443,direct>display>affiliate,0,Prairies
10444,affiliate>direct,0,BC
10445,organic_search>paid_social>organic_search>direct,0,BC
10446,paid_social>affiliate,0,Prairies
10447,direct>organic_search>paid_social>paid_social>paid_social>organic_search>direct,0,Atlantic
10448,affiliate>paid_social>display>email,0,Atlantic
10449,paid_social>email,0,QC
10450,display>direct>paid_social>paid_search,0,Atlantic
10451,display>display>affiliate>paid_search>direct,0,Atlantic
10452,paid_social>organic_search,0,Atlantic
10453,display>display>display>paid_social>paid_social>affiliate,0,AB
10454,organic_search>display>direct,0,AB
10455,display>affiliate,0,QC
10456,affiliate>paid_social>direct,0,ON
10457,paid_social>paid_search>organic_search>organic_search>paid_search>affiliate,0,Atlantic
10458,display>paid_search>display>organic_search>paid_social>affiliate>direct,0,BC
10459,display>display>direct,0,Prairies
10460,direct>affiliate>paid_search,0,AB
10461,display>paid_search>email>affiliate,1,Atlantic
10462,direct>organic_search,1,AB
10463,paid_search>display>paid_search>direct,0,Atlantic
10464,affiliate>direct,0,QC
10465,direct>organic_search>direct>display>email,0,Prairies
10466,paid_social>display>paid_search,1,AB
10467,direct>paid_search>paid_social>paid_search,0,Atlantic
10468,direct,0,BC
10469,paid_social>display>paid_social>paid_social>affiliate>display,0,Atlantic
10470,direct>display>paid_social>direct,0,BC
10471,affiliate>affiliate>organic_search>display>paid_search,0,ON
10472,display>paid_search,0,Atlantic
10473,affiliate>paid_social>direct,0,Prairies
10474,organic_search>paid_social>paid_search,0,Prairies
10475,affiliate>direct,0,BC
10476,paid_social>affiliate>organic_search>direct,0,QC
10477,organic_search>display>direct,1,BC
10478,display,0,QC
10479,paid_search>email>direct,0,Prairies
10480,display>organic_search>display>paid_social>paid_search,0,QC
10481,paid_search>organic_search>paid_search>organic_search>organic_search>paid_social>email,0,QC
10482,organic_search>direct,0,Prairies
10483,organic_search>paid_social>direct,0,Prairies
10484,paid_search>display>paid_social>email,1,AB
10485,organic_search>paid_search>email>paid_social>display>affiliate>affiliate,0,Atlantic
10486,organic_search>paid_social>paid_search>paid_search,1,ON
10487,paid_social>display>email,0,BC
10488,organic_search>display>organic_search,1,Prairies
10489,organic_search>organic_search>organic_search,0,Prairies
10490,paid_social>paid_social>email,0,Prairies
10491,display>paid_social>display>email,0,Atlantic
10492,paid_social>email>paid_social>affiliate,0,ON
10493,paid_social>email>organic_search>display>direct,1,BC
10494,direct>display>affiliate>paid_social>email,0,AB
10495,paid_social>direct>paid_social>email,1,Prairies
10496,organic_search,0,BC
10497,display>paid_search,0,BC
10498,display>direct,0,AB
10499,display>paid_social>direct>email,0,ON
10500,affiliate,0,BC
10501,display>direct,0,ON
10502,direct>direct>paid_social>organic_search>paid_social>email,1,QC
10503,affiliate,0,Atlantic
10504,email>direct,0,BC
10505,direct>paid_search,0,Atlantic
10506,direct>direct,0,ON
10507,organic_search>paid_search>display>paid_search,0,AB
10508,organic_search>direct>affiliate,0,BC
10509,affiliate>display,0,BC
10510,display>affiliate,0,Atlantic
10511,organic_search>paid_social>direct,0,AB
10512,organic_search>direct,0,BC
10513,display>direct>paid_social>direct,0,QC
10514,paid_social>organic_search>display>direct,0,ON
10515,organic_search>direct,0,QC
10516,paid_social>paid_search,0,Prairies
10517,paid_search>display>paid_search,0,Atlantic
10518,paid_social>display>paid_social>display>affiliate>paid_search>organic_search,0,ON
10519,display>organic_search,0,AB
10520,paid_social>direct>display>direct,0,ON
10521,display>paid_search,0,Atlantic
10522,display,0,QC
10523,paid_social>display>paid_search>email,0,QC
10524,display>display>direct,0,QC
10525,organic_search>organic_search>direct,0,Atlantic
10526,affiliate>affiliate>display>display,0,ON
10527,display>display>paid_search>organic_search,0,AB
10528,organic_search>display>paid_social>paid_search>display>email,0,ON
10529,display>display>organic_search>affiliate>organic_search,0,BC
10530,organic_search>display>display>direct,0,AB
10531,affiliate>affiliate>display>organic_search>paid_social>affiliate,0,Atlantic
10532,paid_search>display>organic_search>paid_social>direct,0,ON
10533,organic_search>paid_search>organic_search>direct>paid_search,0,Prairies
10534,organic_search>email,0,ON
10535,direct>direct>display>organic_search>display>direct,0,Prairies
10536,paid_search>paid_social>display>display>direct,0,AB
10537,direct>affiliate>paid_search,0,QC
10538,paid_search>display>affiliate,0,QC
10539,paid_social>display>display>display,0,QC
10540,direct>affiliate>email,0,AB
10541,display>organic_search>display>display,0,ON
10542,organic_search>organic_search>paid_search>paid_social>paid_search>affiliate,1,Atlantic
10543,display>paid_social>display>organic_search,0,QC
10544,direct,0,BC
10545,display>paid_social,0,AB
10546,affiliate>display>paid_social>paid_social,1,Prairies
10547,display>email,0,ON
10548,paid_search>organic_search>affiliate>email,1,AB
10549,paid_social>affiliate,0,BC
10550,organic_search>email,0,BC
10551,display>display>affiliate>paid_search>organic_search,0,QC
10552,paid_social>display>affiliate>paid_social>paid_search>organic_search,1,AB
10553,direct,0,Atlantic
10554,paid_social>paid_social>affiliate>paid_social,0,AB
10555,paid_social>paid_search>paid_social>email,0,AB
10556,organic_search>paid_search,0,ON
10557,organic_search>organic_search,0,AB
10558,display>direct,0,BC
10559,paid_social>paid_search,0,AB
10560,paid_search>display>affiliate>email,0,QC
10561,paid_search>display>display>direct>display>paid_social>email,0,Prairies
10562,organic_search>paid_social>paid_social>direct,0,ON
10563,direct>display>email,0,QC
10564,display>display>email,0,ON
10565,display>paid_social>direct,0,ON
10566,paid_social>paid_social>display,0,Prairies
10567,display>affiliate>direct,0,AB
10568,paid_social>display>direct,0,Atlantic
10569,email,0,ON
10570,paid_social>display>affiliate,0,QC
10571,display>paid_search>display>paid_social>direct,0,BC
10572,organic_search>organic_search>paid_search>display,0,Atlantic
10573,paid_social>paid_social>display>paid_social,0,Prairies
10574,affiliate>paid_social>paid_search>paid_social>paid_search,0,QC
10575,paid_social>display>paid_social>email,0,QC
10576,paid_search>direct,1,Atlantic
10577,paid_social>organic_search,0,Atlantic
10578,direct>affiliate>paid_search,0,Prairies
10579,paid_search>email,0,Prairies
10580,display>affiliate,0,BC
10581,paid_social>direct>paid_social>affiliate>direct,0,Atlantic
10582,paid_social>display>paid_search,0,AB
10583,paid_social,0,BC
10584,email>display>direct,0,ON
10585,paid_social>display>paid_social>email,0,QC
10586,display>display>paid_search>affiliate,0,QC
10587,display>display>email,0,QC
10588,organic_search>email>display>display>paid_social>affiliate>organic_search,0,BC
10589,display>organic_search>direct,0,Prairies
10590,display>paid_search>paid_search>organic_search,0,Prairies
10591,paid_search,0,BC
10592,display>display>display>organic_search>email,0,ON
10593,paid_social>paid_search>display>direct,0,ON
10594,organic_search>display>paid_search>direct>paid_social>direct,0,BC
10595,display>affiliate>affiliate>paid_search>paid_search>affiliate>email,0,BC
10596,organic_search>display>display>direct,0,AB
10597,paid_social>display>direct>paid_social,0,BC
10598,paid_social>organic_search>paid_social>organic_search,0,Prairies
10599,paid_search>paid_search>paid_social,1,Prairies
10600,display>paid_social>organic_search>paid_social>direct,0,ON
10601,email>affiliate>direct,0,Atlantic
10602,organic_search>affiliate>affiliate,0,Prairies
10603,organic_search>email>display>direct,0,ON
10604,display>paid_social>email,1,AB
10605,organic_search>paid_search,0,BC
10606,display>email>paid_search,0,AB
10607,organic_search>paid_search>paid_search,0,QC
10608,paid_social>organic_search>email,0,ON
10609,paid_search>paid_social>affiliate,0,AB
10610,paid_search>organic_search>affiliate,1,ON
10611,paid_search>affiliate>email,0,AB
10612,display>paid_search,0,QC
10613,display>direct,0,ON
10614,display>display>paid_search>affiliate,0,ON
10615,display>paid_social>paid_social>display,0,ON
10616,paid_social>paid_social>display>organic_search,1,Atlantic
10617,email,0,Atlantic
10618,paid_social>organic_search>organic_search>affiliate,0,Prairies
10619,organic_search>display>organic_search,1,ON
10620,paid_search>paid_social>paid_search,0,BC
10621,display>paid_search,0,ON
10622,direct,0,Prairies
10623,paid_social>paid_search,0,AB
10624,organic_search>paid_search,0,Atlantic
10625,paid_social>paid_search>email,0,AB
10626,organic_search>affiliate>paid_social>display>paid_search>direct,0,ON
10627,display>display>paid_search,0,Atlantic
10628,display>paid_social>display>direct,0,AB
10629,paid_search>paid_search>paid_social>email,0,ON
10630,affiliate>paid_social>email,0,Prairies
10631,display>email,0,Atlantic
10632,display>paid_social>affiliate>paid_search>display>display>display>display>paid_search,0,BC
10633,email>organic_search>paid_search>display>paid_search,0,Atlantic
10634,paid_search>display>organic_search>organic_search>paid_social>organic_search>paid_social>affiliate,0,BC
10635,direct>direct>organic_search,0,Prairies
10636,display>paid_social>affiliate>display>paid_social>affiliate,0,QC
10637,display>paid_social>display,0,Prairies
10638,display>paid_search>organic_search>direct,0,ON
10639,paid_social>display>direct>organic_search>paid_search,1,ON
10640,paid_social>direct>affiliate,0,Prairies
10641,display>direct,0,Atlantic
10642,display>paid_search>direct,0,Prairies
10643,organic_search>affiliate>organic_search>direct,1,BC
10644,email>affiliate>display>paid_social>organic_search,0,QC
10645,organic_search>organic_search>email,0,Prairies
10646,organic_search>email,0,Prairies
10647,affiliate>display>direct,0,ON
10648,affiliate>organic_search>direct>display>paid_search>organic_search,1,ON
10649,display>affiliate>direct,1,Prairies
10650,display>display>paid_social,0,Prairies
10651,display>paid_search,0,Prairies
10652,affiliate>direct,0,BC
10653,display>paid_search>paid_search,0,ON
10654,organic_search>paid_search>affiliate,0,BC
10655,affiliate>paid_social>direct,0,BC
10656,paid_social>display>paid_social>paid_social>display>organic_search,0,AB
10657,paid_search>paid_search>paid_social>email>affiliate,1,Atlantic
10658,paid_search>display>display>paid_social>paid_social>affiliate,0,AB
10659,display>display>affiliate,0,QC
10660,display>affiliate>organic_search,0,Prairies
10661,paid_social>paid_search>paid_social>paid_social>paid_social>paid_search,0,BC
10662,paid_search>paid_social,0,QC
10663,paid_search>paid_social>paid_social>paid_social>paid_search,0,Prairies
10664,paid_social>paid_search,0,BC
10665,paid_search>display,0,QC
10666,paid_social>paid_social>paid_social>direct,0,Atlantic
10667,paid_search>display>direct>direct,0,Prairies
10668,paid_social>organic_search>display>direct,0,Atlantic
10669,direct>paid_social>paid_social,0,Prairies
10670,paid_search>display>display,0,Atlantic
10671,paid_social>direct,1,ON
10672,display>display>paid_social>email,0,Atlantic
10673,paid_social>display>display>paid_search>display>organic_search>paid_search,1,BC
10674,email>paid_search>direct,0,QC
10675,paid_social>organic_search>affiliate>paid_search>paid_social>paid_social>organic_search>affiliate>direct>direct,0,BC
10676,paid_social>paid_search>paid_search>direct>paid_social>display>paid_search>affiliate,1,Prairies
10677,paid_social>paid_social>paid_search,0,AB
10678,affiliate>organic_search>organic_search>organic_search,0,AB
10679,affiliate,0,BC
10680,affiliate>paid_social,0,AB
10681,paid_search,0,Prairies
10682,display>display>paid_search>email,0,QC
10683,organic_search>organic_search>direct>display>display>paid_social>email,1,Atlantic
10684,affiliate>organic_search>display>paid_search>paid_search>organic_search>paid_search>direct>direct,1,AB
10685,paid_social>paid_search>direct,0,Atlantic
10686,display>display>direct,0,Atlantic
10687,display>paid_search>organic_search>affiliate,0,QC
10688,paid_social>affiliate,0,QC
10689,display>paid_search,0,Atlantic
10690,paid_social>direct>display>affiliate,0,QC
10691,display>display>paid_social>paid_search,1,AB
10692,display>affiliate,0,AB
10693,direct>organic_search>paid_search>affiliate,0,QC
10694,direct>display>affiliate,0,AB
10695,paid_search>paid_search>email,1,Atlantic
10696,display>paid_social,0,Prairies
10697,display>display>paid_social>paid_search>direct,0,QC
10698,paid_social>affiliate>paid_social>paid_social>affiliate>display>display>direct,1,AB
10699,display>display>paid_social>display,0,ON
10700,display>direct,0,ON
10701,organic_search>display>paid_search,0,BC
10702,paid_social>organic_search>email>direct,0,Atlantic
10703,paid_social>email>affiliate>display>paid_social>direct,0,AB
10704,paid_search>paid_social>paid_social>organic_search>direct,0,AB
10705,paid_search>paid_social>paid_search>paid_social>organic_search>paid_search>affiliate,1,Atlantic
10706,display>paid_social>direct,0,BC
10707,display>display>paid_social>paid_social>organic_search,1,AB
10708,paid_social>display>direct,0,BC
10709,display>display>email,0,Prairies
10710,display>organic_search>display>affiliate,1,Atlantic
10711,paid_search>paid_search>direct,0,Prairies
10712,display>paid_search>display>organic_search,0,QC
10713,organic_search>display>display>paid_search,0,Prairies
10714,paid_social>paid_social>display>paid_social>paid_social,0,BC
10715,display>paid_search,0,QC
10716,display>organic_search>organic_search>email,0,ON
10717,direct>display>direct,0,BC
10718,paid_search>display>organic_search>paid_search,0,Atlantic
10719,organic_search>paid_social>paid_social>paid_social,0,BC
10720,display>direct,0,QC
10721,affiliate>email>paid_social>direct,0,QC
10722,display>affiliate>organic_search,0,Atlantic
10723,affiliate>display>paid_social>direct>display>direct>affiliate,0,Atlantic
10724,paid_social>paid_social>paid_search>display>organic_search>affiliate>paid_social,0,ON
10725,organic_search>paid_search>organic_search>paid_social>paid_social>direct,0,AB
10726,paid_social>paid_social>email,0,QC
10727,paid_social,1,AB
10728,paid_social>paid_search,0,QC
10729,display>paid_search,0,AB
10730,paid_social>display>email>direct,0,QC
10731,display>email>direct,0,ON
10732,display>display,1,BC
10733,paid_search>display>affiliate>paid_social>organic_search>direct,0,AB
10734,display>organic_search>paid_search>direct,0,QC
10735,paid_social>direct,0,AB
10736,paid_search>direct,0,ON
10737,paid_social>organic_search>paid_search,0,AB
10738,direct>display>affiliate,0,AB
10739,display>affiliate>display>organic_search>paid_search>organic_search>affiliate>paid_social,1,BC
10740,organic_search>direct,0,QC
10741,paid_social>display>email,0,BC
10742,paid_social>affiliate>affiliate,1,QC
10743,email>paid_search>paid_search>paid_search>paid_search,1,QC
10744,display>email>direct,1,ON
10745,email,0,BC
10746,direct,0,AB
10747,paid_social>email,0,Atlantic
10748,direct>display>organic_search>direct,0,QC
10749,display>display>display>paid_search,0,BC
10750,display>email>direct>display>display>paid_search,1,Atlantic
10751,display>organic_search>display>display>email,0,Prairies
10752,organic_search>affiliate>paid_social>paid_search,0,AB
10753,paid_search>paid_social>paid_social>paid_social>display>direct,0,ON
10754,display>display>display>paid_search>paid_search,0,Atlantic
10755,email,0,Prairies
10756,direct>display>organic_search>paid_search,0,Prairies
10757,email>paid_search>display>direct,0,BC
10758,affiliate>paid_search>paid_search,0,AB
10759,organic_search>email>organic_search>display>paid_search,0,AB
10760,display>affiliate>paid_search>display>email,1,Atlantic
10761,organic_search>affiliate>paid_search>paid_search,1,BC
10762,display>direct>paid_search>paid_search>paid_search,0,ON
10763,affiliate>paid_search>affiliate,0,AB
10764,organic_search>display>direct>organic_search,0,QC
10765,email>paid_search>organic_search>display>organic_search>direct>direct,1,QC
10766,organic_search>display>paid_social>organic_search>email,0,AB
10767,paid_social>paid_social>organic_search>paid_social>display>affiliate>email,0,BC
10768,direct>affiliate>direct,0,AB
10769,affiliate>email,0,Atlantic
10770,display>paid_search>display>paid_social,0,BC
10771,display>organic_search,0,BC
10772,paid_search>direct,0,Atlantic
10773,display>display>affiliate,1,Prairies
10774,direct,0,Atlantic
10775,organic_search>display>affiliate>direct,0,AB
10776,display>organic_search>affiliate>direct>organic_search,0,Atlantic
10777,affiliate>paid_search,0,Prairies
10778,affiliate>paid_search>display>display>paid_social,0,AB
10779,paid_search>paid_search>display,0,BC
10780,email>paid_search>organic_search>paid_social>email,0,AB
10781,direct>display>paid_social>paid_social>direct,0,Prairies
10782,display>paid_social,0,QC
10783,display>paid_search>email,0,BC
10784,display>email,0,Atlantic
10785,display>email>paid_social,0,AB
10786,paid_social>display>display>email,0,Prairies
10787,paid_social>direct,0,AB
10788,paid_social>paid_social>paid_social>display>paid_social>organic_search,0,ON
10789,organic_search>paid_social>paid_search>paid_search,0,ON
10790,organic_search>affiliate>display>paid_social,0,Prairies
10791,affiliate>organic_search>organic_search,0,Atlantic
10792,email>email>email,0,Atlantic
10793,direct,0,Prairies
10794,paid_search>organic_search,0,AB
10795,paid_social>affiliate>organic_search>display>affiliate>affiliate,1,ON
10796,paid_search,0,AB
10797,display>paid_social>direct>paid_social>paid_social,0,Atlantic
10798,paid_social,0,Prairies
10799,display>paid_social>direct,0,BC
10800,paid_social>direct,0,Prairies
10801,organic_search>paid_search>display>organic_search,0,BC
10802,paid_search>paid_search>display>affiliate,0,QC
10803,paid_search>paid_social>direct,0,AB
10804,affiliate>organic_search>direct>affiliate>paid_social>direct>email,0,Prairies
10805,display>paid_social>paid_social>paid_search>email>paid_search,0,BC
10806,direct>display>organic_search>organic_search,1,BC
10807,display>display>organic_search>paid_social>email>affiliate,1,ON
10808,paid_social>paid_search,0,QC
10809,display>paid_search,0,BC
10810,affiliate>display>organic_search>organic_search>email,0,QC
10811,paid_search>direct>paid_social>paid_search,0,Prairies
10812,display>paid_social>paid_social>display>paid_search,0,AB
10813,display>display>paid_social>display>affiliate>organic_search,0,ON
10814,display>display>paid_social>display>paid_search>direct,0,BC
10815,display>display,0,BC
10816,paid_search>display>affiliate,0,Prairies
10817,affiliate>paid_search>paid_search>paid_social>direct,0,BC
10818,paid_search>display>organic_search>display>display>direct>paid_social>direct,0,Prairies
10819,paid_social>direct>email,0,BC
10820,organic_search>organic_search>paid_search>paid_search>email,1,Atlantic
10821,display>paid_social>display>direct>display,1,Atlantic
10822,organic_search>display>paid_search,0,Atlantic
10823,display>paid_social>affiliate>paid_search,0,ON
10824,paid_social>organic_search>display>paid_social>paid_social>organic_search,0,AB
10825,paid_search>affiliate>organic_search>display>affiliate>paid_search>paid_search,0,ON
10826,affiliate>paid_social>organic_search,0,ON
10827,paid_social>paid_search,0,QC
10828,display>email>email,0,ON
10829,organic_search>paid_social>display>paid_social>email>organic_search>organic_search,0,BC
10830,organic_search>email,0,ON
10831,display>affiliate>direct,0,BC
10832,display>affiliate>direct,0,Atlantic
10833,display>organic_search>direct,0,Atlantic
10834,organic_search>paid_social>paid_social>paid_social>email,0,Prairies
10835,paid_search>display>display>affiliate,0,Atlantic
10836,paid_social>direct,0,Prairies
10837,paid_social>organic_search>direct,0,QC
10838,paid_social>organic_search>affiliate>paid_social>paid_search,0,AB
10839,paid_social>organic_search,0,Atlantic
10840,display>display>direct,0,QC
10841,display>direct>paid_search>organic_search,0,QC
10842,paid_social>paid_social>display>display,0,Prairies
10843,display>paid_social>organic_search>display>affiliate,0,AB
10844,email>display>direct>display>paid_search,0,AB
10845,paid_search>paid_search>paid_social>organic_search>display>email,0,QC
10846,paid_social>organic_search>paid_search>organic_search>paid_social>affiliate>organic_search,0,Prairies
10847,direct>organic_search>paid_search>direct,0,Prairies
10848,paid_social>display>display>direct,0,AB
10849,paid_social>direct>paid_search,0,BC
10850,organic_search>display>email>organic_search>paid_search,0,QC
10851,display>affiliate>affiliate>email,0,AB
10852,organic_search>paid_social>organic_search,0,ON
10853,paid_search>paid_social>paid_search>email>paid_social>paid_search,0,QC
10854,organic_search>organic_search,0,Prairies
10855,organic_search>display>organic_search>paid_social>direct,0,ON
10856,paid_social>paid_social>direct,0,QC
10857,direct>paid_social,0,Prairies
10858,display>paid_search>affiliate>paid_social>organic_search,0,BC
10859,display>paid_social>organic_search>paid_social>direct,0,Atlantic
10860,affiliate>affiliate,0,QC
10861,organic_search>display>paid_social>paid_social>paid_search,1,QC
10862,affiliate>paid_search>display>email,0,Prairies
10863,paid_search>organic_search>paid_social,1,QC
10864,display>paid_social>display>organic_search>direct,0,Atlantic
10865,paid_search>direct>direct,1,AB
10866,organic_search>organic_search>paid_search>paid_social,0,Prairies
10867,display>paid_search,0,Atlantic
10868,organic_search>paid_social>paid_search,0,Prairies
10869,organic_search>direct,0,Prairies
10870,paid_social>affiliate>affiliate,0,Prairies
10871,paid_search>paid_search>paid_search,0,Prairies
10872,organic_search>email,0,Atlantic
10873,affiliate>display>paid_social>email,0,Prairies
10874,paid_social>display>paid_search,0,ON
10875,display>paid_social>display>display>affiliate>display>direct,1,QC
10876,organic_search>direct>email,0,QC
10877,paid_search,1,AB
10878,display>paid_search>email>direct,0,Atlantic
10879,direct>affiliate>display>display>affiliate>email,0,ON
10880,affiliate>paid_social>email,0,ON
10881,affiliate>paid_search>paid_search>display>display>affiliate>affiliate>paid_search>organic_search>email,0,BC
10882,paid_search>email,0,BC
10883,direct>paid_search>direct,0,Atlantic
10884,direct>paid_social>paid_social>display>display>paid_search,0,AB
10885,display>paid_social>organic_search>direct,0,Prairies
10886,display>direct,0,ON
10887,paid_search>paid_search,0,QC
10888,organic_search>display>direct,0,ON
10889,display>display>affiliate>display>paid_social,0,Prairies
10890,paid_social>paid_social,0,Atlantic
10891,paid_social>direct,0,AB
10892,organic_search>organic_search>display>display>display>affiliate,0,QC
10893,paid_social>direct,0,Atlantic
10894,email,0,BC
10895,paid_social>display>paid_search,0,ON
10896,paid_search>email,0,BC
10897,paid_search>affiliate>email,0,Atlantic
10898,display>organic_search>paid_search>affiliate,0,BC
10899,display>organic_search>email,0,Atlantic
10900,organic_search>email,0,Atlantic
10901,display,0,QC
10902,display>paid_social>organic_search>paid_social>paid_search,0,QC
10903,display>organic_search,0,QC
10904,paid_social>paid_search>display>affiliate,0,QC
10905,paid_search>paid_search>direct,0,ON
10906,paid_social>organic_search>email,0,BC
10907,organic_search>affiliate,0,ON
10908,paid_social>display,0,Prairies
10909,display>paid_social>display>display>paid_social>affiliate,0,AB
10910,organic_search>paid_social>display>display>display>organic_search,0,ON
10911,paid_social>paid_search>organic_search>organic_search>email,0,BC
10912,display>organic_search>organic_search>email>paid_search,0,Atlantic
10913,paid_social>email,0,BC
10914,organic_search>email>affiliate,1,QC
10915,paid_social>email>paid_search>direct,0,QC
10916,paid_search>affiliate>email>email,0,QC
10917,paid_search>organic_search>paid_search>organic_search>email,1,ON
10918,display>paid_search>display>affiliate>paid_search,1,QC
10919,display>paid_social>paid_search>organic_search>paid_social>direct,1,Prairies
10920,paid_search>direct>organic_search,0,ON
10921,paid_search>organic_search,0,Atlantic
10922,display>organic_search>affiliate>paid_social,0,Prairies
10923,paid_search>paid_search>affiliate>display>paid_social>affiliate,0,ON
10924,paid_search>email>paid_social>direct>paid_search,0,AB
10925,display>display>display>organic_search,0,Prairies
10926,direct,0,AB
10927,organic_search>paid_social>affiliate,0,AB
10928,paid_social>organic_search>display,0,Atlantic
10929,organic_search>display>direct,1,ON
10930,display>display>paid_search>display>paid_social>display>email,0,QC
10931,display>display>direct,0,BC
10932,display>paid_social>email,1,QC
10933,organic_search>display>display,0,Prairies
10934,paid_social>affiliate,0,ON
10935,display>paid_search>email,0,Atlantic
10936,affiliate>email,0,Prairies
10937,organic_search>affiliate,0,Prairies
10938,display>organic_search>display>paid_social>organic_search>email,1,Prairies
10939,paid_search>paid_social>affiliate>direct>direct,0,AB
10940,paid_social>display>direct,0,Atlantic
10941,affiliate>affiliate>direct>organic_search,1,Prairies
10942,affiliate>email>display>paid_search>affiliate,0,QC
10943,paid_social>affiliate>paid_search,1,AB
10944,organic_search>paid_social>direct,0,AB
10945,display>display>email,0,Atlantic
10946,display>paid_social>paid_search>paid_search,1,ON
10947,paid_search>display>paid_search,1,QC
10948,display>paid_social>display,0,Prairies
10949,direct>paid_social>organic_search>direct,0,AB
10950,display>display>paid_social>email>email,0,QC
10951,affiliate>display>organic_search>paid_social,0,QC
10952,display>email>paid_search>organic_search>organic_search>paid_search,0,Atlantic
10953,paid_social>direct,0,BC
10954,display>paid_search>paid_social>affiliate>affiliate>direct>display>affiliate,1,AB
10955,organic_search>affiliate>affiliate,0,QC
10956,paid_social>affiliate,0,AB
10957,direct>paid_social>paid_social>affiliate>paid_search,0,BC
10958,paid_social>display>direct,0,BC
10959,organic_search>paid_social,0,ON
10960,paid_social>affiliate>affiliate>affiliate>paid_social,0,QC
10961,display>affiliate,0,AB
10962,organic_search>paid_search>paid_social>paid_search,0,AB
10963,email>display>paid_search,0,BC
10964,organic_search>paid_search>direct,0,Prairies
10965,paid_social>paid_social>direct,0,Prairies
10966,organic_search>display>direct,0,Prairies
10967,display>display>direct,0,BC
10968,paid_social>paid_social,1,ON
10969,affiliate>direct>paid_social>direct,0,Prairies
10970,organic_search>paid_social>organic_search,0,Prairies
10971,display>display>direct,0,BC
10972,affiliate>organic_search>direct,1,ON
10973,paid_social>organic_search>display>display>organic_search>paid_social>display>display,0,ON
10974,paid_social>display>paid_social,0,BC
10975,display>paid_search>paid_search,0,ON
10976,organic_search>paid_social>organic_search,0,Atlantic
10977,paid_social>organic_search,0,ON
10978,organic_search>affiliate>paid_social>display>organic_search,1,QC
10979,display>display>paid_social>display,0,Atlantic
10980,paid_social,0,BC
10981,affiliate,0,Prairies
10982,display,0,ON
10983,paid_social>display>display>direct,0,Atlantic
10984,organic_search>affiliate,0,Prairies
10985,organic_search>organic_search,0,BC
10986,paid_social>paid_social>paid_social>direct,0,Prairies
10987,direct,0,ON
10988,paid_search>paid_social>display>paid_search,0,ON
10989,display>paid_social>display>paid_search,0,Prairies
10990,display>display>paid_social,0,QC
10991,display>email,1,BC
10992,affiliate>display>display>paid_search,0,BC
10993,organic_search>paid_social>email,0,Prairies
10994,affiliate>paid_social>organic_search,1,AB
10995,paid_social>display>paid_search,0,Prairies
10996,organic_search>organic_search>affiliate>display>organic_search>email,0,ON
10997,paid_search>paid_social>paid_social>direct,0,BC
10998,display>direct>display>paid_social,0,ON
10999,organic_search>email,1,ON
11000,organic_search>paid_social>organic_search>organic_search>paid_search>paid_search,0,QC
11001,display>organic_search>organic_search,0,ON
11002,display>affiliate>display,0,AB
11003,paid_social>display>paid_social,0,AB
11004,paid_social>paid_search>affiliate>organic_search>paid_social>paid_social>paid_search,0,ON
11005,organic_search>display>email,1,ON
11006,paid_social>display>direct,0,Atlantic
11007,display>display>paid_social>display>organic_search>direct,0,Atlantic
11008,paid_search>display>paid_social>email,0,QC
11009,affiliate>paid_social>display>affiliate,0,QC
11010,display>paid_social>paid_search>display>affiliate,0,QC
11011,paid_social>paid_search,0,BC
11012,affiliate,0,ON
11013,organic_search>paid_social>display>affiliate,0,AB
11014,display>display>paid_social>affiliate,0,BC
11015,organic_search>email>paid_search>direct,0,Prairies
11016,paid_social>affiliate>display>display>display>paid_search,0,BC
11017,paid_search>affiliate>organic_search>email,0,QC
11018,organic_search>display>display>affiliate,0,ON
11019,direct>organic_search>paid_social>affiliate>display>organic_search,1,Atlantic
11020,organic_search>organic_search>paid_search,0,BC
11021,direct>paid_social>paid_search,0,Atlantic
11022,paid_social>display>paid_social>affiliate,0,ON
11023,display>display>affiliate,0,QC
11024,paid_social>affiliate>affiliate>direct,0,ON
11025,display>affiliate>paid_social>direct,0,Prairies
11026,paid_search>affiliate,0,QC
11027,direct>email,0,AB
11028,affiliate>paid_social>paid_search,0,QC
11029,display>direct>organic_search>paid_social>paid_search,0,QC
11030,paid_social>affiliate>paid_social>paid_search>display>paid_search>direct,0,BC
11031,display>organic_search,0,AB
11032,paid_search>paid_social>email,0,QC
11033,paid_social>organic_search>paid_social>email,1,BC
11034,paid_social>display>affiliate>email,0,BC
11035,paid_social>paid_search>direct>paid_social>paid_search,1,ON
11036,paid_social>organic_search>display>email,0,Atlantic
11037,paid_search>organic_search>display>affiliate,0,Atlantic
11038,paid_search>display>direct,0,Prairies
11039,email>paid_social>direct,0,BC
11040,direct>paid_search>paid_social>email,0,Prairies
11041,paid_social>display>affiliate,0,ON
11042,email,0,BC
11043,affiliate,0,AB
11044,paid_social>email>affiliate>organic_search>affiliate,0,QC
11045,affiliate>display>direct,0,Prairies
11046,paid_social>display>paid_search>organic_search>organic_search>direct,0,BC
11047,direct>paid_search>paid_social>direct,0,Prairies
11048,organic_search>display>paid_social,0,AB
11049,organic_search>paid_social>paid_social>paid_social>paid_search,0,Atlantic
11050,paid_social>paid_search>organic_search>paid_search,0,QC
11051,affiliate>direct>display>display>paid_social,0,AB
11052,display>display>paid_search>direct,0,BC
11053,paid_search>email,0,Atlantic
11054,paid_search>paid_social>display>paid_social,0,BC
11055,paid_search>paid_social>paid_search>affiliate,0,Atlantic
11056,display>display>direct,0,QC
11057,display>organic_search,0,AB
11058,affiliate,0,BC
11059,organic_search>affiliate,1,QC
11060,email>organic_search>paid_social>display>display>paid_search,0,QC
11061,display>paid_social>organic_search>paid_search>email>email,0,AB
11062,paid_search>organic_search>display>paid_search>affiliate>direct,0,Atlantic
11063,display>display,0,ON
11064,affiliate>organic_search>email,0,Prairies
11065,email>paid_search>organic_search>display>display,0,ON
11066,display>paid_search>organic_search>organic_search>paid_search,0,AB
11067,organic_search>affiliate>direct>paid_social,1,Prairies
11068,paid_search>paid_search>paid_search>display>paid_social>paid_social>email,0,ON
11069,paid_search>display>affiliate>paid_search>paid_social>affiliate,0,BC
11070,direct>direct,0,QC
11071,paid_search>display>email>display>display>paid_search,0,AB
11072,paid_search,0,QC
11073,display>organic_search>affiliate,0,Prairies
11074,affiliate>organic_search,0,BC
11075,paid_search>paid_social>affiliate>organic_search>affiliate,0,QC
11076,email>organic_search>direct>affiliate>paid_search,1,Atlantic
11077,display>paid_social>email,0,QC
11078,display>paid_search>display>paid_search,0,QC
11079,paid_search>paid_search>display,0,QC
11080,paid_social>organic_search>email,0,Prairies
11081,affiliate>display>direct,0,Prairies
11082,paid_social>organic_search>direct,0,Atlantic
11083,affiliate>paid_search>display>email>direct,0,ON
11084,organic_search>paid_search,0,ON
11085,paid_social>paid_search>paid_search,0,ON
11086,organic_search>paid_search>paid_search>direct,1,AB
11087,paid_search>affiliate,0,AB
11088,paid_social>direct,0,BC
11089,organic_search>display>affiliate,0,Prairies
11090,direct>direct>organic_search>direct,0,AB
11091,paid_social>organic_search>organic_search>display>paid_search,0,Prairies
11092,direct>paid_social>affiliate>direct,0,Prairies
11093,affiliate,0,BC
11094,organic_search>display>organic_search,0,ON
11095,organic_search>paid_social>paid_search>direct,0,ON
11096,display>paid_search>display>organic_search>display>paid_social,0,Atlantic
11097,display>direct,0,Atlantic
11098,display>organic_search>display>organic_search,0,Atlantic
11099,organic_search>paid_social,0,AB
11100,display>paid_social>email,0,BC
11101,organic_search>affiliate,0,AB
11102,paid_social>email,0,QC
11103,paid_social>organic_search>email>paid_search,1,AB
11104,paid_social>display>paid_search,1,Prairies
11105,paid_social>display>direct>organic_search>direct>display>direct,0,ON
11106,paid_social>direct>affiliate>display>display>paid_search>organic_search>direct,0,AB
11107,paid_social>organic_search>organic_search,0,AB
11108,direct>display>display>paid_search>paid_search,0,QC
11109,paid_search>paid_search>organic_search>organic_search>paid_search>direct,1,BC
11110,organic_search>paid_search,0,Atlantic
11111,display>display>affiliate>organic_search>paid_search,1,Atlantic
11112,organic_search>display>affiliate>paid_social>direct,0,Atlantic
11113,organic_search>paid_search,1,BC
11114,paid_search>direct,0,ON
11115,paid_social>paid_social>email,0,BC
11116,affiliate>affiliate>paid_search>organic_search>display>organic_search,0,BC
11117,display>paid_social>display>display>organic_search,1,Atlantic
11118,paid_social>affiliate>paid_social,0,Prairies
11119,display>paid_social>organic_search>organic_search>email,0,AB
11120,display>email,0,BC
11121,display>paid_social>direct,0,Atlantic
11122,paid_social>paid_social>email,0,AB
11123,display>display>email,0,QC
11124,paid_social>paid_search>paid_social>paid_search>organic_search,0,BC
11125,paid_search>paid_social>direct,0,BC
11126,organic_search>affiliate,1,BC
11127,paid_search,0,QC
11128,direct,0,ON
11129,paid_social>display>email,0,Prairies
11130,display>direct,0,Atlantic
11131,display>organic_search>affiliate>affiliate,0,Prairies
11132,paid_search>display>paid_search>direct,0,ON
11133,display>display>paid_search>paid_search>direct,0,Prairies
11134,paid_social>organic_search>direct,0,Atlantic
11135,paid_social>display>affiliate,1,BC
11136,display>paid_search>organic_search>direct,0,Prairies
11137,organic_search,0,QC
11138,paid_search>organic_search>email,0,QC
11139,paid_social>paid_search>organic_search,0,Atlantic
11140,paid_social>paid_social>paid_search,0,ON
11141,display>paid_search,0,BC
11142,paid_social>paid_search>paid_social>direct,0,AB
11143,paid_social>paid_search>direct,0,Atlantic
11144,paid_search>paid_social>paid_social>email,0,QC
11145,paid_search>paid_social>paid_social>paid_social>direct>paid_search,0,BC
11146,display>display>paid_search,0,Prairies
11147,display>paid_search,0,Atlantic
11148,paid_social>email>display>paid_social>organic_search,0,Atlantic
11149,display>paid_search>direct,0,QC
11150,direct>paid_social,0,Prairies
11151,display>paid_social>display>display>paid_search,0,Atlantic
11152,paid_social>direct,1,ON
11153,display>affiliate>organic_search,1,ON
11154,paid_social>paid_social>paid_social,0,ON
11155,display>display>email,0,AB
11156,display>organic_search>paid_social>paid_social>paid_search,0,AB
11157,affiliate>paid_social>paid_social>direct,0,Atlantic
11158,organic_search>paid_search,0,BC
11159,display>organic_search>affiliate,1,BC
11160,paid_search>display>paid_social>direct>email,0,BC
11161,paid_social>paid_search>affiliate,0,Prairies
11162,paid_search>paid_social>email,0,BC
11163,direct>paid_social>paid_social>organic_search>paid_social>direct,0,QC
11164,display>display>paid_social>organic_search,0,QC
11165,paid_social>email,0,AB
11166,display>organic_search>paid_search,0,AB
11167,paid_search>organic_search>display>email,1,ON
11168,display,0,AB
11169,paid_social>direct>email>display>paid_search,0,QC
11170,affiliate>paid_social>paid_search>display>paid_social,0,QC
11171,email>organic_search>affiliate>direct>direct,0,ON
11172,paid_search>display>email,0,QC
11173,paid_social>affiliate>affiliate,0,AB
11174,display>display>organic_search,0,BC
11175,display>email,1,AB
11176,paid_social>paid_social>organic_search,0,AB
11177,display>display,0,AB
11178,display>display>organic_search>display>email,0,ON
11179,paid_social>display>organic_search>organic_search>paid_search>paid_search>display,0,Atlantic
11180,paid_search>display>display>paid_search,0,ON
11181,paid_search>paid_search>organic_search>paid_search>paid_social,1,BC
11182,organic_search>paid_social>direct,0,Prairies
11183,paid_social>display>organic_search>paid_search,0,Prairies
11184,organic_search>organic_search>paid_social>paid_social>organic_search>direct,0,BC
11185,display>display>paid_social>direct,0,Atlantic
11186,paid_social>display>paid_search>affiliate>paid_social>direct>direct,0,AB
11187,organic_search>paid_search,0,BC
11188,paid_social>paid_social>display>display>paid_search,0,ON
11189,organic_search>paid_social>display>display>paid_search,0,Atlantic
11190,direct>display>paid_social>paid_search>display>direct>display>organic_search,0,Prairies
11191,organic_search>display>organic_search>direct,0,Atlantic
11192,display>paid_social>affiliate,0,Atlantic
11193,organic_search>paid_social>paid_search,1,QC
11194,paid_social>display>direct,0,ON
11195,display>display,0,Prairies
11196,direct>display>paid_social,0,QC
11197,affiliate>direct,0,Prairies
11198,organic_search>display>paid_search,0,QC
11199,display>display>paid_search,0,BC
11200,display>paid_social>display>display>direct,0,Prairies
11201,display>display>direct,0,Atlantic
11202,paid_social>organic_search>affiliate,0,ON
11203,organic_search>paid_social>organic_search>display>paid_search,0,QC
11204,display>display>direct>email,0,BC
11205,email>paid_social>display>paid_social>paid_search,1,Prairies
11206,paid_search>paid_search>affiliate>display>display,1,BC
11207,affiliate>paid_social>affiliate>organic_search,1,Prairies
11208,paid_search>affiliate,0,AB
11209,direct>affiliate>affiliate>paid_search>direct,0,Prairies
11210,display>paid_social>email,0,Atlantic
11211,paid_search>paid_social>paid_search,0,AB
11212,paid_social>display>paid_social>organic_search>paid_search>organic_search>direct,0,Prairies
11213,direct>email,0,BC
11214,paid_search>display>affiliate>organic_search,0,AB
11215,paid_search>paid_social,0,AB
11216,display>direct,0,QC
11217,paid_social>email,0,AB
11218,affiliate>display>paid_search>affiliate,0,AB
11219,affiliate>display>email>display>paid_social,0,Atlantic
11220,direct>paid_search>paid_search>direct,0,Prairies
11221,paid_search>paid_social>display>paid_social>paid_search>paid_social>display>paid_social,0,ON
11222,organic_search>display>paid_search>email,0,Atlantic
11223,organic_search>affiliate>organic_search,0,QC
11224,paid_social>display>email,0,ON
11225,organic_search>affiliate>email,0,Atlantic
11226,organic_search>email,1,AB
11227,paid_search>paid_social>paid_social>paid_social>organic_search,1,ON
11228,display>display>display>paid_search>affiliate>display>affiliate,0,BC
11229,organic_search>display>email,1,AB
11230,paid_search>affiliate>display>paid_search>paid_search,0,Prairies
11231,organic_search>direct,1,QC
11232,organic_search>affiliate>paid_search,0,ON
11233,email>display>email,0,Prairies
11234,paid_search>paid_search>display,0,QC
11235,display>email,0,Prairies
11236,display>email>paid_social>paid_social,0,Atlantic
11237,display>affiliate>paid_social>affiliate>display>affiliate,0,QC
11238,affiliate>display>paid_search>email>email,0,Atlantic
11239,organic_search>email>affiliate>paid_search>paid_search,0,Atlantic
11240,affiliate>display>paid_search,0,QC
11241,paid_search>paid_search,0,Atlantic
11242,paid_social>paid_social>paid_search,0,BC
11243,paid_social>paid_search>direct,0,AB
11244,display>paid_social>display>paid_search>paid_social>paid_search,1,AB
11245,paid_search,1,QC
11246,direct,0,Atlantic
11247,affiliate>paid_social>display>organic_search>display>paid_search>paid_social>paid_social,0,AB
11248,organic_search>display>paid_social>direct,0,ON
11249,organic_search>paid_social>paid_search>email,0,AB
11250,organic_search>display>organic_search>organic_search>paid_search,0,Atlantic
11251,direct>paid_social>organic_search>email,0,BC
11252,affiliate>direct,0,Prairies
11253,affiliate>display>paid_search>paid_social,0,BC
11254,display>paid_social>paid_search>email,1,Atlantic
11255,affiliate>organic_search,0,ON
11256,display>display>paid_search>direct>paid_search,0,QC
11257,paid_search>email>email,1,BC
11258,display>paid_social>organic_search,0,Prairies
11259,display,0,AB
11260,organic_search>paid_search>paid_search>paid_search,0,BC
11261,organic_search>organic_search>direct,0,Prairies
11262,organic_search>organic_search>paid_social>affiliate,0,Prairies
11263,paid_social>paid_social>paid_social>organic_search,0,AB
11264,organic_search>direct,0,QC
11265,display>paid_social>email,0,BC
11266,email>affiliate>email,0,Atlantic
11267,paid_social>direct,0,ON
11268,paid_search>paid_social>paid_social>display>paid_social>organic_search,0,BC
11269,paid_search>paid_social>display>paid_search>paid_social>affiliate,1,QC
11270,affiliate,0,Atlantic
11271,affiliate>organic_search>paid_search>paid_social>display>direct,1,BC
11272,paid_social>paid_search>email,1,Prairies
11273,organic_search>paid_social>display>paid_search>email,0,ON
11274,paid_social>display>paid_social>display>paid_search,0,AB
11275,organic_search>display>display>paid_search,0,Atlantic
11276,paid_search>direct,0,AB
11277,direct,0,Prairies
11278,paid_search>paid_search>paid_social>organic_search,0,ON
11279,display>direct>display,0,QC
11280,display>email,0,QC
11281,organic_search>display>display>paid_search,0,ON
11282,affiliate>paid_social>paid_social>direct,0,Atlantic
11283,affiliate>email,0,Prairies
11284,paid_social>organic_search>paid_social>display>display,0,Prairies
11285,display>paid_search>display>paid_search>paid_social>affiliate,0,QC
11286,paid_search>paid_search>display>display>direct,1,Atlantic
11287,paid_search>organic_search>display>paid_search>paid_social,0,ON
11288,affiliate>paid_social>organic_search,0,BC
11289,display>paid_social>affiliate>paid_search,0,BC
11290,display>direct>paid_social>paid_social>direct,0,AB
11291,organic_search>paid_social>paid_social>organic_search>affiliate,1,BC
11292,paid_social>organic_search>direct,0,AB
11293,paid_social,0,BC
11294,paid_social>paid_search>display>paid_social>email,0,Prairies
11295,paid_social>organic_search>affiliate>paid_search>direct,0,Prairies
11296,display>direct>paid_social>paid_search,0,BC
11297,paid_social>organic_search,0,BC
11298,display>paid_search>direct,0,ON
11299,display>display>email,0,BC
11300,display>display>email,0,BC
11301,display>display>paid_search>organic_search>display>organic_search,0,AB
11302,paid_social>paid_search>paid_search,0,Atlantic
11303,affiliate>paid_search,0,Prairies
11304,organic_search>paid_social>paid_search>paid_search,0,Prairies
11305,affiliate>paid_search>paid_social>paid_search,0,BC
11306,paid_search>organic_search,0,Prairies
11307,organic_search>display>organic_search,0,BC
11308,display>paid_search>direct,0,QC
11309,paid_search>organic_search>email,0,Atlantic
11310,display>paid_search>display>display>direct>direct,0,AB
11311,paid_social>direct>organic_search,0,AB
11312,affiliate>direct>email,0,ON
11313,display>affiliate,0,BC
11314,display>affiliate>direct>paid_search,0,BC
11315,affiliate>paid_social>paid_social>paid_search>organic_search,0,Prairies
11316,paid_search>affiliate>email>organic_search>affiliate>organic_search,0,Prairies
11317,display>paid_search>direct,0,AB
11318,paid_social>paid_search,0,Atlantic
11319,display>email,0,AB
11320,display>display>paid_social>paid_social>email,0,AB
11321,direct>organic_search>direct,0,Atlantic
11322,paid_social>paid_search,0,ON
11323,display>display>display>paid_social,0,Atlantic
11324,paid_social>display>paid_social>direct,0,ON
11325,paid_social>paid_search,0,BC
11326,display>paid_search>paid_social>display>affiliate,0,ON
11327,organic_search>organic_search,0,BC
11328,organic_search>affiliate>direct,0,Atlantic
11329,organic_search>affiliate>affiliate>display>organic_search,0,AB
11330,paid_social>direct,0,ON
11331,paid_social>direct>paid_social>paid_social,0,AB
11332,organic_search>organic_search>affiliate,0,AB
11333,paid_search>display>email,0,QC
11334,paid_search>affiliate>display>affiliate,0,AB
11335,affiliate>organic_search>organic_search>affiliate>affiliate,0,BC
11336,paid_social>paid_social>paid_social,0,Prairies
11337,display>paid_social>organic_search>paid_search,0,Prairies
11338,paid_social>paid_social>paid_search>paid_social>display,0,Prairies
11339,organic_search>organic_search>paid_search>organic_search,0,Atlantic
11340,display>paid_search>paid_search,0,AB
11341,display>paid_social>email,0,Atlantic
11342,paid_social>paid_search,0,ON
11343,paid_search>affiliate,0,Prairies
11344,paid_social>email,0,Prairies
11345,paid_social>organic_search>direct,1,ON
11346,display>paid_social>paid_social>paid_search,0,Prairies
11347,paid_social>paid_social>paid_search>display>organic_search,0,Prairies
11348,paid_social>paid_search>paid_social>direct,0,AB
11349,display>display>display>paid_search,0,AB
11350,direct,0,BC
11351,organic_search>organic_search>display>email,0,BC
11352,organic_search>paid_social>organic_search>display>organic_search>display>organic_search>affiliate,0,ON
11353,paid_social>paid_social>display>organic_search,0,QC
11354,display>direct,0,QC
11355,display>direct,0,BC
11356,direct,0,Prairies
11357,display>paid_search,0,Atlantic
11358,display>display>display>paid_search>direct,0,QC
11359,paid_social>display>affiliate>direct>email,0,AB
11360,display>paid_search>paid_social>display,0,AB
11361,organic_search>affiliate>direct,1,AB
11362,display>email,0,Atlantic
11363,organic_search>display>display>paid_search,0,Prairies
11364,email,0,Prairies
11365,paid_social>direct,0,AB
11366,email>direct,0,Prairies
11367,affiliate>affiliate>organic_search>paid_social>organic_search,1,QC
11368,email,0,Prairies
11369,paid_social>paid_search,0,Atlantic
11370,direct>display>paid_search>display>paid_social>paid_search>affiliate,0,AB
11371,direct>paid_social>organic_search>display>direct,0,AB
11372,organic_search,0,AB
11373,affiliate,0,QC
11374,paid_search,0,Atlantic
11375,display>paid_search,0,ON
11376,direct,0,Prairies
11377,paid_social>organic_search>paid_search>paid_search>affiliate>direct,0,Prairies
11378,direct>display>paid_search,0,AB
11379,email,1,QC
11380,display>paid_search>paid_social>paid_social,0,BC
11381,organic_search>affiliate>paid_social>affiliate,0,QC
11382,display>display>affiliate,0,AB
11383,display>paid_social>organic_search>paid_social>display,0,ON
11384,organic_search>paid_search,0,Prairies
11385,paid_search>organic_search>email,0,Atlantic
11386,display>paid_search>display>direct>direct,0,AB
11387,paid_search>display>affiliate,0,AB
11388,paid_social>organic_search,0,ON
11389,organic_search>paid_social>organic_search,0,Prairies
11390,paid_social>organic_search>affiliate>paid_social>organic_search>paid_social>organic_search,0,QC
11391,direct>organic_search>display>affiliate>affiliate,0,AB
11392,paid_social>display>paid_search,0,QC
11393,display,0,AB
11394,direct>display>paid_social>direct,0,BC
11395,paid_social>display>email>display>email,1,ON
11396,direct>organic_search>display>organic_search>organic_search,0,QC
11397,display>paid_search>paid_search>email,1,QC
11398,paid_social>display>affiliate,0,Prairies
11399,display>paid_search>paid_search>paid_search>direct,0,Prairies
11400,direct,0,BC
11401,organic_search>organic_search,0,BC
11402,paid_search>paid_social>email,0,Atlantic
11403,display>organic_search>paid_social>paid_social>paid_social>organic_search>direct,0,ON
11404,direct>display>organic_search>affiliate>display>display>affiliate>direct,0,ON
11405,organic_search>display>display>paid_social>paid_search,0,QC
11406,display>email,0,AB
11407,affiliate>display>direct,1,ON
11408,organic_search>affiliate>direct,1,BC
11409,display>organic_search>paid_search>direct,0,Atlantic
11410,direct,0,QC
11411,display>affiliate>organic_search>paid_social>direct,0,Prairies
11412,display>affiliate,0,QC
11413,organic_search>affiliate,0,QC
11414,paid_social>display>paid_social,0,Atlantic
11415,organic_search>paid_search>direct,0,Prairies
11416,paid_social>display>paid_search,0,Atlantic
11417,paid_social>display>paid_search>paid_search,0,QC
11418,paid_search,1,AB
11419,organic_search>paid_search>paid_social>paid_social>display>direct,0,Prairies
11420,display>display,0,BC
11421,display>paid_social>display>direct,0,QC
11422,display>direct,0,QC
11423,paid_search>display>direct,0,QC
11424,paid_social>display>organic_search>paid_search,1,BC
11425,paid_social>paid_search>direct,0,BC
11426,paid_search>email,0,Atlantic
11427,display>organic_search>paid_social>email,0,ON
11428,affiliate>affiliate>direct,0,ON
11429,paid_social>email,1,QC
11430,paid_social>organic_search>direct>display>display>display>paid_search,1,ON
11431,organic_search,0,BC
11432,paid_search>paid_search>organic_search>display>affiliate,0,Prairies
11433,display>paid_social>organic_search>display>direct,0,Atlantic
11434,paid_social>email>affiliate>paid_search,0,BC
11435,organic_search>paid_social>display>email,0,Atlantic
11436,organic_search>affiliate,0,QC
11437,organic_search,1,QC
11438,direct,0,Atlantic
11439,paid_social>display>organic_search,1,Atlantic
11440,display>direct,0,QC
11441,direct,0,AB
11442,paid_search,0,AB
11443,email>direct,0,AB
11444,display>display>direct>display>paid_social>direct,0,QC
11445,display>paid_social>paid_search>paid_social>paid_social>display>organic_search>affiliate>affiliate,0,Prairies
11446,paid_social>paid_social>paid_search,0,ON
11447,affiliate>organic_search>paid_social>paid_search>direct,0,QC
11448,paid_social>paid_social>display>email,0,QC
11449,display>display>display>affiliate,0,AB
11450,paid_search>display>email,0,ON
11451,paid_social>email>display>direct,0,Prairies
11452,display>paid_search>affiliate,0,QC
11453,paid_social>paid_social>email,0,Prairies
11454,email>paid_search>organic_search,0,Atlantic
11455,direct>display>paid_search,1,BC
11456,paid_social>paid_search,0,ON
11457,paid_search>paid_social>direct>display>paid_social,1,AB
11458,display>organic_search>direct,0,Prairies
11459,direct>direct>organic_search>direct,0,QC
11460,paid_social>display>organic_search>paid_search>email,0,Atlantic
11461,organic_search>paid_social>organic_search,1,AB
11462,email>paid_social>paid_search,1,ON
11463,paid_search>paid_social,0,Prairies
11464,display>paid_social>organic_search>direct>affiliate>organic_search>organic_search>organic_search,0,QC
11465,affiliate>paid_search,0,AB
11466,organic_search>display>organic_search>paid_social>organic_search,1,Atlantic
11467,paid_social>organic_search>display>affiliate>direct,0,Atlantic
11468,display>organic_search>display>affiliate>paid_search>paid_search>paid_social,0,Atlantic
11469,paid_search>paid_social>paid_social,0,Prairies
11470,email>organic_search>display>paid_search,1,Prairies
11471,paid_social>direct>paid_search>paid_search,0,BC
11472,paid_social>organic_search>email,0,Atlantic
11473,affiliate>organic_search>display>display>affiliate,0,Atlantic
11474,affiliate>email>direct,0,AB
11475,affiliate>paid_search,1,Atlantic
11476,paid_search>organic_search>organic_search>paid_search,0,Atlantic
11477,display>direct,0,BC
11478,affiliate>organic_search>paid_search>display>paid_search,0,ON
11479,paid_search,0,Prairies
11480,paid_social>paid_search>paid_social>paid_search>email,0,BC
11481,display>affiliate>display>paid_social>display>paid_social,0,BC
11482,direct>paid_social>display>direct>affiliate,0,BC
11483,display>paid_social>organic_search>email,0,ON
11484,paid_social>organic_search>paid_social>paid_social,1,AB
11485,paid_search>display>display>email,0,QC
11486,paid_social>organic_search,0,QC
11487,affiliate>paid_social>direct,0,AB
11488,paid_search>organic_search>display>organic_search>direct,1,Atlantic
11489,display>display>display>display>paid_search>organic_search>organic_search>email,0,AB
11490,display>email,0,BC
11491,affiliate>display>organic_search>paid_search,0,AB
11492,organic_search>affiliate>organic_search>paid_search>direct,0,ON
11493,email>display>direct>paid_search>organic_search>direct>paid_social>organic_search>direct,0,Atlantic
11494,organic_search>paid_search>organic_search>display>paid_search,0,Prairies
11495,display>paid_search>organic_search,0,Atlantic
11496,display>display>paid_social>paid_social>direct,0,BC
11497,display>paid_social>display>display>email,0,Atlantic
11498,paid_social>paid_social>organic_search>paid_search>display>email,0,AB
11499,paid_search>paid_social>paid_social,0,AB
11500,affiliate>organic_search>direct,0,BC
11501,display>display,0,Prairies
11502,organic_search>organic_search>paid_social>paid_social>paid_social>paid_search,0,QC
11503,direct>display>affiliate,0,Prairies
11504,paid_social>organic_search>email,0,Prairies
11505,paid_search>paid_social>direct>affiliate,0,AB
11506,display>display>paid_social>display>organic_search,0,AB
11507,display>direct,0,QC
11508,organic_search>paid_social>paid_social>paid_search>paid_social,0,AB
11509,display>direct>display>direct,0,Atlantic
11510,organic_search>paid_social>display>paid_social>email,0,Atlantic
11511,direct>organic_search>organic_search,0,AB
11512,display>paid_social>email,0,Prairies
11513,paid_social>paid_search>direct>direct,0,Atlantic
11514,display>paid_search,0,QC
11515,paid_social>organic_search>paid_social,0,Prairies
11516,paid_social>organic_search>organic_search,0,Prairies
11517,display>email>direct,0,Atlantic
11518,display>direct,0,ON
11519,email>affiliate>paid_search>organic_search>direct,1,Prairies
11520,paid_social>paid_social>paid_social>paid_search,0,Atlantic
11521,paid_search>paid_social>display>display>affiliate,0,QC
11522,paid_social>paid_search,0,BC
11523,paid_social>affiliate,0,Atlantic
11524,paid_social>paid_search>paid_social>paid_social>paid_search>direct>paid_search,0,AB
11525,display>paid_social>display>paid_social>paid_social>organic_search>paid_social,0,Atlantic
11526,paid_social>paid_social>paid_social>direct,0,BC
11527,paid_social>direct,0,ON
11528,display>display>display>email,0,BC
11529,organic_search>display>display>display>organic_search>display>paid_search>paid_social>paid_social,0,AB
11530,affiliate>email,0,BC
11531,display>paid_social>affiliate,0,Atlantic
11532,display>paid_social>paid_social>paid_search,0,QC
11533,display>display>email,0,BC
11534,affiliate,0,Prairies
11535,paid_social>organic_search>email>paid_social>organic_search>paid_social>direct,0,Atlantic
11536,display>display>paid_social>display>display>direct,0,Atlantic
11537,organic_search>paid_social>affiliate>direct,0,BC
11538,display>paid_social>email,0,Atlantic
11539,display>display>email>display,0,AB
11540,direct>display>display>paid_social>paid_social>organic_search>email,0,Prairies
11541,paid_social>organic_search>display>direct,0,QC
11542,paid_social>display>affiliate,0,Atlantic
11543,paid_search>paid_social,0,Prairies
11544,paid_search>paid_social>email,0,AB
11545,display>paid_search,0,AB
11546,display>display>organic_search,0,QC
11547,display>organic_search>direct,0,BC
11548,paid_search,0,Atlantic
11549,affiliate>organic_search,0,Atlantic
11550,affiliate,0,AB
11551,display>paid_social>paid_search>paid_social>paid_social,0,Prairies
11552,paid_social>affiliate,0,BC
11553,organic_search>paid_social>paid_search>display,0,QC
11554,paid_social,0,QC
11555,display>email,0,Atlantic
11556,direct,0,Atlantic
11557,paid_social>organic_search>affiliate>paid_search,1,Prairies
11558,paid_social>direct,0,BC
11559,display>display>display>paid_search>direct,0,Prairies
11560,paid_social>paid_social>organic_search>display>paid_social>affiliate,0,ON
11561,organic_search>affiliate>direct>direct,0,QC
11562,organic_search>direct,0,QC
11563,display>paid_social>paid_social>paid_search>paid_search,0,QC
11564,paid_search,0,Prairies
11565,paid_search>paid_search>organic_search>organic_search,1,Atlantic
11566,paid_search>paid_search>email>display>affiliate>display>email>paid_social,0,AB
11567,display>paid_social>email,0,QC
11568,paid_social>affiliate,0,Prairies
11569,paid_social>direct,0,ON
11570,paid_search>paid_social>paid_search,0,ON
11571,display>organic_search>organic_search>paid_social,1,QC
11572,paid_social>organic_search,0,AB
11573,paid_search>direct,0,QC
11574,display>display>paid_search,0,ON
11575,display>direct,0,Atlantic
11576,display>affiliate,0,QC
11577,organic_search>display>display>organic_search>affiliate,0,AB
11578,display>email,0,Atlantic
11579,organic_search>paid_search>paid_social>organic_search>email,0,BC
11580,display>organic_search>direct,0,AB
11581,organic_search>organic_search>direct,1,Prairies
11582,affiliate>paid_social>paid_search,0,QC
11583,paid_search>paid_social>paid_search>direct,1,Atlantic
11584,paid_search,0,Atlantic
11585,affiliate>direct,0,BC
11586,display>display>paid_search>email,0,QC
11587,affiliate>organic_search>paid_search>paid_search,0,Prairies
11588,paid_social>display>paid_social,0,AB
11589,paid_search>organic_search>paid_search>organic_search>email,0,ON
11590,affiliate>paid_social>direct,0,BC
11591,paid_search>paid_social>display>paid_search>affiliate,0,QC
11592,organic_search>paid_search>paid_search>direct,0,ON
11593,affiliate>display>paid_search>organic_search>affiliate,0,Atlantic
11594,email>organic_search>display>affiliate,0,ON
11595,affiliate>paid_social>email,0,Atlantic
11596,paid_social>paid_search,0,BC
11597,organic_search>direct,0,QC
11598,affiliate>display>paid_social>email,1,Prairies
11599,organic_search>organic_search>direct,0,QC
11600,display>display>display>organic_search>email,0,AB
11601,organic_search>organic_search>paid_search,0,Prairies
11602,paid_search>email>paid_search,0,ON
11603,paid_search>direct>paid_social>display>affiliate,0,Atlantic
11604,affiliate,0,Prairies
11605,display>organic_search>display>paid_social,0,AB
11606,direct,0,Prairies
11607,paid_search,1,BC
11608,display>affiliate,1,BC
11609,organic_search>organic_search>paid_social,0,Prairies
11610,organic_search,0,ON
11611,organic_search>direct,0,Prairies
11612,organic_search>affiliate>direct,0,Prairies
11613,organic_search>paid_social>display>organic_search>organic_search,0,Prairies
11614,paid_social>paid_social>paid_search,0,QC
11615,display>paid_social>paid_social>paid_social,0,QC
11616,direct>paid_social>display>paid_social>affiliate,0,QC
11617,display>affiliate>email,1,ON
11618,paid_search>display>affiliate>direct,0,AB
11619,display>paid_social>display>display,0,BC
11620,paid_social>affiliate>paid_social>email,0,Atlantic
11621,paid_search>affiliate>paid_search,0,QC
11622,display>display>paid_search>paid_search>organic_search>paid_search,1,BC
11623,paid_social>display>direct,0,ON
11624,affiliate>display>direct,0,Atlantic
11625,organic_search>paid_social>paid_social>direct>email,0,Atlantic
11626,display>paid_search,0,ON
11627,paid_social>paid_social>direct>organic_search,0,QC
11628,display>paid_social>direct>email,0,QC
11629,organic_search>organic_search>paid_social,0,Prairies
11630,paid_social>paid_social>paid_social>paid_social>paid_search,0,BC
11631,display>display>direct,0,Prairies
11632,paid_social>display>direct,0,BC
11633,display>display>direct,0,Prairies
11634,paid_social>direct,0,Prairies
11635,display>organic_search>paid_social>affiliate,0,AB
11636,paid_search>display>paid_social>organic_search>display>direct,0,QC
11637,paid_social>paid_social>direct,0,AB
11638,paid_search,0,BC
11639,paid_social>display>display>paid_search>email,0,Prairies
11640,paid_social>paid_social>paid_search>display>paid_social,1,Prairies
11641,display>email,0,BC
11642,organic_search>paid_social>direct,0,BC
11643,display>display>paid_search,1,AB
11644,display>organic_search,0,Atlantic
11645,organic_search>affiliate>affiliate>display>organic_search>email,0,Prairies
11646,direct,0,AB
11647,display>affiliate>paid_social>direct,0,Atlantic
11648,paid_social>paid_social>paid_social>display>affiliate,0,Prairies
11649,display>email>email,0,Atlantic
11650,organic_search>display>display>affiliate,0,QC
11651,organic_search>paid_social>organic_search>display>email,0,ON
11652,display>display>display>direct,0,BC
11653,paid_search>paid_search,0,ON
11654,paid_social>display>paid_search,0,BC
11655,paid_social>paid_social>paid_search,0,Atlantic
11656,display>organic_search>display>paid_social>affiliate>organic_search>affiliate,1,Prairies
11657,affiliate>affiliate>paid_social>display>paid_social>direct,0,QC
11658,paid_search>organic_search,0,AB
11659,paid_search,0,BC
11660,display>display>email,0,Atlantic
11661,display>affiliate>paid_social>paid_search,0,QC
11662,paid_search,1,Atlantic
11663,paid_social>email,0,AB
11664,display>email>direct,1,Atlantic
11665,paid_social>organic_search>direct,0,Prairies
11666,paid_social>paid_social>organic_search,0,AB
11667,paid_social>display>display>display>email,1,Prairies
11668,paid_search>display>email,0,Prairies
11669,email,0,QC
11670,display>display>paid_search>paid_search,1,QC
11671,organic_search>email>paid_search,0,AB
11672,organic_search>display>direct,0,Prairies
11673,paid_search>direct>display>organic_search>paid_search,0,QC
11674,direct>affiliate>affiliate,0,ON
11675,organic_search,0,BC
11676,organic_search>affiliate>paid_search,0,ON
11677,paid_social>affiliate>email>organic_search>paid_search>email,1,Atlantic
11678,paid_search,0,AB
11679,display>paid_social>display,0,BC
11680,affiliate>paid_search>email,0,Atlantic
11681,organic_search>paid_social>display>organic_search>paid_search,1,QC
11682,direct,0,BC
11683,paid_search>display>affiliate,0,AB
11684,paid_social>paid_social>direct,0,Prairies
11685,paid_social>direct,0,AB
11686,display>organic_search>paid_social>affiliate,0,AB
11687,paid_social,0,ON
11688,affiliate>paid_search,0,QC
11689,organic_search>paid_search,0,Prairies
11690,affiliate>paid_social>display>direct,0,Atlantic
11691,direct>direct,0,QC
11692,paid_search>paid_social>paid_social>email,0,AB
11693,paid_social>paid_social>direct>paid_social>organic_search>display>email,1,BC
11694,display>paid_social>paid_search,0,BC
11695,paid_social>affiliate>display>direct,0,AB
11696,direct,0,ON
11697,display>paid_social>display>paid_search,0,AB
11698,paid_social>organic_search>paid_social,0,QC
11699,paid_search>affiliate>paid_social>organic_search,0,BC
11700,paid_social>organic_search,0,Prairies
11701,display>organic_search>affiliate,0,BC
11702,organic_search>organic_search>paid_social>email,0,Prairies
11703,paid_search>affiliate,0,ON
11704,email>organic_search>paid_social,0,Atlantic
11705,organic_search>organic_search>organic_search,0,ON
11706,paid_search,0,AB
11707,direct>paid_social>direct,0,BC
11708,email>display>display>paid_search>email,1,AB
11709,paid_social>organic_search>direct,0,Atlantic
11710,organic_search>organic_search>direct,0,AB
11711,organic_search>paid_social>affiliate>paid_search>paid_social,0,Prairies
11712,direct>organic_search,0,BC
11713,display>display>paid_social>display>direct,0,Prairies
11714,paid_social>paid_social>paid_social>paid_search>paid_search,0,Atlantic
11715,paid_social>organic_search>organic_search>display>display>email,1,BC
11716,display>organic_search>paid_social>paid_social,0,AB
11717,affiliate,1,ON
11718,direct>paid_social>organic_search,0,ON
11719,display>paid_search>display>organic_search>display>affiliate,0,QC
11720,affiliate>paid_social>organic_search>direct,1,BC
11721,paid_social>organic_search>display,0,QC
11722,direct>paid_search>paid_social>paid_search,0,Prairies
11723,display>paid_search>organic_search>display>affiliate>email,1,Atlantic
11724,paid_search>paid_social>paid_social>paid_social>paid_search>display>paid_social>display>affiliate,0,ON
11725,affiliate>paid_search>affiliate>direct,0,Prairies
11726,display>affiliate>display>paid_search,0,AB
11727,paid_search>display>paid_social>organic_search,0,Prairies
11728,paid_search>paid_social>paid_social>organic_search>paid_social,1,Atlantic
11729,paid_social>display>affiliate,0,ON
11730,display>direct>display>organic_search,0,Atlantic
11731,paid_social>paid_social>organic_search>paid_search,0,AB
11732,organic_search>organic_search>affiliate>paid_social,0,ON
11733,paid_social>display>organic_search>paid_social>affiliate,0,Atlantic
11734,email>display>display>organic_search,1,AB
11735,paid_search>organic_search>display>display>email,0,Prairies
11736,paid_search,0,Prairies
11737,direct>affiliate,0,QC
11738,display>paid_social>paid_social>paid_search,0,BC
11739,direct>display>organic_search,0,ON
11740,organic_search>paid_search>paid_search,0,BC
11741,affiliate,0,AB
11742,display>paid_social>display>paid_social,1,AB
11743,affiliate>display>display>direct,0,BC
11744,paid_social>paid_search>affiliate>affiliate>affiliate,1,BC
11745,affiliate>display>paid_social>paid_search>paid_social,0,ON
11746,paid_search>display>paid_social>paid_social>direct,0,BC
11747,organic_search>paid_search>display>email>display>affiliate,0,Atlantic
11748,display>paid_social>paid_search>paid_search,0,ON
11749,paid_social>paid_social>paid_social>email,0,QC
11750,paid_search>organic_search>affiliate,0,ON
11751,display>email,0,AB
11752,display>display>affiliate,0,ON
11753,display>paid_search>direct,1,Prairies
11754,paid_search>paid_search>paid_social>direct,0,Atlantic
11755,paid_social>display>organic_search>organic_search>display>direct,0,AB
11756,affiliate>organic_search>paid_search>paid_social>paid_search>display>direct,1,ON
11757,affiliate>organic_search>display>direct,0,QC
11758,affiliate,0,AB
11759,organic_search>display>direct>direct,1,ON
11760,organic_search>display>paid_search>organic_search,0,QC
11761,organic_search>paid_social>display>direct,0,AB
11762,paid_search>email,0,BC
11763,organic_search>affiliate,0,ON
11764,direct>display>paid_social>direct>paid_search,0,Prairies
11765,paid_social>paid_social>direct,0,ON
11766,paid_social>display>affiliate>paid_social>affiliate,0,ON
11767,paid_social>organic_search>email,1,ON
11768,display>email,0,Atlantic
11769,paid_search>paid_social>email,0,AB
11770,paid_search>paid_search>direct>display>organic_search,1,ON
11771,paid_social>paid_search>email,0,Prairies
11772,affiliate>email,0,Atlantic
11773,affiliate>display>organic_search,0,AB
11774,display>affiliate>direct,0,Atlantic
11775,display>display>organic_search>email>organic_search,0,Prairies
11776,organic_search>display>email,0,AB
11777,display>paid_social>affiliate,0,QC
11778,paid_search>paid_social>paid_search,0,QC
11779,display>paid_social>email,0,Atlantic
11780,organic_search,0,Atlantic
11781,organic_search>display>display>affiliate>paid_social>paid_social,0,QC
11782,display>paid_social>affiliate,0,BC
11783,paid_search>display>organic_search>paid_search,0,Atlantic
11784,affiliate>direct>direct,0,Prairies
11785,display>organic_search>email,0,ON
11786,display>affiliate,0,Atlantic
11787,email>affiliate>display,0,ON
11788,display>organic_search>paid_social>organic_search,0,QC
11789,paid_social>paid_social>paid_social>paid_search>display>email,0,Atlantic
11790,affiliate>paid_social>affiliate>direct,0,AB
11791,paid_search>paid_social,0,AB
11792,email>paid_search>paid_social>paid_social>organic_search>email>email,0,QC
11793,paid_social>display>paid_social,0,QC
11794,organic_search>paid_search>display>affiliate,1,Prairies
11795,display>paid_social>paid_social>direct,0,Atlantic
11796,direct>affiliate>affiliate>display>paid_search,0,BC
11797,display>affiliate,0,ON
11798,display>direct>direct,0,AB
11799,paid_search>email,0,QC
11800,organic_search,0,AB
11801,paid_social>paid_social>direct>display,0,AB
11802,paid_social>paid_social>direct,0,BC
11803,paid_social>email,1,BC
11804,organic_search,0,BC
11805,affiliate>display>display>paid_search,0,AB
11806,display>paid_social>paid_social,0,Prairies
11807,paid_search>paid_social>affiliate>display>display>display>direct,0,AB
11808,direct>paid_social>direct,0,ON
11809,display>display>direct,0,Prairies
11810,paid_social>organic_search>paid_social>email,0,BC
11811,paid_social>paid_search>paid_search>organic_search,0,ON
11812,paid_social>organic_search>organic_search>paid_social>display>email,1,Prairies
11813,paid_search>paid_search>paid_social>display>paid_social>email,0,QC
11814,paid_social,0,QC
11815,direct>organic_search>paid_search,0,QC
11816,display>display>affiliate,0,Prairies
11817,affiliate>organic_search>display>organic_search>affiliate>direct>direct,0,AB
11818,display>display>email,0,ON
11819,direct,0,ON
11820,direct>paid_social>display,0,AB
11821,paid_social>direct>paid_search,0,Prairies
11822,paid_social>organic_search,0,AB
11823,display>organic_search>paid_search,0,AB
11824,paid_social>email,0,ON
11825,paid_search>email,0,Prairies
11826,paid_search>display>display>paid_social>organic_search,0,Prairies
11827,affiliate>paid_search>paid_search>display>direct,0,AB
11828,direct,0,QC
11829,paid_social>email,0,Atlantic
11830,paid_social>paid_social>display>affiliate>email,0,Prairies
11831,display>paid_social>paid_social>direct,0,AB
11832,organic_search>organic_search,1,Atlantic
11833,display>display>display>paid_search,0,Atlantic
11834,paid_social>paid_search>paid_social>affiliate,0,Prairies
11835,display>display>organic_search>email,0,Prairies
11836,display>paid_social>display>display>organic_search>paid_social>paid_search,0,BC
11837,display>affiliate>organic_search>affiliate,0,BC
11838,email>paid_search,0,QC
11839,organic_search>paid_search>organic_search,0,Prairies
11840,display>direct>organic_search>affiliate>email,0,Prairies
11841,direct>direct>affiliate>direct,1,Prairies
11842,organic_search>direct,0,QC
11843,paid_search>display>organic_search>paid_social>organic_search>email,0,Prairies
11844,display>organic_search>direct,0,Prairies
11845,paid_social>paid_social>paid_search,0,AB
11846,affiliate,0,AB
11847,organic_search>organic_search,0,ON
11848,paid_social>display>affiliate,0,AB
11849,paid_social>display,1,QC
11850,paid_social>email,0,QC
11851,paid_social>display>paid_social>organic_search>direct,0,Atlantic
11852,paid_search>direct,0,ON
11853,organic_search>paid_search>direct>email,1,Prairies
11854,organic_search>paid_search,0,QC
11855,display>paid_social>direct,1,AB
11856,organic_search>display>direct,0,BC
11857,display>organic_search>display>direct,0,QC
11858,direct>organic_search>paid_search,0,BC
11859,organic_search>organic_search>direct,0,AB
11860,organic_search>direct,0,BC
11861,email,0,QC
11862,display>organic_search>paid_search>organic_search,0,Atlantic
11863,paid_social>paid_search>organic_search>paid_search,0,ON
11864,paid_search>direct>email,0,Atlantic
11865,organic_search>organic_search>direct,0,ON
11866,paid_search>display>organic_search>organic_search,0,Prairies
11867,organic_search>organic_search>organic_search,1,Atlantic
11868,display>direct,0,QC
11869,display>email>organic_search>paid_search,0,BC
11870,direct>display>organic_search,0,BC
11871,direct>display>paid_social>organic_search>organic_search>affiliate,0,Prairies
11872,direct,0,QC
11873,display>organic_search>organic_search>direct,0,BC
11874,organic_search>paid_social>direct>organic_search>display>direct,1,AB
11875,organic_search>display>affiliate,0,Prairies
11876,direct>display>direct,0,Prairies
11877,paid_social>paid_social>organic_search>organic_search>paid_social>email,0,AB
11878,display>paid_search>display>direct,0,AB
11879,affiliate>affiliate,0,QC
11880,display>direct>email>direct,0,Atlantic
11881,paid_search,0,AB
11882,display>paid_social>paid_social>paid_social,0,Atlantic
11883,affiliate>direct>organic_search>organic_search>paid_social>display>paid_search>email,0,ON
11884,direct,0,Prairies
11885,paid_search>affiliate>affiliate>affiliate>paid_search,1,AB
11886,organic_search>display>affiliate>paid_search>organic_search,0,BC
11887,display>display>affiliate,0,Atlantic
11888,display>paid_social>display>affiliate>affiliate,0,QC
11889,affiliate>display>organic_search>display>email,0,ON
11890,paid_social>paid_search,0,ON
11891,paid_social>display>paid_social>affiliate,0,AB
11892,organic_search>organic_search>direct>display>display>display>paid_search>direct,0,Prairies
11893,display>display>organic_search>display>direct,0,ON
11894,display>direct>direct,0,AB
11895,paid_search,0,BC
11896,organic_search>paid_search>affiliate,0,Prairies
11897,organic_search>affiliate,0,QC
11898,organic_search>display>paid_social>email,0,Prairies
11899,organic_search>display>display>organic_search,0,Prairies
11900,display>paid_social>affiliate>organic_search,0,QC
11901,organic_search>email>organic_search,0,ON
11902,display>paid_search>organic_search>affiliate>direct,0,Atlantic
11903,affiliate>paid_social>paid_social>paid_search,0,QC
11904,paid_search>paid_search,0,AB
11905,paid_search>direct,0,Prairies
11906,direct>affiliate,0,BC
11907,direct,0,Atlantic
11908,affiliate>organic_search>direct,0,Prairies
11909,paid_social>paid_social>organic_search,0,BC
11910,paid_search>paid_social>organic_search>email,1,ON
11911,paid_search>display>paid_social>organic_search>display>email,0,ON
11912,display>email,0,Atlantic
11913,paid_social>direct,0,BC
11914,paid_search>organic_search,1,AB
11915,paid_social>email,1,ON
11916,affiliate>paid_social,0,QC
11917,display>paid_search>direct,0,ON
11918,display>paid_search>organic_search>paid_search>paid_search>direct,1,ON
11919,display>organic_search>organic_search>organic_search>organic_search>direct,0,AB
11920,display>display>direct,0,QC
11921,display>organic_search>paid_search>email,0,Prairies
11922,email>paid_social>affiliate>paid_social>email,0,BC
11923,display>affiliate,0,QC
11924,direct>display>display>direct,0,Prairies
11925,organic_search>paid_social>paid_social>paid_social,1,Prairies
11926,paid_social>paid_social>affiliate,0,AB
11927,display>paid_social>display>paid_search,0,ON
11928,direct>paid_social>paid_search>display>affiliate,0,AB
11929,paid_social>direct>organic_search>display>paid_social,0,ON
11930,paid_social>organic_search>organic_search>paid_social>paid_social>organic_search>email,0,AB
11931,affiliate>email>paid_social,0,ON
11932,affiliate>paid_search>display>display>paid_social>organic_search>affiliate>email,0,BC
11933,organic_search>display>paid_search,0,Prairies
11934,organic_search>paid_search>organic_search>direct,0,BC
11935,paid_search>direct,0,AB
11936,paid_search>organic_search>display,0,BC
11937,paid_social>email,0,ON
11938,display>paid_social>paid_social>display>paid_search,1,ON
11939,display>email,0,Atlantic
11940,paid_social>paid_social>paid_social>affiliate>direct,0,ON
11941,display>display>paid_social>paid_social>direct>paid_search,0,QC
11942,paid_social>paid_search,0,ON
11943,affiliate>paid_social>organic_search>direct,0,BC
11944,paid_social>paid_search,0,ON
11945,display>display>display>display>paid_social,0,BC
11946,display>affiliate,0,AB
11947,affiliate>organic_search>organic_search,0,Prairies
11948,display>organic_search>organic_search,0,Atlantic
11949,display>paid_social>display>display>direct>paid_search,0,QC
11950,paid_social>affiliate>display>paid_social>paid_search,0,ON
11951,display>paid_search>paid_social>display>organic_search>display>affiliate,0,Prairies
11952,organic_search>display>display>paid_social,0,QC
11953,email>direct,0,ON
11954,display>affiliate>paid_social>direct,0,QC
11955,display>paid_search>paid_social>paid_social,0,BC
11956,direct,0,Atlantic
11957,email>display>organic_search>affiliate>direct,0,ON
11958,email>display>organic_search,0,QC
11959,direct,0,ON
11960,display>direct,0,QC
11961,affiliate>display>paid_social>email,0,QC
11962,display>display>paid_social>display>direct,0,Prairies
11963,display>organic_search>display>paid_search,0,Prairies
11964,display>paid_social>affiliate,0,BC
11965,display>organic_search>display>affiliate,0,Atlantic
11966,paid_social>paid_social,0,ON
11967,display>affiliate>direct,0,ON
11968,organic_search>paid_social>email,0,QC
11969,display>organic_search,0,AB
11970,display>paid_social>paid_social>direct,1,ON
11971,organic_search>paid_social>affiliate,0,BC
11972,paid_social>paid_search>paid_social>affiliate,0,Prairies
11973,display>paid_social>direct,0,Prairies
11974,display>direct>paid_search,0,AB
11975,paid_social>paid_search,0,AB
11976,organic_search,0,Prairies
11977,affiliate>display>paid_social,0,QC
11978,paid_search,0,ON
11979,paid_search>paid_social>paid_search,0,ON
11980,organic_search>affiliate>paid_social>email,0,AB
11981,paid_social>affiliate>organic_search>display>email,1,Prairies
11982,paid_social>paid_social>organic_search>paid_social>paid_social>paid_social>display>direct,0,Atlantic
11983,organic_search>direct>organic_search,0,BC
11984,direct>affiliate,0,ON
11985,display>display>email,1,Prairies
11986,paid_search>direct,0,ON
11987,paid_social>paid_social>paid_search,1,ON
11988,organic_search>display>affiliate>organic_search>direct,0,Prairies
11989,display>paid_search>display>display>email,0,Atlantic
11990,display>organic_search>email,0,ON
11991,paid_social>organic_search>organic_search>display>email,0,BC
11992,paid_search>affiliate,0,Atlantic
11993,organic_search>direct>paid_search>paid_search,0,Prairies
11994,display>affiliate,0,Atlantic
11995,paid_social>email,0,Prairies
11996,paid_social>affiliate,0,QC
11997,affiliate>display>organic_search>direct,0,BC
11998,display>paid_social>direct>organic_search>display>paid_social>paid_social,0,Prairies
11999,organic_search>organic_search>paid_search>display,0,QC
12000,affiliate>display>paid_social>email,0,Atlantic
12001,organic_search>paid_search>organic_search,0,BC
12002,paid_search>organic_search>affiliate,0,AB
12003,paid_social>email>email,0,AB
12004,paid_social>organic_search>organic_search>paid_social>email,0,QC
12005,paid_social>organic_search>organic_search>display>display>direct,0,ON
12006,paid_search>paid_search>organic_search>paid_social>paid_social>display>email>direct,0,Atlantic
12007,display>display>organic_search>organic_search,0,QC
12008,affiliate>direct,0,Prairies
12009,direct>paid_social>paid_search,0,ON
12010,affiliate>affiliate>paid_social>paid_search,0,Atlantic
12011,paid_social>paid_search,1,ON
12012,organic_search>affiliate>organic_search,0,AB
12013,affiliate,0,Prairies
12014,organic_search>affiliate,0,Prairies
12015,paid_social>affiliate>direct,1,ON
12016,display>display>paid_search,0,QC
12017,display>paid_social>paid_search,0,Prairies
12018,direct,0,Atlantic
12019,paid_search>display>paid_social>paid_social,0,AB
12020,display>paid_social>display>display>display,0,ON
12021,paid_search>paid_social>organic_search,0,BC
12022,organic_search>paid_search>email,0,AB
12023,paid_social>display>paid_search,0,Atlantic
12024,organic_search>paid_social>email>display>organic_search>organic_search>affiliate,1,Atlantic
12025,affiliate>organic_search>email>paid_social>paid_search>organic_search>affiliate,1,AB
12026,direct>organic_search>email>paid_social>organic_search,0,ON
12027,organic_search>display>paid_social>paid_search>paid_social>paid_social>organic_search,0,Prairies
12028,organic_search>paid_search>paid_social>display>paid_social>email,0,BC
12029,direct>organic_search>affiliate>organic_search>organic_search>direct,0,ON
12030,organic_search,0,ON
12031,display>direct>paid_search,0,QC
12032,direct>display>organic_search>organic_search>direct>organic_search,0,QC
12033,organic_search>organic_search>affiliate>display>affiliate>email,0,Prairies
12034,paid_social>affiliate,1,AB
12035,paid_social>affiliate>display>display,0,Atlantic
12036,direct>paid_social>paid_social>organic_search>affiliate,0,Prairies
12037,display>affiliate>paid_search>paid_social>paid_social,1,ON
12038,paid_social>organic_search>direct,0,Prairies
12039,direct>paid_search,0,Atlantic
12040,paid_social>paid_social>display>organic_search,0,ON
12041,display>display,0,BC
12042,paid_social>organic_search>display>display>paid_social>paid_social>direct,1,Prairies
12043,direct>paid_social>display>affiliate,0,ON
12044,display>paid_social>direct>display,0,BC
12045,display>organic_search>paid_social>display>direct,0,AB
12046,paid_search>organic_search,0,Atlantic
12047,organic_search,0,ON
12048,organic_search,1,Atlantic
12049,affiliate>affiliate,0,BC
12050,organic_search>paid_social>email>affiliate>affiliate,0,QC
12051,affiliate>organic_search>paid_social,0,BC
12052,paid_social>organic_search>direct,0,QC
12053,organic_search>display>display>paid_social>display>direct,0,Prairies
12054,organic_search>paid_search>direct,0,QC
12055,affiliate>organic_search,0,BC
12056,display>organic_search>paid_search,0,AB
12057,organic_search>paid_search>organic_search>affiliate,0,AB
12058,display>direct,0,BC
12059,organic_search>affiliate>display>display>direct,0,Atlantic
12060,paid_search>display>paid_social>direct,0,Atlantic
12061,paid_social>email>paid_search>paid_search>organic_search>direct,0,Prairies
12062,paid_social>direct,0,Atlantic
12063,paid_social>paid_search,0,Prairies
12064,display>paid_search,0,BC
12065,paid_search>paid_social>organic_search>paid_search>display>direct>display,0,ON
12066,paid_social>paid_social>organic_search>direct,0,BC
12067,affiliate>paid_social>paid_search>paid_search,0,ON
12068,display>affiliate>paid_social,0,QC
12069,paid_search>affiliate>direct>paid_social>affiliate,0,AB
12070,display>direct>paid_social>affiliate,0,ON
12071,display>paid_social>paid_social>paid_search>paid_search,0,AB
12072,display>display>paid_social>email,0,BC
12073,paid_search>organic_search>paid_search>paid_social>display>paid_search,0,Atlantic
12074,paid_social>affiliate>organic_search,0,BC
12075,display>paid_search,0,Prairies
12076,paid_social>email>organic_search>organic_search,0,Atlantic
12077,paid_social>paid_search>organic_search,0,Prairies
12078,paid_social>display>paid_search>display>organic_search,0,BC
12079,paid_social>organic_search,0,ON
12080,email>email>display>email>email,0,Atlantic
12081,organic_search,0,BC
12082,display>paid_social>paid_search,0,BC
12083,paid_search>paid_social>paid_social>paid_social,0,BC
12084,paid_search>affiliate>direct,0,Atlantic
12085,paid_search>display>paid_search>paid_social>direct,0,QC
12086,direct>paid_search,0,ON
12087,paid_search>paid_search>affiliate>paid_social,0,Atlantic
12088,paid_social>paid_search,0,QC
12089,paid_social>affiliate>paid_search>paid_social>paid_search,0,Atlantic
12090,affiliate>paid_search,0,AB
12091,email>display>direct,0,BC
12092,email,0,ON
12093,paid_social>paid_search>organic_search>display>email,0,ON
12094,direct>email,0,QC
12095,display>display>paid_social>display>display>organic_search,0,QC
12096,paid_social>paid_social>paid_search,0,QC
12097,paid_social>paid_social>organic_search>organic_search,0,AB
12098,organic_search>paid_social>affiliate>display>display>paid_social>organic_search>paid_search,0,AB
12099,paid_social>affiliate,0,ON
12100,affiliate>email,0,QC
12101,display>email,0,AB
12102,direct>display>display>email>organic_search,0,Prairies
12103,paid_social>paid_social>paid_social>paid_search,0,ON
12104,paid_search>paid_social>organic_search>organic_search,0,Atlantic
12105,paid_social>paid_search,0,QC
12106,paid_search>display>display>email>paid_social,0,ON
12107,organic_search>organic_search>affiliate,0,BC
12108,organic_search>display>paid_search,0,QC
12109,paid_social>display>paid_social>organic_search,0,ON
12110,display>paid_social>direct,0,Atlantic
12111,display>direct,0,BC
12112,display>paid_search>display>affiliate>paid_search,0,Prairies
12113,organic_search>display>display>email,0,BC
12114,display>display>display>paid_search,0,QC
12115,paid_social>display>paid_search>display>paid_search,1,Atlantic
12116,paid_search>paid_search>organic_search>affiliate,0,AB
12117,paid_search>paid_social>affiliate>organic_search>display>direct,0,BC
12118,direct>display>paid_search>display>paid_social>email,0,BC
12119,display>paid_social>display>organic_search>paid_search,0,Prairies
12120,paid_social>display>paid_social,0,Prairies
12121,paid_social>paid_social>paid_search>paid_search>paid_search,0,BC
12122,organic_search>display>paid_search>direct,1,AB
12123,email>paid_search,0,Atlantic
12124,paid_search>paid_social>paid_search,1,ON
12125,display>organic_search>paid_social,0,ON
12126,paid_social>display>paid_social>paid_search>display>organic_search>display,0,QC
12127,paid_search>paid_social>affiliate>paid_search,0,QC
12128,affiliate>display>organic_search>paid_social,0,Atlantic
12129,affiliate>email>organic_search>affiliate,1,BC
12130,organic_search>paid_social>paid_search,0,QC
12131,affiliate>display>paid_search,0,BC
12132,email>affiliate>organic_search>paid_search,0,Atlantic
12133,paid_social>paid_social>organic_search,1,Atlantic
12134,display>paid_search>organic_search,0,QC
12135,organic_search>organic_search>direct,0,ON
12136,paid_social>direct>paid_social>paid_search,1,AB
12137,organic_search>organic_search>display>display>paid_social,1,QC
12138,display>display>organic_search>direct,0,Prairies
12139,organic_search>display>paid_social>direct,0,BC
12140,paid_search>affiliate>direct>paid_search,0,QC
12141,paid_social>direct>display>display>direct>affiliate,0,AB
12142,paid_social>affiliate>paid_search,0,Prairies
12143,organic_search>paid_social>paid_social>display>paid_search,0,Prairies
12144,affiliate>display>email,0,AB
12145,direct>paid_search>organic_search>organic_search>affiliate>direct,0,Prairies
12146,affiliate>organic_search>paid_social>direct>paid_search>paid_search,1,AB
12147,paid_search>display>paid_social,0,ON
12148,affiliate>paid_social>affiliate,0,BC
12149,organic_search>display>paid_search>direct>direct>email,1,Prairies
12150,affiliate>paid_social>display>organic_search,0,BC
12151,display>email,0,ON
12152,organic_search>direct,0,AB
12153,paid_social>organic_search>display>affiliate>display>paid_social>email,0,AB
12154,organic_search>direct,0,AB
12155,paid_social>email>paid_social>direct,0,Atlantic
12156,paid_social>organic_search>display>paid_search,0,AB
12157,organic_search>paid_social>direct,0,QC
12158,organic_search>paid_social>display>direct>paid_search,0,QC
12159,paid_search>paid_social>email,1,ON
12160,paid_search>display>direct,0,Prairies
12161,paid_social>affiliate>paid_search>display>email>email,1,QC
12162,paid_social>display>display>display>display>paid_social>direct,0,ON
12163,paid_social>paid_social>display>paid_search>paid_social>display>direct,0,Atlantic
12164,paid_social>paid_social>paid_search>organic_search>display>paid_search,0,BC
12165,paid_search>display>organic_search>affiliate>paid_social>organic_search,1,BC
12166,paid_social>organic_search>affiliate>display>organic_search,0,Prairies
12167,paid_search>display>affiliate,0,BC
12168,display>email,0,AB
12169,display>display>paid_search,0,ON
12170,paid_search>paid_search>organic_search>paid_search>organic_search>direct,0,AB
12171,paid_social>paid_social,0,Atlantic
12172,display>display>direct,0,AB
12173,paid_social>display>paid_social,0,QC
12174,direct>paid_social>direct,0,AB
12175,organic_search,0,Prairies
12176,organic_search>display>paid_social>affiliate,0,AB
12177,affiliate>affiliate>direct,0,AB
12178,display>display>email,0,BC
12179,display>paid_social>display>paid_search,0,BC
12180,display>display>display>display>affiliate>direct,0,QC
12181,paid_social>direct,0,ON
12182,paid_social>display>paid_search,0,QC
12183,paid_social>display,0,AB
12184,display>direct,0,QC
12185,display>paid_social>paid_social,1,BC
12186,paid_search>direct>organic_search>paid_search,0,QC
12187,paid_search>display>email,0,ON
12188,paid_social>display>paid_social>direct,0,ON
12189,email,0,AB
12190,display>organic_search>direct,0,AB
12191,paid_search>paid_search>organic_search>direct,1,BC
12192,paid_social>email>display>paid_search,0,BC
12193,organic_search>organic_search>organic_search>display,1,BC
12194,display>paid_search>paid_social>display>email,0,Atlantic
12195,affiliate>display>affiliate>paid_search,0,Prairies
12196,paid_social>display>display>organic_search,1,QC
12197,paid_social>paid_social>paid_social,0,Atlantic
12198,affiliate>affiliate,0,QC
12199,display>paid_search>organic_search,0,Atlantic
12200,paid_search>email,0,ON
12201,display>paid_social>display>paid_social,0,AB
12202,direct>paid_social>paid_social>organic_search>email>paid_social>affiliate,0,ON
12203,paid_social>email,0,QC
12204,paid_search>display>paid_search>paid_search,0,QC
12205,paid_social>direct,0,Atlantic
12206,display>paid_social>affiliate>direct,0,ON
12207,paid_social>organic_search>email,0,Prairies
12208,display>display>paid_social>direct,1,AB
12209,display>display>paid_search,0,ON
12210,display>affiliate,0,Atlantic
12211,display>paid_search>display>paid_search,0,Prairies
12212,display>paid_search,0,QC
12213,paid_search>email,0,QC
12214,direct>paid_search>paid_social,0,ON
12215,email>organic_search>organic_search,1,AB
12216,paid_social>paid_search>affiliate>organic_search>direct,0,BC
12217,display>email,0,QC
12218,paid_search>display>affiliate>display>direct,0,Atlantic
12219,organic_search>affiliate>affiliate>paid_social>paid_search>email,0,BC
12220,affiliate,0,QC
12221,paid_social>organic_search>organic_search,0,BC
12222,paid_search>organic_search>direct>paid_search,0,AB
12223,organic_search>organic_search>paid_search>display>display>direct>paid_search,0,AB
12224,paid_social>display>organic_search>affiliate>display>paid_search,0,ON
12225,organic_search>display>direct,0,BC
12226,paid_search>display>organic_search>organic_search,0,ON
12227,paid_social>display>paid_social>affiliate,0,Atlantic
12228,display>direct,0,Atlantic
12229,organic_search>paid_social,0,BC
12230,organic_search>paid_search>paid_social>email>direct,0,QC
12231,affiliate,0,AB
12232,direct>affiliate>organic_search>paid_social>display>email,0,ON
12233,organic_search>paid_search,0,QC
12234,display>organic_search>direct>paid_search,0,Atlantic
12235,paid_search>email>email>direct,0,AB
12236,email,0,Atlantic
12237,paid_social>direct,0,ON
12238,paid_search>paid_social>affiliate,0,BC
12239,display>direct>paid_social>paid_social>organic_search,0,Prairies
12240,display>paid_search>direct,0,BC
12241,organic_search>paid_social>direct>paid_search>paid_social>display>paid_search,0,Atlantic
12242,organic_search>paid_social,0,BC
12243,paid_search>paid_social>affiliate>paid_social>direct,0,BC
12244,affiliate>email>affiliate,0,AB
12245,organic_search>display>direct>email>paid_search>paid_social>paid_search,1,AB
12246,display>organic_search>paid_social>affiliate,0,ON
12247,paid_search>display>display>organic_search>direct,0,BC
12248,paid_social>display>paid_social>affiliate,0,QC
12249,organic_search>paid_social>paid_social>display>affiliate,0,Prairies
12250,affiliate>direct,0,Atlantic
12251,display>display>paid_search>email,0,Atlantic
12252,paid_social>paid_search>paid_social>paid_social>display>affiliate>affiliate,1,QC
12253,paid_search>paid_social>direct,0,AB
12254,email,0,QC
12255,paid_search>organic_search>display>display>affiliate>display>paid_social>paid_social>direct,0,BC
12256,paid_search>paid_search>paid_social>organic_search>affiliate>direct,0,Atlantic
12257,paid_social>email,0,Atlantic
12258,paid_social>display>organic_search>direct>display>paid_social>paid_search,0,Atlantic
12259,organic_search>display>organic_search,0,AB
12260,organic_search>organic_search>display>paid_social>display>affiliate,0,Atlantic
12261,paid_search>email>organic_search,0,QC
12262,paid_search>paid_search>organic_search>paid_search>paid_social>paid_search,0,BC
12263,direct>display>email,0,QC
12264,email,0,AB
12265,display>paid_social>display>paid_search>display,0,Prairies
12266,direct>organic_search>paid_social>direct>affiliate,1,AB
12267,paid_search>organic_search>affiliate>display>display>direct,0,Atlantic
12268,affiliate>display>organic_search>paid_search>affiliate,0,Prairies
12269,paid_social>display>paid_social>paid_social>display>paid_search,0,AB
12270,organic_search>paid_search,1,Atlantic
12271,organic_search>organic_search>email,0,QC
12272,display>display>email,0,BC
12273,display>display>display>display>organic_search,0,ON
12274,display>paid_search>paid_search,0,Atlantic
12275,paid_search>direct>organic_search>paid_search>paid_social>email,0,Atlantic
12276,organic_search>paid_search,0,QC
12277,paid_social>paid_social>direct,0,BC
12278,paid_social>paid_search,1,AB
12279,display>direct,0,AB
12280,paid_social>organic_search>affiliate>email>direct>display>affiliate,1,Prairies
12281,email>organic_search>organic_search,0,AB
12282,organic_search>paid_social>paid_search>direct,0,QC
12283,paid_social>display>display,0,Prairies
12284,paid_search>email,0,BC
12285,affiliate>display>direct,0,Atlantic
12286,paid_search>direct,0,BC
12287,paid_search>display>display>display>display>paid_social,0,ON
12288,paid_search>affiliate>paid_social>display>direct,0,QC
12289,organic_search>paid_social>paid_search>display>organic_search>paid_search,0,QC
12290,display>display>display>paid_social>paid_search>affiliate,0,Atlantic
12291,direct>paid_social>organic_search>affiliate,1,ON
12292,paid_search>affiliate>affiliate,0,Prairies
12293,affiliate>paid_social>paid_search,0,BC
12294,organic_search>organic_search>direct>email,0,Atlantic
12295,paid_social>email>email>direct,0,QC
12296,email,0,AB
12297,display>display>display,0,QC
12298,affiliate>organic_search>paid_search>direct,0,ON
12299,paid_search>affiliate>display>affiliate,0,Atlantic
12300,paid_search>paid_search,0,Prairies
12301,direct>display>display>display>affiliate,0,Atlantic
12302,affiliate,0,Atlantic
12303,display>display>affiliate,0,ON
12304,organic_search>display>affiliate>display>organic_search,0,AB
12305,organic_search>organic_search>direct>paid_social>paid_social>paid_social,0,BC
12306,paid_search>paid_social,0,ON
12307,organic_search>display>paid_search,0,Atlantic
12308,paid_social>paid_search>email,0,QC
12309,paid_search>display,0,QC
12310,display>display>paid_social>paid_social,0,AB
12311,display>organic_search,0,BC
12312,display>display>paid_search,0,QC
12313,paid_social>display>paid_social>paid_search>paid_search>organic_search>direct,0,Atlantic
12314,display>paid_social>display>direct,0,QC
12315,display>email,0,QC
12316,affiliate>email,0,ON
12317,affiliate>display>paid_social>paid_search,0,QC
12318,display>affiliate>paid_social>paid_social>paid_social>organic_search>paid_search,0,QC
12319,display>organic_search>paid_search,0,QC
12320,direct>paid_social>affiliate>direct,0,Atlantic
12321,organic_search>display>display>paid_search>organic_search>email,0,BC
12322,paid_social>direct,0,BC
12323,organic_search>organic_search>paid_social>organic_search,0,AB
12324,paid_social>paid_search>affiliate,0,AB
12325,paid_social>paid_search>paid_search>organic_search,0,QC
12326,organic_search>paid_search>paid_social>paid_social>display>affiliate,0,BC
12327,paid_social>organic_search>paid_search,0,Atlantic
12328,display>display>direct>paid_search>direct,0,Prairies
12329,organic_search>direct,0,AB
12330,display>organic_search>organic_search>direct,0,Atlantic
12331,paid_search>display>paid_search>display>display>display,0,BC
12332,email,0,Prairies
12333,paid_social>affiliate>display,0,Atlantic
12334,affiliate>email,1,Atlantic
12335,organic_search>organic_search>email,0,ON
12336,email,0,BC
12337,affiliate>paid_social>affiliate>display>direct>direct,0,Atlantic
12338,direct>display>direct,0,Atlantic
12339,paid_search>paid_social>organic_search>email,0,Prairies
12340,display>paid_search>organic_search,0,Prairies
12341,direct>display>affiliate>paid_social,0,BC
12342,organic_search>display>display>paid_search>paid_social,0,BC
12343,organic_search>organic_search>organic_search>paid_search>paid_social>direct,0,Prairies
12344,organic_search>paid_search>organic_search>organic_search,0,Atlantic
12345,display>display>organic_search>affiliate>email,0,Atlantic
12346,paid_social>display>affiliate,1,AB
12347,paid_social>direct,0,BC
12348,display>paid_social>affiliate,0,Prairies
12349,display>email>organic_search,0,Atlantic
12350,display>display>direct,0,AB
12351,paid_social>display>organic_search>organic_search>paid_social,1,QC
12352,display>display>direct,0,AB
12353,display>organic_search>paid_search>paid_social>paid_social>affiliate,0,ON
12354,paid_search>direct,0,Atlantic
12355,organic_search>paid_social,0,Prairies
12356,paid_social>paid_search,0,Prairies
12357,paid_social>paid_search,0,Atlantic
12358,organic_search>paid_social>email,0,BC
12359,direct,0,Atlantic
12360,display>affiliate>paid_social>paid_search>organic_search,0,ON
12361,paid_social>display>organic_search>organic_search>email,0,Prairies
12362,display>email>direct,0,QC
12363,display>paid_search>paid_search>affiliate,0,BC
12364,paid_social>affiliate>direct,0,AB
12365,paid_social>paid_social>organic_search>direct,0,ON
12366,paid_social>paid_search>organic_search>paid_social>display>affiliate,1,AB
12367,paid_social>display>affiliate,0,AB
12368,display>paid_social>email,0,Prairies
12369,display>paid_search>affiliate>paid_social>email>paid_social>display>display,0,AB
12370,paid_search,0,AB
12371,paid_social>direct>organic_search>email,0,ON
12372,organic_search>paid_social>display>display>organic_search>direct>direct,1,Prairies
12373,paid_social>organic_search,0,Prairies
12374,display>paid_social>paid_search>affiliate>affiliate,0,AB
12375,display>display>paid_search,0,QC
12376,paid_social>paid_social>paid_social>paid_social>affiliate,0,Atlantic
12377,display>organic_search>direct,1,Prairies
12378,direct>email>paid_social>affiliate>paid_search,0,Prairies
12379,display>paid_search>paid_social>direct,0,Atlantic
12380,paid_social>email,0,BC
12381,paid_search>display>display>affiliate,0,AB
12382,display>display>affiliate>email,0,Prairies
12383,paid_search>paid_search>display>direct,0,QC
12384,organic_search>display>paid_search>paid_social>paid_search>organic_search,1,BC
12385,paid_social>paid_search>organic_search>display>direct>organic_search>paid_social,0,QC
12386,paid_search>display>paid_social>paid_search>paid_social>direct>display>email,1,ON
12387,organic_search>direct>direct,0,AB
12388,affiliate>organic_search>direct>paid_social>email,1,Prairies
12389,display>email,0,Prairies
12390,email>email,0,BC
12391,paid_social>paid_search>paid_social>display>email,0,QC
12392,organic_search>display>display,1,QC
12393,organic_search>paid_search>paid_social>direct>paid_search>direct>direct,0,QC
12394,paid_social>paid_social>display>direct>direct,0,ON
12395,display>affiliate>email,0,QC
12396,paid_search,0,QC
12397,direct,0,ON
12398,paid_social>organic_search>organic_search,0,QC
12399,display>paid_social>direct,0,BC
12400,display>paid_search>affiliate>affiliate,0,QC
12401,email,0,AB
12402,display>email,0,AB
12403,organic_search>paid_search>organic_search>paid_social>direct,0,QC
12404,paid_social>display,0,Prairies
12405,organic_search>organic_search>paid_social>paid_social,0,AB
12406,paid_search>display>direct,0,ON
12407,organic_search>organic_search>paid_search>paid_search,0,AB
12408,direct>email>direct>organic_search,0,ON
12409,affiliate>display,0,AB
12410,display>organic_search>paid_social,0,Atlantic
12411,organic_search>organic_search>display>direct,0,ON
12412,paid_social>direct,0,ON
12413,display>affiliate>paid_search>display>direct,0,BC
12414,organic_search>paid_search>organic_search>paid_social,0,ON
12415,organic_search>paid_search,0,QC
12416,display>affiliate,0,Atlantic
12417,paid_social>display>paid_search,0,Atlantic
12418,email,0,ON
12419,paid_social>organic_search>direct>direct,1,Prairies
12420,affiliate>organic_search>paid_search>display>paid_search>organic_search,1,Prairies
12421,display>display>organic_search,0,ON
12422,display>display>affiliate,0,ON
12423,affiliate>direct,0,ON
12424,organic_search>display>paid_social>paid_social>direct,0,QC
12425,email>paid_social>paid_social>email,0,Atlantic
12426,paid_search>paid_social>paid_social>display>email,0,ON
12427,direct>display>paid_social,1,QC
12428,paid_social>organic_search>display>direct,0,Prairies
12429,paid_search>email,0,Atlantic
12430,organic_search>direct>display>affiliate,0,QC
12431,paid_search>email>organic_search,0,Prairies
12432,display>direct>display,0,ON
12433,display>email>affiliate,0,Prairies
12434,organic_search,0,Atlantic
12435,display>display>direct,0,Atlantic
12436,display>paid_search,0,Prairies
12437,paid_social>display>email>display>display,0,BC
12438,display>display>paid_search>paid_search,0,ON
12439,paid_search>display>paid_search,0,AB
12440,paid_search>paid_social,0,QC
12441,paid_search>affiliate>paid_search>email,0,Prairies
12442,organic_search>paid_search>affiliate>paid_social>display>email,0,AB
12443,email,0,AB
12444,display>affiliate,0,Atlantic
12445,paid_search>paid_social>paid_search,0,AB
12446,affiliate>display>paid_social>email,0,Prairies
12447,paid_social>organic_search>display>paid_search>paid_search,0,BC
12448,display>display>paid_search>display,0,QC
12449,direct>direct,0,ON
12450,paid_search,0,Atlantic
12451,direct>paid_social,0,Atlantic
12452,paid_search>paid_search>display>organic_search>paid_search,0,Atlantic
12453,display>display>direct,0,Atlantic
12454,paid_search>direct,0,Atlantic
12455,display>organic_search,0,BC
12456,display>paid_social>organic_search,0,AB
12457,organic_search>direct>paid_social>paid_search,0,Atlantic
12458,paid_social>paid_social>organic_search>direct>organic_search,0,Prairies
12459,paid_social>paid_social>organic_search>affiliate>display>direct,1,Prairies
12460,paid_social>email,1,Atlantic
12461,direct,0,Atlantic
12462,direct>display>email,0,AB
12463,display>paid_search>paid_search>email,0,BC
12464,paid_social>display>affiliate>affiliate>paid_social>organic_search>organic_search>direct,0,QC
12465,display>organic_search>paid_search>organic_search>email,0,ON
12466,paid_social>email,0,QC
12467,display>display>direct,0,Prairies
12468,paid_social>email>paid_social>paid_social>display>paid_search,0,Prairies
12469,direct>email,0,Prairies
12470,paid_social>organic_search>organic_search>email,0,QC
12471,display>email,0,QC
12472,paid_social>paid_social>display>paid_social,0,ON
12473,direct>display>paid_search>direct,0,Atlantic
12474,organic_search>paid_search,0,Atlantic
12475,display>paid_search>organic_search,0,Atlantic
12476,organic_search>display>organic_search>paid_social>paid_social>affiliate>paid_social>organic_search,0,BC
12477,paid_search,1,Atlantic
12478,paid_social>paid_social,0,BC
12479,paid_social>display>email,0,AB
12480,organic_search>organic_search>paid_search>paid_social,0,QC
12481,paid_social>display>organic_search>direct,0,BC
12482,display>paid_social>display>paid_social>organic_search>organic_search>paid_social,0,ON
12483,paid_social>affiliate>paid_search>display>direct,0,QC
12484,direct>organic_search>paid_social>direct,0,BC
12485,paid_social>display>display>paid_search>direct>email,0,Prairies
12486,display>paid_search>paid_social>paid_search,0,Prairies
12487,affiliate>display>direct>direct>paid_social>direct,0,QC
12488,paid_social>paid_social>paid_search>direct>paid_search,0,QC
12489,display>display>affiliate>affiliate>direct,0,AB
12490,organic_search>display>organic_search>display,0,Atlantic
12491,display>display>organic_search>organic_search>affiliate,0,AB
12492,paid_social>direct,0,BC
12493,affiliate,0,Atlantic
12494,display>paid_social>organic_search>paid_social>email,0,Prairies
12495,display>paid_search>display>affiliate>direct,0,Prairies
12496,display>paid_social>paid_social>paid_search>direct,1,AB
12497,paid_social>email,0,Prairies
12498,organic_search>direct>display>email,1,ON
12499,direct,0,ON
12500,paid_social>paid_social>paid_social,0,QC
12501,display>organic_search>organic_search>display>paid_search>direct,0,Atlantic
12502,paid_social>display>affiliate>paid_social>paid_search>display>direct,0,AB
12503,display>display>paid_social>direct,0,BC
12504,paid_social>paid_search,0,Atlantic
12505,display>organic_search>display>direct,0,BC
12506,affiliate>affiliate>organic_search>affiliate>affiliate>affiliate>email,0,BC
12507,direct>paid_social>email>display>direct,0,Atlantic
12508,display>display>paid_social,0,Prairies
12509,paid_social>display>email,0,Atlantic
12510,organic_search>paid_social>organic_search,0,QC
12511,display>paid_search>display>email,0,BC
12512,paid_social>display>email,0,QC
12513,paid_social>direct,0,Atlantic
12514,organic_search>affiliate>organic_search>direct,0,BC
12515,paid_social>display>email,0,Prairies
12516,email>paid_search,0,Prairies
12517,display>display>display>paid_search,0,ON
12518,direct>direct>direct,0,AB
12519,organic_search>organic_search,1,QC
12520,affiliate>paid_search>paid_social>paid_search>direct,1,Prairies
12521,paid_social>affiliate,0,Prairies
12522,display>display>display>display>display>email,0,AB
12523,organic_search>organic_search>direct>display>display>paid_search,0,QC
12524,organic_search>email,0,Prairies
12525,organic_search>direct,0,Prairies
12526,organic_search>organic_search>display>organic_search>paid_social>direct>email,1,AB
12527,display>display>email,0,ON
12528,display>direct,0,Prairies
12529,display>paid_social>organic_search>email,0,AB
12530,display>display>email,0,Atlantic
12531,organic_search>affiliate>paid_search>affiliate>direct,0,ON
12532,display>organic_search>display>affiliate>direct>display>paid_search,0,QC
12533,display>display>direct,0,Prairies
12534,email,0,Prairies
12535,direct>organic_search>paid_social,0,Prairies
12536,paid_social>paid_social>display>organic_search>paid_social,0,AB
12537,paid_social>paid_search>direct,0,ON
12538,affiliate>affiliate>email,0,QC
12539,organic_search>affiliate>display>affiliate,0,QC
12540,paid_social>email>paid_social>paid_search>display>paid_search,1,Prairies
12541,paid_social>affiliate>paid_social>paid_search>paid_search,0,AB
12542,affiliate>email>display>organic_search>affiliate>email,0,QC
12543,display>affiliate,0,ON
12544,display>paid_social>display>organic_search>organic_search,0,QC
12545,direct,0,Atlantic
12546,affiliate>display>direct>direct,0,Atlantic
12547,affiliate>direct,0,Atlantic
12548,display>display>affiliate,0,ON
12549,display>paid_search,0,QC
12550,display>organic_search,0,ON
12551,paid_social>email>display>paid_search,1,AB
12552,organic_search>affiliate>email,0,Prairies
12553,paid_search,0,BC
12554,display>display>organic_search>email,0,ON
12555,paid_search>organic_search>display>paid_search>direct,0,BC
12556,organic_search>affiliate>paid_search>paid_search>paid_search>organic_search,1,AB
12557,paid_social>display>email,1,Prairies
12558,affiliate>display>display>paid_search,0,AB
12559,display>paid_search>paid_search,0,Atlantic
12560,display>organic_search>paid_search,0,BC
12561,email,0,BC
12562,display>display>display>organic_search,0,QC
12563,display>affiliate>display>paid_social>paid_search>direct,0,Atlantic
12564,affiliate>paid_search>email,0,ON
12565,direct>paid_social>paid_social,0,Prairies
12566,affiliate>organic_search>display>organic_search,1,AB
12567,direct>direct,0,QC
12568,display>direct,0,ON
12569,paid_social>email>affiliate,0,ON
12570,direct>affiliate,0,Prairies
12571,email,0,Atlantic
12572,direct,0,Atlantic
12573,affiliate>display>paid_social>display>paid_search>organic_search,1,BC
12574,organic_search>paid_search>paid_social>paid_search>organic_search>paid_social>paid_social>email,0,QC
12575,email>paid_social>paid_social>organic_search>display>organic_search,1,QC
12576,affiliate>email>organic_search>direct,0,Atlantic
12577,display>display>paid_social>direct,0,ON
12578,paid_social>paid_social>paid_search,0,Prairies
12579,paid_search>organic_search>paid_social,0,QC
12580,paid_search>direct,0,BC
12581,display>paid_search,0,Atlantic
12582,organic_search>affiliate>affiliate>paid_social>affiliate,1,QC
12583,paid_search>display>organic_search>direct,0,AB
12584,display>display>paid_social>affiliate,0,BC
12585,organic_search>display>display>paid_social>organic_search>direct,0,ON
12586,direct,0,QC
12587,display>email>paid_social>paid_social>display>email,0,QC
12588,direct>display>paid_search,0,Atlantic
12589,paid_search>paid_social>paid_search>paid_social>paid_social,0,ON
12590,display>direct>paid_search,0,ON
12591,display>paid_search,0,QC
12592,organic_search>email>display>paid_social,0,Prairies
12593,organic_search>paid_search>email,0,Atlantic
12594,paid_social>paid_social>email,0,ON
12595,display>display>display>paid_search>email,0,BC
12596,paid_search,0,AB
12597,paid_social>organic_search,0,QC
12598,paid_search>organic_search>display>organic_search>direct,1,QC
12599,paid_search>paid_social>organic_search>paid_social>affiliate>organic_search,0,BC
12600,organic_search>email>organic_search,0,AB
12601,paid_search>affiliate>display>paid_search,0,ON
12602,display>display>organic_search>direct>organic_search>display>direct,0,BC
12603,organic_search>organic_search>direct,0,QC
12604,organic_search>organic_search>paid_social>affiliate>direct,0,BC
12605,display>display>display>email,0,BC
12606,affiliate>affiliate>affiliate,0,Atlantic
12607,direct,0,QC
12608,affiliate>organic_search>display,0,Atlantic
12609,paid_social>display>paid_social>paid_social,0,ON
12610,affiliate>display>paid_social>display>display>affiliate>email,0,QC
12611,organic_search>organic_search>display>display>direct,0,Prairies
12612,paid_search>display>organic_search>paid_social>display>email>email,0,Prairies
12613,paid_social>organic_search>display,0,ON
12614,organic_search>display>paid_social>direct,0,AB
12615,paid_search>paid_social>organic_search>affiliate>paid_social>email,1,BC
12616,display>display>direct,0,ON
12617,organic_search>paid_search>affiliate,0,Atlantic
12618,paid_social>affiliate>paid_social,0,BC
12619,display>paid_search>paid_social>paid_social>direct>direct,0,QC
12620,direct>affiliate>display>email,0,Atlantic
12621,organic_search>organic_search>organic_search>affiliate>paid_social>direct,0,QC
12622,direct>organic_search>paid_search,0,Atlantic
12623,paid_social>display>direct,0,Atlantic
12624,display>display>display>organic_search>paid_search>paid_social,0,AB
12625,paid_social>paid_social,0,AB
12626,display>display>paid_social>organic_search>affiliate,0,Prairies
12627,organic_search>display>organic_search>display>paid_search,0,ON
12628,organic_search>display>direct,0,QC
12629,display>display>display>direct,0,AB
12630,affiliate>paid_social>display>direct,0,AB
12631,display>display>display>paid_search,1,Prairies
12632,organic_search>display>paid_search>affiliate>organic_search>display>display>email,1,Prairies
12633,email>paid_social>organic_search>direct>paid_social>paid_social,0,Prairies
12634,paid_social,0,AB
12635,paid_social>email>email,0,QC
12636,display>display>display>direct,0,QC
12637,paid_search,0,BC
12638,affiliate>affiliate,0,ON
12639,paid_search>display>email,0,QC
12640,paid_search>organic_search>paid_search>affiliate>direct,1,BC
12641,paid_search>paid_social>paid_social>affiliate,1,QC
12642,paid_social,0,BC
12643,paid_search>affiliate>paid_social>email,0,QC
12644,direct>paid_social>display>paid_search>direct>affiliate,0,QC
12645,paid_social>display>direct,0,Atlantic
12646,email,0,Atlantic
12647,display>paid_social>direct,1,ON
12648,display>display>direct>paid_social>organic_search,0,Prairies
12649,display>paid_social>paid_social>paid_social>affiliate>affiliate,0,BC
12650,display>paid_search>organic_search>paid_search>paid_search,0,Prairies
12651,paid_social>direct,0,QC
12652,paid_social>display>paid_social,1,BC
12653,paid_social>paid_social>email,1,BC
12654,display>paid_social>paid_social>paid_search>direct,0,Prairies
12655,affiliate>organic_search>paid_social,0,Prairies
12656,paid_social>paid_social>paid_search>direct,0,BC
12657,paid_search>paid_search>display>email,0,Prairies
12658,organic_search>organic_search>organic_search>organic_search,1,QC
12659,paid_social>direct>display,0,ON
12660,paid_social>paid_social>paid_social>affiliate>email,0,ON
12661,direct>paid_search>direct,0,ON
12662,display>paid_search>direct>display>paid_search,0,BC
12663,display>paid_social>affiliate>email,0,Prairies
12664,affiliate>display>affiliate>display>organic_search>affiliate,0,Prairies
12665,organic_search>display>paid_social>organic_search>paid_social>email,0,QC
12666,paid_search>paid_search>direct,0,QC
12667,paid_search>display>organic_search>paid_social,0,QC
12668,display>affiliate>direct>organic_search,0,Atlantic
12669,organic_search>display>direct,0,Atlantic
12670,direct>paid_search>direct>organic_search>direct>paid_search,0,QC
12671,paid_social>email,0,ON
12672,email>paid_social>organic_search>paid_search,0,ON
12673,organic_search>direct>paid_search,0,AB
12674,paid_social>direct>paid_social>affiliate,1,Prairies
12675,affiliate>display>display>paid_social>paid_social>email,0,QC
12676,organic_search>paid_social>paid_social>organic_search,0,AB
12677,affiliate>paid_search>direct,0,Atlantic
12678,display>direct>display>paid_search,0,AB
12679,email>organic_search>paid_social>paid_social>display>display>affiliate,1,AB
12680,paid_search>paid_social>affiliate>paid_social>paid_social>paid_search,0,QC
12681,paid_social>direct,0,ON
12682,display>paid_social>direct,0,Atlantic
12683,paid_search>display>display>display>direct,0,Prairies
12684,display>paid_search>email,0,QC
12685,direct,0,ON
12686,organic_search>display>organic_search>email>email,0,Atlantic
12687,display>paid_social>paid_search>direct,0,Prairies
12688,direct>direct>organic_search>display,0,ON
12689,display>paid_social,0,Atlantic
12690,paid_search>affiliate>paid_social>organic_search>display>direct,0,QC
12691,email,0,ON
12692,direct,0,ON
12693,paid_social>affiliate>email,0,QC
12694,organic_search>organic_search>direct>paid_search,1,AB
12695,organic_search>organic_search,0,Atlantic
12696,paid_social>display,0,ON
12697,organic_search>direct>paid_social>paid_search>display,0,QC
12698,direct,0,QC
12699,paid_search>display>paid_social>email,0,BC
12700,direct>paid_search,0,QC
12701,paid_social>direct>affiliate,0,AB
12702,display>paid_social>paid_search>direct,0,Atlantic
12703,display>display>display>organic_search>direct>paid_search,0,BC
12704,paid_search>display>display>direct,0,QC
12705,display>direct>display>display>direct,0,ON
12706,paid_social>display>affiliate>paid_social>affiliate,0,AB
12707,display>paid_social>paid_social>direct,0,AB
12708,paid_social>affiliate>direct,0,BC
12709,display>direct>direct,0,AB
12710,display>display>direct,0,BC
12711,organic_search>display>paid_social>display,0,Atlantic
12712,paid_social>organic_search>paid_search>organic_search,0,Atlantic
12713,affiliate,0,AB
12714,organic_search>paid_social>paid_social>affiliate,0,AB
12715,display>paid_social>paid_search>organic_search>affiliate,0,Atlantic
12716,affiliate>display>paid_social>display>direct,0,Prairies
12717,display>paid_search>affiliate,0,AB
12718,paid_search,0,Prairies
12719,display>direct>paid_social>direct,0,Prairies
12720,affiliate>display>paid_social,0,Prairies
12721,display>organic_search,0,QC
12722,paid_social>affiliate>paid_search>direct>display,0,Prairies
12723,paid_search>paid_social>direct,0,BC
12724,paid_social>paid_social,0,AB
12725,paid_social>organic_search>affiliate>direct,0,ON
12726,direct>paid_social>paid_social,0,QC
12727,paid_social>direct>email,0,ON
12728,paid_search>display>affiliate>paid_social>email,0,ON
12729,paid_search>display>organic_search>affiliate,0,BC
12730,direct>organic_search>paid_search,0,Atlantic
12731,paid_social>display>paid_social>direct,0,ON
12732,organic_search>organic_search>organic_search>direct>display>display>paid_search,0,Prairies
12733,paid_social>display>paid_search>organic_search>email,0,ON
12734,display>paid_search>direct,0,Atlantic
12735,organic_search>direct>direct,0,BC
12736,paid_social>affiliate>paid_social>affiliate,0,ON
12737,paid_search>display,0,BC
12738,paid_social>affiliate>organic_search>paid_social>paid_search,0,BC
12739,email>display>display>paid_search>direct,0,AB
12740,display>display>display>paid_social>email,0,BC
12741,affiliate>display>paid_social>paid_search>email,0,Prairies
12742,paid_social>organic_search>paid_search>display>direct,0,QC
12743,paid_social>paid_social>paid_social>organic_search>organic_search,1,QC
12744,email>display>paid_social,0,AB
12745,paid_social>affiliate>direct,0,ON
12746,paid_search>paid_search>paid_search>display>organic_search,0,Atlantic
12747,paid_social>paid_search,0,BC
12748,email>organic_search>organic_search>paid_social>paid_search>paid_social>paid_search,0,QC
12749,paid_search>direct,0,QC
12750,paid_social>affiliate>direct,0,QC
12751,direct>paid_search>organic_search>email,0,Prairies
12752,organic_search>affiliate,0,ON
12753,display>email,0,AB
12754,organic_search>display>paid_social>display>paid_search>direct>direct,0,AB
12755,organic_search>paid_social>affiliate>email,1,QC
12756,display>paid_social>organic_search>affiliate>display>paid_search,0,ON
12757,organic_search>paid_search>direct>direct,0,Prairies
12758,paid_social>affiliate,0,BC
12759,paid_search>display>paid_social,0,ON
12760,paid_social>display>paid_social>affiliate>direct,0,Prairies
12761,affiliate>display>paid_search>display,0,Atlantic
12762,paid_social>paid_social>display>email,0,BC
12763,display>paid_search,0,ON
12764,display>affiliate,0,ON
12765,display,0,Prairies
12766,direct>organic_search>display>paid_search,0,BC
12767,organic_search>display>paid_social>affiliate>paid_social>paid_search,0,Atlantic
12768,display>display>display>paid_social,0,ON
12769,organic_search>paid_social>display>organic_search>paid_search,0,AB
12770,organic_search>email,0,BC
12771,paid_social>organic_search>paid_social>direct,0,Prairies
12772,paid_search>display>paid_search,0,Prairies
12773,paid_social>organic_search>affiliate,0,BC
12774,direct,0,QC
12775,display>paid_social,0,AB
12776,paid_search>paid_search,0,ON
12777,direct>display>affiliate>paid_search>affiliate>direct,0,Atlantic
12778,display>direct,1,Atlantic
12779,affiliate>display>organic_search,0,BC
12780,paid_search>paid_search>display>paid_social>paid_social>organic_search>display>paid_social,1,BC
12781,organic_search>affiliate,0,QC
12782,display>affiliate>organic_search>display>organic_search>direct,1,Prairies
12783,organic_search>organic_search,1,BC
12784,direct>paid_search,0,AB
12785,display>organic_search>organic_search>email,0,AB
12786,organic_search>paid_search,0,AB
12787,display>organic_search>paid_search,1,QC
12788,display>paid_social>display>paid_search,0,BC
12789,email>paid_social>organic_search>direct,0,ON
12790,paid_search>display>organic_search>display>display>organic_search>direct>paid_search>affiliate>direct,0,BC
12791,direct>paid_social>paid_search>affiliate,1,QC
12792,paid_social>affiliate>paid_social,0,QC
12793,organic_search>direct,0,Atlantic
12794,paid_social>paid_search,0,BC
12795,display>paid_search>direct,0,BC
12796,direct>affiliate,0,BC
12797,display>paid_search>display>display,0,AB
12798,organic_search>display>affiliate>paid_social>paid_search>direct,0,Atlantic
12799,email,0,BC
12800,paid_social>email>email,0,Atlantic
12801,email>display>paid_search,0,ON
12802,paid_search>paid_social>email,0,BC
12803,organic_search>display>email,0,QC
12804,paid_social>paid_social>direct,0,AB
12805,affiliate>paid_search>paid_social>direct,0,QC
12806,paid_social>organic_search>direct,0,AB
12807,organic_search>display>email,0,AB
12808,display>direct>display>paid_search>email,0,Atlantic
12809,display>display>paid_search>paid_social,0,QC
12810,display>display>paid_search,0,ON
12811,paid_social>display>paid_search>direct,1,BC
12812,paid_search>display>paid_social>email>paid_search>display,0,Prairies
12813,paid_search>display>organic_search>affiliate>display,0,Atlantic
12814,direct>paid_social>organic_search>direct,0,ON
12815,affiliate>display>paid_search>paid_search,0,BC
12816,direct,0,QC
12817,organic_search>direct,0,BC
12818,display>paid_search>direct,1,ON
12819,organic_search>organic_search>paid_social>display>display>paid_social>paid_search,0,BC
12820,organic_search>affiliate>organic_search>email,0,AB
12821,direct>paid_social>affiliate,0,ON
12822,direct>direct>direct,0,QC
12823,paid_social>display>organic_search>organic_search,0,Atlantic
12824,display>paid_search>organic_search>direct,0,ON
12825,direct>organic_search>display>display>email,0,ON
12826,paid_search>organic_search>paid_search>organic_search>affiliate>organic_search,0,Prairies
12827,paid_search>direct>organic_search>direct,0,Prairies
12828,organic_search>organic_search>paid_social>email,0,AB
12829,email>paid_search>paid_social>affiliate>direct,0,QC
12830,display>organic_search>paid_search,0,BC
12831,display>organic_search>paid_search>organic_search,0,Atlantic
12832,affiliate,0,BC
12833,display>affiliate,0,ON
12834,paid_search>display>paid_search,0,Prairies
12835,paid_social>email,0,Atlantic
12836,organic_search>display>organic_search>paid_search>paid_search>affiliate,1,QC
12837,direct,0,ON
12838,paid_social>display>paid_search>display>paid_search,0,Atlantic
12839,paid_social>affiliate>direct,1,Atlantic
12840,paid_social>email,0,AB
12841,affiliate>display>display>affiliate,0,BC
12842,organic_search>direct,0,ON
12843,display>direct>display>paid_search>affiliate>email,0,Prairies
12844,organic_search>paid_social>display>organic_search,0,ON
12845,affiliate>paid_search,0,Atlantic
12846,direct>display>email,0,AB
12847,affiliate>affiliate>affiliate,0,Atlantic
12848,affiliate>display>direct,0,Atlantic
12849,display>affiliate,0,ON
12850,email,0,ON
12851,paid_search>affiliate>paid_social>direct,0,BC
12852,paid_social>organic_search>paid_social>organic_search>paid_search,0,Prairies
12853,display>organic_search>paid_social>affiliate,0,ON
12854,affiliate>paid_search>paid_search>display>direct,0,BC
12855,display>display>organic_search>affiliate>display>affiliate,0,BC
12856,display>affiliate>paid_search>paid_social>paid_social>paid_social>organic_search>display>direct,0,Atlantic
12857,display>paid_social>paid_search>organic_search,0,QC
12858,direct,0,QC
12859,organic_search,0,Atlantic
12860,paid_social>paid_social>paid_search,0,ON
12861,paid_social>display>affiliate,0,BC
12862,paid_search>display>email,0,Atlantic
12863,paid_social>display>affiliate,0,Atlantic
12864,affiliate,0,Prairies
12865,paid_search>organic_search>paid_search>paid_search,0,Atlantic
12866,paid_social>paid_social,0,Atlantic
12867,organic_search>display>paid_social>direct,0,Atlantic
12868,organic_search>affiliate>paid_search,1,AB
12869,paid_social>paid_search>paid_search>direct,0,AB
12870,paid_social>organic_search,0,Atlantic
12871,paid_search>paid_social>direct,0,AB
12872,display,0,QC
12873,direct,0,ON
12874,paid_social>paid_search>direct,0,AB
12875,direct>paid_social>display>direct,0,ON
12876,affiliate>organic_search>affiliate,0,BC
12877,affiliate>direct,0,Atlantic
12878,display>paid_social>paid_search>organic_search>organic_search>direct>display>paid_search>display>affiliate,0,Prairies
12879,paid_social>display>display>organic_search>display>paid_social>display>paid_social>direct,0,Prairies
12880,organic_search,0,AB
12881,display>direct,0,Prairies
12882,organic_search>display>affiliate>email,0,Prairies
12883,organic_search>paid_social>display>direct,0,AB
12884,affiliate>organic_search>display>organic_search>email,0,Atlantic
12885,display>display>paid_social>affiliate,0,AB
12886,paid_search,0,AB
12887,display>paid_social>display>paid_search,0,Atlantic
12888,display>organic_search>display>paid_social,0,Atlantic
12889,organic_search>paid_search>direct,0,AB
12890,email>paid_search>email>paid_search,0,ON
12891,affiliate,1,Atlantic
12892,display>paid_social>display>affiliate,0,BC
12893,display>organic_search>paid_search>paid_search,0,Prairies
12894,affiliate,0,BC
12895,display>email>paid_social>display>direct,0,BC
12896,paid_search>direct,0,Atlantic
12897,affiliate>organic_search>paid_social>paid_social>paid_search,0,Atlantic
12898,paid_social>affiliate>direct,0,ON
12899,organic_search,0,QC
12900,affiliate>organic_search>email,0,Atlantic
12901,paid_social>display>display>organic_search,0,Prairies
12902,paid_social>organic_search>display>paid_social>affiliate,0,BC
12903,organic_search>direct,0,BC
12904,display>display>display>display>paid_search>display>display>direct,1,Prairies
12905,paid_search>direct>affiliate,1,AB
12906,display>paid_search>display>direct,0,QC
12907,organic_search>paid_search>direct,0,AB
12908,display>organic_search,0,QC
12909,paid_search>direct,0,ON
12910,display>organic_search>paid_search,0,Prairies
12911,direct,0,Atlantic
12912,display>paid_social>email,0,Atlantic
12913,paid_social>display>paid_social>paid_search,0,QC
12914,display>display>email,0,BC
12915,paid_social>organic_search>display>paid_search,0,AB
12916,display>paid_search,0,AB
12917,display>email>direct>organic_search,0,ON
12918,paid_social>direct,0,BC
12919,affiliate>organic_search,0,AB
12920,paid_social>affiliate>display>direct,0,ON
12921,display>paid_search>paid_search,1,ON
12922,paid_social>affiliate>direct,0,Atlantic
12923,affiliate>organic_search>email,0,Prairies
12924,direct,0,QC
12925,paid_search>display,0,ON
12926,display>paid_social,0,AB
12927,paid_social>organic_search>affiliate>display>paid_search,0,Prairies
12928,display>paid_social>paid_social,0,BC
12929,affiliate>email,0,Prairies
12930,paid_search>paid_social>direct,0,QC
12931,organic_search>direct,0,BC
12932,display>organic_search>paid_social>email,0,QC
12933,display>display>paid_search,0,AB
12934,direct>paid_social,0,BC
12935,display>display>direct,0,ON
12936,organic_search>display>paid_social>paid_search>paid_search>organic_search,1,ON
12937,display>paid_social>direct,1,Atlantic
12938,organic_search>display>paid_social>display>direct,0,AB
12939,paid_social>paid_search>direct,0,AB
12940,affiliate>paid_search>organic_search>affiliate>paid_social,0,QC
12941,paid_social>display>paid_search>display,0,BC
12942,direct>paid_social>paid_social>paid_social,0,Atlantic
12943,affiliate,0,BC
12944,display>display>paid_search>paid_social>display>paid_social>direct,0,ON
12945,direct>paid_search,0,AB
12946,paid_social>paid_social>organic_search>affiliate>paid_search,0,Atlantic
12947,paid_search>direct>display>paid_search,0,Prairies
12948,direct,0,AB
12949,display>affiliate>paid_social>direct>display>paid_social>paid_social>paid_search,0,Atlantic
12950,email>organic_search>affiliate>affiliate,0,Prairies
12951,organic_search,0,QC
12952,organic_search>paid_search>display>paid_social>organic_search>affiliate,0,Atlantic
12953,paid_social>paid_social>display>affiliate>direct,0,BC
12954,organic_search>paid_search>organic_search>display>paid_search,0,Prairies
12955,organic_search,0,Prairies
12956,display>direct,0,Atlantic
12957,display>display>organic_search>affiliate>email,1,Prairies
12958,direct>display>display>paid_search,0,Atlantic
12959,paid_social>paid_social>display>paid_social,0,Atlantic
12960,affiliate>paid_social>display>direct,0,QC
12961,paid_social>paid_search>display>display>paid_social>affiliate,0,QC
12962,display>direct>direct>email,1,ON
12963,paid_social>paid_search>paid_search>direct,0,AB
12964,paid_search>paid_search>display>email>organic_search>paid_social>paid_social>email,0,BC
12965,organic_search>paid_social>paid_social>paid_search,0,QC
12966,paid_search>paid_search>paid_social>email,1,ON
12967,paid_social>affiliate>paid_social>display,1,Prairies
12968,display>paid_search>direct,0,BC
12969,affiliate>organic_search,0,BC
12970,organic_search>affiliate,0,BC
12971,paid_social>organic_search>paid_social>paid_search,0,QC
12972,paid_search>display>paid_social>display>paid_search,0,BC
12973,display>display>paid_social>affiliate,0,Atlantic
12974,display>organic_search>paid_search,0,Atlantic
12975,paid_social>paid_social>paid_social>direct,0,Prairies
12976,display>email>display>paid_social>direct,1,QC
12977,paid_search>affiliate>paid_social>organic_search>organic_search,0,Prairies
12978,display>affiliate>affiliate>affiliate>paid_social>direct,0,Atlantic
12979,display>direct,1,QC
12980,paid_social>paid_social>paid_social>paid_search,0,Atlantic
12981,direct>direct,0,QC
12982,affiliate>paid_search>organic_search>direct,0,BC
12983,paid_social>organic_search,0,Prairies
12984,affiliate>organic_search>affiliate>organic_search>direct,0,BC
12985,paid_search>paid_search>paid_search,0,BC
12986,affiliate>paid_social>display>paid_search>direct,1,BC
12987,organic_search>paid_search,0,QC
12988,display>organic_search>direct,0,QC
12989,organic_search>display>direct,0,QC
12990,display>display>organic_search>direct>organic_search,0,Prairies
12991,paid_search>paid_social>paid_social,1,Prairies
12992,direct>affiliate>direct,0,BC
12993,affiliate>organic_search>email>paid_search,0,QC
12994,paid_search>organic_search>display>paid_social>organic_search>direct,0,AB
12995,paid_social>paid_search>organic_search>display>affiliate,0,AB
12996,display>paid_social>email,0,AB
12997,paid_social>display>organic_search>display>affiliate,0,Prairies
12998,organic_search>affiliate,0,ON
12999,direct>organic_search>direct,0,QC
13000,display>affiliate>paid_search>email,0,QC
13001,display>affiliate>paid_social>paid_search>organic_search>paid_search>paid_search>email,0,AB
13002,organic_search>display>direct,0,AB
13003,display>paid_social,0,BC
13004,paid_social>paid_search>paid_social>paid_search>display,0,Prairies
13005,organic_search>paid_search>paid_social,0,AB
13006,affiliate>paid_search>paid_social>direct,0,Atlantic
13007,paid_search,0,Prairies
13008,affiliate>display>paid_social>affiliate,0,Prairies
13009,paid_social>organic_search>affiliate,0,ON
13010,paid_social>paid_social>display>organic_search>direct,0,Prairies
13011,organic_search>display,0,Prairies
13012,paid_social>affiliate>display>paid_search,0,Atlantic
13013,paid_search>display>paid_social>direct,0,QC
13014,direct>display>direct>display>organic_search>paid_social>email,1,QC
13015,organic_search>paid_social>paid_social>email,0,ON
13016,display>display>display>display>affiliate>organic_search,1,Atlantic
13017,paid_social>paid_social>paid_search>display>paid_search,0,Atlantic
13018,paid_social>paid_search>paid_search,0,AB
13019,paid_search>organic_search,0,ON
13020,affiliate>paid_social>display>display,0,Prairies
13021,organic_search>display>paid_search,0,AB
13022,display>organic_search>direct>paid_social>affiliate>direct,0,QC
13023,organic_search>organic_search,0,Prairies
13024,paid_search>organic_search,0,ON
13025,paid_search>paid_search>paid_search,0,Atlantic
13026,paid_social>organic_search>paid_social>display>paid_social,0,Prairies
13027,display>direct,0,Atlantic
13028,organic_search>paid_social>direct,0,ON
13029,display>organic_search>direct,0,ON
13030,organic_search>display>direct,0,AB
13031,affiliate>organic_search>organic_search>paid_social>affiliate,0,Atlantic
13032,paid_search>paid_search>display>organic_search,0,Prairies
13033,display>direct>affiliate,0,ON
13034,paid_social>display>display>paid_social>display>email,0,Atlantic
13035,paid_search>paid_social>direct,0,AB
13036,display>display>organic_search>display>paid_search>paid_search,0,Atlantic
13037,display>paid_search>email,0,Atlantic
13038,paid_social>display>display>email,1,AB
13039,paid_search>email,0,Atlantic
13040,display>display>paid_social,0,QC
13041,direct>paid_social>paid_social>direct>direct,0,AB
13042,paid_search>organic_search>paid_social,0,BC
13043,direct>email,0,ON
13044,paid_social>organic_search>display>affiliate>paid_social,0,AB
13045,paid_social>display,0,Prairies
13046,organic_search>paid_search>organic_search>paid_search,1,AB
13047,organic_search>display>paid_search,0,Prairies
13048,paid_social>display>paid_search,0,AB
13049,paid_search>organic_search>direct,0,ON
13050,direct,0,Prairies
13051,organic_search>paid_search>organic_search>paid_social>affiliate>paid_search,0,QC
13052,direct,0,Atlantic
13053,display>paid_social>paid_search>paid_search>paid_social>organic_search,1,Prairies
13054,paid_social>paid_social>organic_search>paid_social>display>affiliate>paid_social>display>direct,0,Prairies
13055,display>organic_search>display>paid_search>display>paid_social,0,ON
13056,paid_social>paid_search>email,0,QC
13057,display,0,AB
13058,display>paid_search,0,QC
13059,display>direct,0,Prairies
13060,organic_search>paid_social>organic_search>direct,0,Atlantic
13061,organic_search,0,Atlantic
13062,organic_search>paid_social>direct>paid_search,1,BC
13063,paid_social>display>paid_search>paid_social>direct,0,QC
13064,paid_search>direct,0,Atlantic
13065,direct>display>email,0,BC
13066,display>display>paid_search>paid_search,0,QC
13067,direct>affiliate>display>organic_search>paid_search>display>paid_search>email,0,Atlantic
13068,organic_search>direct,0,QC
13069,paid_social>organic_search,0,BC
13070,display>display>direct,0,Atlantic
13071,paid_social>paid_social>paid_social>email>paid_search>paid_search,0,Atlantic
13072,display>display>email>paid_search>affiliate,1,AB
13073,paid_social,0,QC
13074,paid_social>organic_search>affiliate>organic_search>affiliate,0,Atlantic
13075,affiliate>display>paid_search>organic_search>direct>email,0,BC
13076,paid_social>display,0,Atlantic
13077,paid_social>display,0,ON
13078,email,0,BC
13079,paid_social>paid_search,0,QC
13080,direct>paid_search>email>paid_search,0,Atlantic
13081,display>display>direct,0,AB
13082,paid_social>paid_social>direct,0,QC
13083,display>organic_search>paid_search,0,ON
13084,paid_search>display>paid_search,0,ON
13085,organic_search>paid_social>affiliate>display>paid_search>direct,0,QC
13086,paid_search>display>paid_social>paid_social>display>paid_search,0,AB
13087,direct>organic_search>paid_social>paid_social>affiliate,0,ON
13088,display>organic_search>paid_social>display>direct,1,BC
13089,paid_search>paid_search>display>paid_search>paid_social>email,0,BC
13090,display>organic_search>paid_search,0,AB
13091,organic_search>display>direct,0,BC
13092,display>organic_search>affiliate>paid_search>paid_search,0,Atlantic
13093,organic_search>display>paid_search,0,BC
13094,direct>organic_search>organic_search>direct,0,ON
13095,paid_social>organic_search>direct,0,ON
13096,organic_search>organic_search>paid_search,0,BC
13097,paid_social>affiliate,0,Prairies
13098,affiliate>display>paid_social>email,0,BC
13099,organic_search>paid_social>email>affiliate,0,BC
13100,organic_search>display>paid_search,0,BC
13101,paid_social>display>display>display>email,0,BC
13102,email>direct>email,0,AB
13103,organic_search>direct,0,QC
13104,paid_search>email,0,Prairies
13105,paid_social>display>email,0,ON
13106,display>email,0,Prairies
13107,paid_social>paid_search>direct,1,Prairies
13108,organic_search>affiliate>organic_search>direct,0,Prairies
13109,paid_social>paid_search>paid_social>direct,1,Prairies
13110,display>direct,1,BC
13111,affiliate>paid_search>affiliate,0,ON
13112,paid_search>display>paid_search>affiliate>affiliate>display>affiliate,0,AB
13113,display>direct,0,ON
13114,display>paid_search>direct,0,QC
13115,paid_social>paid_social>email,0,BC
13116,display>paid_social>paid_social>email,0,BC
13117,display>display>paid_search,0,BC
13118,direct,0,ON
13119,organic_search>affiliate>paid_social>organic_search,0,AB
13120,display>paid_social>display>paid_search>display>paid_search,1,ON
13121,paid_social>affiliate>affiliate>direct,0,BC
13122,organic_search>organic_search>direct,1,Prairies
13123,paid_social>paid_search,0,QC
13124,paid_search>organic_search>email,1,Prairies
13125,display>direct>display>paid_social>affiliate>paid_social>affiliate>display>direct,0,ON
13126,affiliate>paid_social>display>paid_search,0,AB
13127,paid_search>paid_search>paid_social>paid_search,0,BC
13128,affiliate>paid_search>paid_search>direct,0,BC
13129,affiliate>direct>organic_search,0,Prairies
13130,display>organic_search>affiliate,1,QC
13131,organic_search>paid_social>display>direct,0,Prairies
13132,affiliate>affiliate>organic_search>paid_social,0,BC
13133,paid_social>affiliate>display>paid_search,0,QC
13134,direct,0,ON
13135,organic_search>affiliate,0,QC
13136,organic_search>display>direct,0,AB
13137,organic_search>direct,0,AB
13138,paid_search>paid_search>direct,0,Atlantic
13139,display>direct,0,BC
13140,direct>display>display>paid_search,0,BC
13141,organic_search>affiliate,0,Atlantic
13142,affiliate>paid_social>email,0,Atlantic
13143,display>email,0,Prairies
13144,organic_search>display>paid_social>display>direct,0,BC
13145,organic_search>paid_social>display>paid_search>paid_social>display>display,1,BC
13146,direct>email,0,BC
13147,display>display>display>email,0,QC
13148,display>paid_search>paid_social>direct,0,QC
13149,display>affiliate>email,1,BC
13150,display>paid_social>organic_search>email,0,BC
13151,email>affiliate,0,Prairies
13152,display>paid_search>display>organic_search,0,Prairies
13153,display,0,Prairies
13154,organic_search>paid_search>direct,0,BC
13155,paid_social>organic_search>organic_search>paid_social>paid_search,1,BC
13156,affiliate>organic_search>direct,0,QC
13157,display>paid_social>direct,0,ON
13158,display>display>paid_search>display>paid_search,0,Prairies
13159,display>paid_search>email,0,AB
13160,paid_social>organic_search>affiliate>organic_search>display>display>email,0,BC
13161,display>organic_search>display>paid_social>paid_search,0,BC
13162,organic_search>display>organic_search>organic_search>organic_search,0,Prairies
13163,paid_search,0,BC
13164,paid_search>affiliate>display>display>organic_search,1,BC
13165,display>direct>paid_social>display>direct,1,QC
13166,display>organic_search>organic_search>paid_search>direct,0,AB
13167,display>affiliate>organic_search>direct,0,Prairies
13168,display>organic_search>display>paid_search>email,0,AB
13169,paid_social,0,Prairies
13170,organic_search>paid_social>paid_search,0,Atlantic
13171,affiliate>paid_social>direct,0,BC
13172,affiliate,0,Prairies
13173,organic_search>paid_social>paid_social>affiliate,1,AB
13174,display>direct>affiliate,0,Atlantic
13175,organic_search>paid_social>paid_search,0,BC
13176,paid_search,0,Prairies
13177,direct>direct>display>display>affiliate>display>organic_search>paid_search,0,QC
13178,paid_search>direct,0,Atlantic
13179,organic_search>affiliate>direct,0,ON
13180,paid_search>email>direct,0,Prairies
13181,direct>display>paid_search>display>paid_social>paid_social>paid_search>organic_search,0,QC
13182,organic_search>display>paid_search,0,Prairies
13183,paid_social>direct,0,AB
13184,paid_social>direct,0,ON
13185,display>paid_social>email>display>paid_search>email,0,ON
13186,organic_search>paid_search>display>display>direct,1,ON
13187,display>display>email,0,Prairies
13188,email>display>display>organic_search,0,Atlantic
13189,display>paid_social,0,ON
13190,organic_search>display>display>email,0,AB
13191,affiliate>organic_search>direct>organic_search>organic_search,0,QC
13192,paid_social>organic_search>organic_search,0,BC
13193,affiliate>email>paid_search>affiliate,0,QC
13194,paid_search>display>affiliate>paid_social,0,QC
13195,organic_search>organic_search>email,0,Atlantic
13196,paid_search>organic_search>paid_search>affiliate,0,ON
13197,paid_search>direct>paid_social>affiliate>direct>email,0,BC
13198,paid_social>paid_search>display>organic_search>paid_search,0,AB
13199,paid_social>paid_social>display>organic_search>direct,0,ON
13200,paid_social>paid_search>paid_social>organic_search>organic_search>email,0,ON
13201,display>display>direct,0,BC
13202,display>paid_social>direct,0,QC
13203,display>paid_search>organic_search>paid_search>paid_search,1,QC
13204,affiliate>display>direct,0,QC
13205,display>direct,0,Atlantic
13206,display>direct,0,QC
13207,organic_search>affiliate>display>affiliate,0,BC
13208,display>display>organic_search>display>paid_search>paid_social,0,QC
13209,paid_social>paid_social>direct,0,QC
13210,paid_search>email,0,AB
13211,paid_social>paid_search,0,BC
13212,affiliate,0,Prairies
13213,paid_search>display>paid_search>direct,0,QC
13214,paid_social>affiliate>organic_search,0,Prairies
13215,paid_social,0,AB
13216,display>paid_social>direct>paid_search>paid_search,0,QC
13217,display>paid_search>display>display>paid_search,0,ON
13218,organic_search>direct>paid_search,0,QC
13219,display>display>affiliate>paid_social>email,0,AB
13220,display>organic_search>organic_search>display>affiliate>direct,0,AB
13221,display>display>direct>organic_search>direct,0,ON
13222,display>organic_search>affiliate>direct,0,Atlantic
13223,display>affiliate>organic_search,0,QC
13224,paid_social>email>email>paid_social,0,QC
13225,organic_search>display>organic_search,0,Atlantic
13226,paid_social>organic_search>paid_search>direct,0,Atlantic
13227,paid_social>organic_search>email,0,BC
13228,organic_search>paid_search>paid_search,0,Prairies
13229,email>affiliate>affiliate>organic_search>affiliate,0,QC
13230,organic_search>direct>organic_search>paid_search,0,AB
13231,display>display>display>paid_social>email,0,Prairies
13232,affiliate>paid_social>paid_social>paid_search,0,Prairies
13233,direct>paid_social>direct>organic_search>email,0,AB
13234,display>direct>direct,0,ON
13235,paid_social>organic_search>email,0,QC
13236,paid_social>email,0,Atlantic
13237,display>paid_search>email,0,ON
13238,direct>paid_social>direct,0,ON
13239,display>display,0,BC
13240,paid_search,0,BC
13241,paid_search>display>display>organic_search>paid_social,1,Prairies
13242,paid_search>display>paid_social>affiliate,0,AB
13243,paid_search>paid_social>direct,0,ON
13244,display>paid_search>affiliate,0,BC
13245,paid_search>paid_social>direct,0,Prairies
13246,paid_social>display>paid_search>affiliate,0,AB
13247,organic_search>display>display>email>paid_search,0,AB
13248,display>display>paid_search>paid_social>email,0,Prairies
13249,display>paid_social>direct,0,Atlantic
13250,paid_social>paid_search,0,AB
13251,organic_search>display>direct>organic_search>display>paid_search,0,BC
13252,paid_social>affiliate,0,Atlantic
13253,affiliate>display>paid_social>paid_social,0,ON
13254,paid_social>direct>email,0,AB
13255,display>display>paid_search>display>paid_social>paid_social>paid_search,0,AB
13256,affiliate>organic_search>paid_social,0,Atlantic
13257,direct>organic_search>affiliate>paid_social>paid_search>organic_search>paid_social,0,QC
13258,paid_social>affiliate>paid_social>paid_search>organic_search>organic_search,0,ON
13259,paid_social>email>organic_search,0,BC
13260,display>organic_search>display>paid_search>paid_social>display>direct,0,QC
13261,affiliate>paid_social>organic_search,0,Prairies
13262,organic_search>paid_social>affiliate,0,AB
13263,paid_social>display>direct>display>display,0,AB
13264,paid_social>paid_social>paid_social>paid_search,0,QC
13265,paid_search,0,ON
13266,display>display>paid_search>direct,0,ON
13267,paid_social>display>paid_social>direct,0,AB
13268,paid_social>paid_social>organic_search>display>email>paid_search>display>organic_search>display,0,AB
13269,organic_search>email,0,BC
13270,display>affiliate>affiliate>direct>paid_social>email,1,AB
13271,direct,0,Atlantic
13272,direct>paid_search>direct,0,Atlantic
13273,display>paid_search>affiliate,1,AB
13274,display>direct>direct,0,ON
13275,direct>display>email>paid_social>direct>organic_search,1,QC
13276,paid_social>direct,0,Atlantic
13277,paid_search>paid_social>paid_search,0,QC
13278,direct>display>direct,1,ON
13279,organic_search>paid_social>direct>paid_search,0,AB
13280,organic_search>direct,0,Prairies
13281,display>display>affiliate,0,BC
13282,display>paid_social>paid_social>affiliate,0,Atlantic
13283,paid_social>display>organic_search>paid_social,0,Atlantic
13284,paid_social>paid_search>paid_social>email,0,AB
13285,direct>direct>paid_search,0,BC
13286,paid_search>paid_social>affiliate>direct,0,Atlantic
13287,organic_search>display>organic_search>direct>display>affiliate>direct,0,Prairies
13288,affiliate,0,QC
13289,display>affiliate,0,BC
13290,display>organic_search>organic_search>paid_search,0,Atlantic
13291,paid_search>display>organic_search>direct>affiliate,0,AB
13292,paid_social>organic_search,0,ON
13293,affiliate>paid_social>direct>paid_social,0,Atlantic
13294,paid_social>display>email,0,BC
13295,affiliate>paid_search,0,QC
13296,organic_search>direct>display>display>display>direct,0,ON
13297,paid_social>display>direct>paid_search,0,ON
13298,display>display>display>paid_search,0,BC
13299,display>display,0,ON
13300,paid_social>display,0,QC
13301,paid_search>paid_search>affiliate>display>direct>email,0,Atlantic
13302,paid_search>display>direct>organic_search>display>direct,0,Atlantic
13303,paid_social>organic_search>affiliate>display>paid_search>organic_search,0,Atlantic
13304,paid_search>paid_social>affiliate,0,AB
13305,display>paid_search,0,Prairies
13306,paid_social>paid_search>affiliate>direct,0,BC
13307,affiliate>affiliate>affiliate>affiliate>direct,0,AB
13308,paid_social>organic_search>organic_search>display>paid_social>paid_social>display>organic_search>direct,0,ON
13309,display>display>paid_social,0,Atlantic
13310,organic_search>organic_search>direct>paid_search,0,Prairies
13311,direct,0,ON
13312,organic_search>display,0,Prairies
13313,paid_social>organic_search,0,QC
13314,display>email,1,Prairies
13315,direct>paid_social>organic_search>paid_search,0,Atlantic
13316,paid_social>paid_social>display>paid_social>organic_search>paid_social>direct,0,Atlantic
13317,paid_social>organic_search>display>paid_social>display,0,Prairies
13318,paid_social>organic_search,0,Prairies
13319,paid_social>paid_social,0,BC
13320,affiliate>paid_social>paid_search>display>paid_search,0,QC
13321,paid_search>affiliate>organic_search>affiliate,0,ON
13322,affiliate>paid_social>direct,0,Atlantic
13323,direct>display>display>display,0,AB
13324,paid_social>display>email,0,Prairies
13325,organic_search>organic_search>direct>paid_social>paid_search>paid_social,1,ON
13326,paid_search,0,Prairies
13327,email,0,Prairies
13328,display>display>display>direct,0,Prairies
13329,paid_social>direct,0,ON
13330,paid_search>display>paid_social>organic_search,0,BC
13331,display>paid_social>organic_search>organic_search,0,Prairies
13332,paid_search>paid_search>direct,0,Prairies
13333,affiliate>paid_social>direct,0,Prairies
13334,affiliate>organic_search>display>display>affiliate,0,Prairies
13335,paid_social>organic_search>paid_social,0,Prairies
13336,paid_search>paid_social>display>display>paid_social,0,BC
13337,paid_social>display>display>affiliate,0,BC
13338,paid_social>paid_social>organic_search>direct,0,BC
13339,display>paid_social>paid_search>email>email,1,ON
13340,paid_social>email,0,QC
13341,direct>email>paid_social>display,0,ON
13342,direct>paid_search,1,QC
13343,display>affiliate>direct,0,QC
13344,organic_search>affiliate,0,QC
13345,paid_social>paid_social>affiliate,0,AB
13346,paid_search>display>direct,0,BC
13347,paid_social>display>paid_search>direct,0,BC
13348,organic_search>affiliate>paid_social>direct>direct,0,BC
13349,affiliate>affiliate>display>display>paid_social>paid_search,1,ON
13350,direct,0,ON
13351,display>paid_search>email,0,ON
13352,organic_search>email,0,Atlantic
13353,paid_search>display>affiliate>affiliate,0,QC
13354,paid_search>display>paid_social>direct,0,BC
13355,paid_social>display>organic_search,0,AB
13356,affiliate>paid_search,1,Atlantic
13357,paid_social>affiliate>paid_social>display>affiliate,0,Prairies
13358,paid_social>organic_search,0,QC
13359,email,0,BC
13360,display>display>direct,0,QC
13361,paid_social>display>organic_search>paid_social,0,BC
13362,display>organic_search>affiliate>display,0,ON
13363,organic_search>display>display>direct,0,Prairies
13364,display>direct>direct,0,ON
13365,organic_search>organic_search>paid_social,0,QC
13366,organic_search>display>direct,0,Prairies
13367,affiliate,0,BC
13368,paid_social>organic_search>paid_search>paid_search,1,ON
13369,display>display>paid_social>display>paid_search,0,Atlantic
13370,display>paid_social>direct,0,Atlantic
13371,display>display>paid_social>organic_search>organic_search,0,AB
13372,paid_search>organic_search>paid_social>direct>paid_search>paid_social>paid_search>paid_search,0,Prairies
13373,direct>display>paid_search>display>paid_search>direct>paid_search,0,ON
13374,display>organic_search>paid_social>paid_search,0,AB
13375,display>direct>paid_search,0,QC
13376,email>direct,0,AB
13377,display>paid_search,0,ON
13378,direct>display>display>direct,0,AB
13379,display>display>organic_search>display>paid_search,0,QC
13380,organic_search>display>email,0,BC
13381,affiliate>paid_social>paid_search,0,Prairies
13382,affiliate,0,BC
13383,display>direct,0,QC
13384,organic_search,0,Atlantic
13385,organic_search,0,Prairies
13386,direct>paid_search>direct>direct,0,Prairies
13387,organic_search>display>organic_search>display>paid_search,1,QC
13388,display>paid_social>paid_search>display>paid_social,0,Prairies
13389,direct,0,QC
13390,direct>display>paid_search,0,BC
13391,display>display>direct,0,BC
13392,affiliate>display>direct,1,ON
13393,display>paid_social>paid_search,0,BC
13394,direct>organic_search>display>display>paid_search>paid_social>paid_social>paid_social,0,Atlantic
13395,paid_search>organic_search>organic_search,0,ON
13396,direct,0,ON
13397,organic_search>affiliate>paid_search>paid_search>organic_search>email,0,BC
13398,paid_search>affiliate,0,ON
13399,paid_social>display>display>paid_social>organic_search>affiliate,0,QC
13400,direct>paid_search,0,AB
13401,display>display>paid_search>paid_search,1,Atlantic
13402,display>paid_search>affiliate>email,0,ON
13403,paid_social>affiliate>direct,0,ON
13404,display>display>direct,0,Atlantic
13405,paid_social>email>paid_search>organic_search,0,AB
13406,display>display>affiliate>email,1,AB
13407,display>display>organic_search>paid_search>display>affiliate>organic_search>paid_social,0,BC
13408,display>affiliate,0,Atlantic
13409,affiliate>paid_search>display>direct,0,ON
13410,display>paid_search>paid_search,0,AB
13411,organic_search>direct>paid_social>affiliate,0,Prairies
13412,paid_social>paid_social>paid_search>paid_social>direct>affiliate,0,Atlantic
13413,paid_social>email,0,QC
13414,display>organic_search>display>affiliate>organic_search>direct,1,Prairies
13415,paid_social>organic_search>paid_search>paid_search>paid_social>display,0,BC
13416,paid_search>paid_social>paid_social>organic_search>paid_search>affiliate>organic_search,0,QC
13417,paid_search>paid_social>direct,0,ON
13418,paid_social>organic_search>display>affiliate,0,Atlantic
13419,paid_search>paid_social>paid_search,0,BC
13420,direct>organic_search>organic_search,0,ON
13421,direct>direct,0,QC
13422,paid_social>display>display>paid_social>display>display>email,1,ON
13423,display>paid_social>direct,0,BC
13424,paid_search>email,0,AB
13425,display>email,0,ON
13426,paid_social>organic_search>paid_social,0,Prairies
13427,direct>display>direct,0,BC
13428,paid_social>email,0,Prairies
13429,email,0,BC
13430,display>organic_search>paid_social>paid_search,0,BC
13431,paid_social>paid_search,0,Atlantic
13432,organic_search>organic_search>organic_search>direct,1,BC
13433,display>organic_search>paid_social>direct,0,Prairies
13434,display>direct,0,QC
13435,paid_social>paid_social>direct,0,AB
13436,display>display>display>affiliate,0,BC
13437,affiliate>email>paid_search,0,Atlantic
13438,affiliate>display>affiliate,0,BC
13439,direct>affiliate>affiliate>display>direct,0,Atlantic
13440,paid_social>paid_social>organic_search,0,Atlantic
13441,paid_search>display>paid_search>direct,0,Prairies
13442,display>direct,0,Prairies
13443,display>paid_social>organic_search>display>email,0,BC
13444,display>direct>paid_social>email,0,AB
13445,direct,0,QC
13446,affiliate>organic_search>organic_search>display,0,ON
13447,display>paid_search>direct>email,1,Atlantic
13448,affiliate>direct,0,ON
13449,paid_search>direct>display>paid_search,0,QC
13450,paid_social>affiliate>paid_social>direct,0,QC
13451,organic_search>display>paid_search,0,ON
13452,paid_search>paid_social>direct,1,Atlantic
13453,organic_search,0,AB
13454,affiliate>organic_search>affiliate>organic_search>affiliate,0,ON
13455,display>direct,0,Prairies
13456,paid_search,0,BC
13457,display>email,0,Prairies
13458,paid_social>paid_social>organic_search>paid_social>display>organic_search>paid_search,0,AB
13459,display>paid_search,1,ON
13460,email>affiliate>email>affiliate>display>paid_search,1,AB
13461,paid_social>paid_social>organic_search>affiliate,0,BC
13462,direct>direct>email,0,ON
13463,direct,0,Atlantic
13464,paid_social>direct,0,Atlantic
13465,organic_search>display>display>paid_social>paid_social>email,1,Atlantic
13466,paid_search>paid_social>paid_social>affiliate,0,QC
13467,direct>organic_search>paid_search>direct,0,AB
13468,paid_search>organic_search>affiliate,0,Atlantic
13469,organic_search>organic_search>direct,0,Atlantic
13470,paid_social>organic_search>paid_social>paid_search,0,Prairies
13471,organic_search>organic_search,0,AB
13472,paid_social>display>direct,0,BC
13473,paid_search>display>paid_social>affiliate,0,ON
13474,paid_search>display>display>organic_search>display>direct,0,QC
13475,paid_social>affiliate>display,0,BC
13476,paid_social>direct,0,ON
13477,paid_search>paid_social>email,0,AB
13478,affiliate>organic_search>paid_social>email,0,AB
13479,direct,0,ON
13480,display>display>paid_search>direct,0,QC
13481,email>paid_search>organic_search>direct,0,BC
13482,paid_social>paid_social>direct>email,0,AB
13483,paid_social>paid_social>paid_search,1,Atlantic
13484,paid_social>affiliate,0,Atlantic
13485,display>paid_search,0,QC
13486,direct>direct,0,AB
13487,display>display>direct,0,ON
13488,display>paid_social>paid_social>email,0,AB
13489,paid_social>affiliate,0,Prairies
13490,display>paid_social>paid_social>organic_search>paid_social>direct,0,BC
13491,organic_search>paid_social,0,Prairies
13492,display>paid_search>organic_search>email,0,Prairies
13493,paid_social>display>display,0,Prairies
13494,display>paid_search>email,0,QC
13495,organic_search>paid_search>display>display>organic_search>paid_search,0,Prairies
13496,paid_social>email>paid_social,0,ON
13497,organic_search>display,0,AB
13498,paid_social>organic_search>direct,1,Atlantic
13499,affiliate>display>affiliate>organic_search>paid_search,0,BC
13500,affiliate>display>organic_search>paid_social>direct,0,AB
13501,direct,0,QC
13502,display>paid_social>organic_search>affiliate,0,ON
13503,display>display>affiliate>direct>organic_search>affiliate,0,AB
13504,organic_search>affiliate>affiliate,0,Prairies
13505,organic_search>direct,0,Atlantic
13506,display>organic_search>organic_search,0,Atlantic
13507,paid_social>direct,1,AB
13508,display>email>paid_social>email,0,AB
13509,display>paid_search>affiliate>paid_search,0,Prairies
13510,paid_social>paid_search,1,Atlantic
13511,display>affiliate>display>email,0,ON
13512,paid_social>paid_search>paid_social>paid_search>organic_search>organic_search>paid_search>paid_social>direct>paid_search,0,QC
13513,paid_social>organic_search>direct>organic_search,0,Atlantic
13514,paid_social>direct,0,ON
13515,organic_search>display>direct>paid_social>display>paid_social>paid_social,0,BC
13516,affiliate>display>email>display>paid_social>direct,0,BC
13517,display>paid_search>paid_search>display>direct,0,Atlantic
13518,paid_social>organic_search>paid_social>direct>paid_search,0,Atlantic
13519,paid_social>paid_social,0,BC
13520,display>paid_social>paid_search,0,Atlantic
13521,email,0,Atlantic
13522,paid_social>display>paid_search,0,Prairies
13523,display>display>display>paid_social>display>affiliate,0,ON
13524,organic_search>paid_search,0,ON
13525,paid_search>organic_search>direct,0,AB
13526,organic_search>paid_social>affiliate>organic_search,0,QC
13527,paid_social>direct,0,BC
13528,organic_search>email,0,Atlantic
13529,organic_search>display>paid_social>affiliate>organic_search,0,ON
13530,organic_search>organic_search>paid_social>email>organic_search,0,ON
13531,affiliate>display>paid_social>direct,0,Prairies
13532,paid_social>display>paid_social>email,1,Prairies
13533,paid_search>paid_search>paid_social>paid_social>paid_social>affiliate>paid_search>direct,1,Atlantic
13534,display>paid_social>paid_social>display>display>organic_search>email,0,Atlantic
13535,paid_search>paid_social>paid_social>display>paid_social>paid_social,0,ON
13536,organic_search>paid_social,0,AB
13537,paid_social>paid_search>paid_search,0,ON
13538,paid_social>organic_search>display>paid_search,0,Atlantic
13539,display>affiliate,0,ON
13540,paid_social>display>organic_search>organic_search,0,AB
13541,organic_search>display>display>display>organic_search>email,0,QC
13542,display>display>paid_social>paid_search>paid_search,0,Prairies
13543,paid_social>organic_search>paid_social>paid_search>paid_search,0,QC
13544,paid_social>direct,0,BC
13545,paid_social>paid_search,0,Atlantic
13546,email>display>direct,0,QC
13547,organic_search>affiliate,0,ON
13548,paid_social>paid_search>organic_search>direct,0,BC
13549,affiliate>display>affiliate,0,QC
13550,affiliate>paid_social>organic_search>direct,0,BC
13551,paid_social>display>direct,0,Prairies
13552,display>paid_social>display,0,ON
13553,paid_search>organic_search,0,QC
13554,display>paid_social>organic_search>direct,0,Prairies
13555,display>organic_search>paid_social,0,Atlantic
13556,paid_social,0,Prairies
13557,paid_social>organic_search,0,BC
13558,paid_social>organic_search>display>email>email,0,BC
13559,paid_social>direct>display>paid_search>paid_social>email,0,QC
13560,organic_search>organic_search>organic_search>affiliate,0,ON
13561,display>paid_social>direct,0,Atlantic
13562,paid_social>paid_search>direct,0,ON
13563,display>paid_social>organic_search>display>display>paid_social>paid_social>email,0,Atlantic
13564,paid_social>direct,0,Prairies
13565,organic_search>display>email,0,Prairies
13566,paid_social>paid_search>paid_search>display>display,0,BC
13567,paid_search>paid_search>organic_search>email,0,AB
13568,paid_social>paid_social>paid_social>organic_search>affiliate>paid_search>paid_search,1,AB
13569,affiliate>email,0,Atlantic
13570,display>paid_social>paid_social>affiliate>email,1,Prairies
13571,paid_social>display>paid_social>paid_social>paid_social>paid_social>paid_search>direct,0,Prairies
13572,affiliate>display>paid_social>organic_search>paid_search,0,Atlantic
13573,display>affiliate>direct,0,BC
13574,direct,0,Prairies
13575,paid_search>display>organic_search,0,AB
13576,paid_social>paid_social>direct,0,Atlantic
13577,organic_search>affiliate>display>affiliate,0,AB
13578,paid_social>direct>paid_social>paid_search,0,AB
13579,paid_search>paid_social>email,1,BC
13580,paid_search>paid_social>organic_search>paid_search,0,Atlantic
13581,paid_social>direct>organic_search>email,0,QC
13582,email,0,BC
13583,paid_social>display>organic_search>paid_search,0,AB
13584,organic_search>affiliate,1,QC
13585,display>direct,0,BC
13586,paid_social>affiliate>email,0,Prairies
13587,affiliate>paid_social>organic_search,0,Atlantic
13588,display>display>display>organic_search>direct>direct,0,BC
13589,organic_search>display>paid_search,0,BC
13590,display>paid_search>paid_social>paid_search,1,QC
13591,organic_search>organic_search>organic_search>email,0,AB
13592,paid_social>direct,0,QC
13593,display>display>display>paid_search,0,QC
13594,email>paid_social>email,0,Prairies
13595,affiliate>organic_search>organic_search>display>paid_social,0,BC
13596,display>direct>direct,0,Atlantic
13597,affiliate>display>paid_social>paid_social>display,1,Prairies
13598,paid_social>display>paid_social>paid_search,0,BC
13599,paid_social>direct,0,Atlantic
13600,paid_search>display>organic_search>paid_social>paid_social>direct,1,AB
13601,paid_social>email>paid_social>paid_social,0,AB
13602,display>organic_search>paid_social>organic_search>paid_search,0,AB
13603,organic_search>affiliate,0,QC
13604,affiliate>affiliate>display>paid_social>paid_social>organic_search,0,BC
13605,direct,0,AB
13606,paid_search>display>paid_search,0,Prairies
13607,organic_search>display>display>paid_social>direct,1,QC
13608,display>paid_search>paid_social>display>paid_search>direct>email,0,Atlantic
13609,affiliate>organic_search>display>direct,0,QC
13610,paid_social>email,0,Prairies
13611,direct,0,BC
13612,paid_social>paid_search>paid_search>organic_search,0,ON
13613,paid_search>affiliate>affiliate,0,Prairies
13614,organic_search>display>paid_social>display>paid_search>paid_social>organic_search,0,BC
13615,paid_search>paid_social>direct,0,AB
13616,paid_social>paid_social>email,0,ON
13617,organic_search>paid_social>paid_social>display>paid_social>paid_search,0,Atlantic
13618,paid_search,0,Prairies
13619,display>paid_search,0,AB
13620,paid_search>affiliate,0,ON
13621,display>paid_search>paid_social>paid_search>direct,0,ON
13622,display,0,BC
13623,email>organic_search>display>affiliate>display>paid_search,0,Prairies
13624,paid_social>display>paid_search>organic_search>email,0,BC
13625,paid_search>affiliate,0,ON
13626,paid_search>paid_social>direct,0,Prairies
13627,paid_search>paid_social>affiliate>direct,0,Prairies
13628,direct>paid_search,0,ON
13629,direct>affiliate>affiliate,0,AB
13630,paid_social,0,QC
13631,paid_social>display>direct,0,BC
13632,paid_social>paid_search,1,ON
13633,paid_social>paid_social>display>display>organic_search>paid_search>paid_search,0,Prairies
13634,display>paid_social>direct>affiliate>affiliate,0,Prairies
13635,display>display>direct,0,Prairies
13636,organic_search>paid_social>paid_search>direct>paid_social>paid_search>organic_search,0,BC
13637,paid_search>organic_search>display,1,BC
13638,email>display>organic_search>organic_search,1,QC
13639,organic_search>display>paid_social>direct,0,ON
13640,paid_social>direct>direct,0,Atlantic
13641,display,0,Prairies
13642,paid_social>organic_search>direct,0,AB
13643,display>paid_social>paid_search>display>paid_search>organic_search,0,AB
13644,display>direct,0,QC
13645,email>email>direct,0,Atlantic
13646,paid_search>paid_social>paid_social,0,QC
13647,paid_social>display>direct>direct,0,Atlantic
13648,organic_search>display>organic_search>direct,1,Prairies
13649,paid_social>display>direct,0,Atlantic
13650,paid_social>display>paid_social>organic_search,0,Atlantic
13651,paid_search>organic_search>paid_social>direct,0,Prairies
13652,display>organic_search>paid_search,0,QC
13653,paid_social>paid_social>paid_search>paid_search,0,AB
13654,display>affiliate>direct,1,QC
13655,direct>organic_search>direct,0,Prairies
13656,paid_search>paid_social>paid_social>paid_social>direct,0,Prairies
13657,paid_social>organic_search>paid_social>affiliate,0,ON
13658,paid_social>paid_search>email>paid_search,1,ON
13659,paid_social>paid_search>direct,0,Atlantic
13660,email,0,BC
13661,paid_social>paid_social>paid_social>paid_search,0,BC
13662,display>display>email,0,QC
13663,paid_search>paid_social>paid_social>paid_social>paid_social>direct,0,AB
13664,direct>paid_social>affiliate,0,QC
13665,organic_search>affiliate,0,ON
13666,organic_search>organic_search>direct,0,ON
13667,email,0,AB
13668,email,0,Prairies
13669,paid_search>organic_search>paid_search>direct>direct,0,BC
13670,email>display>display>display>paid_search,0,ON
13671,paid_social>paid_social>display>display>paid_search>direct,0,BC
13672,organic_search>display>affiliate>affiliate,0,BC
13673,display>paid_search,0,ON
13674,organic_search>affiliate,0,AB
13675,display>email>affiliate,0,AB
13676,organic_search>display>direct,0,Atlantic
13677,paid_social>paid_social>organic_search>direct,0,BC
13678,affiliate>display>paid_search>paid_search,0,QC
13679,paid_search>paid_social>paid_search>paid_search>paid_search,0,BC
13680,paid_search>paid_social>email,0,AB
13681,organic_search>direct,0,BC
13682,affiliate>affiliate>paid_social,0,BC
13683,display>paid_social>display>display>affiliate,0,Prairies
13684,paid_social>paid_search>organic_search>display>organic_search>direct,0,Prairies
13685,affiliate>paid_search,0,QC
13686,paid_social>direct,0,AB
13687,organic_search>direct>affiliate,0,ON
13688,paid_search>email>paid_search,0,Atlantic
13689,affiliate>organic_search>direct,0,AB
13690,paid_social>organic_search>organic_search>direct,0,AB
13691,organic_search>paid_social>paid_social>organic_search>organic_search>paid_search,0,AB
13692,organic_search>paid_search,0,QC
13693,email>organic_search>paid_social>direct,0,ON
13694,paid_search>paid_social>paid_search,0,ON
13695,affiliate>organic_search>direct>paid_social,0,QC
13696,affiliate>paid_social>organic_search>paid_search,0,Atlantic
13697,paid_social>direct>paid_search>affiliate,1,ON
13698,display>paid_search,0,ON
13699,display>direct,0,QC
13700,paid_social>paid_social>paid_search,0,ON
13701,paid_social>paid_search>affiliate,0,ON
13702,direct,0,QC
13703,organic_search>paid_social>display>display>direct,0,AB
13704,display>affiliate>display>paid_social>display>paid_search,1,QC
13705,paid_social>direct>paid_search,0,AB
13706,paid_search>organic_search>paid_social>direct,1,QC
13707,paid_social>affiliate>organic_search>email>direct,0,ON
13708,organic_search>organic_search>display>display>direct>affiliate,0,QC
13709,paid_social>display>paid_search>organic_search,0,QC
13710,display>display>display>paid_social>affiliate,0,AB
13711,display>paid_search>direct,0,ON
13712,paid_search>paid_social>paid_search>affiliate>organic_search>email,1,AB
13713,paid_social>paid_social>display>paid_social>organic_search,1,QC
13714,affiliate,0,BC
13715,display>affiliate>paid_search>paid_social,0,Atlantic
13716,email>paid_social>display,0,Prairies
13717,organic_search>direct>direct,0,Prairies
13718,display>paid_social>display>display,0,QC
13719,display>organic_search>affiliate>paid_social>email,0,QC
13720,organic_search>paid_social>display>direct,0,BC
13721,affiliate>paid_search>email,1,QC
13722,email,0,ON
13723,display>email>display>email,0,Prairies
13724,paid_social>paid_search>organic_search,0,AB
13725,direct,0,Atlantic
13726,display>display>paid_social>affiliate>paid_social,1,BC
13727,paid_social>paid_search>affiliate,0,AB
13728,display>display>direct,0,Atlantic
13729,paid_search>paid_search>email,0,BC
13730,paid_social>display>direct,0,QC
13731,display>organic_search>paid_social>direct>direct,0,Atlantic
13732,paid_search>paid_social,1,BC
13733,paid_search>display>display>paid_search,0,Prairies
13734,paid_social>display>paid_social>display>direct,0,BC
13735,display>paid_search>paid_social>direct,0,ON
13736,display>email,1,Atlantic
13737,paid_search>display>paid_social>email,0,ON
13738,paid_social>affiliate,0,AB
13739,display>paid_social>paid_search,1,Atlantic
13740,paid_social>display>email,1,BC
13741,paid_social>organic_search>organic_search>organic_search>paid_social>direct,0,BC
13742,display>affiliate>paid_social>affiliate,0,Atlantic
13743,display>display>affiliate>direct,1,Atlantic
13744,paid_social>paid_social>display>email,0,ON
13745,paid_search>paid_social>display>paid_social>display>display>organic_search>organic_search,0,AB
13746,display>email>direct,0,ON
13747,organic_search>organic_search>display>email,0,ON
13748,display>affiliate>display>display,0,ON
13749,direct>affiliate,0,ON
13750,display>organic_search>paid_social>direct,1,Atlantic
13751,display>display>organic_search>direct,0,Prairies
13752,paid_search>direct,0,Prairies
13753,paid_search>display>paid_search,0,Prairies
13754,paid_social,0,Prairies
13755,organic_search>paid_search>direct,0,Prairies
13756,paid_social>display>direct,0,ON
13757,paid_search>paid_social>paid_social,1,ON
13758,affiliate,0,Prairies
13759,display,0,BC
13760,direct>paid_search,0,BC
13761,display>affiliate>paid_search>direct,1,ON
13762,display>email,0,BC
13763,display>organic_search>paid_social>paid_social>paid_social>direct,0,ON
13764,paid_social>paid_social>paid_social,0,Atlantic
13765,organic_search>paid_search>direct,0,AB
13766,display>email,0,Prairies
13767,paid_social>organic_search,0,BC
13768,paid_social>paid_social>paid_social>paid_social>direct,0,AB
13769,display>direct>organic_search,0,BC
13770,organic_search>paid_search>paid_search>paid_search,1,Prairies
13771,organic_search>direct,0,Prairies
13772,affiliate>organic_search>display>affiliate,1,ON
13773,paid_social>organic_search,0,Prairies
13774,display>affiliate,1,Prairies
13775,display>affiliate>email,0,ON
13776,paid_social>affiliate>paid_search>email,0,Atlantic
13777,paid_social>affiliate,0,AB
13778,paid_social>organic_search>display>affiliate,0,Prairies
13779,display>direct,0,QC
13780,paid_search>paid_search,0,ON
13781,display>display>email>email,0,AB
13782,display>direct>paid_social,0,Atlantic
13783,display>paid_social>paid_search>organic_search,0,Atlantic
13784,display>organic_search>display>display>affiliate,0,BC
13785,display>affiliate>paid_social>display>direct,0,AB
13786,organic_search>display>email,0,Prairies
13787,direct>display>paid_social>email,0,QC
13788,affiliate>display>organic_search,0,ON
13789,paid_search>organic_search>organic_search>email,0,Prairies
13790,display>display>email,0,ON
13791,organic_search>direct,0,QC
13792,email,0,ON
13793,paid_search>paid_social>organic_search>organic_search>affiliate,0,ON
13794,paid_search>direct,0,AB
13795,paid_social>display>display>paid_search>organic_search>affiliate,0,ON
13796,email>paid_search,0,BC
13797,display>paid_search,0,BC
13798,paid_search>paid_social>organic_search>affiliate,0,ON
13799,paid_social>display>organic_search>display>paid_search,0,BC
13800,paid_search>paid_social>display>display>direct>affiliate>paid_social>direct,1,AB
13801,display>affiliate>display>affiliate>email,0,AB
13802,email>paid_social>paid_search>affiliate>display>direct,0,Atlantic
13803,email>paid_search>direct,0,Prairies
13804,email,0,BC
13805,display>paid_search,0,QC
13806,organic_search>affiliate,0,QC
13807,paid_social>display>direct,0,ON
13808,organic_search>organic_search>direct>paid_search,0,Prairies
13809,affiliate>display>display>paid_social>organic_search,0,BC
13810,email,0,BC
13811,display>paid_social>organic_search,0,Atlantic
13812,display>display>paid_search,0,Atlantic
13813,affiliate>organic_search>display>paid_search,0,ON
13814,email>affiliate>paid_social,0,BC
13815,organic_search>organic_search>organic_search>display,0,Prairies
13816,email>direct>display,0,BC
13817,organic_search>direct,0,ON
13818,affiliate>organic_search>paid_social>paid_search>paid_search,0,ON
13819,organic_search>display>display>paid_social>email,0,Prairies
13820,paid_social>organic_search>paid_search,1,ON
13821,display>paid_social>paid_search,0,AB
13822,affiliate>affiliate>paid_social>display,1,AB
13823,affiliate>paid_search>organic_search>affiliate>display>paid_search>organic_search>direct>paid_search,1,Atlantic
13824,paid_search>organic_search>organic_search>paid_search,0,BC
13825,paid_search>organic_search>display>organic_search,0,Atlantic
13826,display>display>display>direct,0,QC
13827,direct>paid_search>display>direct,0,Prairies
13828,paid_search>direct,0,BC
13829,display,0,ON
13830,display>paid_social>paid_search>display>affiliate,0,ON
13831,paid_social>display>paid_search,0,AB
13832,direct,0,ON
13833,paid_social>paid_search>paid_social>paid_search,0,ON
13834,affiliate>organic_search>affiliate>organic_search,0,Atlantic
13835,direct>direct,0,Atlantic
13836,display>paid_social>paid_social>email,0,BC
13837,display>paid_social,0,Prairies
13838,affiliate>affiliate>paid_social>affiliate>organic_search,0,BC
13839,email>paid_search>direct,0,QC
13840,paid_search>display>display>direct,0,BC
13841,direct>display>paid_social,0,Prairies
13842,direct>email,0,Prairies
13843,paid_search>paid_social>paid_search,0,ON
13844,paid_social>email,0,Atlantic
13845,direct>paid_search>organic_search>direct,0,Atlantic
13846,organic_search>email,0,QC
13847,affiliate>email,0,BC
13848,affiliate>organic_search>organic_search>email,1,QC
13849,paid_search>organic_search>paid_social>organic_search>paid_social>affiliate,0,AB
13850,organic_search>display>email,0,ON
13851,display>affiliate>display>affiliate>direct,0,ON
13852,paid_search>affiliate,0,Atlantic
13853,paid_social>paid_social>paid_search>direct>paid_search,0,Atlantic
13854,paid_search>direct>organic_search>display>paid_social>display>paid_social>email,0,BC
13855,display>paid_social>display>email>paid_search,0,ON
13856,direct,0,Atlantic
13857,paid_social>display>display>paid_search>email>organic_search,0,QC
13858,paid_social>direct>organic_search,0,Prairies
13859,paid_search>organic_search>organic_search,1,ON
13860,organic_search>paid_search>paid_search>paid_social>affiliate,0,BC
13861,organic_search>paid_search>display>affiliate>paid_social>direct,0,ON
13862,organic_search>paid_search,0,QC
13863,direct>organic_search,0,BC
13864,display>display>paid_search,0,Atlantic
13865,paid_social>paid_social>paid_search,0,Atlantic
13866,display>display>direct,0,Prairies
13867,paid_social>organic_search,0,Atlantic
13868,organic_search>paid_social>organic_search,0,Prairies
13869,display>paid_social>display>direct,0,BC
13870,direct>organic_search>paid_search,1,Prairies
13871,paid_social>paid_social>paid_search>direct,0,Atlantic
13872,direct>affiliate>email,1,QC
13873,organic_search>display,0,ON
13874,direct>direct,0,ON
13875,display>display>display>paid_social>paid_social>direct,0,QC
13876,affiliate>display>paid_social>display>affiliate,0,Atlantic
13877,affiliate>organic_search,0,AB
13878,affiliate>direct,0,QC
13879,display>display>paid_social>email,0,ON
13880,paid_social>organic_search>organic_search,0,QC
13881,display>display>display>paid_social,0,Prairies
13882,display>organic_search>paid_social>display,0,Atlantic
13883,display>display>organic_search>paid_social>paid_search>direct,0,QC
13884,display>direct,0,Atlantic
13885,paid_social>organic_search>direct>paid_social>direct,0,AB
13886,email>email,0,AB
13887,paid_search>display>organic_search>paid_social>direct,0,QC
13888,direct>paid_search,0,BC
13889,display>direct>display>paid_social,0,QC
13890,organic_search>email,1,Atlantic
13891,paid_search>display>display>display>affiliate>affiliate,0,ON
13892,organic_search>paid_search>paid_social>email>organic_search>direct,0,BC
13893,display>display>display>direct>affiliate,0,Atlantic
13894,paid_search>paid_search,0,BC
13895,paid_social>email,0,QC
13896,display>direct,0,BC
13897,organic_search>paid_social>paid_social,0,BC
13898,affiliate>display>email,0,AB
13899,display>paid_search>direct,0,BC
13900,paid_search,0,Atlantic
13901,paid_social>paid_search>display>email,0,BC
13902,organic_search>direct,0,ON
13903,paid_search>display>paid_search>paid_search>paid_social>email,0,AB
13904,organic_search>affiliate>paid_search,0,ON
13905,organic_search>direct>direct>paid_search>email,0,Atlantic
13906,paid_search>email,0,AB
13907,display>paid_social>paid_search>paid_social>direct>email,0,Atlantic
13908,display>direct,0,QC
13909,affiliate>paid_social>email>paid_search,0,Atlantic
13910,display>paid_search>direct,0,BC
13911,paid_search>affiliate>organic_search>display>organic_search>organic_search,0,QC
13912,display>paid_search>organic_search>organic_search>affiliate,0,Atlantic
13913,paid_social>display>direct,0,AB
13914,paid_social>display>paid_social>paid_search,0,Prairies
13915,display>email,0,ON
13916,paid_social>email>paid_search>display>organic_search>display>organic_search,0,Prairies
13917,organic_search>display>email,0,AB
13918,paid_social>email,0,BC
13919,paid_social>organic_search>affiliate>paid_social>affiliate,0,QC
13920,paid_search>organic_search>paid_search>affiliate,1,Prairies
13921,organic_search>organic_search>paid_social>paid_search>paid_social>paid_social>email,0,QC
13922,paid_social>display>direct,0,QC
13923,paid_social>organic_search>direct,0,ON
13924,email>paid_social>display>paid_search>paid_social>paid_search,0,Atlantic
13925,email>paid_search>organic_search,0,BC
13926,paid_search>affiliate>paid_search>organic_search,0,ON
13927,direct,0,QC
13928,organic_search>paid_search,0,Atlantic
13929,display>display>paid_social>direct,0,QC
13930,organic_search>email,0,Prairies
13931,paid_social,0,BC
13932,display>affiliate>email,0,ON
13933,email>direct,0,ON
13934,paid_search>paid_social>direct>organic_search,0,AB
13935,paid_social>display>direct,0,Prairies
13936,paid_social>display>paid_search>direct,0,AB
13937,paid_social>organic_search,0,BC
13938,organic_search>display>email,0,Atlantic
13939,paid_search>affiliate>display>affiliate,0,Prairies
13940,organic_search>affiliate>paid_social,0,QC
13941,display>paid_social>email>organic_search>paid_search,1,Atlantic
13942,organic_search>paid_search>affiliate>paid_social>affiliate,0,QC
13943,organic_search>display>direct,0,Prairies
13944,display>display,0,QC
13945,direct>affiliate>affiliate>display>paid_search,0,BC
13946,display>display>direct,0,ON
13947,display>display>affiliate>organic_search>paid_social>paid_search,0,AB
13948,paid_social,0,Atlantic
13949,affiliate>display>affiliate,0,QC
13950,display>affiliate>email>direct,0,AB
13951,display>display>organic_search>paid_social>affiliate>affiliate>paid_social>paid_social>display>affiliate,1,AB
13952,organic_search>paid_search>organic_search>paid_social>display>paid_social,1,AB
13953,paid_social>organic_search>display>display>paid_social>display>paid_search>display,0,BC
13954,display>affiliate,0,QC
13955,direct>paid_search>affiliate,0,BC
13956,paid_social>paid_social>organic_search>email,0,ON
13957,display>email>display>affiliate>email,0,Atlantic
13958,paid_search>affiliate>direct>affiliate,0,BC
13959,email>display>direct,1,Atlantic
13960,email>paid_search>organic_search>paid_search,0,ON
13961,affiliate>display>paid_social,0,ON
13962,paid_search>paid_social>display>display,0,Prairies
13963,paid_social>display>organic_search,0,ON
13964,display>email>paid_search>direct,0,BC
13965,paid_social>affiliate>organic_search>affiliate>display>display>organic_search>display>paid_social,0,AB
13966,display>direct,0,AB
13967,organic_search>display>display>display>display>paid_social>email,0,ON
13968,affiliate>paid_social>organic_search>paid_social>display>paid_social>email,0,BC
13969,paid_social>direct,0,Atlantic
13970,direct>paid_search>affiliate>direct,0,BC
13971,affiliate,0,BC
13972,display>affiliate>organic_search,0,Atlantic
13973,paid_search,0,ON
13974,organic_search,0,Atlantic
13975,affiliate>display>affiliate,1,Prairies
13976,affiliate>paid_social>display>paid_social>display>paid_search,1,Prairies
13977,paid_social>paid_search,0,BC
13978,paid_social>display>organic_search>paid_social,0,Atlantic
13979,paid_social>display>organic_search>direct,0,ON
13980,direct>organic_search>direct,0,Atlantic
13981,affiliate>direct,0,BC
13982,direct>display>paid_social>paid_search>direct,0,QC
13983,affiliate>email,0,Prairies
13984,display>display>direct,0,BC
13985,direct,0,AB
13986,paid_search>direct>paid_social>display>display>organic_search,0,BC
13987,paid_social>paid_search,0,BC
13988,paid_search>paid_search,0,BC
13989,organic_search>display>display>affiliate,1,AB
13990,paid_social>paid_search,0,QC
13991,paid_social>paid_social>paid_search>direct>paid_search>direct,0,AB
13992,email>email,0,Prairies
13993,paid_social>paid_social>email,0,BC
13994,display>paid_social>organic_search>paid_social>direct,0,Prairies
13995,organic_search>paid_search>email>paid_social>organic_search,0,QC
13996,paid_search,0,BC
13997,display>organic_search>paid_search>paid_search,0,Prairies
13998,paid_search>paid_social>email,0,Prairies
13999,display>affiliate,0,Atlantic
14000,paid_social>affiliate>paid_social>direct,1,BC
