order_id,user_id,session_id,order_ts,date_key,revenue,gross_margin,is_first_order,region,device
1,4,20.0,2026-05-14 20:00:00,20260514,92.07,38.67,1,QC,mobile
2,4,,2026-06-09 20:00:00,20260609,91.91,38.6,0,QC,mobile
3,8,39.0,2026-03-21 11:00:00,20260321,80.3,33.73,1,QC,mobile
4,23,106.0,2026-02-21 13:00:00,20260221,127.9,53.72,1,BC,desktop
5,52,221.0,2026-02-13 06:00:00,20260213,101.29,42.54,1,QC,mobile
6,54,231.0,2025-09-30 14:00:00,20250930,172.98,72.65,1,AB,desktop
7,69,288.0,2026-01-22 20:00:00,20260122,163.98,68.87,1,AB,mobile
8,69,,2026-03-09 20:00:00,20260309,87.95,36.94,0,AB,mobile
9,80,336.0,2025-10-09 12:00:00,20251009,70.91,29.78,1,AB,desktop
10,88,370.0,2026-03-01 06:00:00,20260301,72.02,30.25,1,Atlantic,desktop
11,88,,2026-04-04 06:00:00,20260404,148.58,62.4,0,Atlantic,desktop
12,104,427.0,2025-11-13 07:00:00,20251113,96.06,40.35,1,Prairies,desktop
13,120,471.0,2026-04-03 17:00:00,20260403,116.25,48.82,1,QC,mobile
14,139,552.0,2026-01-25 20:00:00,20260125,172.93,72.63,1,AB,mobile
15,148,582.0,2025-11-04 18:00:00,20251104,41.97,17.63,1,BC,desktop
16,188,732.0,2026-01-15 11:00:00,20260115,177.09,74.38,1,Atlantic,mobile
17,198,772.0,2026-05-07 15:00:00,20260507,86.62,36.38,1,ON,mobile
18,198,,2026-05-28 15:00:00,20260528,61.76,25.94,0,ON,mobile
19,206,794.0,2026-06-22 11:00:00,20260622,151.39,63.58,1,BC,mobile
20,207,796.0,2025-09-21 16:00:00,20250921,81.65,34.29,1,Prairies,mobile
21,230,874.0,2026-02-22 07:00:00,20260222,101.22,42.51,1,QC,desktop
22,268,1004.0,2026-04-25 07:00:00,20260425,328.24,137.86,1,Atlantic,tablet
23,271,1020.0,2025-09-24 07:00:00,20250924,97.46,40.93,1,Prairies,desktop
24,271,,2025-10-17 07:00:00,20251017,151.42,63.6,0,Prairies,desktop
25,309,1145.0,2025-10-13 13:00:00,20251013,120.85,50.76,1,BC,mobile
26,314,1162.0,2026-03-24 17:00:00,20260324,84.53,35.5,1,ON,desktop
27,326,1213.0,2026-03-03 10:00:00,20260303,110.75,46.52,1,AB,desktop
28,330,1225.0,2026-03-18 19:00:00,20260318,66.4,27.89,1,BC,desktop
29,332,1232.0,2026-04-17 11:00:00,20260417,87.41,36.71,1,Prairies,mobile
30,345,1279.0,2025-12-19 18:00:00,20251219,147.16,61.81,1,Prairies,desktop
31,352,1304.0,2026-06-11 16:00:00,20260611,62.88,26.41,1,BC,mobile
32,359,1326.0,2026-05-16 16:00:00,20260516,107.41,45.11,1,Atlantic,desktop
33,359,,2026-06-06 16:00:00,20260606,135.54,56.93,0,Atlantic,desktop
35,363,1349.0,2026-06-13 22:00:00,20260613,145.5,61.11,1,ON,mobile
36,367,1362.0,2026-05-22 09:00:00,20260522,77.7,32.63,1,Prairies,desktop
37,367,,2026-07-10 09:00:00,20260710,89.37,37.54,0,Prairies,desktop
38,367,,2026-07-21 09:00:00,20260721,55.34,23.24,0,Prairies,desktop
40,377,1407.0,2025-11-09 06:00:00,20251109,169.32,71.11,1,Prairies,desktop
41,392,1464.0,2025-10-05 16:00:00,20251005,54.79,23.01,1,QC,tablet
42,394,1469.0,2025-08-28 18:00:00,20250828,86.59,36.37,1,ON,desktop
43,424,1570.0,2025-10-08 10:00:00,20251008,88.14,37.02,1,Atlantic,mobile
44,424,,2025-11-23 10:00:00,20251123,66.0,27.72,0,Atlantic,mobile
45,424,,2025-12-31 10:00:00,20251231,139.4,58.55,0,Atlantic,mobile
46,424,,2026-03-16 10:00:00,20260316,76.06,31.95,0,Atlantic,mobile
47,470,1742.0,2025-12-30 12:00:00,20251230,87.4,36.71,1,Prairies,mobile
48,472,1751.0,2026-01-08 22:00:00,20260108,60.89,25.57,1,QC,mobile
49,481,1780.0,2025-09-20 19:00:00,20250920,79.19,33.26,1,BC,desktop
50,487,1803.0,2025-10-25 12:00:00,20251025,107.39,45.1,1,Atlantic,mobile
51,490,1814.0,2026-05-29 19:00:00,20260529,74.91,31.46,1,ON,desktop
52,493,1821.0,2025-12-30 14:00:00,20251230,556.34,233.66,1,Atlantic,mobile
53,509,1871.0,2025-12-01 17:00:00,20251201,282.26,118.55,1,Prairies,desktop
54,509,,2026-01-01 17:00:00,20260101,316.49,132.93,0,Prairies,desktop
55,510,1873.0,2026-05-18 21:00:00,20260518,100.58,42.24,1,Prairies,mobile
56,510,,2026-06-24 21:00:00,20260624,50.73,21.31,0,Prairies,mobile
57,515,1889.0,2026-05-31 16:00:00,20260531,115.42,48.48,1,Prairies,desktop
58,515,,2026-06-20 16:00:00,20260620,51.4,21.59,0,Prairies,desktop
59,531,1953.0,2026-03-22 13:00:00,20260322,78.87,33.13,1,QC,mobile
60,531,,2026-04-18 13:00:00,20260418,95.12,39.95,0,QC,mobile
61,535,1965.0,2026-01-30 18:00:00,20260130,126.94,53.31,1,Atlantic,tablet
62,535,,2026-02-17 18:00:00,20260217,133.1,55.9,0,Atlantic,tablet
63,544,1985.0,2025-10-04 21:00:00,20251004,200.94,84.39,1,ON,mobile
64,547,2001.0,2026-02-22 14:00:00,20260222,57.75,24.25,1,QC,mobile
65,547,,2026-04-12 14:00:00,20260412,118.38,49.72,0,QC,mobile
66,561,2047.0,2025-08-25 17:00:00,20250825,79.47,33.38,1,AB,mobile
67,564,2067.0,2026-04-20 18:00:00,20260420,90.31,37.93,1,Atlantic,tablet
68,584,2147.0,2026-02-22 07:00:00,20260222,117.33,49.28,1,Prairies,desktop
69,586,2154.0,2026-04-02 07:00:00,20260402,66.68,28.01,1,Atlantic,mobile
70,588,2161.0,2025-12-05 22:00:00,20251205,72.13,30.29,1,ON,desktop
71,588,,2026-01-09 22:00:00,20260109,66.0,27.72,0,ON,desktop
72,588,,2026-01-18 22:00:00,20260118,166.63,69.98,0,ON,desktop
73,588,,2026-02-06 22:00:00,20260206,86.8,36.46,0,ON,desktop
74,596,2194.0,2026-01-26 20:00:00,20260126,173.08,72.69,1,AB,mobile
75,633,2316.0,2025-09-18 15:00:00,20250918,172.1,72.28,1,ON,mobile
76,653,2391.0,2026-04-19 12:00:00,20260419,89.47,37.58,1,AB,desktop
77,654,2395.0,2025-12-31 06:00:00,20251231,54.2,22.76,1,Atlantic,mobile
78,661,2423.0,2026-03-04 14:00:00,20260304,31.32,13.15,1,BC,mobile
79,661,,2026-04-08 14:00:00,20260408,78.99,33.18,0,BC,mobile
80,663,2429.0,2025-10-21 09:00:00,20251021,75.94,31.89,1,BC,mobile
81,668,2445.0,2026-05-07 16:00:00,20260507,91.24,38.32,1,QC,desktop
82,668,,2026-06-19 16:00:00,20260619,90.58,38.04,0,QC,desktop
83,669,2447.0,2025-08-17 12:00:00,20250817,43.42,18.24,1,AB,mobile
84,681,2489.0,2026-06-03 08:00:00,20260603,98.54,41.39,1,AB,desktop
85,696,2543.0,2025-12-18 11:00:00,20251218,87.34,36.68,1,Prairies,desktop
86,699,2556.0,2026-02-11 20:00:00,20260211,127.79,53.67,1,Atlantic,mobile
87,712,2598.0,2025-09-25 06:00:00,20250925,63.49,26.67,1,QC,mobile
88,713,2603.0,2026-06-25 13:00:00,20260625,82.6,34.69,1,ON,mobile
90,729,2647.0,2026-06-06 20:00:00,20260606,144.66,60.76,1,Prairies,desktop
91,729,,2026-07-24 20:00:00,20260724,201.3,84.55,0,Prairies,desktop
92,733,2665.0,2026-02-18 21:00:00,20260218,61.38,25.78,1,ON,mobile
93,736,2675.0,2026-03-21 13:00:00,20260321,106.9,44.9,1,Prairies,mobile
94,759,2743.0,2026-02-15 13:00:00,20260215,168.33,70.7,1,Prairies,desktop
95,759,,2026-04-02 13:00:00,20260402,156.28,65.64,0,Prairies,desktop
96,763,2757.0,2025-11-22 15:00:00,20251122,155.43,65.28,1,Atlantic,desktop
97,766,2769.0,2026-03-31 16:00:00,20260331,169.43,71.16,1,ON,mobile
98,766,,2026-05-23 16:00:00,20260523,193.68,81.35,0,ON,mobile
99,768,2776.0,2026-02-27 22:00:00,20260227,102.11,42.89,1,QC,desktop
100,777,2803.0,2026-01-22 13:00:00,20260122,85.2,35.78,1,Prairies,mobile
101,787,2841.0,2025-10-05 07:00:00,20251005,121.93,51.21,1,BC,mobile
102,787,,2025-11-17 07:00:00,20251117,91.04,38.24,0,BC,mobile
103,799,2880.0,2025-12-05 09:00:00,20251205,119.0,49.98,1,Prairies,mobile
104,803,2903.0,2025-12-14 06:00:00,20251214,107.8,45.28,1,AB,mobile
105,805,2914.0,2026-05-05 12:00:00,20260505,162.35,68.19,1,Atlantic,desktop
106,805,,2026-06-11 12:00:00,20260611,150.4,63.17,0,Atlantic,desktop
107,805,,2026-06-26 12:00:00,20260626,216.62,90.98,0,Atlantic,desktop
108,805,,2026-07-13 12:00:00,20260713,50.19,21.08,0,Atlantic,desktop
109,828,2984.0,2025-10-11 08:00:00,20251011,71.97,30.23,1,AB,mobile
110,828,,2025-11-27 08:00:00,20251127,119.0,49.98,0,AB,mobile
111,835,3008.0,2026-01-17 20:00:00,20260117,146.57,61.56,1,QC,desktop
112,846,3040.0,2026-01-07 06:00:00,20260107,80.43,33.78,1,Prairies,mobile
113,846,,2026-02-27 06:00:00,20260227,192.47,80.84,0,Prairies,mobile
114,856,3075.0,2025-09-21 13:00:00,20250921,47.59,19.99,1,BC,mobile
115,856,,2025-10-09 13:00:00,20251009,103.34,43.4,0,BC,mobile
116,869,3124.0,2025-10-03 08:00:00,20251003,171.61,72.08,1,QC,desktop
117,879,3163.0,2025-09-14 17:00:00,20250914,164.9,69.26,1,BC,desktop
118,879,,2025-10-22 17:00:00,20251022,179.14,75.24,0,BC,desktop
119,879,,2025-11-03 17:00:00,20251103,84.55,35.51,0,BC,desktop
120,879,,2026-02-11 17:00:00,20260211,131.83,55.37,0,BC,desktop
121,880,3166.0,2026-05-21 08:00:00,20260521,117.1,49.18,1,ON,desktop
122,900,3245.0,2026-02-10 09:00:00,20260210,99.32,41.71,1,BC,desktop
123,901,3250.0,2025-12-27 12:00:00,20251227,69.35,29.13,1,Prairies,mobile
124,905,3262.0,2025-12-18 19:00:00,20251218,48.52,20.38,1,ON,mobile
125,941,3385.0,2025-08-20 16:00:00,20250820,110.48,46.4,1,QC,mobile
126,949,3414.0,2025-09-07 10:00:00,20250907,77.72,32.64,1,Atlantic,mobile
127,963,3466.0,2025-10-26 15:00:00,20251026,39.04,16.4,1,QC,mobile
128,965,3476.0,2026-05-21 14:00:00,20260521,101.75,42.73,1,Atlantic,desktop
129,965,,2026-06-24 14:00:00,20260624,125.25,52.6,0,Atlantic,desktop
130,965,,2026-06-26 14:00:00,20260626,75.09,31.54,0,Atlantic,desktop
131,973,3502.0,2026-05-17 10:00:00,20260517,90.76,38.12,1,AB,desktop
132,978,3526.0,2025-11-19 20:00:00,20251119,102.26,42.95,1,Atlantic,mobile
133,981,3541.0,2026-01-17 09:00:00,20260117,45.43,19.08,1,Prairies,mobile
134,992,3590.0,2025-11-13 15:00:00,20251113,103.48,43.46,1,BC,desktop
135,1006,3645.0,2025-08-05 06:00:00,20250805,46.7,19.61,1,AB,tablet
136,1006,,2025-09-21 06:00:00,20250921,93.53,39.28,0,AB,tablet
137,1007,3649.0,2025-10-03 13:00:00,20251003,67.96,28.54,1,Atlantic,mobile
138,1018,3687.0,2026-02-01 20:00:00,20260201,43.67,18.34,1,Prairies,mobile
139,1019,3689.0,2025-08-24 07:00:00,20250824,101.08,42.45,1,AB,tablet
140,1019,,2025-10-07 07:00:00,20251007,42.78,17.97,0,AB,tablet
141,1025,3706.0,2025-11-21 17:00:00,20251121,123.0,51.66,1,ON,mobile
142,1026,3710.0,2026-01-05 12:00:00,20260105,133.58,56.1,1,Prairies,mobile
143,1026,,2026-02-21 12:00:00,20260221,135.1,56.74,0,Prairies,mobile
144,1027,3714.0,2026-01-17 19:00:00,20260117,106.21,44.61,1,ON,mobile
145,1041,3765.0,2026-05-08 19:00:00,20260508,77.33,32.48,1,AB,desktop
146,1041,,2026-06-01 19:00:00,20260601,134.17,56.35,0,AB,desktop
147,1042,3772.0,2025-09-18 06:00:00,20250918,107.32,45.07,1,ON,tablet
148,1042,,2025-10-30 06:00:00,20251030,50.01,21.0,0,ON,tablet
149,1042,,2025-11-29 06:00:00,20251129,124.0,52.08,0,ON,tablet
150,1044,3784.0,2026-01-04 17:00:00,20260104,85.09,35.74,1,BC,desktop
151,1047,3799.0,2025-12-12 09:00:00,20251212,48.95,20.56,1,ON,mobile
152,1047,,2025-12-30 09:00:00,20251230,111.07,46.65,0,ON,mobile
153,1047,,2026-02-14 09:00:00,20260214,99.11,41.63,0,ON,mobile
154,1054,3822.0,2026-04-06 18:00:00,20260406,48.05,20.18,1,Atlantic,mobile
155,1056,3827.0,2025-09-22 20:00:00,20250922,97.93,41.13,1,BC,desktop
156,1062,3845.0,2026-04-03 11:00:00,20260403,65.63,27.56,1,AB,desktop
157,1062,,2026-05-18 11:00:00,20260518,76.94,32.31,0,AB,desktop
158,1062,,2026-07-02 11:00:00,20260702,188.85,79.32,0,AB,desktop
159,1063,3850.0,2026-01-16 11:00:00,20260116,51.03,21.43,1,QC,desktop
160,1066,3860.0,2026-04-04 20:00:00,20260404,57.74,24.25,1,Atlantic,desktop
161,1066,,2026-05-27 20:00:00,20260527,102.07,42.87,0,Atlantic,desktop
162,1085,3923.0,2025-09-15 07:00:00,20250915,68.12,28.61,1,BC,mobile
163,1100,3979.0,2026-04-14 18:00:00,20260414,131.01,55.02,1,Prairies,mobile
164,1100,,2026-05-24 18:00:00,20260524,118.48,49.76,0,Prairies,mobile
165,1101,3982.0,2025-11-15 19:00:00,20251115,37.35,15.69,1,BC,mobile
166,1101,,2025-12-30 19:00:00,20251230,109.09,45.82,0,BC,mobile
167,1101,,2026-02-09 19:00:00,20260209,93.99,39.48,0,BC,mobile
168,1103,3995.0,2026-07-08 10:00:00,20260708,70.2,29.48,1,AB,tablet
170,1119,4049.0,2026-04-08 17:00:00,20260408,44.29,18.6,1,ON,tablet
171,1137,4104.0,2026-05-24 12:00:00,20260524,99.56,41.82,1,QC,desktop
172,1160,4195.0,2026-02-02 15:00:00,20260202,182.62,76.7,1,AB,mobile
173,1166,4212.0,2026-03-25 21:00:00,20260325,110.83,46.55,1,Prairies,tablet
174,1166,,2026-05-13 21:00:00,20260513,142.84,59.99,0,Prairies,tablet
175,1166,,2026-06-19 21:00:00,20260619,100.12,42.05,0,Prairies,tablet
176,1174,4247.0,2026-06-17 12:00:00,20260617,99.57,41.82,1,Atlantic,tablet
177,1174,,2026-07-25 12:00:00,20260725,147.31,61.87,0,Atlantic,tablet
178,1177,4255.0,2025-11-08 08:00:00,20251108,142.2,59.72,1,Prairies,desktop
179,1179,4263.0,2026-02-07 12:00:00,20260207,101.96,42.82,1,QC,mobile
180,1180,4267.0,2026-04-29 15:00:00,20260429,103.31,43.39,1,BC,mobile
181,1180,,2026-06-10 15:00:00,20260610,168.48,70.76,0,BC,mobile
183,1185,4282.0,2025-09-09 15:00:00,20250909,132.89,55.81,1,AB,mobile
184,1185,,2025-09-29 15:00:00,20250929,208.61,87.62,0,AB,mobile
185,1186,4288.0,2026-03-13 13:00:00,20260313,285.77,120.02,1,Atlantic,desktop
186,1186,,2026-04-19 13:00:00,20260419,84.45,35.47,0,Atlantic,desktop
187,1186,,2026-06-17 13:00:00,20260617,132.26,55.55,0,Atlantic,desktop
188,1197,4328.0,2026-04-27 22:00:00,20260427,115.86,48.66,1,AB,mobile
189,1206,4358.0,2025-09-04 19:00:00,20250904,94.67,39.76,1,BC,tablet
190,1255,4535.0,2026-01-09 15:00:00,20260109,159.14,66.84,1,Atlantic,mobile
191,1255,,2026-02-19 15:00:00,20260219,182.99,76.86,0,Atlantic,mobile
192,1269,4585.0,2026-01-08 15:00:00,20260108,84.32,35.41,1,BC,mobile
193,1274,4603.0,2026-05-31 14:00:00,20260531,63.8,26.8,1,QC,desktop
194,1274,,2026-07-24 14:00:00,20260724,95.9,40.28,0,QC,desktop
195,1286,4642.0,2026-01-26 17:00:00,20260126,102.34,42.98,1,BC,mobile
196,1286,,2026-03-08 17:00:00,20260308,129.73,54.49,0,BC,mobile
197,1288,4649.0,2026-04-09 22:00:00,20260409,127.35,53.49,1,Prairies,mobile
198,1288,,2026-05-05 22:00:00,20260505,65.83,27.65,0,Prairies,mobile
199,1308,4721.0,2026-03-03 17:00:00,20260303,145.84,61.25,1,QC,mobile
200,1308,,2026-03-28 17:00:00,20260328,166.75,70.03,0,QC,mobile
201,1310,4729.0,2025-08-15 11:00:00,20250815,57.5,24.15,1,Atlantic,desktop
202,1316,4750.0,2026-01-28 18:00:00,20260128,64.52,27.1,1,ON,desktop
203,1316,,2026-03-23 18:00:00,20260323,109.17,45.85,0,ON,desktop
204,1316,,2026-04-08 18:00:00,20260408,132.62,55.7,0,ON,desktop
205,1324,4783.0,2025-09-27 13:00:00,20250927,157.48,66.14,1,Prairies,mobile
206,1327,4790.0,2026-03-12 10:00:00,20260312,77.98,32.75,1,QC,mobile
207,1327,,2026-04-17 10:00:00,20260417,81.21,34.11,0,QC,mobile
208,1333,4815.0,2025-11-09 08:00:00,20251109,102.41,43.01,1,BC,mobile
209,1337,4830.0,2025-12-16 06:00:00,20251216,66.54,27.95,1,Atlantic,mobile
210,1337,,2026-01-29 06:00:00,20260129,43.1,18.1,0,Atlantic,mobile
211,1347,4860.0,2025-09-10 11:00:00,20250910,65.18,27.38,1,Prairies,desktop
212,1351,4867.0,2025-11-02 17:00:00,20251102,66.16,27.79,1,QC,mobile
213,1357,4895.0,2026-06-19 22:00:00,20260619,113.69,47.75,1,ON,desktop
214,1359,4902.0,2026-01-22 21:00:00,20260122,108.97,45.77,1,Atlantic,mobile
215,1359,,2026-03-17 21:00:00,20260317,83.98,35.27,0,Atlantic,mobile
216,1367,4935.0,2025-09-18 09:00:00,20250918,119.75,50.29,1,Atlantic,desktop
217,1373,4958.0,2025-10-20 08:00:00,20251020,105.43,44.28,1,BC,mobile
218,1374,4961.0,2025-12-10 16:00:00,20251210,161.87,67.99,1,ON,tablet
219,1388,5016.0,2026-02-27 16:00:00,20260227,115.28,48.42,1,ON,mobile
220,1395,5036.0,2025-09-05 18:00:00,20250905,98.62,41.42,1,AB,tablet
221,1395,,2025-09-25 18:00:00,20250925,141.03,59.23,0,AB,tablet
222,1395,,2025-10-21 18:00:00,20251021,215.02,90.31,0,AB,tablet
223,1395,,2025-11-22 18:00:00,20251122,184.65,77.55,0,AB,tablet
224,1395,,2026-04-05 18:00:00,20260405,282.68,118.73,0,AB,tablet
225,1403,5068.0,2025-09-29 13:00:00,20250929,77.06,32.37,1,QC,mobile
226,1412,5100.0,2026-04-18 16:00:00,20260418,55.85,23.46,1,BC,mobile
227,1413,5104.0,2025-10-30 13:00:00,20251030,37.01,15.54,1,Prairies,desktop
228,1419,5127.0,2026-03-20 12:00:00,20260320,143.61,60.32,1,Atlantic,desktop
229,1419,,2026-05-13 12:00:00,20260513,59.92,25.17,0,Atlantic,desktop
230,1421,5136.0,2025-12-27 08:00:00,20251227,82.67,34.72,1,QC,mobile
231,1437,5185.0,2026-02-05 08:00:00,20260205,91.06,38.25,1,Prairies,mobile
232,1469,5287.0,2026-01-01 09:00:00,20260101,43.65,18.33,1,BC,mobile
233,1469,,2026-01-30 09:00:00,20260130,199.91,83.96,0,BC,mobile
234,1469,,2026-02-10 09:00:00,20260210,58.5,24.57,0,BC,mobile
235,1497,5387.0,2026-02-27 17:00:00,20260227,128.06,53.79,1,Prairies,mobile
236,1513,5448.0,2026-02-26 21:00:00,20260226,85.67,35.98,1,QC,desktop
237,1514,5451.0,2026-02-11 09:00:00,20260211,112.68,47.33,1,Prairies,mobile
238,1523,5488.0,2026-04-16 14:00:00,20260416,70.95,29.8,1,QC,tablet
239,1523,,2026-05-08 14:00:00,20260508,95.54,40.13,0,QC,tablet
240,1523,,2026-06-07 14:00:00,20260607,158.01,66.36,0,QC,tablet
241,1534,5524.0,2025-12-28 10:00:00,20251228,96.64,40.59,1,BC,mobile
242,1534,,2026-01-26 10:00:00,20260126,109.51,45.99,0,BC,mobile
243,1543,5556.0,2025-08-30 07:00:00,20250830,154.12,64.73,1,QC,mobile
244,1545,5563.0,2026-02-23 12:00:00,20260223,164.07,68.91,1,AB,tablet
245,1556,5610.0,2026-05-14 19:00:00,20260514,210.23,88.3,1,AB,desktop
246,1565,5641.0,2025-09-07 20:00:00,20250907,101.19,42.5,1,BC,tablet
247,1565,,2025-10-25 20:00:00,20251025,63.16,26.53,0,BC,tablet
248,1583,5711.0,2025-09-19 13:00:00,20250919,126.3,53.05,1,BC,mobile
249,1583,,2025-11-05 13:00:00,20251105,57.26,24.05,0,BC,mobile
250,1589,5734.0,2026-02-15 06:00:00,20260215,93.92,39.45,1,Atlantic,desktop
251,1595,5757.0,2025-10-01 17:00:00,20251001,95.73,40.21,1,ON,tablet
252,1622,5869.0,2026-01-31 07:00:00,20260131,94.47,39.68,1,ON,desktop
253,1639,5929.0,2026-04-27 10:00:00,20260427,71.19,29.9,1,BC,mobile
254,1647,5959.0,2025-10-17 14:00:00,20251017,103.98,43.67,1,QC,mobile
255,1658,6008.0,2025-11-11 07:00:00,20251111,85.22,35.79,1,Prairies,desktop
256,1658,,2026-01-03 07:00:00,20260103,76.89,32.29,0,Prairies,desktop
257,1665,6032.0,2026-05-13 12:00:00,20260513,97.38,40.9,1,Atlantic,mobile
258,1674,6068.0,2026-01-31 21:00:00,20260131,167.35,70.29,1,AB,mobile
259,1675,6074.0,2025-10-28 14:00:00,20251028,95.05,39.92,1,ON,desktop
260,1693,6148.0,2025-12-23 11:00:00,20251223,90.17,37.87,1,Prairies,mobile
261,1693,,2026-01-10 11:00:00,20260110,180.83,75.95,0,Prairies,mobile
262,1693,,2026-03-03 11:00:00,20260303,115.51,48.51,0,Prairies,mobile
263,1693,,2026-05-01 11:00:00,20260501,135.25,56.8,0,Prairies,mobile
264,1703,6187.0,2026-02-17 14:00:00,20260217,88.34,37.1,1,Prairies,mobile
265,1718,6239.0,2026-07-09 12:00:00,20260709,37.18,15.62,1,Atlantic,mobile
266,1723,6260.0,2025-10-30 22:00:00,20251030,93.71,39.36,1,Atlantic,mobile
267,1723,,2025-11-22 22:00:00,20251122,72.42,30.42,0,Atlantic,mobile
268,1729,6282.0,2026-06-02 08:00:00,20260602,89.34,37.52,1,AB,desktop
269,1733,6292.0,2025-12-22 12:00:00,20251222,41.2,17.3,1,QC,mobile
270,1733,,2026-01-19 12:00:00,20260119,109.48,45.98,0,QC,mobile
271,1733,,2026-02-14 12:00:00,20260214,56.93,23.91,0,QC,mobile
272,1733,,2026-03-13 12:00:00,20260313,106.78,44.85,0,QC,mobile
273,1734,6298.0,2025-09-14 22:00:00,20250914,105.06,44.13,1,ON,desktop
274,1734,,2025-10-30 22:00:00,20251030,125.14,52.56,0,ON,desktop
275,1762,6394.0,2026-03-03 20:00:00,20260303,130.46,54.79,1,ON,mobile
276,1762,,2026-04-09 20:00:00,20260409,95.48,40.1,0,ON,mobile
277,1764,6406.0,2026-04-24 12:00:00,20260424,52.2,21.92,1,BC,mobile
278,1767,6414.0,2025-09-13 12:00:00,20250913,98.28,41.28,1,ON,mobile
279,1774,6441.0,2026-04-02 15:00:00,20260402,109.87,46.15,1,AB,mobile
280,1774,,2026-05-01 15:00:00,20260501,80.01,33.6,0,AB,mobile
281,1774,,2026-05-30 15:00:00,20260530,105.95,44.5,0,AB,mobile
282,1781,6469.0,2026-05-27 07:00:00,20260527,57.06,23.97,1,Prairies,mobile
283,1784,6479.0,2025-08-15 09:00:00,20250815,213.77,89.78,1,QC,mobile
284,1796,6516.0,2025-10-13 14:00:00,20251013,61.6,25.87,1,Atlantic,mobile
285,1796,,2025-11-23 14:00:00,20251123,129.38,54.34,0,Atlantic,mobile
286,1796,,2026-01-13 14:00:00,20260113,49.67,20.86,0,Atlantic,mobile
287,1796,,2025-12-06 14:00:00,20251206,140.63,59.06,0,Atlantic,mobile
288,1796,,2026-01-05 14:00:00,20260105,43.16,18.13,0,Atlantic,mobile
289,1799,6525.0,2025-10-06 08:00:00,20251006,164.29,69.0,1,AB,mobile
290,1799,,2025-11-23 08:00:00,20251123,73.02,30.67,0,AB,mobile
291,1803,6536.0,2025-10-03 16:00:00,20251003,152.2,63.92,1,Prairies,tablet
292,1803,,2025-11-08 16:00:00,20251108,97.16,40.81,0,Prairies,tablet
293,1819,6595.0,2026-02-12 16:00:00,20260212,136.93,57.51,1,QC,mobile
294,1834,6652.0,2026-06-06 12:00:00,20260606,81.86,34.38,1,Atlantic,mobile
296,1837,6671.0,2026-04-22 16:00:00,20260422,77.79,32.67,1,AB,mobile
297,1849,6715.0,2026-03-25 19:00:00,20260325,52.81,22.18,1,BC,mobile
298,1867,6785.0,2026-04-28 21:00:00,20260428,97.68,41.03,1,ON,mobile
299,1871,6800.0,2026-06-12 21:00:00,20260612,133.18,55.94,1,QC,mobile
301,1874,6820.0,2026-06-03 13:00:00,20260603,120.37,50.56,1,QC,mobile
302,1874,,2026-07-20 13:00:00,20260720,114.86,48.24,0,QC,mobile
303,1889,6875.0,2026-05-08 09:00:00,20260508,133.35,56.01,1,QC,desktop
304,1898,6901.0,2026-06-21 20:00:00,20260621,52.93,22.23,1,Atlantic,desktop
305,1909,6933.0,2026-01-04 22:00:00,20260104,120.62,50.66,1,AB,desktop
306,1918,6969.0,2026-01-20 14:00:00,20260120,333.16,139.93,1,AB,mobile
307,1918,,2026-02-27 14:00:00,20260227,101.16,42.49,0,AB,mobile
308,1941,7057.0,2026-02-09 20:00:00,20260209,129.49,54.39,1,AB,mobile
309,1987,7214.0,2025-09-29 13:00:00,20250929,146.36,61.47,1,Prairies,tablet
310,1998,7260.0,2026-05-29 10:00:00,20260529,165.32,69.43,1,ON,mobile
311,2011,7315.0,2025-12-16 18:00:00,20251216,77.66,32.62,1,ON,mobile
312,2011,,2026-02-01 18:00:00,20260201,151.48,63.62,0,ON,mobile
313,2025,7364.0,2025-12-28 21:00:00,20251228,133.14,55.92,1,Prairies,desktop
314,2035,7399.0,2026-05-06 15:00:00,20260506,129.02,54.19,1,BC,mobile
315,2035,,2026-06-13 15:00:00,20260613,88.24,37.06,0,BC,mobile
316,2037,7403.0,2025-09-06 07:00:00,20250906,186.98,78.53,1,Prairies,desktop
317,2053,7470.0,2026-02-14 15:00:00,20260214,87.16,36.61,1,Prairies,mobile
318,2053,,2026-03-17 15:00:00,20260317,151.22,63.51,0,Prairies,mobile
319,2057,7483.0,2025-08-25 15:00:00,20250825,136.55,57.35,1,AB,mobile
320,2057,,2025-09-27 15:00:00,20250927,171.94,72.21,0,AB,mobile
321,2057,,2025-09-30 15:00:00,20250930,68.04,28.58,0,AB,mobile
322,2067,7515.0,2026-01-22 16:00:00,20260122,109.64,46.05,1,QC,mobile
323,2067,,2026-03-10 16:00:00,20260310,126.74,53.23,0,QC,mobile
324,2078,7549.0,2025-12-17 15:00:00,20251217,132.1,55.48,1,BC,desktop
325,2086,7575.0,2025-10-06 12:00:00,20251006,60.7,25.49,1,QC,desktop
326,2093,7597.0,2026-05-01 15:00:00,20260501,185.68,77.99,1,AB,mobile
327,2106,7642.0,2026-02-14 12:00:00,20260214,89.99,37.8,1,AB,desktop
328,2113,7661.0,2025-08-20 16:00:00,20250820,57.29,24.06,1,BC,desktop
329,2138,7753.0,2026-06-06 09:00:00,20260606,156.38,65.68,1,AB,desktop
330,2138,,2026-07-19 09:00:00,20260719,114.4,48.05,0,AB,desktop
331,2141,7769.0,2025-12-12 20:00:00,20251212,132.74,55.75,1,AB,desktop
332,2142,7770.0,2025-08-11 17:00:00,20250811,82.12,34.49,1,Atlantic,mobile
333,2142,,2025-09-05 17:00:00,20250905,116.45,48.91,0,Atlantic,mobile
334,2143,7771.0,2025-12-26 07:00:00,20251226,106.24,44.62,1,AB,desktop
335,2143,,2026-02-12 07:00:00,20260212,63.71,26.76,0,AB,desktop
336,2146,7782.0,2025-11-24 17:00:00,20251124,60.74,25.51,1,QC,desktop
337,2153,7809.0,2025-09-11 18:00:00,20250911,247.21,103.83,1,Atlantic,mobile
338,2176,7886.0,2026-04-30 06:00:00,20260430,162.2,68.12,1,QC,mobile
339,2194,7948.0,2026-01-02 22:00:00,20260102,96.32,40.45,1,ON,mobile
340,2194,,2026-01-20 22:00:00,20260120,330.27,138.71,0,ON,mobile
341,2194,,2026-04-12 22:00:00,20260412,252.82,106.18,0,ON,mobile
342,2198,7958.0,2025-10-30 12:00:00,20251030,74.94,31.47,1,QC,mobile
343,2218,8043.0,2026-05-06 13:00:00,20260506,149.25,62.68,1,Atlantic,tablet
344,2218,,2026-06-08 13:00:00,20260608,76.61,32.18,0,Atlantic,tablet
345,2226,8069.0,2025-11-02 21:00:00,20251102,96.03,40.33,1,QC,mobile
346,2226,,2025-12-15 21:00:00,20251215,232.51,97.65,0,QC,mobile
347,2234,8099.0,2026-01-04 19:00:00,20260104,34.44,14.46,1,BC,mobile
348,2242,8126.0,2026-06-07 17:00:00,20260607,139.14,58.44,1,BC,mobile
349,2251,8160.0,2025-08-25 16:00:00,20250825,65.67,27.58,1,AB,mobile
350,2255,8176.0,2026-04-10 13:00:00,20260410,108.79,45.69,1,QC,mobile
351,2266,8215.0,2026-01-06 13:00:00,20260106,84.55,35.51,1,AB,mobile
352,2266,,2026-02-18 13:00:00,20260218,58.87,24.73,0,AB,mobile
353,2269,8237.0,2025-11-19 07:00:00,20251119,154.55,64.91,1,Prairies,tablet
354,2281,8277.0,2026-06-07 12:00:00,20260607,93.64,39.33,1,QC,desktop
355,2281,,2026-07-24 12:00:00,20260724,42.88,18.01,0,QC,desktop
356,2298,8342.0,2026-01-09 12:00:00,20260109,143.8,60.4,1,ON,mobile
357,2298,,2026-02-17 12:00:00,20260217,102.11,42.89,0,ON,mobile
358,2298,,2026-04-09 12:00:00,20260409,82.66,34.72,0,ON,mobile
359,2298,,2026-03-25 12:00:00,20260325,128.03,53.77,0,ON,mobile
360,2298,,2026-05-01 12:00:00,20260501,86.4,36.29,0,ON,mobile
362,2301,8350.0,2026-05-25 10:00:00,20260525,151.76,63.74,1,BC,desktop
363,2302,8357.0,2025-12-25 19:00:00,20251225,104.22,43.77,1,ON,mobile
364,2302,,2026-02-17 19:00:00,20260217,113.54,47.69,0,ON,mobile
365,2305,8369.0,2026-06-27 13:00:00,20260627,182.48,76.64,1,Prairies,desktop
366,2305,,2026-07-17 13:00:00,20260717,62.54,26.27,0,Prairies,desktop
367,2313,8402.0,2025-11-29 09:00:00,20251129,201.44,84.6,1,Prairies,desktop
368,2331,8466.0,2026-02-05 21:00:00,20260205,141.41,59.39,1,QC,mobile
369,2336,8487.0,2026-02-16 06:00:00,20260216,128.32,53.89,1,ON,mobile
370,2372,8613.0,2026-02-20 06:00:00,20260220,101.25,42.52,1,BC,desktop
371,2379,8642.0,2026-05-23 17:00:00,20260523,223.29,93.78,1,AB,mobile
372,2391,8687.0,2026-01-06 22:00:00,20260106,128.32,53.89,1,AB,mobile
373,2394,8698.0,2025-12-07 06:00:00,20251207,108.55,45.59,1,QC,desktop
374,2394,,2026-01-03 06:00:00,20260103,248.13,104.21,0,QC,desktop
375,2394,,2026-02-19 06:00:00,20260219,115.88,48.67,0,QC,desktop
376,2404,8729.0,2026-05-06 22:00:00,20260506,68.58,28.8,1,Prairies,mobile
377,2404,,2026-06-15 22:00:00,20260615,89.56,37.62,0,Prairies,mobile
378,2408,8739.0,2026-02-03 09:00:00,20260203,97.27,40.85,1,Prairies,desktop
379,2440,8845.0,2025-10-08 10:00:00,20251008,174.78,73.41,1,AB,mobile
380,2452,8901.0,2025-11-12 11:00:00,20251112,101.03,42.43,1,BC,mobile
381,2456,8916.0,2025-11-20 21:00:00,20251120,135.27,56.81,1,Prairies,desktop
382,2456,,2025-12-25 21:00:00,20251225,125.94,52.89,0,Prairies,desktop
383,2463,8947.0,2026-03-08 08:00:00,20260308,287.92,120.93,1,Prairies,desktop
384,2482,9011.0,2025-09-26 19:00:00,20250926,237.13,99.59,1,ON,desktop
385,2482,,2025-10-25 19:00:00,20251025,81.35,34.17,0,ON,desktop
386,2482,,2025-11-29 19:00:00,20251129,109.07,45.81,0,ON,desktop
387,2482,,2026-01-27 19:00:00,20260127,97.62,41.0,0,ON,desktop
388,2493,9054.0,2025-12-31 19:00:00,20251231,61.42,25.8,1,QC,mobile
389,2499,9066.0,2026-04-19 17:00:00,20260419,52.65,22.11,1,Atlantic,mobile
390,2503,9081.0,2026-05-12 10:00:00,20260512,126.14,52.98,1,Prairies,desktop
391,2520,9128.0,2026-05-25 06:00:00,20260525,130.96,55.0,1,QC,desktop
392,2522,9137.0,2026-02-08 17:00:00,20260208,40.0,16.8,1,AB,mobile
393,2526,9152.0,2025-08-20 07:00:00,20250820,123.4,51.83,1,Prairies,mobile
394,2539,9197.0,2026-03-04 18:00:00,20260304,82.39,34.6,1,Atlantic,mobile
395,2542,9207.0,2025-09-28 08:00:00,20250928,81.7,34.31,1,Prairies,mobile
396,2542,,2025-11-17 08:00:00,20251117,112.45,47.23,0,Prairies,mobile
397,2544,9219.0,2026-03-01 21:00:00,20260301,349.51,146.79,1,BC,mobile
398,2544,,2026-04-08 21:00:00,20260408,66.27,27.83,0,BC,mobile
399,2544,,2026-04-30 21:00:00,20260430,111.67,46.9,0,BC,mobile
400,2558,9262.0,2026-02-27 07:00:00,20260227,197.78,83.07,1,BC,desktop
401,2558,,2026-03-27 07:00:00,20260327,129.66,54.46,0,BC,desktop
402,2558,,2026-05-20 07:00:00,20260520,81.55,34.25,0,BC,desktop
403,2558,,2026-07-12 07:00:00,20260712,74.95,31.48,0,BC,desktop
404,2562,9276.0,2025-12-31 09:00:00,20251231,72.97,30.65,1,AB,mobile
405,2566,9291.0,2025-09-14 20:00:00,20250914,78.48,32.96,1,Atlantic,mobile
406,2568,9301.0,2025-09-25 17:00:00,20250925,80.87,33.97,1,ON,desktop
407,2568,,2025-10-21 17:00:00,20251021,247.15,103.8,0,ON,desktop
408,2568,,2025-11-04 17:00:00,20251104,72.8,30.58,0,ON,desktop
409,2568,,2026-01-08 17:00:00,20260108,71.19,29.9,0,ON,desktop
410,2573,9315.0,2026-04-29 11:00:00,20260429,101.09,42.46,1,Atlantic,mobile
411,2597,9413.0,2026-04-06 22:00:00,20260406,161.37,67.78,1,ON,tablet
412,2634,9535.0,2025-10-04 06:00:00,20251004,100.39,42.16,1,ON,mobile
413,2648,9595.0,2026-04-09 09:00:00,20260409,101.39,42.58,1,BC,desktop
414,2651,9604.0,2026-01-20 16:00:00,20260120,97.34,40.88,1,Atlantic,mobile
415,2654,9615.0,2025-12-22 06:00:00,20251222,120.96,50.8,1,QC,mobile
416,2684,9727.0,2025-12-13 21:00:00,20251213,41.61,17.48,1,Prairies,desktop
417,2689,9741.0,2026-01-26 19:00:00,20260126,92.51,38.85,1,Atlantic,desktop
418,2689,,2026-03-05 19:00:00,20260305,116.38,48.88,0,Atlantic,desktop
419,2693,9755.0,2026-05-25 14:00:00,20260525,81.7,34.31,1,BC,mobile
420,2697,9772.0,2026-03-03 19:00:00,20260303,130.43,54.78,1,Atlantic,mobile
421,2707,9809.0,2025-11-09 22:00:00,20251109,65.08,27.33,1,ON,mobile
422,2710,9819.0,2025-09-21 18:00:00,20250921,220.21,92.49,1,BC,mobile
423,2719,9850.0,2026-06-21 06:00:00,20260621,57.63,24.2,1,Atlantic,mobile
424,2719,,2026-07-12 06:00:00,20260712,47.43,19.92,0,Atlantic,mobile
425,2722,9864.0,2025-12-24 17:00:00,20251224,127.58,53.58,1,ON,desktop
426,2732,9900.0,2025-09-24 09:00:00,20250924,115.74,48.61,1,Prairies,desktop
427,2749,9961.0,2025-12-16 16:00:00,20251216,358.11,150.41,1,Atlantic,mobile
428,2766,10011.0,2025-09-26 07:00:00,20250926,147.37,61.9,1,Prairies,mobile
429,2782,10069.0,2026-02-27 11:00:00,20260227,141.37,59.38,1,Prairies,desktop
430,2799,10141.0,2026-05-28 11:00:00,20260528,147.93,62.13,1,Atlantic,mobile
431,2799,,2026-07-10 11:00:00,20260710,59.28,24.9,0,Atlantic,mobile
432,2799,,2026-07-21 11:00:00,20260721,111.61,46.88,0,Atlantic,mobile
433,2820,10214.0,2025-10-06 11:00:00,20251006,83.04,34.88,1,Atlantic,mobile
434,2820,,2025-11-14 11:00:00,20251114,114.1,47.92,0,Atlantic,mobile
435,2823,10224.0,2026-02-17 18:00:00,20260217,116.19,48.8,1,Prairies,desktop
436,2833,10263.0,2026-06-09 14:00:00,20260609,66.36,27.87,1,ON,mobile
437,2838,10280.0,2026-03-14 12:00:00,20260314,108.9,45.74,1,BC,desktop
438,2873,10407.0,2025-09-29 19:00:00,20250929,59.81,25.12,1,ON,tablet
439,2879,10428.0,2026-01-14 10:00:00,20260114,87.24,36.64,1,ON,mobile
440,2879,,2026-03-05 10:00:00,20260305,77.9,32.72,0,ON,mobile
441,2883,10445.0,2025-08-27 22:00:00,20250827,150.73,63.31,1,AB,mobile
442,2895,10484.0,2026-01-01 21:00:00,20260101,75.69,31.79,1,ON,mobile
443,2904,10525.0,2025-11-16 18:00:00,20251116,66.95,28.12,1,QC,mobile
444,2911,10546.0,2025-10-28 06:00:00,20251028,147.33,61.88,1,Atlantic,mobile
445,2934,10631.0,2026-03-29 20:00:00,20260329,72.4,30.41,1,Atlantic,desktop
446,2941,10653.0,2026-04-21 18:00:00,20260421,64.36,27.03,1,BC,desktop
447,2960,10722.0,2026-06-16 18:00:00,20260616,56.39,23.68,1,BC,mobile
448,2970,10759.0,2025-12-28 22:00:00,20251228,116.5,48.93,1,ON,mobile
449,2972,10766.0,2025-11-10 13:00:00,20251110,159.5,66.99,1,AB,mobile
450,2979,10787.0,2026-03-08 10:00:00,20260308,117.64,49.41,1,QC,mobile
451,2982,10803.0,2026-02-26 08:00:00,20260226,161.57,67.86,1,ON,desktop
452,2990,10827.0,2026-01-18 13:00:00,20260118,75.71,31.8,1,AB,tablet
453,2995,10846.0,2025-10-25 09:00:00,20251025,112.08,47.07,1,Prairies,mobile
454,3005,10879.0,2025-10-20 18:00:00,20251020,172.95,72.64,1,AB,mobile
455,3005,,2025-11-26 18:00:00,20251126,151.33,63.56,0,AB,mobile
456,3005,,2026-01-14 18:00:00,20260114,78.63,33.02,0,AB,mobile
457,3005,,2026-03-19 18:00:00,20260319,173.22,72.75,0,AB,mobile
458,3005,,2026-05-12 18:00:00,20260512,123.04,51.68,0,AB,mobile
459,3011,10899.0,2026-07-04 09:00:00,20260704,146.56,61.56,1,BC,mobile
460,3020,10927.0,2025-11-08 17:00:00,20251108,52.09,21.88,1,Prairies,desktop
461,3020,,2025-12-04 17:00:00,20251204,70.66,29.68,0,Prairies,desktop
462,3026,10942.0,2025-09-19 15:00:00,20250919,87.13,36.59,1,AB,mobile
463,3027,10946.0,2026-04-18 09:00:00,20260418,50.6,21.25,1,ON,mobile
464,3027,,2026-05-08 09:00:00,20260508,63.85,26.82,0,ON,mobile
465,3053,11040.0,2026-02-23 18:00:00,20260223,66.27,27.83,1,ON,mobile
466,3053,,2026-03-25 18:00:00,20260325,134.04,56.3,0,ON,mobile
467,3053,,2026-04-16 18:00:00,20260416,78.61,33.02,0,ON,mobile
468,3054,11045.0,2026-02-17 21:00:00,20260217,148.29,62.28,1,Prairies,mobile
469,3060,11064.0,2025-09-21 11:00:00,20250921,97.71,41.04,1,Atlantic,desktop
470,3066,11081.0,2026-02-24 09:00:00,20260224,42.43,17.82,1,BC,desktop
471,3066,,2026-04-19 09:00:00,20260419,161.89,67.99,0,BC,desktop
472,3067,11087.0,2026-05-05 19:00:00,20260505,57.74,24.25,1,AB,mobile
473,3071,11102.0,2026-05-18 10:00:00,20260518,45.11,18.95,1,AB,desktop
474,3082,11138.0,2026-01-25 06:00:00,20260125,85.94,36.09,1,AB,mobile
475,3104,11214.0,2026-05-11 12:00:00,20260511,87.49,36.75,1,ON,desktop
476,3114,11248.0,2025-11-10 16:00:00,20251110,112.25,47.14,1,QC,desktop
477,3116,11255.0,2025-11-14 18:00:00,20251114,52.45,22.03,1,ON,desktop
478,3120,11275.0,2026-04-20 13:00:00,20260420,139.94,58.77,1,Prairies,mobile
479,3120,,2026-05-12 13:00:00,20260512,131.04,55.04,0,Prairies,mobile
480,3120,,2026-07-01 13:00:00,20260701,109.15,45.84,0,Prairies,mobile
482,3122,11286.0,2026-06-17 17:00:00,20260617,83.61,35.12,1,BC,desktop
483,3123,11290.0,2026-02-19 21:00:00,20260219,49.78,20.91,1,BC,tablet
484,3129,11321.0,2025-09-18 08:00:00,20250918,90.58,38.04,1,AB,desktop
485,3131,11327.0,2026-05-23 09:00:00,20260523,101.15,42.48,1,Atlantic,desktop
486,3174,11478.0,2025-10-24 22:00:00,20251024,69.49,29.19,1,AB,desktop
487,3205,11591.0,2026-01-07 18:00:00,20260107,126.99,53.34,1,AB,desktop
488,3208,11602.0,2025-12-05 18:00:00,20251205,184.28,77.4,1,QC,mobile
489,3208,,2026-01-21 18:00:00,20260121,80.7,33.89,0,QC,mobile
490,3209,11605.0,2026-02-12 15:00:00,20260212,141.74,59.53,1,Atlantic,desktop
491,3209,,2026-03-08 15:00:00,20260308,105.73,44.41,0,Atlantic,desktop
492,3212,11615.0,2026-04-03 08:00:00,20260403,171.01,71.82,1,Prairies,desktop
493,3212,,2026-04-29 08:00:00,20260429,100.52,42.22,0,Prairies,desktop
494,3217,11632.0,2025-12-19 21:00:00,20251219,53.11,22.31,1,ON,desktop
495,3229,11674.0,2025-09-07 14:00:00,20250907,90.78,38.13,1,Prairies,mobile
496,3233,11692.0,2025-12-15 10:00:00,20251215,136.81,57.46,1,Prairies,desktop
497,3235,11699.0,2026-02-20 19:00:00,20260220,102.78,43.17,1,AB,mobile
498,3244,11739.0,2025-11-19 07:00:00,20251119,75.56,31.74,1,BC,mobile
499,3248,11750.0,2026-04-01 08:00:00,20260401,202.57,85.08,1,QC,mobile
500,3248,,2026-04-29 08:00:00,20260429,62.13,26.09,0,QC,mobile
501,3248,,2026-06-20 08:00:00,20260620,84.11,35.33,0,QC,mobile
502,3249,11756.0,2025-10-04 18:00:00,20251004,100.24,42.1,1,QC,mobile
503,3262,11801.0,2026-06-12 20:00:00,20260612,63.45,26.65,1,QC,mobile
504,3265,11809.0,2025-12-12 22:00:00,20251212,72.75,30.55,1,ON,desktop
505,3266,11815.0,2025-11-16 19:00:00,20251116,67.13,28.19,1,Atlantic,mobile
506,3266,,2025-12-19 19:00:00,20251219,129.93,54.57,0,Atlantic,mobile
507,3268,11824.0,2025-11-27 09:00:00,20251127,86.68,36.41,1,AB,mobile
508,3268,,2025-12-25 09:00:00,20251225,78.1,32.8,0,AB,mobile
509,3278,11850.0,2026-02-06 22:00:00,20260206,102.93,43.23,1,AB,mobile
510,3278,,2026-03-26 22:00:00,20260326,59.46,24.97,0,AB,mobile
511,3278,,2026-04-03 22:00:00,20260403,83.05,34.88,0,AB,mobile
512,3289,11885.0,2025-10-29 09:00:00,20251029,174.03,73.09,1,ON,desktop
513,3298,11911.0,2026-04-28 12:00:00,20260428,79.21,33.27,1,Atlantic,desktop
514,3298,,2026-05-19 12:00:00,20260519,41.99,17.64,0,Atlantic,desktop
515,3305,11935.0,2026-01-13 16:00:00,20260113,128.77,54.08,1,Atlantic,desktop
516,3305,,2026-02-08 16:00:00,20260208,67.62,28.4,0,Atlantic,desktop
517,3305,,2026-02-28 16:00:00,20260228,188.61,79.22,0,Atlantic,desktop
518,3310,11947.0,2026-03-29 08:00:00,20260329,241.32,101.35,1,QC,mobile
519,3315,11966.0,2026-06-27 19:00:00,20260627,61.92,26.01,1,BC,desktop
520,3320,11986.0,2025-11-27 15:00:00,20251127,96.14,40.38,1,QC,mobile
521,3325,12004.0,2026-03-08 06:00:00,20260308,72.73,30.55,1,QC,mobile
522,3335,12042.0,2025-09-25 10:00:00,20250925,117.96,49.54,1,ON,mobile
523,3342,12063.0,2025-12-21 18:00:00,20251221,79.35,33.33,1,Atlantic,tablet
524,3343,12069.0,2026-02-13 10:00:00,20260213,99.97,41.99,1,QC,desktop
525,3364,12143.0,2025-11-20 14:00:00,20251120,50.59,21.25,1,Prairies,mobile
526,3364,,2025-12-20 14:00:00,20251220,76.61,32.18,0,Prairies,mobile
527,3364,,2026-01-03 14:00:00,20260103,63.95,26.86,0,Prairies,mobile
528,3370,12160.0,2026-03-02 14:00:00,20260302,72.97,30.65,1,ON,desktop
529,3380,12198.0,2026-01-02 09:00:00,20260102,116.1,48.76,1,BC,mobile
530,3380,,2026-02-10 09:00:00,20260210,193.18,81.14,0,BC,mobile
531,3380,,2026-03-21 09:00:00,20260321,154.62,64.94,0,BC,mobile
532,3382,12207.0,2025-10-27 07:00:00,20251027,67.01,28.14,1,QC,mobile
533,3388,12229.0,2026-02-26 21:00:00,20260226,126.35,53.07,1,BC,desktop
534,3396,12267.0,2026-04-20 15:00:00,20260420,103.97,43.67,1,QC,tablet
535,3402,12293.0,2026-02-14 19:00:00,20260214,43.24,18.16,1,QC,desktop
536,3405,12303.0,2025-12-25 15:00:00,20251225,79.78,33.51,1,ON,mobile
537,3424,12370.0,2025-11-26 09:00:00,20251126,201.33,84.56,1,AB,mobile
538,3424,,2026-01-12 09:00:00,20260112,74.58,31.32,0,AB,mobile
539,3425,12378.0,2026-01-30 10:00:00,20260130,85.78,36.03,1,ON,mobile
540,3425,,2026-03-14 10:00:00,20260314,68.46,28.75,0,ON,mobile
541,3425,,2026-03-17 10:00:00,20260317,102.95,43.24,0,ON,mobile
542,3428,12388.0,2025-10-04 20:00:00,20251004,74.56,31.32,1,Atlantic,mobile
543,3428,,2025-11-12 20:00:00,20251112,172.49,72.45,0,Atlantic,mobile
544,3437,12416.0,2025-09-03 21:00:00,20250903,82.96,34.84,1,ON,mobile
545,3442,12434.0,2026-06-03 17:00:00,20260603,135.54,56.93,1,ON,desktop
546,3443,12437.0,2025-11-28 19:00:00,20251128,78.04,32.78,1,ON,desktop
547,3446,12451.0,2026-04-10 20:00:00,20260410,46.9,19.7,1,AB,desktop
548,3450,12466.0,2025-11-12 06:00:00,20251112,165.87,69.67,1,AB,mobile
549,3452,12475.0,2025-09-16 06:00:00,20250916,62.38,26.2,1,AB,desktop
550,3463,12512.0,2025-09-12 17:00:00,20250912,109.36,45.93,1,ON,mobile
551,3465,12516.0,2025-11-27 12:00:00,20251127,49.54,20.81,1,AB,desktop
552,3467,12526.0,2026-02-28 07:00:00,20260228,49.59,20.83,1,Atlantic,mobile
553,3474,12555.0,2026-02-08 09:00:00,20260208,140.86,59.16,1,Atlantic,mobile
554,3496,12627.0,2026-02-04 07:00:00,20260204,140.61,59.06,1,Prairies,mobile
555,3496,,2026-03-30 07:00:00,20260330,53.43,22.44,0,Prairies,mobile
556,3502,12651.0,2025-12-02 17:00:00,20251202,114.47,48.08,1,Atlantic,desktop
557,3505,12663.0,2025-09-17 17:00:00,20250917,100.91,42.38,1,AB,mobile
558,3505,,2025-10-11 17:00:00,20251011,80.87,33.97,0,AB,mobile
559,3511,12682.0,2026-05-23 19:00:00,20260523,80.12,33.65,1,QC,mobile
560,3511,,2026-06-20 19:00:00,20260620,47.55,19.97,0,QC,mobile
561,3519,12711.0,2025-11-04 14:00:00,20251104,46.48,19.52,1,ON,mobile
562,3528,12747.0,2026-05-02 17:00:00,20260502,110.84,46.55,1,Atlantic,mobile
563,3564,12875.0,2025-08-30 18:00:00,20250830,74.25,31.18,1,BC,desktop
564,3573,12909.0,2026-04-09 10:00:00,20260409,110.63,46.46,1,AB,desktop
565,3573,,2026-04-28 10:00:00,20260428,136.0,57.12,0,AB,desktop
566,3602,13010.0,2026-04-11 16:00:00,20260411,68.21,28.65,1,Atlantic,desktop
567,3602,,2026-06-02 16:00:00,20260602,118.57,49.8,0,Atlantic,desktop
569,3605,13027.0,2026-04-13 22:00:00,20260413,170.03,71.41,1,Atlantic,mobile
570,3605,,2026-05-17 22:00:00,20260517,61.49,25.83,0,Atlantic,mobile
571,3613,13050.0,2026-02-02 07:00:00,20260202,113.15,47.52,1,AB,mobile
572,3618,13067.0,2026-04-02 08:00:00,20260402,160.54,67.43,1,QC,mobile
573,3618,,2026-04-29 08:00:00,20260429,44.67,18.76,0,QC,mobile
574,3625,13089.0,2025-11-01 09:00:00,20251101,37.75,15.85,1,AB,mobile
575,3628,13097.0,2025-11-28 13:00:00,20251128,152.09,63.88,1,Prairies,desktop
576,3628,,2025-12-27 13:00:00,20251227,155.03,65.11,0,Prairies,desktop
577,3630,13103.0,2025-11-08 08:00:00,20251108,61.78,25.95,1,Prairies,desktop
578,3635,13119.0,2026-05-20 22:00:00,20260520,154.64,64.95,1,AB,mobile
579,3645,13151.0,2026-04-04 21:00:00,20260404,97.02,40.75,1,Atlantic,mobile
580,3666,13237.0,2025-11-17 08:00:00,20251117,76.26,32.03,1,BC,mobile
581,3681,13300.0,2025-09-20 12:00:00,20250920,92.37,38.8,1,Atlantic,desktop
582,3704,13375.0,2025-11-11 10:00:00,20251111,90.62,38.06,1,QC,tablet
583,3706,13383.0,2025-10-06 13:00:00,20251006,101.34,42.56,1,Atlantic,mobile
584,3725,13457.0,2026-05-19 22:00:00,20260519,63.87,26.83,1,ON,desktop
585,3732,13484.0,2026-01-13 07:00:00,20260113,110.05,46.22,1,Atlantic,desktop
586,3747,13541.0,2025-09-26 22:00:00,20250926,125.71,52.8,1,Atlantic,mobile
587,3751,13556.0,2026-03-30 11:00:00,20260330,111.02,46.63,1,BC,tablet
588,3751,,2026-05-13 11:00:00,20260513,105.47,44.3,0,BC,tablet
589,3751,,2026-05-05 11:00:00,20260505,115.51,48.51,0,BC,tablet
590,3771,13638.0,2025-10-28 10:00:00,20251028,85.88,36.07,1,Atlantic,tablet
591,3771,,2025-12-20 10:00:00,20251220,86.68,36.41,0,Atlantic,tablet
592,3779,13659.0,2026-04-22 21:00:00,20260422,101.42,42.6,1,BC,mobile
593,3789,13693.0,2025-09-18 22:00:00,20250918,92.68,38.93,1,BC,desktop
594,3799,13725.0,2026-02-21 15:00:00,20260221,70.04,29.42,1,BC,desktop
595,3817,13778.0,2026-04-10 20:00:00,20260410,79.7,33.47,1,ON,mobile
596,3828,13821.0,2026-01-18 17:00:00,20260118,44.32,18.61,1,ON,mobile
597,3842,13869.0,2025-11-22 10:00:00,20251122,237.33,99.68,1,Atlantic,mobile
598,3851,13898.0,2026-03-30 11:00:00,20260330,92.55,38.87,1,ON,desktop
599,3854,13913.0,2026-02-08 11:00:00,20260208,130.76,54.92,1,Atlantic,mobile
600,3854,,2026-03-01 11:00:00,20260301,96.16,40.39,0,Atlantic,mobile
601,3860,13937.0,2026-03-25 09:00:00,20260325,75.69,31.79,1,BC,mobile
602,3860,,2026-05-08 09:00:00,20260508,88.88,37.33,0,BC,mobile
603,3863,13953.0,2026-06-09 21:00:00,20260609,93.69,39.35,1,QC,desktop
604,3865,13960.0,2026-01-10 16:00:00,20260110,116.62,48.98,1,ON,desktop
605,3869,13973.0,2025-11-15 11:00:00,20251115,33.61,14.12,1,Prairies,mobile
606,3898,14062.0,2026-02-18 12:00:00,20260218,66.4,27.89,1,ON,mobile
607,3901,14067.0,2025-11-16 12:00:00,20251116,120.78,50.73,1,Atlantic,mobile
608,3902,14072.0,2025-11-27 09:00:00,20251127,163.3,68.59,1,ON,mobile
609,3910,14106.0,2026-01-12 21:00:00,20260112,143.63,60.32,1,AB,mobile
610,3917,14130.0,2025-10-27 06:00:00,20251027,182.3,76.57,1,BC,mobile
611,3917,,2025-11-14 06:00:00,20251114,211.75,88.94,0,BC,mobile
612,3917,,2026-01-23 06:00:00,20260123,70.33,29.54,0,BC,mobile
613,3920,14141.0,2026-02-09 17:00:00,20260209,63.71,26.76,1,AB,desktop
614,3920,,2026-03-12 17:00:00,20260312,151.67,63.7,0,AB,desktop
615,3925,14160.0,2025-09-09 11:00:00,20250909,156.19,65.6,1,QC,mobile
616,3928,14169.0,2025-12-22 07:00:00,20251222,162.02,68.05,1,Prairies,desktop
617,3929,14172.0,2026-03-31 15:00:00,20260331,76.6,32.17,1,BC,mobile
618,3929,,2026-04-20 15:00:00,20260420,73.16,30.73,0,BC,mobile
619,3938,14210.0,2026-04-02 17:00:00,20260402,63.01,26.46,1,BC,desktop
620,3950,14259.0,2025-12-17 12:00:00,20251217,55.06,23.13,1,AB,mobile
621,3972,14342.0,2025-11-16 08:00:00,20251116,169.99,71.4,1,Prairies,desktop
622,3972,,2025-12-29 08:00:00,20251229,135.9,57.08,0,Prairies,desktop
623,3972,,2026-01-31 08:00:00,20260131,47.04,19.76,0,Prairies,desktop
624,3972,,2026-03-19 08:00:00,20260319,111.48,46.82,0,Prairies,desktop
625,3985,14396.0,2025-10-10 16:00:00,20251010,125.46,52.69,1,Atlantic,mobile
626,3986,14399.0,2026-05-23 22:00:00,20260523,92.66,38.92,1,AB,mobile
627,3987,14403.0,2026-04-14 13:00:00,20260414,182.97,76.85,1,AB,mobile
628,4001,14455.0,2025-10-06 06:00:00,20251006,107.67,45.22,1,BC,mobile
629,4010,14490.0,2025-10-18 13:00:00,20251018,84.81,35.62,1,ON,desktop
630,4011,14496.0,2025-09-12 09:00:00,20250912,73.0,30.66,1,BC,tablet
631,4022,14546.0,2026-01-15 22:00:00,20260115,83.06,34.89,1,ON,mobile
632,4023,14550.0,2026-06-14 16:00:00,20260614,74.44,31.26,1,BC,desktop
633,4037,14602.0,2026-05-09 12:00:00,20260509,91.97,38.63,1,QC,mobile
634,4037,,2026-06-09 12:00:00,20260609,144.27,60.59,0,QC,mobile
635,4071,14728.0,2025-12-02 22:00:00,20251202,186.45,78.31,1,ON,mobile
636,4088,14787.0,2025-09-28 12:00:00,20250928,171.93,72.21,1,QC,mobile
637,4093,14814.0,2026-05-21 10:00:00,20260521,175.48,73.7,1,BC,desktop
638,4102,14844.0,2026-05-09 12:00:00,20260509,164.78,69.21,1,Atlantic,desktop
639,4105,14856.0,2026-03-11 15:00:00,20260311,109.29,45.9,1,Prairies,mobile
640,4112,14885.0,2025-10-26 07:00:00,20251026,92.35,38.79,1,BC,tablet
641,4113,14888.0,2025-10-02 13:00:00,20251002,50.6,21.25,1,Atlantic,desktop
642,4116,14895.0,2025-10-15 08:00:00,20251015,127.05,53.36,1,QC,mobile
643,4117,14901.0,2026-03-18 10:00:00,20260318,59.54,25.01,1,ON,desktop
644,4121,14911.0,2026-04-19 19:00:00,20260419,71.44,30.0,1,AB,mobile
645,4121,,2026-06-06 19:00:00,20260606,141.45,59.41,0,AB,mobile
646,4125,14927.0,2026-05-17 21:00:00,20260517,86.92,36.51,1,Prairies,mobile
647,4125,,2026-07-08 21:00:00,20260708,106.99,44.94,0,Prairies,mobile
648,4129,14943.0,2025-10-31 22:00:00,20251031,96.28,40.44,1,QC,desktop
649,4138,14973.0,2026-02-17 19:00:00,20260217,114.89,48.25,1,AB,desktop
650,4159,15041.0,2025-09-15 09:00:00,20250915,83.23,34.96,1,AB,mobile
651,4168,15070.0,2026-05-04 06:00:00,20260504,160.84,67.55,1,ON,mobile
652,4169,15076.0,2026-06-07 16:00:00,20260607,179.81,75.52,1,Prairies,mobile
653,4201,15183.0,2026-04-18 14:00:00,20260418,80.57,33.84,1,AB,desktop
654,4234,15303.0,2026-05-20 21:00:00,20260520,82.02,34.45,1,Atlantic,mobile
655,4236,15312.0,2025-11-06 16:00:00,20251106,284.27,119.39,1,BC,mobile
656,4236,,2025-12-07 16:00:00,20251207,122.09,51.28,0,BC,mobile
657,4236,,2025-12-30 16:00:00,20251230,49.49,20.79,0,BC,mobile
658,4236,,2026-03-09 16:00:00,20260309,172.75,72.55,0,BC,mobile
659,4240,15326.0,2026-04-25 07:00:00,20260425,87.32,36.67,1,AB,mobile
660,4246,15344.0,2025-08-18 10:00:00,20250818,81.0,34.02,1,Atlantic,desktop
661,4265,15418.0,2026-01-22 14:00:00,20260122,162.75,68.36,1,BC,mobile
662,4284,15479.0,2026-04-07 21:00:00,20260407,71.69,30.11,1,ON,mobile
663,4284,,2026-05-28 21:00:00,20260528,98.28,41.28,0,ON,mobile
664,4284,,2026-06-02 21:00:00,20260602,53.23,22.36,0,ON,mobile
666,4292,15512.0,2025-09-30 22:00:00,20250930,87.57,36.78,1,Prairies,mobile
667,4292,,2025-10-24 22:00:00,20251024,156.44,65.7,0,Prairies,mobile
668,4295,15522.0,2026-06-23 21:00:00,20260623,105.93,44.49,1,ON,desktop
669,4296,15525.0,2025-08-13 13:00:00,20250813,83.2,34.94,1,Prairies,desktop
670,4304,15548.0,2025-08-29 12:00:00,20250829,173.49,72.87,1,ON,desktop
671,4307,15560.0,2026-06-17 19:00:00,20260617,110.52,46.42,1,Prairies,desktop
672,4316,15602.0,2026-04-30 16:00:00,20260430,164.9,69.26,1,Atlantic,mobile
673,4320,15611.0,2025-10-02 07:00:00,20251002,81.53,34.24,1,Atlantic,tablet
674,4320,,2025-11-22 07:00:00,20251122,189.71,79.68,0,Atlantic,tablet
675,4331,15655.0,2025-11-24 21:00:00,20251124,41.3,17.35,1,Atlantic,mobile
676,4335,15666.0,2026-03-15 08:00:00,20260315,178.22,74.85,1,BC,mobile
677,4335,,2026-04-24 08:00:00,20260424,76.57,32.16,0,BC,mobile
678,4340,15687.0,2026-05-01 16:00:00,20260501,148.62,62.42,1,BC,desktop
679,4340,,2026-06-02 16:00:00,20260602,87.51,36.75,0,BC,desktop
680,4340,,2026-06-18 16:00:00,20260618,177.54,74.57,0,BC,desktop
681,4341,15691.0,2025-12-11 14:00:00,20251211,46.08,19.35,1,QC,desktop
682,4343,15699.0,2025-08-17 13:00:00,20250817,181.43,76.2,1,Prairies,desktop
683,4344,15703.0,2026-05-06 22:00:00,20260506,87.24,36.64,1,QC,mobile
684,4344,,2026-05-29 22:00:00,20260529,96.72,40.62,0,QC,mobile
686,4352,15736.0,2025-11-02 08:00:00,20251102,78.14,32.82,1,ON,mobile
687,4360,15765.0,2026-01-02 20:00:00,20260102,40.81,17.14,1,BC,mobile
688,4361,15772.0,2025-11-26 18:00:00,20251126,314.29,132.0,1,ON,desktop
689,4385,15846.0,2026-01-06 17:00:00,20260106,87.9,36.92,1,QC,tablet
690,4385,,2026-02-21 17:00:00,20260221,140.17,58.87,0,QC,tablet
691,4406,15914.0,2026-05-27 07:00:00,20260527,97.82,41.08,1,BC,mobile
692,4412,15935.0,2025-10-27 17:00:00,20251027,83.54,35.09,1,ON,desktop
693,4429,15995.0,2026-04-02 19:00:00,20260402,194.0,81.48,1,BC,mobile
694,4429,,2026-05-25 19:00:00,20260525,134.41,56.45,0,BC,mobile
695,4430,16000.0,2026-02-19 08:00:00,20260219,60.28,25.32,1,AB,mobile
696,4432,16008.0,2025-09-01 21:00:00,20250901,139.05,58.4,1,BC,desktop
697,4432,,2025-10-23 21:00:00,20251023,95.87,40.27,0,BC,desktop
698,4437,16025.0,2026-04-09 10:00:00,20260409,143.52,60.28,1,ON,mobile
699,4456,16096.0,2026-06-24 10:00:00,20260624,60.64,25.47,1,BC,mobile
700,4456,,2026-07-22 10:00:00,20260722,99.94,41.97,0,BC,mobile
702,4462,16115.0,2025-12-03 21:00:00,20251203,200.46,84.19,1,Atlantic,desktop
703,4476,16159.0,2026-02-27 20:00:00,20260227,133.13,55.91,1,ON,mobile
704,4497,16238.0,2026-01-01 08:00:00,20260101,63.52,26.68,1,AB,desktop
705,4497,,2026-02-12 08:00:00,20260212,82.34,34.58,0,AB,desktop
706,4497,,2026-03-12 08:00:00,20260312,87.21,36.63,0,AB,desktop
707,4497,,2026-04-16 08:00:00,20260416,144.57,60.72,0,AB,desktop
708,4509,16267.0,2025-10-04 14:00:00,20251004,82.82,34.78,1,Prairies,mobile
709,4509,,2025-11-11 14:00:00,20251111,134.52,56.5,0,Prairies,mobile
710,4530,16339.0,2026-04-17 20:00:00,20260417,71.39,29.98,1,Atlantic,mobile
711,4531,16343.0,2026-05-07 17:00:00,20260507,51.83,21.77,1,Prairies,mobile
712,4536,16359.0,2026-03-13 08:00:00,20260313,54.03,22.69,1,ON,desktop
713,4546,16392.0,2026-07-04 12:00:00,20260704,63.92,26.85,1,QC,desktop
714,4552,16412.0,2026-03-20 08:00:00,20260320,176.17,73.99,1,QC,tablet
715,4560,16440.0,2026-05-23 17:00:00,20260523,90.87,38.17,1,QC,mobile
716,4568,16472.0,2026-04-30 19:00:00,20260430,270.2,113.48,1,AB,mobile
717,4577,16508.0,2026-02-25 14:00:00,20260225,56.88,23.89,1,Atlantic,mobile
718,4595,16568.0,2026-04-21 20:00:00,20260421,97.72,41.04,1,BC,tablet
719,4599,16578.0,2025-10-20 11:00:00,20251020,41.79,17.55,1,Prairies,mobile
720,4600,16582.0,2026-03-21 18:00:00,20260321,177.44,74.52,1,BC,desktop
721,4600,,2026-05-12 18:00:00,20260512,72.14,30.3,0,BC,desktop
722,4612,16630.0,2026-01-25 09:00:00,20260125,110.47,46.4,1,Prairies,tablet
723,4612,,2026-03-02 09:00:00,20260302,152.35,63.99,0,Prairies,tablet
724,4616,16643.0,2026-05-29 12:00:00,20260529,182.23,76.54,1,Prairies,mobile
725,4638,16710.0,2025-12-02 08:00:00,20251202,88.99,37.38,1,QC,tablet
726,4644,16729.0,2026-03-27 17:00:00,20260327,109.38,45.94,1,BC,mobile
727,4646,16736.0,2025-11-01 18:00:00,20251101,69.34,29.12,1,ON,mobile
728,4647,16741.0,2025-10-07 22:00:00,20251007,71.7,30.11,1,AB,desktop
729,4648,16743.0,2026-01-16 13:00:00,20260116,44.18,18.56,1,Prairies,mobile
730,4649,16747.0,2026-04-23 16:00:00,20260423,155.17,65.17,1,QC,mobile
731,4652,16757.0,2025-11-28 10:00:00,20251128,126.6,53.17,1,Prairies,tablet
732,4661,16794.0,2025-12-02 16:00:00,20251202,107.26,45.05,1,Atlantic,mobile
733,4661,,2025-12-23 16:00:00,20251223,60.31,25.33,0,Atlantic,mobile
734,4672,16831.0,2026-06-11 08:00:00,20260611,45.79,19.23,1,ON,desktop
735,4675,16850.0,2026-03-08 14:00:00,20260308,102.23,42.94,1,AB,tablet
736,4683,16877.0,2025-12-07 17:00:00,20251207,147.24,61.84,1,AB,tablet
737,4691,16903.0,2025-12-27 12:00:00,20251227,206.56,86.76,1,AB,mobile
738,4691,,2026-02-10 12:00:00,20260210,119.1,50.02,0,AB,mobile
739,4693,16911.0,2025-09-08 20:00:00,20250908,103.69,43.55,1,QC,mobile
740,4706,16954.0,2025-10-24 14:00:00,20251024,50.24,21.1,1,AB,tablet
741,4708,16960.0,2026-03-03 17:00:00,20260303,99.31,41.71,1,Prairies,mobile
742,4708,,2026-04-21 17:00:00,20260421,81.8,34.36,0,Prairies,mobile
743,4708,,2026-04-20 17:00:00,20260420,130.76,54.92,0,Prairies,mobile
744,4718,16996.0,2025-10-02 07:00:00,20251002,72.56,30.48,1,AB,mobile
745,4724,17014.0,2025-10-17 21:00:00,20251017,195.42,82.08,1,AB,mobile
746,4726,17024.0,2026-05-25 08:00:00,20260525,188.55,79.19,1,ON,tablet
747,4726,,2026-07-06 08:00:00,20260706,155.17,65.17,0,ON,tablet
748,4748,17102.0,2026-06-05 11:00:00,20260605,128.63,54.02,1,Atlantic,desktop
749,4756,17128.0,2025-10-01 20:00:00,20251001,74.1,31.12,1,ON,mobile
750,4756,,2025-10-26 20:00:00,20251026,161.51,67.83,0,ON,mobile
751,4762,17143.0,2025-10-03 14:00:00,20251003,135.41,56.87,1,BC,mobile
752,4762,,2025-11-26 14:00:00,20251126,149.71,62.88,0,BC,mobile
753,4766,17159.0,2026-01-27 11:00:00,20260127,110.98,46.61,1,Prairies,tablet
754,4787,17234.0,2026-02-26 15:00:00,20260226,51.48,21.62,1,BC,desktop
755,4789,17237.0,2026-01-23 09:00:00,20260123,123.03,51.67,1,Atlantic,mobile
756,4795,17266.0,2025-12-30 07:00:00,20251230,78.6,33.01,1,Atlantic,mobile
757,4795,,2026-02-12 07:00:00,20260212,132.22,55.53,0,Atlantic,mobile
758,4796,17272.0,2026-04-04 16:00:00,20260404,69.15,29.04,1,QC,desktop
759,4815,17345.0,2026-02-10 21:00:00,20260210,65.84,27.65,1,QC,mobile
760,4815,,2026-03-31 21:00:00,20260331,117.19,49.22,0,QC,mobile
761,4825,17378.0,2025-11-11 15:00:00,20251111,117.4,49.31,1,QC,mobile
762,4842,17431.0,2025-08-17 21:00:00,20250817,216.01,90.72,1,Atlantic,mobile
763,4842,,2025-09-16 21:00:00,20250916,261.95,110.02,0,Atlantic,mobile
764,4842,,2025-11-17 21:00:00,20251117,220.47,92.6,0,Atlantic,mobile
765,4842,,2025-12-09 21:00:00,20251209,82.5,34.65,0,Atlantic,mobile
766,4842,,2026-01-28 21:00:00,20260128,197.52,82.96,0,Atlantic,mobile
767,4848,17447.0,2025-12-11 21:00:00,20251211,143.36,60.21,1,QC,desktop
768,4850,17456.0,2026-01-01 15:00:00,20260101,152.87,64.21,1,Atlantic,desktop
769,4850,,2026-01-29 15:00:00,20260129,183.75,77.17,0,Atlantic,desktop
770,4859,17477.0,2025-08-20 21:00:00,20250820,158.44,66.54,1,BC,mobile
771,4859,,2025-09-15 21:00:00,20250915,116.38,48.88,0,BC,mobile
772,4859,,2025-10-17 21:00:00,20251017,66.45,27.91,0,BC,mobile
773,4862,17485.0,2026-05-09 14:00:00,20260509,75.66,31.78,1,QC,mobile
774,4862,,2026-06-03 14:00:00,20260603,87.86,36.9,0,QC,mobile
775,4866,17499.0,2026-04-02 22:00:00,20260402,126.49,53.13,1,QC,desktop
776,4886,17558.0,2025-11-13 10:00:00,20251113,97.86,41.1,1,Prairies,tablet
777,4920,17668.0,2026-03-16 11:00:00,20260316,72.47,30.44,1,Prairies,tablet
778,4923,17678.0,2026-01-30 21:00:00,20260130,76.2,32.0,1,Prairies,tablet
779,4934,17719.0,2026-01-02 20:00:00,20260102,175.28,73.62,1,Prairies,mobile
780,4948,17764.0,2026-05-23 16:00:00,20260523,83.03,34.87,1,Atlantic,mobile
781,4948,,2026-06-15 16:00:00,20260615,69.82,29.32,0,Atlantic,mobile
782,4970,17828.0,2026-05-24 10:00:00,20260524,290.68,122.09,1,Prairies,tablet
783,4976,17851.0,2025-11-30 18:00:00,20251130,168.85,70.92,1,BC,mobile
784,4980,17869.0,2026-06-23 21:00:00,20260623,106.68,44.81,1,BC,desktop
785,4985,17889.0,2026-05-24 06:00:00,20260524,112.27,47.15,1,Prairies,tablet
786,4987,17897.0,2026-04-22 16:00:00,20260422,93.34,39.2,1,AB,desktop
787,4987,,2026-05-22 16:00:00,20260522,84.33,35.42,0,AB,desktop
788,4996,17926.0,2026-06-07 21:00:00,20260607,54.79,23.01,1,Prairies,desktop
790,5007,17969.0,2026-01-28 20:00:00,20260128,90.37,37.96,1,ON,mobile
791,5009,17977.0,2026-04-09 06:00:00,20260409,81.82,34.36,1,ON,desktop
792,5032,18075.0,2026-01-20 14:00:00,20260120,52.1,21.88,1,AB,mobile
793,5035,18083.0,2026-06-07 07:00:00,20260607,104.84,44.03,1,Prairies,mobile
794,5035,,2026-07-08 07:00:00,20260708,157.98,66.35,0,Prairies,mobile
795,5035,,2026-07-23 07:00:00,20260723,90.55,38.03,0,Prairies,mobile
796,5039,18099.0,2025-10-22 13:00:00,20251022,107.99,45.36,1,Prairies,desktop
797,5068,18198.0,2025-10-16 09:00:00,20251016,161.27,67.73,1,BC,desktop
798,5070,18206.0,2026-04-06 12:00:00,20260406,64.07,26.91,1,BC,tablet
799,5070,,2026-05-11 12:00:00,20260511,93.88,39.43,0,BC,tablet
800,5070,,2026-06-03 12:00:00,20260603,116.3,48.85,0,BC,tablet
801,5077,18228.0,2025-12-15 09:00:00,20251215,180.32,75.73,1,ON,mobile
802,5080,18242.0,2026-01-29 08:00:00,20260129,44.33,18.62,1,Prairies,desktop
803,5085,18256.0,2026-04-25 07:00:00,20260425,98.74,41.47,1,ON,mobile
804,5085,,2026-05-22 07:00:00,20260522,69.91,29.36,0,ON,mobile
805,5121,18387.0,2026-04-07 07:00:00,20260407,97.54,40.97,1,QC,mobile
806,5130,18415.0,2026-05-09 21:00:00,20260509,100.89,42.37,1,BC,mobile
807,5147,18476.0,2026-06-09 09:00:00,20260609,99.24,41.68,1,ON,mobile
809,5159,18517.0,2026-04-27 22:00:00,20260427,111.38,46.78,1,ON,desktop
810,5159,,2026-05-25 22:00:00,20260525,115.88,48.67,0,ON,desktop
811,5173,18583.0,2025-12-01 11:00:00,20251201,119.38,50.14,1,AB,mobile
812,5177,18601.0,2026-01-27 11:00:00,20260127,127.61,53.6,1,QC,mobile
813,5178,18603.0,2026-01-29 10:00:00,20260129,166.71,70.02,1,ON,mobile
814,5183,18623.0,2025-08-21 13:00:00,20250821,138.93,58.35,1,Prairies,mobile
815,5187,18636.0,2026-06-02 16:00:00,20260602,133.76,56.18,1,Prairies,tablet
816,5187,,2026-06-21 16:00:00,20260621,71.78,30.15,0,Prairies,tablet
817,5187,,2026-07-12 16:00:00,20260712,76.01,31.92,0,Prairies,tablet
818,5195,18669.0,2026-04-16 11:00:00,20260416,109.76,46.1,1,QC,tablet
819,5206,18703.0,2025-09-22 09:00:00,20250922,140.51,59.01,1,QC,desktop
820,5207,18708.0,2026-06-18 20:00:00,20260618,103.5,43.47,1,QC,mobile
821,5207,,2026-07-07 20:00:00,20260707,172.76,72.56,0,QC,mobile
822,5218,18741.0,2026-05-05 10:00:00,20260505,47.45,19.93,1,BC,desktop
823,5233,18805.0,2026-03-30 20:00:00,20260330,128.3,53.89,1,BC,desktop
824,5233,,2026-05-15 20:00:00,20260515,75.15,31.56,0,BC,desktop
825,5242,18840.0,2025-11-05 18:00:00,20251105,114.9,48.26,1,QC,desktop
826,5242,,2025-12-03 18:00:00,20251203,129.85,54.54,0,QC,desktop
827,5255,18888.0,2026-02-03 20:00:00,20260203,67.33,28.28,1,ON,mobile
828,5255,,2026-03-04 20:00:00,20260304,144.34,60.62,0,ON,mobile
829,5281,18989.0,2026-05-23 13:00:00,20260523,62.67,26.32,1,BC,desktop
830,5281,,2026-07-11 13:00:00,20260711,165.49,69.51,0,BC,desktop
831,5281,,2026-07-06 13:00:00,20260706,125.59,52.75,0,BC,desktop
832,5289,19020.0,2026-05-27 10:00:00,20260527,89.87,37.75,1,BC,mobile
833,5289,,2026-07-14 10:00:00,20260714,86.15,36.18,0,BC,mobile
834,5289,,2026-07-10 10:00:00,20260710,59.46,24.97,0,BC,mobile
836,5299,19051.0,2025-08-27 22:00:00,20250827,72.03,30.25,1,Prairies,mobile
837,5307,19078.0,2026-06-13 08:00:00,20260613,142.08,59.67,1,AB,desktop
838,5323,19129.0,2025-11-16 22:00:00,20251116,73.94,31.05,1,AB,mobile
839,5337,19188.0,2026-03-20 16:00:00,20260320,83.0,34.86,1,ON,desktop
840,5341,19201.0,2026-01-11 15:00:00,20260111,62.36,26.19,1,Atlantic,mobile
841,5347,19232.0,2026-07-21 11:00:00,20260721,61.62,25.88,1,ON,mobile
842,5354,19257.0,2026-05-06 09:00:00,20260506,24.73,10.39,1,Atlantic,mobile
843,5354,,2026-06-20 09:00:00,20260620,72.33,30.38,0,Atlantic,mobile
844,5361,19286.0,2025-11-16 10:00:00,20251116,131.02,55.03,1,BC,desktop
845,5367,19302.0,2025-08-11 10:00:00,20250811,115.15,48.36,1,ON,mobile
846,5378,19346.0,2026-05-18 16:00:00,20260518,206.44,86.7,1,AB,tablet
847,5382,19359.0,2026-03-16 16:00:00,20260316,102.46,43.03,1,QC,desktop
848,5385,19373.0,2026-05-30 20:00:00,20260530,144.86,60.84,1,AB,desktop
849,5385,,2026-07-22 20:00:00,20260722,126.43,53.1,0,AB,desktop
850,5392,19399.0,2026-01-23 09:00:00,20260123,79.32,33.31,1,AB,tablet
851,5392,,2026-03-06 09:00:00,20260306,106.97,44.93,0,AB,tablet
852,5392,,2026-02-28 09:00:00,20260228,178.41,74.93,0,AB,tablet
853,5392,,2026-07-04 09:00:00,20260704,58.92,24.75,0,AB,tablet
854,5404,19438.0,2026-03-29 19:00:00,20260329,88.0,36.96,1,Atlantic,mobile
855,5408,19447.0,2026-01-15 22:00:00,20260115,80.76,33.92,1,ON,mobile
856,5408,,2026-02-15 22:00:00,20260215,112.16,47.11,0,ON,mobile
857,5409,19449.0,2026-04-17 12:00:00,20260417,171.27,71.93,1,BC,desktop
858,5409,,2026-05-21 12:00:00,20260521,42.83,17.99,0,BC,desktop
859,5419,19495.0,2026-01-26 21:00:00,20260126,73.77,30.98,1,QC,desktop
860,5419,,2026-03-05 21:00:00,20260305,169.11,71.03,0,QC,desktop
861,5425,19516.0,2025-11-26 07:00:00,20251126,112.32,47.17,1,Prairies,mobile
862,5428,19529.0,2026-01-06 21:00:00,20260106,66.57,27.96,1,BC,tablet
863,5428,,2026-02-09 21:00:00,20260209,144.11,60.53,0,BC,tablet
864,5444,19581.0,2026-03-22 19:00:00,20260322,55.43,23.28,1,Prairies,desktop
865,5444,,2026-04-19 19:00:00,20260419,49.71,20.88,0,Prairies,desktop
866,5446,19587.0,2025-11-21 11:00:00,20251121,117.01,49.14,1,Atlantic,mobile
867,5456,19624.0,2025-08-31 06:00:00,20250831,118.98,49.97,1,Atlantic,mobile
868,5458,19631.0,2025-10-01 14:00:00,20251001,86.11,36.17,1,Prairies,desktop
869,5459,19634.0,2026-04-27 19:00:00,20260427,91.06,38.25,1,AB,desktop
870,5475,19697.0,2026-03-08 09:00:00,20260308,74.48,31.28,1,BC,desktop
871,5475,,2026-04-04 09:00:00,20260404,64.4,27.05,0,BC,desktop
872,5484,19721.0,2026-05-14 10:00:00,20260514,127.96,53.74,1,QC,desktop
873,5503,19781.0,2025-11-09 12:00:00,20251109,129.21,54.27,1,Prairies,mobile
874,5505,19788.0,2026-04-01 09:00:00,20260401,84.11,35.33,1,Atlantic,desktop
875,5505,,2026-05-16 09:00:00,20260516,54.05,22.7,0,Atlantic,desktop
876,5505,,2026-05-11 09:00:00,20260511,66.41,27.89,0,Atlantic,desktop
877,5513,19820.0,2026-05-23 07:00:00,20260523,235.03,98.71,1,ON,desktop
878,5518,19844.0,2026-05-18 20:00:00,20260518,146.93,61.71,1,Prairies,mobile
879,5518,,2026-06-09 20:00:00,20260609,138.58,58.2,0,Prairies,mobile
880,5536,19907.0,2025-09-03 11:00:00,20250903,51.02,21.43,1,QC,mobile
881,5562,19995.0,2025-10-16 17:00:00,20251016,84.97,35.69,1,Atlantic,mobile
882,5562,,2025-11-19 17:00:00,20251119,93.13,39.11,0,Atlantic,mobile
883,5562,,2025-12-23 17:00:00,20251223,140.12,58.85,0,Atlantic,mobile
884,5577,20046.0,2025-10-16 13:00:00,20251016,77.58,32.58,1,BC,mobile
885,5579,20051.0,2026-01-18 14:00:00,20260118,82.31,34.57,1,QC,desktop
886,5582,20064.0,2026-04-14 07:00:00,20260414,122.17,51.31,1,ON,desktop
887,5582,,2026-05-20 07:00:00,20260520,82.82,34.78,0,ON,desktop
888,5582,,2026-07-25 07:00:00,20260725,135.76,57.02,0,ON,desktop
889,5586,20081.0,2025-10-05 22:00:00,20251005,62.87,26.41,1,QC,mobile
890,5586,,2025-11-04 22:00:00,20251104,141.43,59.4,0,QC,mobile
891,5586,,2025-11-18 22:00:00,20251118,347.33,145.88,0,QC,mobile
892,5587,20086.0,2026-01-30 06:00:00,20260130,130.62,54.86,1,ON,desktop
893,5587,,2026-03-02 06:00:00,20260302,53.67,22.54,0,ON,desktop
894,5601,20140.0,2025-09-23 08:00:00,20250923,65.36,27.45,1,BC,mobile
895,5601,,2025-11-15 08:00:00,20251115,132.78,55.77,0,BC,mobile
896,5601,,2025-11-10 08:00:00,20251110,72.84,30.59,0,BC,mobile
897,5601,,2025-11-28 08:00:00,20251128,110.86,46.56,0,BC,mobile
898,5602,20146.0,2026-05-10 07:00:00,20260510,114.36,48.03,1,ON,mobile
899,5612,20185.0,2026-06-11 16:00:00,20260611,73.98,31.07,1,BC,mobile
900,5616,20198.0,2026-05-13 17:00:00,20260513,48.05,20.18,1,AB,mobile
901,5631,20248.0,2026-03-17 13:00:00,20260317,98.07,41.19,1,Atlantic,desktop
902,5636,20274.0,2025-11-14 20:00:00,20251114,133.09,55.9,1,ON,mobile
903,5638,20283.0,2026-03-19 12:00:00,20260319,70.99,29.82,1,Prairies,mobile
904,5645,20306.0,2026-06-07 10:00:00,20260607,88.06,36.99,1,Atlantic,mobile
905,5650,20322.0,2026-07-03 20:00:00,20260703,53.71,22.56,1,BC,desktop
906,5673,20406.0,2026-02-14 14:00:00,20260214,80.27,33.71,1,Prairies,desktop
907,5691,20472.0,2026-04-02 11:00:00,20260402,107.84,45.29,1,Prairies,desktop
908,5710,20536.0,2025-09-08 08:00:00,20250908,138.16,58.03,1,BC,tablet
909,5710,,2025-10-30 08:00:00,20251030,159.61,67.04,0,BC,tablet
910,5711,20540.0,2026-01-22 12:00:00,20260122,33.47,14.06,1,Atlantic,tablet
911,5711,,2026-03-13 12:00:00,20260313,77.47,32.54,0,Atlantic,tablet
912,5715,20553.0,2026-02-04 14:00:00,20260204,86.02,36.13,1,AB,mobile
913,5715,,2026-03-28 14:00:00,20260328,67.31,28.27,0,AB,mobile
914,5719,20563.0,2026-03-15 22:00:00,20260315,146.53,61.54,1,QC,mobile
915,5731,20600.0,2026-01-20 17:00:00,20260120,65.3,27.43,1,Atlantic,desktop
916,5749,20658.0,2025-11-09 09:00:00,20251109,61.23,25.72,1,AB,mobile
917,5751,20669.0,2025-10-16 11:00:00,20251016,111.09,46.66,1,Prairies,mobile
918,5753,20678.0,2025-11-19 12:00:00,20251119,130.97,55.01,1,Atlantic,mobile
919,5764,20719.0,2025-11-21 19:00:00,20251121,90.72,38.1,1,AB,tablet
920,5767,20732.0,2026-04-30 08:00:00,20260430,74.56,31.32,1,BC,desktop
921,5775,20760.0,2025-11-07 20:00:00,20251107,161.47,67.82,1,AB,mobile
922,5775,,2025-12-08 20:00:00,20251208,88.56,37.2,0,AB,mobile
923,5778,20771.0,2025-09-27 07:00:00,20250927,133.98,56.27,1,ON,mobile
924,5786,20804.0,2026-05-30 21:00:00,20260530,66.78,28.05,1,Atlantic,desktop
925,5786,,2026-07-09 21:00:00,20260709,76.51,32.13,0,Atlantic,desktop
926,5800,20856.0,2026-05-04 12:00:00,20260504,70.36,29.55,1,Atlantic,mobile
927,5805,20878.0,2026-01-21 16:00:00,20260121,73.17,30.73,1,QC,mobile
928,5817,20921.0,2026-05-01 12:00:00,20260501,234.02,98.29,1,AB,mobile
929,5821,20936.0,2025-09-10 14:00:00,20250910,59.21,24.87,1,QC,desktop
930,5821,,2025-10-17 14:00:00,20251017,59.14,24.84,0,QC,desktop
931,5821,,2025-11-01 14:00:00,20251101,54.9,23.06,0,QC,desktop
932,5838,20993.0,2025-09-04 10:00:00,20250904,105.92,44.49,1,BC,desktop
933,5869,21099.0,2026-02-03 11:00:00,20260203,81.2,34.1,1,QC,mobile
934,5872,21109.0,2025-10-26 17:00:00,20251026,55.88,23.47,1,Atlantic,mobile
935,5873,21114.0,2025-09-05 10:00:00,20250905,59.62,25.04,1,QC,mobile
936,5873,,2025-09-25 10:00:00,20250925,122.22,51.33,0,QC,mobile
937,5882,21152.0,2026-04-14 12:00:00,20260414,113.14,47.52,1,BC,mobile
938,5906,21233.0,2026-03-07 16:00:00,20260307,73.1,30.7,1,QC,mobile
939,5906,,2026-04-08 16:00:00,20260408,96.4,40.49,0,QC,mobile
940,5938,21338.0,2026-04-14 13:00:00,20260414,90.08,37.83,1,BC,desktop
941,5953,21399.0,2026-03-21 16:00:00,20260321,121.27,50.93,1,AB,desktop
942,5962,21426.0,2026-01-14 20:00:00,20260114,139.08,58.41,1,BC,desktop
943,5962,,2026-02-06 20:00:00,20260206,151.98,63.83,0,BC,desktop
944,5962,,2026-02-21 20:00:00,20260221,119.77,50.3,0,BC,desktop
945,5966,21440.0,2026-04-09 21:00:00,20260409,120.6,50.65,1,ON,mobile
946,5966,,2026-05-30 21:00:00,20260530,117.45,49.33,0,ON,mobile
947,5966,,2026-06-28 21:00:00,20260628,134.1,56.32,0,ON,mobile
948,5968,21444.0,2025-11-10 14:00:00,20251110,109.82,46.12,1,Prairies,desktop
949,5972,21460.0,2026-06-18 12:00:00,20260618,34.08,14.31,1,ON,mobile
950,5974,21464.0,2026-04-30 20:00:00,20260430,76.42,32.1,1,AB,mobile
951,5980,21492.0,2025-10-22 19:00:00,20251022,90.28,37.92,1,Prairies,desktop
952,5987,21512.0,2026-06-06 09:00:00,20260606,113.78,47.79,1,Prairies,desktop
953,5987,,2026-07-04 09:00:00,20260704,95.03,39.91,0,Prairies,desktop
954,5989,21518.0,2025-09-26 17:00:00,20250926,196.82,82.66,1,AB,tablet
955,5989,,2025-10-23 17:00:00,20251023,168.42,70.74,0,AB,tablet
956,5996,21549.0,2025-08-11 09:00:00,20250811,52.01,21.84,1,Prairies,mobile
957,5997,21555.0,2025-09-06 21:00:00,20250906,61.02,25.63,1,Atlantic,mobile
958,6018,21637.0,2025-12-01 08:00:00,20251201,80.98,34.01,1,BC,mobile
959,6018,,2026-01-08 08:00:00,20260108,78.45,32.95,0,BC,mobile
960,6020,21641.0,2026-02-08 16:00:00,20260208,139.42,58.56,1,Prairies,desktop
961,6033,21690.0,2026-02-23 11:00:00,20260223,95.04,39.92,1,AB,desktop
962,6033,,2026-04-17 11:00:00,20260417,105.06,44.13,0,AB,desktop
963,6041,21722.0,2026-06-03 09:00:00,20260603,84.19,35.36,1,QC,desktop
964,6041,,2026-06-29 09:00:00,20260629,28.99,12.18,0,QC,desktop
965,6060,21790.0,2026-06-03 11:00:00,20260603,31.24,13.12,1,BC,desktop
966,6066,21812.0,2025-08-09 17:00:00,20250809,75.8,31.84,1,Prairies,mobile
967,6072,21835.0,2026-04-16 08:00:00,20260416,92.45,38.83,1,BC,desktop
968,6072,,2026-06-07 08:00:00,20260607,58.41,24.53,0,BC,desktop
969,6090,21888.0,2025-12-12 20:00:00,20251212,70.3,29.53,1,ON,mobile
970,6091,21894.0,2025-10-25 12:00:00,20251025,76.66,32.2,1,BC,tablet
971,6091,,2025-11-23 12:00:00,20251123,222.02,93.25,0,BC,tablet
972,6091,,2025-12-04 12:00:00,20251204,110.06,46.23,0,BC,tablet
973,6092,21898.0,2025-09-08 16:00:00,20250908,63.8,26.8,1,ON,mobile
974,6093,21902.0,2026-04-13 09:00:00,20260413,268.36,112.71,1,BC,desktop
975,6094,21906.0,2026-03-24 13:00:00,20260324,172.94,72.63,1,ON,desktop
976,6098,21912.0,2025-11-05 07:00:00,20251105,78.67,33.04,1,QC,desktop
977,6099,21913.0,2025-09-06 06:00:00,20250906,111.27,46.73,1,ON,desktop
978,6099,,2025-09-29 06:00:00,20250929,68.62,28.82,0,ON,desktop
979,6125,22002.0,2026-05-27 14:00:00,20260527,72.57,30.48,1,BC,mobile
980,6129,22014.0,2025-12-25 21:00:00,20251225,61.34,25.76,1,AB,desktop
981,6129,,2026-01-29 21:00:00,20260129,94.74,39.79,0,AB,desktop
982,6129,,2026-03-07 21:00:00,20260307,68.92,28.95,0,AB,desktop
983,6135,22039.0,2025-11-24 20:00:00,20251124,135.58,56.94,1,BC,mobile
984,6135,,2026-01-13 20:00:00,20260113,29.66,12.46,0,BC,mobile
985,6142,22061.0,2026-05-02 13:00:00,20260502,196.58,82.56,1,Atlantic,mobile
986,6143,22064.0,2026-01-02 19:00:00,20260102,105.41,44.27,1,BC,mobile
987,6144,22067.0,2026-05-01 09:00:00,20260501,40.84,17.15,1,AB,desktop
988,6144,,2026-06-18 09:00:00,20260618,69.26,29.09,0,AB,desktop
989,6170,22163.0,2026-06-24 10:00:00,20260624,89.23,37.48,1,QC,mobile
990,6180,22201.0,2026-01-14 22:00:00,20260114,75.49,31.71,1,QC,desktop
991,6184,22215.0,2026-04-24 16:00:00,20260424,85.87,36.07,1,Atlantic,mobile
992,6184,,2026-06-11 16:00:00,20260611,192.94,81.03,0,Atlantic,mobile
993,6184,,2026-07-01 16:00:00,20260701,118.39,49.72,0,Atlantic,mobile
994,6188,22230.0,2026-01-03 10:00:00,20260103,72.05,30.26,1,QC,mobile
995,6190,22238.0,2026-04-22 17:00:00,20260422,70.32,29.53,1,Atlantic,mobile
996,6206,22294.0,2025-12-03 14:00:00,20251203,87.14,36.6,1,Prairies,desktop
997,6209,22307.0,2025-12-16 19:00:00,20251216,127.32,53.47,1,BC,mobile
998,6209,,2026-01-05 19:00:00,20260105,67.98,28.55,0,BC,mobile
999,6255,22450.0,2026-04-11 18:00:00,20260411,86.46,36.31,1,ON,desktop
1000,6261,22470.0,2026-04-11 09:00:00,20260411,108.64,45.63,1,AB,desktop
1001,6263,22476.0,2025-11-23 19:00:00,20251123,96.26,40.43,1,ON,mobile
1002,6265,22480.0,2025-08-16 09:00:00,20250816,91.18,38.3,1,Prairies,mobile
1003,6272,22498.0,2025-09-04 06:00:00,20250904,37.78,15.87,1,ON,tablet
1004,6286,22552.0,2026-05-17 08:00:00,20260517,52.56,22.08,1,BC,mobile
1005,6294,22580.0,2025-12-31 14:00:00,20251231,53.88,22.63,1,Atlantic,mobile
1006,6309,22633.0,2026-06-15 21:00:00,20260615,83.68,35.15,1,Prairies,desktop
1008,6311,22640.0,2026-05-26 13:00:00,20260526,202.87,85.21,1,ON,desktop
1009,6318,22678.0,2026-02-26 17:00:00,20260226,67.65,28.41,1,AB,mobile
1010,6337,22744.0,2026-03-14 09:00:00,20260314,53.7,22.55,1,BC,desktop
1011,6337,,2026-05-03 09:00:00,20260503,96.77,40.64,0,BC,desktop
1012,6337,,2026-06-22 09:00:00,20260622,77.55,32.57,0,BC,desktop
1013,6337,,2026-07-03 09:00:00,20260703,210.21,88.29,0,BC,desktop
1014,6337,,2026-05-25 09:00:00,20260525,152.59,64.09,0,BC,desktop
1015,6364,22846.0,2026-01-03 08:00:00,20260103,114.78,48.21,1,QC,mobile
1016,6364,,2026-02-24 08:00:00,20260224,77.82,32.68,0,QC,mobile
1017,6382,22912.0,2026-03-21 21:00:00,20260321,105.38,44.26,1,AB,mobile
1018,6393,22958.0,2026-05-01 13:00:00,20260501,63.39,26.62,1,Prairies,tablet
1019,6413,23027.0,2026-04-08 20:00:00,20260408,71.08,29.85,1,Prairies,mobile
1020,6424,23071.0,2026-03-27 12:00:00,20260327,108.09,45.4,1,ON,mobile
1021,6431,23096.0,2026-06-25 12:00:00,20260625,124.39,52.24,1,ON,desktop
1022,6445,23140.0,2026-03-08 06:00:00,20260308,155.68,65.39,1,Atlantic,mobile
1023,6461,23199.0,2025-09-28 07:00:00,20250928,97.83,41.09,1,AB,tablet
1024,6461,,2025-10-26 07:00:00,20251026,56.62,23.78,0,AB,tablet
1025,6467,23222.0,2026-01-10 17:00:00,20260110,137.89,57.91,1,BC,mobile
1026,6489,23289.0,2025-11-22 10:00:00,20251122,47.66,20.02,1,ON,mobile
1027,6489,,2025-12-20 10:00:00,20251220,145.48,61.1,0,ON,mobile
1028,6498,23323.0,2025-09-17 20:00:00,20250917,64.65,27.15,1,QC,mobile
1029,6518,23401.0,2026-05-27 15:00:00,20260527,76.52,32.14,1,BC,mobile
1030,6534,23456.0,2025-12-14 12:00:00,20251214,71.45,30.01,1,ON,desktop
1031,6534,,2026-01-01 12:00:00,20260101,106.98,44.93,0,ON,desktop
1032,6534,,2026-02-10 12:00:00,20260210,45.77,19.22,0,ON,desktop
1033,6543,23484.0,2026-06-20 16:00:00,20260620,74.72,31.38,1,AB,mobile
1034,6551,23516.0,2026-01-07 18:00:00,20260107,338.89,142.33,1,ON,mobile
1035,6559,23543.0,2025-11-08 21:00:00,20251108,56.11,23.57,1,Prairies,desktop
1036,6559,,2025-12-30 21:00:00,20251230,64.31,27.01,0,Prairies,desktop
1037,6561,23551.0,2025-09-01 14:00:00,20250901,119.78,50.31,1,Atlantic,mobile
1038,6561,,2025-10-18 14:00:00,20251018,74.87,31.45,0,Atlantic,mobile
1039,6570,23581.0,2025-10-24 06:00:00,20251024,118.81,49.9,1,BC,mobile
1040,6576,23604.0,2026-01-22 19:00:00,20260122,96.13,40.37,1,QC,desktop
1041,6576,,2026-03-09 19:00:00,20260309,98.98,41.57,0,QC,desktop
1042,6577,23606.0,2025-12-19 11:00:00,20251219,65.48,27.5,1,Prairies,desktop
1043,6585,23637.0,2026-05-04 15:00:00,20260504,58.08,24.39,1,Atlantic,mobile
1044,6603,23704.0,2026-05-24 19:00:00,20260524,73.22,30.75,1,QC,mobile
1045,6605,23713.0,2026-06-09 10:00:00,20260609,58.48,24.56,1,AB,mobile
1046,6623,23771.0,2025-12-22 20:00:00,20251222,96.37,40.48,1,BC,mobile
1047,6631,23810.0,2026-02-14 16:00:00,20260214,182.96,76.84,1,Prairies,mobile
1048,6671,23942.0,2026-03-09 07:00:00,20260309,56.55,23.75,1,Atlantic,desktop
1049,6671,,2026-04-19 07:00:00,20260419,50.63,21.26,0,Atlantic,desktop
1050,6674,23954.0,2025-11-01 14:00:00,20251101,78.58,33.0,1,AB,desktop
1051,6690,24013.0,2025-12-30 19:00:00,20251230,82.38,34.6,1,QC,mobile
1052,6697,24042.0,2025-11-22 16:00:00,20251122,61.54,25.85,1,QC,mobile
1053,6697,,2026-01-04 16:00:00,20260104,84.15,35.34,0,QC,mobile
1054,6703,24064.0,2026-01-27 08:00:00,20260127,89.68,37.67,1,Prairies,mobile
1055,6703,,2026-02-27 08:00:00,20260227,197.8,83.08,0,Prairies,mobile
1056,6706,24074.0,2025-08-23 17:00:00,20250823,112.77,47.36,1,QC,desktop
1057,6710,24089.0,2025-10-01 13:00:00,20251001,103.36,43.41,1,BC,mobile
1058,6711,24094.0,2025-10-04 11:00:00,20251004,143.2,60.14,1,Atlantic,mobile
1059,6711,,2025-10-29 11:00:00,20251029,111.7,46.91,0,Atlantic,mobile
1060,6743,24209.0,2026-05-07 21:00:00,20260507,168.4,70.73,1,Atlantic,mobile
1061,6745,24216.0,2025-12-30 13:00:00,20251230,124.32,52.21,1,AB,desktop
1062,6749,24229.0,2026-06-10 09:00:00,20260610,112.23,47.14,1,BC,tablet
1063,6755,24249.0,2026-05-30 15:00:00,20260530,138.64,58.23,1,AB,mobile
1064,6762,24275.0,2026-06-09 15:00:00,20260609,59.15,24.84,1,AB,mobile
1065,6767,24293.0,2026-01-27 09:00:00,20260127,71.49,30.03,1,QC,mobile
1066,6784,24356.0,2025-09-27 08:00:00,20250927,92.49,38.85,1,Atlantic,desktop
1067,6787,24369.0,2026-05-19 08:00:00,20260519,96.99,40.74,1,Atlantic,mobile
1068,6791,24379.0,2026-04-23 09:00:00,20260423,115.91,48.68,1,Atlantic,tablet
1069,6803,24425.0,2026-02-21 09:00:00,20260221,92.98,39.05,1,ON,mobile
1070,6803,,2026-03-24 09:00:00,20260324,351.99,147.84,0,ON,mobile
1071,6805,24433.0,2025-09-13 12:00:00,20250913,77.04,32.36,1,QC,mobile
1072,6812,24458.0,2025-08-20 09:00:00,20250820,97.43,40.92,1,AB,tablet
1073,6824,24491.0,2026-06-14 16:00:00,20260614,51.12,21.47,1,BC,desktop
1074,6844,24549.0,2025-10-29 10:00:00,20251029,101.88,42.79,1,ON,desktop
1075,6846,24558.0,2025-08-29 13:00:00,20250829,103.13,43.31,1,ON,mobile
1076,6846,,2025-10-08 13:00:00,20251008,58.71,24.66,0,ON,mobile
1077,6863,24610.0,2026-01-04 07:00:00,20260104,100.81,42.34,1,BC,desktop
1078,6863,,2026-02-01 07:00:00,20260201,127.6,53.59,0,BC,desktop
1079,6874,24646.0,2026-06-08 18:00:00,20260608,108.38,45.52,1,Atlantic,mobile
1080,6885,24686.0,2025-12-21 20:00:00,20251221,138.67,58.24,1,AB,mobile
1081,6885,,2026-01-30 20:00:00,20260130,74.22,31.17,0,AB,mobile
1082,6929,24829.0,2026-01-31 13:00:00,20260131,89.32,37.51,1,QC,tablet
1083,6929,,2026-03-05 13:00:00,20260305,161.91,68.0,0,QC,tablet
1084,6929,,2026-04-21 13:00:00,20260421,200.58,84.24,0,QC,tablet
1085,6932,24836.0,2025-11-29 06:00:00,20251129,79.3,33.31,1,Prairies,tablet
1086,6960,24934.0,2026-01-13 22:00:00,20260113,340.27,142.91,1,QC,mobile
1087,6974,24987.0,2025-10-31 11:00:00,20251031,193.36,81.21,1,Atlantic,mobile
1088,6990,25036.0,2026-04-05 13:00:00,20260405,133.76,56.18,1,BC,mobile
1089,7004,25094.0,2026-04-13 08:00:00,20260413,95.22,39.99,1,AB,desktop
1090,7005,25100.0,2026-05-08 09:00:00,20260508,85.76,36.02,1,QC,mobile
1091,7012,25130.0,2026-03-22 22:00:00,20260322,136.33,57.26,1,BC,desktop
1092,7018,25150.0,2025-09-24 09:00:00,20250924,53.32,22.39,1,QC,desktop
1093,7018,,2025-10-31 09:00:00,20251031,96.17,40.39,0,QC,desktop
1094,7018,,2025-11-09 09:00:00,20251109,58.09,24.4,0,QC,desktop
1095,7019,25158.0,2026-04-23 11:00:00,20260423,66.72,28.02,1,Atlantic,mobile
1096,7027,25184.0,2025-11-26 13:00:00,20251126,84.64,35.55,1,AB,desktop
1097,7027,,2025-12-29 13:00:00,20251229,59.69,25.07,0,AB,desktop
1098,7036,25217.0,2026-02-24 21:00:00,20260224,56.81,23.86,1,Atlantic,mobile
1099,7036,,2026-04-01 21:00:00,20260401,58.11,24.41,0,Atlantic,mobile
1100,7036,,2026-04-03 21:00:00,20260403,103.01,43.26,0,Atlantic,mobile
1101,7040,25232.0,2025-09-23 15:00:00,20250923,102.56,43.08,1,BC,mobile
1102,7055,25287.0,2025-10-14 17:00:00,20251014,122.15,51.3,1,ON,mobile
1103,7064,25317.0,2026-03-08 18:00:00,20260308,82.26,34.55,1,ON,desktop
1104,7071,25343.0,2026-01-13 07:00:00,20260113,93.2,39.14,1,Prairies,mobile
1105,7071,,2026-02-27 07:00:00,20260227,104.65,43.95,0,Prairies,mobile
1106,7077,25367.0,2026-02-17 10:00:00,20260217,139.82,58.72,1,BC,tablet
1107,7077,,2026-03-28 10:00:00,20260328,62.78,26.37,0,BC,tablet
1108,7082,25387.0,2026-06-17 09:00:00,20260617,72.62,30.5,1,AB,mobile
1109,7089,25420.0,2026-04-27 13:00:00,20260427,139.54,58.61,1,Prairies,tablet
1110,7091,25430.0,2025-12-23 20:00:00,20251223,67.67,28.42,1,QC,mobile
1111,7091,,2026-01-22 20:00:00,20260122,137.24,57.64,0,QC,mobile
1112,7091,,2026-03-29 20:00:00,20260329,80.03,33.61,0,QC,mobile
1113,7113,25519.0,2026-03-03 18:00:00,20260303,74.66,31.36,1,Atlantic,mobile
1114,7114,25522.0,2025-12-11 08:00:00,20251211,92.0,38.64,1,ON,mobile
1115,7119,25545.0,2025-08-31 21:00:00,20250831,124.52,52.3,1,Prairies,mobile
1116,7145,25636.0,2025-08-27 10:00:00,20250827,70.0,29.4,1,Prairies,mobile
1117,7149,25649.0,2026-04-17 13:00:00,20260417,146.74,61.63,1,QC,desktop
1118,7152,25660.0,2025-09-15 17:00:00,20250915,64.36,27.03,1,BC,mobile
1119,7177,25733.0,2025-09-01 07:00:00,20250901,119.76,50.3,1,AB,mobile
1120,7177,,2025-09-28 07:00:00,20250928,138.55,58.19,0,AB,mobile
1121,7191,25783.0,2025-12-20 17:00:00,20251220,158.94,66.75,1,Prairies,desktop
1122,7194,25792.0,2026-01-23 13:00:00,20260123,84.0,35.28,1,BC,tablet
1123,7194,,2026-02-16 13:00:00,20260216,91.6,38.47,0,BC,tablet
1124,7197,25808.0,2026-04-02 19:00:00,20260402,55.81,23.44,1,QC,desktop
1125,7197,,2026-05-09 19:00:00,20260509,124.66,52.36,0,QC,desktop
1126,7217,25886.0,2025-10-04 20:00:00,20251004,130.29,54.72,1,ON,mobile
1127,7219,25892.0,2026-01-11 19:00:00,20260111,89.33,37.52,1,Prairies,desktop
1128,7219,,2026-02-19 19:00:00,20260219,79.17,33.25,0,Prairies,desktop
1129,7221,25898.0,2026-05-11 15:00:00,20260511,62.78,26.37,1,BC,mobile
1130,7235,25948.0,2026-06-08 13:00:00,20260608,125.46,52.69,1,Prairies,tablet
1131,7235,,2026-07-24 13:00:00,20260724,90.33,37.94,0,Prairies,tablet
1132,7249,25997.0,2025-10-11 15:00:00,20251011,187.35,78.69,1,Atlantic,mobile
1133,7249,,2025-10-30 15:00:00,20251030,136.16,57.19,0,Atlantic,mobile
1134,7284,26122.0,2026-05-09 06:00:00,20260509,174.61,73.34,1,QC,mobile
1135,7288,26136.0,2025-11-28 07:00:00,20251128,61.82,25.96,1,ON,desktop
1136,7306,26211.0,2025-09-24 13:00:00,20250924,155.53,65.32,1,Prairies,desktop
1137,7308,26218.0,2026-04-08 18:00:00,20260408,148.83,62.51,1,Atlantic,mobile
1138,7316,26250.0,2026-04-19 16:00:00,20260419,78.55,32.99,1,ON,mobile
1139,7322,26273.0,2026-06-25 14:00:00,20260625,130.54,54.83,1,BC,mobile
1140,7322,,2026-07-23 14:00:00,20260723,57.97,24.35,0,BC,mobile
1142,7334,26317.0,2025-11-29 15:00:00,20251129,63.85,26.82,1,AB,desktop
1143,7334,,2025-12-18 15:00:00,20251218,62.7,26.33,0,AB,desktop
1144,7345,26353.0,2026-04-10 07:00:00,20260410,56.9,23.9,1,Prairies,desktop
1145,7345,,2026-05-22 07:00:00,20260522,56.27,23.63,0,Prairies,desktop
1146,7360,26406.0,2025-09-07 12:00:00,20250907,91.37,38.38,1,QC,desktop
1147,7373,26446.0,2026-01-28 15:00:00,20260128,91.57,38.46,1,Atlantic,desktop
1148,7383,26473.0,2025-08-28 07:00:00,20250828,130.15,54.66,1,Atlantic,mobile
1149,7383,,2025-10-06 07:00:00,20251006,276.0,115.92,0,Atlantic,mobile
1150,7389,26485.0,2025-11-28 06:00:00,20251128,303.36,127.41,1,QC,mobile
1151,7389,,2025-12-26 06:00:00,20251226,116.51,48.93,0,QC,mobile
1152,7394,26510.0,2026-06-19 07:00:00,20260619,68.24,28.66,1,Atlantic,mobile
1153,7394,,2026-07-08 07:00:00,20260708,125.52,52.72,0,Atlantic,mobile
1154,7397,26522.0,2026-04-27 08:00:00,20260427,288.74,121.27,1,Prairies,desktop
1155,7399,26527.0,2026-06-21 19:00:00,20260621,69.16,29.05,1,ON,mobile
1156,7410,26567.0,2026-05-18 06:00:00,20260518,52.34,21.98,1,QC,mobile
1157,7417,26592.0,2025-09-12 18:00:00,20250912,74.83,31.43,1,AB,desktop
1158,7420,26601.0,2026-01-31 17:00:00,20260131,202.64,85.11,1,BC,mobile
1159,7428,26631.0,2025-12-23 20:00:00,20251223,121.93,51.21,1,ON,mobile
1160,7434,26649.0,2025-08-31 13:00:00,20250831,83.5,35.07,1,Atlantic,desktop
1161,7434,,2025-10-21 13:00:00,20251021,142.48,59.84,0,Atlantic,desktop
1162,7434,,2025-11-05 13:00:00,20251105,148.1,62.2,0,Atlantic,desktop
1163,7451,26717.0,2026-03-24 14:00:00,20260324,82.85,34.8,1,Atlantic,mobile
1164,7455,26731.0,2025-09-30 22:00:00,20250930,145.82,61.24,1,Prairies,desktop
1165,7455,,2025-11-17 22:00:00,20251117,99.32,41.71,0,Prairies,desktop
1166,7455,,2026-01-12 22:00:00,20260112,91.62,38.48,0,Prairies,desktop
1167,7455,,2026-03-08 22:00:00,20260308,86.3,36.25,0,Prairies,desktop
1168,7455,,2026-03-09 22:00:00,20260309,74.1,31.12,0,Prairies,desktop
1169,7456,26735.0,2026-06-25 06:00:00,20260625,90.06,37.83,1,ON,mobile
1171,7477,26808.0,2025-12-12 11:00:00,20251212,47.69,20.03,1,BC,desktop
1172,7489,26844.0,2026-04-11 07:00:00,20260411,161.22,67.71,1,ON,desktop
1173,7490,26848.0,2026-06-08 10:00:00,20260608,153.01,64.26,1,Prairies,mobile
1174,7499,26882.0,2025-10-27 19:00:00,20251027,107.09,44.98,1,BC,mobile
1175,7502,26894.0,2026-01-15 17:00:00,20260115,81.35,34.17,1,ON,mobile
1176,7513,26933.0,2026-04-12 18:00:00,20260412,108.03,45.37,1,AB,desktop
1177,7555,27076.0,2026-01-30 18:00:00,20260130,39.29,16.5,1,BC,mobile
1178,7585,27172.0,2026-01-17 17:00:00,20260117,67.91,28.52,1,ON,mobile
1179,7595,27208.0,2026-03-27 20:00:00,20260327,39.13,16.43,1,Prairies,mobile
1180,7598,27216.0,2025-10-17 12:00:00,20251017,82.36,34.59,1,ON,mobile
1181,7605,27240.0,2025-08-21 12:00:00,20250821,86.31,36.25,1,Atlantic,mobile
1182,7605,,2025-09-09 12:00:00,20250909,51.81,21.76,0,Atlantic,mobile
1183,7642,27358.0,2025-09-26 11:00:00,20250926,98.94,41.55,1,QC,mobile
1184,7656,27409.0,2025-10-26 14:00:00,20251026,69.26,29.09,1,AB,mobile
1185,7663,27431.0,2026-05-03 11:00:00,20260503,82.03,34.45,1,BC,mobile
1186,7663,,2026-06-02 11:00:00,20260602,72.13,30.29,0,BC,mobile
1187,7670,27454.0,2026-01-25 06:00:00,20260125,92.97,39.05,1,Prairies,mobile
1188,7680,27488.0,2025-10-12 18:00:00,20251012,156.83,65.87,1,Atlantic,desktop
1189,7681,27493.0,2026-02-25 18:00:00,20260225,26.27,11.03,1,Prairies,mobile
1190,7687,27513.0,2026-01-02 08:00:00,20260102,69.24,29.08,1,Prairies,desktop
1191,7687,,2026-02-22 08:00:00,20260222,108.8,45.7,0,Prairies,desktop
1192,7687,,2026-04-14 08:00:00,20260414,96.17,40.39,0,Prairies,desktop
1193,7690,27518.0,2026-05-18 07:00:00,20260518,79.52,33.4,1,ON,desktop
1194,7691,27521.0,2025-08-23 07:00:00,20250823,115.47,48.5,1,Atlantic,desktop
1195,7692,27525.0,2026-06-07 18:00:00,20260607,74.95,31.48,1,Prairies,mobile
1196,7699,27554.0,2025-11-09 15:00:00,20251109,69.35,29.13,1,Atlantic,mobile
1197,7699,,2025-12-27 15:00:00,20251227,65.16,27.37,0,Atlantic,mobile
1198,7710,27595.0,2026-03-13 12:00:00,20260313,222.99,93.66,1,AB,mobile
1199,7714,27615.0,2026-04-10 06:00:00,20260410,122.86,51.6,1,Prairies,mobile
1200,7714,,2026-05-01 06:00:00,20260501,54.56,22.92,0,Prairies,mobile
1201,7714,,2026-06-03 06:00:00,20260603,53.64,22.53,0,Prairies,mobile
1202,7714,,2026-07-15 06:00:00,20260715,84.02,35.29,0,Prairies,mobile
1203,7716,27624.0,2025-09-30 08:00:00,20250930,97.12,40.79,1,ON,mobile
1204,7719,27643.0,2026-01-08 13:00:00,20260108,215.68,90.59,1,AB,desktop
1205,7730,27675.0,2025-09-19 20:00:00,20250919,70.67,29.68,1,BC,mobile
1206,7734,27688.0,2026-01-12 22:00:00,20260112,84.0,35.28,1,AB,desktop
1207,7741,27719.0,2025-11-01 21:00:00,20251101,136.33,57.26,1,AB,mobile
1208,7741,,2025-12-07 21:00:00,20251207,109.99,46.2,0,AB,mobile
1209,7742,27722.0,2025-09-27 16:00:00,20250927,57.84,24.29,1,AB,tablet
1210,7750,27757.0,2025-10-17 11:00:00,20251017,137.93,57.93,1,AB,mobile
1211,7782,27869.0,2025-09-06 11:00:00,20250906,84.6,35.53,1,Atlantic,desktop
1212,7787,27894.0,2026-02-26 08:00:00,20260226,111.66,46.9,1,Atlantic,mobile
1213,7796,27928.0,2025-11-03 09:00:00,20251103,183.5,77.07,1,Prairies,mobile
1214,7798,27936.0,2025-11-02 19:00:00,20251102,136.37,57.28,1,Prairies,mobile
1215,7815,27985.0,2026-01-27 15:00:00,20260127,84.41,35.45,1,Atlantic,mobile
1216,7815,,2026-03-09 15:00:00,20260309,69.97,29.39,0,Atlantic,mobile
1217,7832,28051.0,2026-06-23 09:00:00,20260623,118.42,49.74,1,Prairies,mobile
1218,7832,,2026-07-25 09:00:00,20260725,70.84,29.75,0,Prairies,mobile
1220,7834,28056.0,2026-06-11 19:00:00,20260611,68.6,28.81,1,BC,desktop
1221,7854,28129.0,2025-09-16 22:00:00,20250916,69.16,29.05,1,Atlantic,desktop
1222,7861,28148.0,2025-08-26 22:00:00,20250826,125.05,52.52,1,QC,mobile
1223,7862,28155.0,2026-06-27 15:00:00,20260627,38.58,16.2,1,AB,mobile
1224,7875,28207.0,2025-08-18 14:00:00,20250818,97.27,40.85,1,Atlantic,mobile
1225,7875,,2025-10-09 14:00:00,20251009,92.67,38.92,0,Atlantic,mobile
1226,7887,28240.0,2025-09-21 08:00:00,20250921,111.44,46.8,1,AB,mobile
1227,7887,,2025-11-02 08:00:00,20251102,94.45,39.67,0,AB,mobile
1228,7889,28248.0,2025-11-18 06:00:00,20251118,89.76,37.7,1,QC,tablet
1229,7889,,2025-12-06 06:00:00,20251206,210.84,88.55,0,QC,tablet
1230,7899,28282.0,2025-08-13 11:00:00,20250813,117.7,49.43,1,QC,mobile
1231,7899,,2025-09-19 11:00:00,20250919,69.84,29.33,0,QC,mobile
1232,7903,28296.0,2025-11-24 22:00:00,20251124,141.78,59.55,1,ON,mobile
1233,7920,28357.0,2025-11-14 06:00:00,20251114,58.56,24.6,1,AB,mobile
1234,7938,28412.0,2025-08-29 07:00:00,20250829,104.59,43.93,1,ON,mobile
1235,7938,,2025-10-10 07:00:00,20251010,82.38,34.6,0,ON,mobile
1236,7950,28461.0,2025-09-09 15:00:00,20250909,142.71,59.94,1,ON,desktop
1237,7955,28478.0,2025-10-21 07:00:00,20251021,69.52,29.2,1,BC,tablet
1238,7972,28532.0,2026-05-19 07:00:00,20260519,126.4,53.09,1,BC,mobile
1239,7976,28547.0,2026-02-28 22:00:00,20260228,123.43,51.84,1,Atlantic,mobile
1240,7978,28556.0,2026-04-16 14:00:00,20260416,135.84,57.05,1,Atlantic,desktop
1241,7982,28577.0,2025-11-03 06:00:00,20251103,117.01,49.14,1,Prairies,desktop
1242,8007,28659.0,2025-12-16 13:00:00,20251216,103.47,43.46,1,AB,desktop
1243,8041,28775.0,2026-06-05 21:00:00,20260605,104.33,43.82,1,BC,mobile
1244,8057,28833.0,2025-11-18 07:00:00,20251118,65.89,27.67,1,AB,mobile
1245,8070,28882.0,2025-12-05 17:00:00,20251205,94.47,39.68,1,BC,desktop
1246,8080,28917.0,2026-05-10 06:00:00,20260510,74.25,31.18,1,Atlantic,desktop
1247,8082,28922.0,2026-05-02 15:00:00,20260502,49.47,20.78,1,ON,desktop
1248,8082,,2026-06-20 15:00:00,20260620,102.96,43.24,0,ON,desktop
1249,8094,28969.0,2026-05-29 17:00:00,20260529,133.89,56.23,1,Atlantic,mobile
1250,8107,29009.0,2025-10-11 13:00:00,20251011,80.91,33.98,1,Atlantic,mobile
1251,8116,29036.0,2026-01-01 21:00:00,20260101,64.58,27.12,1,Prairies,mobile
1252,8119,29047.0,2026-06-12 17:00:00,20260612,110.42,46.38,1,AB,tablet
1253,8127,29076.0,2025-09-25 06:00:00,20250925,67.78,28.47,1,BC,mobile
1254,8127,,2025-10-24 06:00:00,20251024,84.63,35.54,0,BC,mobile
1255,8136,29111.0,2026-06-07 10:00:00,20260607,37.04,15.56,1,BC,desktop
1256,8140,29130.0,2026-03-29 08:00:00,20260329,151.86,63.78,1,Prairies,desktop
1257,8141,29133.0,2025-11-26 13:00:00,20251126,68.42,28.74,1,BC,desktop
1258,8157,29187.0,2026-06-09 18:00:00,20260609,139.98,58.79,1,AB,mobile
1259,8163,29210.0,2026-05-12 10:00:00,20260512,100.28,42.12,1,BC,desktop
1260,8163,,2026-06-27 10:00:00,20260627,215.54,90.53,0,BC,desktop
1261,8180,29278.0,2025-08-26 16:00:00,20250826,92.64,38.91,1,Prairies,mobile
1262,8185,29296.0,2026-06-11 18:00:00,20260611,108.66,45.64,1,Prairies,mobile
1263,8220,29418.0,2025-10-03 17:00:00,20251003,95.61,40.16,1,AB,desktop
1264,8222,29426.0,2025-09-24 08:00:00,20250924,76.23,32.02,1,QC,tablet
1265,8225,29442.0,2026-04-20 11:00:00,20260420,86.69,36.41,1,Atlantic,desktop
1266,8225,,2026-06-01 11:00:00,20260601,87.43,36.72,0,Atlantic,desktop
1267,8230,29460.0,2026-06-25 12:00:00,20260625,63.79,26.79,1,QC,mobile
1268,8234,29473.0,2026-05-09 20:00:00,20260509,115.9,48.68,1,AB,desktop
1269,8234,,2026-07-01 20:00:00,20260701,50.78,21.33,0,AB,desktop
1270,8238,29485.0,2026-05-21 15:00:00,20260521,59.58,25.02,1,BC,desktop
1271,8257,29552.0,2025-11-26 19:00:00,20251126,149.17,62.65,1,BC,mobile
1272,8257,,2025-12-31 19:00:00,20251231,120.87,50.77,0,BC,mobile
1273,8260,29562.0,2025-12-05 08:00:00,20251205,67.38,28.3,1,BC,desktop
1274,8264,29571.0,2025-10-01 08:00:00,20251001,99.08,41.61,1,ON,desktop
1275,8267,29584.0,2025-09-19 07:00:00,20250919,111.87,46.99,1,Prairies,mobile
1276,8267,,2025-11-09 07:00:00,20251109,116.29,48.84,0,Prairies,mobile
1277,8270,29593.0,2026-06-04 08:00:00,20260604,149.91,62.96,1,AB,desktop
1278,8283,29633.0,2025-09-25 21:00:00,20250925,94.95,39.88,1,Atlantic,desktop
1279,8287,29650.0,2025-10-02 14:00:00,20251002,80.68,33.89,1,QC,tablet
1280,8287,,2025-11-13 14:00:00,20251113,170.01,71.4,0,QC,tablet
1281,8287,,2025-12-31 14:00:00,20251231,75.97,31.91,0,QC,tablet
1282,8289,29658.0,2026-04-24 19:00:00,20260424,228.66,96.04,1,AB,mobile
1283,8289,,2026-05-29 19:00:00,20260529,177.1,74.38,0,AB,mobile
1284,8293,29671.0,2026-06-21 09:00:00,20260621,104.66,43.96,1,QC,mobile
1286,8294,29675.0,2026-05-21 19:00:00,20260521,109.29,45.9,1,ON,mobile
1287,8326,29794.0,2026-02-04 12:00:00,20260204,247.49,103.95,1,QC,desktop
1288,8328,29800.0,2025-10-01 17:00:00,20251001,75.14,31.56,1,BC,mobile
1289,8330,29803.0,2026-01-06 12:00:00,20260106,58.28,24.48,1,Atlantic,mobile
1290,8330,,2026-02-05 12:00:00,20260205,60.47,25.4,0,Atlantic,mobile
1291,8336,29820.0,2026-03-11 18:00:00,20260311,64.87,27.25,1,AB,mobile
1292,8341,29836.0,2025-12-30 22:00:00,20251230,85.77,36.02,1,ON,mobile
1293,8343,29846.0,2025-12-21 18:00:00,20251221,89.74,37.69,1,QC,mobile
1294,8343,,2026-01-11 18:00:00,20260111,72.73,30.55,0,QC,mobile
1295,8343,,2026-04-02 18:00:00,20260402,81.24,34.12,0,QC,mobile
1296,8368,29942.0,2026-06-10 13:00:00,20260610,91.86,38.58,1,Atlantic,mobile
1297,8379,29973.0,2026-05-15 10:00:00,20260515,71.15,29.88,1,QC,tablet
1298,8383,29987.0,2026-07-14 21:00:00,20260714,91.59,38.47,1,Atlantic,desktop
1299,8395,30034.0,2026-04-16 21:00:00,20260416,68.38,28.72,1,Atlantic,mobile
1300,8395,,2026-05-13 21:00:00,20260513,84.52,35.5,0,Atlantic,mobile
1301,8395,,2026-07-11 21:00:00,20260711,117.64,49.41,0,Atlantic,mobile
1302,8396,30037.0,2025-09-09 16:00:00,20250909,39.27,16.49,1,Atlantic,desktop
1303,8396,,2025-10-08 16:00:00,20251008,52.64,22.11,0,Atlantic,desktop
1304,8399,30048.0,2026-05-31 12:00:00,20260531,52.01,21.84,1,Atlantic,desktop
1305,8401,30057.0,2026-06-01 21:00:00,20260601,89.56,37.62,1,Atlantic,mobile
1306,8409,30088.0,2025-08-30 08:00:00,20250830,91.02,38.23,1,AB,mobile
1307,8410,30091.0,2025-12-18 21:00:00,20251218,129.17,54.25,1,BC,mobile
1308,8419,30126.0,2026-06-17 14:00:00,20260617,55.59,23.35,1,Atlantic,desktop
1309,8420,30130.0,2025-10-31 21:00:00,20251031,130.32,54.73,1,BC,tablet
1310,8420,,2025-11-28 21:00:00,20251128,110.05,46.22,0,BC,tablet
1311,8423,30145.0,2026-05-30 19:00:00,20260530,156.11,65.57,1,ON,tablet
1312,8428,30157.0,2025-09-26 11:00:00,20250926,143.63,60.32,1,Prairies,desktop
1313,8431,30167.0,2025-11-28 19:00:00,20251128,59.37,24.94,1,BC,mobile
1314,8432,30170.0,2025-11-11 15:00:00,20251111,37.76,15.86,1,ON,desktop
1315,8439,30196.0,2025-10-05 15:00:00,20251005,48.07,20.19,1,AB,desktop
1316,8439,,2025-10-24 15:00:00,20251024,47.0,19.74,0,AB,desktop
1317,8439,,2026-01-15 15:00:00,20260115,130.0,54.6,0,AB,desktop
1318,8447,30231.0,2026-03-15 22:00:00,20260315,187.69,78.83,1,AB,mobile
1319,8451,30254.0,2026-05-17 18:00:00,20260517,58.92,24.75,1,ON,mobile
1320,8451,,2026-06-06 18:00:00,20260606,69.83,29.33,0,ON,mobile
1321,8459,30278.0,2026-03-10 14:00:00,20260310,71.36,29.97,1,AB,mobile
1322,8468,30315.0,2025-09-29 21:00:00,20250929,70.76,29.72,1,Atlantic,tablet
1323,8472,30334.0,2025-12-31 19:00:00,20251231,109.14,45.84,1,Prairies,tablet
1324,8478,30357.0,2026-04-02 16:00:00,20260402,66.51,27.93,1,AB,mobile
1325,8485,30378.0,2026-02-07 19:00:00,20260207,70.72,29.7,1,QC,desktop
1326,8485,,2026-03-06 19:00:00,20260306,114.71,48.18,0,QC,desktop
1327,8492,30400.0,2025-12-08 17:00:00,20251208,129.81,54.52,1,Atlantic,desktop
1328,8496,30410.0,2025-10-04 07:00:00,20251004,74.83,31.43,1,Prairies,desktop
1329,8497,30415.0,2026-06-28 12:00:00,20260628,138.66,58.24,1,Prairies,desktop
1330,8503,30436.0,2025-10-05 09:00:00,20251005,39.81,16.72,1,Atlantic,desktop
1331,8503,,2025-11-03 09:00:00,20251103,202.19,84.92,0,Atlantic,desktop
1332,8514,30466.0,2026-02-08 18:00:00,20260208,166.97,70.13,1,Prairies,mobile
1333,8539,30551.0,2026-01-07 16:00:00,20260107,212.9,89.42,1,Atlantic,mobile
1334,8550,30595.0,2025-10-27 11:00:00,20251027,56.04,23.54,1,BC,mobile
1335,8574,30691.0,2026-05-29 08:00:00,20260529,84.05,35.3,1,Atlantic,desktop
1336,8589,30747.0,2026-02-04 06:00:00,20260204,72.1,30.28,1,QC,desktop
1337,8591,30757.0,2026-03-08 11:00:00,20260308,65.44,27.48,1,Prairies,mobile
1338,8598,30776.0,2025-09-06 21:00:00,20250906,172.1,72.28,1,ON,desktop
1339,8601,30791.0,2025-09-24 17:00:00,20250924,71.93,30.21,1,QC,desktop
1340,8619,30860.0,2026-06-04 09:00:00,20260604,98.65,41.43,1,BC,mobile
1341,8629,30892.0,2025-10-29 16:00:00,20251029,66.09,27.76,1,BC,desktop
1342,8633,30905.0,2026-03-19 21:00:00,20260319,94.67,39.76,1,AB,mobile
1343,8657,30988.0,2026-05-19 16:00:00,20260519,115.12,48.35,1,Prairies,desktop
1344,8657,,2026-06-22 16:00:00,20260622,112.88,47.41,0,Prairies,desktop
1345,8662,31006.0,2025-10-03 22:00:00,20251003,230.93,96.99,1,Prairies,mobile
1346,8686,31094.0,2026-03-23 07:00:00,20260323,91.55,38.45,1,ON,mobile
1347,8697,31130.0,2026-03-06 20:00:00,20260306,59.15,24.84,1,QC,desktop
1348,8709,31170.0,2026-05-31 10:00:00,20260531,45.73,19.21,1,Prairies,desktop
1349,8709,,2026-07-23 10:00:00,20260723,41.82,17.56,0,Prairies,desktop
1350,8728,31245.0,2026-06-09 16:00:00,20260609,122.82,51.58,1,BC,mobile
1351,8728,,2026-06-29 16:00:00,20260629,78.91,33.14,0,BC,mobile
1352,8731,31261.0,2026-01-06 12:00:00,20260106,93.49,39.27,1,AB,desktop
1353,8736,31279.0,2025-09-10 09:00:00,20250910,164.23,68.98,1,AB,mobile
1354,8736,,2025-10-06 09:00:00,20251006,95.37,40.06,0,AB,mobile
1355,8744,31309.0,2026-05-18 09:00:00,20260518,103.6,43.51,1,ON,desktop
1356,8755,31350.0,2026-01-15 08:00:00,20260115,80.52,33.82,1,Atlantic,mobile
1357,8772,31418.0,2026-05-22 13:00:00,20260522,30.7,12.89,1,QC,mobile
1358,8801,31522.0,2026-02-04 14:00:00,20260204,76.14,31.98,1,BC,mobile
1359,8801,,2026-03-29 14:00:00,20260329,79.92,33.57,0,BC,mobile
1360,8803,31531.0,2026-03-21 15:00:00,20260321,199.15,83.64,1,ON,mobile
1361,8808,31547.0,2026-05-21 16:00:00,20260521,71.65,30.09,1,ON,mobile
1362,8808,,2026-07-10 16:00:00,20260710,98.31,41.29,0,ON,mobile
1363,8808,,2026-07-06 16:00:00,20260706,150.29,63.12,0,ON,mobile
1364,8818,31582.0,2026-01-20 21:00:00,20260120,54.42,22.86,1,Atlantic,mobile
1365,8822,31603.0,2026-05-24 18:00:00,20260524,174.61,73.34,1,Atlantic,desktop
1366,8822,,2026-06-29 18:00:00,20260629,125.62,52.76,0,Atlantic,desktop
1367,8840,31656.0,2026-04-15 13:00:00,20260415,73.68,30.95,1,AB,mobile
1368,8841,31659.0,2026-04-30 13:00:00,20260430,101.48,42.62,1,AB,mobile
1369,8847,31683.0,2025-09-23 21:00:00,20250923,179.54,75.41,1,Atlantic,desktop
1370,8861,31743.0,2026-01-31 10:00:00,20260131,166.76,70.04,1,ON,mobile
1371,8861,,2026-03-24 10:00:00,20260324,106.76,44.84,0,ON,mobile
1372,8864,31752.0,2026-06-06 19:00:00,20260606,214.23,89.98,1,Prairies,mobile
1373,8874,31785.0,2026-01-04 13:00:00,20260104,194.96,81.88,1,Prairies,desktop
1374,8883,31819.0,2026-02-26 17:00:00,20260226,62.1,26.08,1,AB,mobile
1375,8895,31872.0,2025-10-26 19:00:00,20251026,48.18,20.24,1,AB,desktop
1376,8903,31904.0,2025-12-25 09:00:00,20251225,49.44,20.76,1,AB,mobile
1377,8906,31912.0,2026-02-25 14:00:00,20260225,237.58,99.78,1,BC,desktop
1378,8910,31926.0,2026-04-23 13:00:00,20260423,55.07,23.13,1,ON,mobile
1379,8913,31932.0,2025-10-21 10:00:00,20251021,45.21,18.99,1,Atlantic,mobile
1380,8913,,2025-12-10 10:00:00,20251210,117.69,49.43,0,Atlantic,mobile
1381,8914,31933.0,2026-04-01 06:00:00,20260401,165.67,69.58,1,BC,mobile
1382,8916,31938.0,2026-05-02 07:00:00,20260502,174.38,73.24,1,ON,desktop
1383,8930,31997.0,2026-03-22 16:00:00,20260322,78.97,33.17,1,AB,desktop
1384,8930,,2026-05-01 16:00:00,20260501,179.42,75.36,0,AB,desktop
1385,8930,,2026-05-31 16:00:00,20260531,44.12,18.53,0,AB,desktop
1386,8938,32021.0,2026-02-13 10:00:00,20260213,57.14,24.0,1,ON,mobile
1387,8941,32035.0,2025-12-21 17:00:00,20251221,63.75,26.77,1,AB,desktop
1388,8941,,2026-01-16 17:00:00,20260116,40.97,17.21,0,AB,desktop
1389,8977,32168.0,2025-11-09 20:00:00,20251109,69.84,29.33,1,AB,mobile
1390,8977,,2025-12-15 20:00:00,20251215,96.77,40.64,0,AB,mobile
1391,8977,,2026-02-13 20:00:00,20260213,159.23,66.88,0,AB,mobile
1392,8977,,2026-03-30 20:00:00,20260330,52.41,22.01,0,AB,mobile
1393,8977,,2026-02-01 20:00:00,20260201,61.6,25.87,0,AB,mobile
1394,8986,32211.0,2026-05-21 15:00:00,20260521,90.1,37.84,1,Prairies,desktop
1395,8986,,2026-07-03 15:00:00,20260703,107.81,45.28,0,Prairies,desktop
1396,8996,32238.0,2025-10-21 06:00:00,20251021,66.79,28.05,1,AB,desktop
1397,8996,,2025-11-30 06:00:00,20251130,133.67,56.14,0,AB,desktop
1398,8996,,2026-01-15 06:00:00,20260115,102.68,43.13,0,AB,desktop
1399,9008,32279.0,2026-01-14 22:00:00,20260114,42.84,17.99,1,AB,mobile
1400,9008,,2026-02-24 22:00:00,20260224,117.47,49.34,0,AB,mobile
1401,9027,32348.0,2025-12-15 13:00:00,20251215,88.85,37.32,1,ON,mobile
1402,9029,32357.0,2025-10-10 16:00:00,20251010,91.92,38.61,1,AB,mobile
1403,9029,,2025-11-12 16:00:00,20251112,57.07,23.97,0,AB,mobile
1404,9046,32419.0,2025-10-01 10:00:00,20251001,83.15,34.92,1,Atlantic,mobile
1405,9051,32434.0,2026-03-06 08:00:00,20260306,80.53,33.82,1,Atlantic,desktop
1406,9079,32529.0,2026-03-10 13:00:00,20260310,55.14,23.16,1,Prairies,mobile
1407,9085,32549.0,2026-02-10 14:00:00,20260210,99.33,41.72,1,AB,mobile
1408,9085,,2026-03-12 14:00:00,20260312,81.33,34.16,0,AB,mobile
1409,9085,,2026-03-30 14:00:00,20260330,122.94,51.63,0,AB,mobile
1410,9085,,2026-07-04 14:00:00,20260704,83.61,35.12,0,AB,mobile
1411,9086,32551.0,2026-04-09 21:00:00,20260409,141.55,59.45,1,AB,mobile
1412,9098,32601.0,2026-03-24 17:00:00,20260324,139.66,58.66,1,Prairies,mobile
1413,9125,32696.0,2025-11-30 18:00:00,20251130,37.8,15.88,1,BC,mobile
1414,9126,32700.0,2025-12-04 13:00:00,20251204,165.42,69.48,1,AB,mobile
1415,9126,,2026-01-10 13:00:00,20260110,28.94,12.15,0,AB,mobile
1416,9129,32710.0,2025-09-28 08:00:00,20250928,82.88,34.81,1,BC,mobile
1417,9139,32741.0,2026-04-05 18:00:00,20260405,94.1,39.52,1,Prairies,mobile
1418,9139,,2026-05-01 18:00:00,20260501,88.29,37.08,0,Prairies,mobile
1419,9152,32782.0,2026-01-15 21:00:00,20260115,112.88,47.41,1,Prairies,desktop
1420,9160,32811.0,2025-11-18 17:00:00,20251118,164.56,69.12,1,QC,mobile
1421,9160,,2026-01-10 17:00:00,20260110,87.75,36.85,0,QC,mobile
1422,9160,,2025-12-24 17:00:00,20251224,71.77,30.14,0,QC,mobile
1423,9162,32817.0,2025-11-26 11:00:00,20251126,159.25,66.88,1,ON,mobile
1424,9162,,2025-12-19 11:00:00,20251219,88.41,37.13,0,ON,mobile
1425,9163,32822.0,2026-05-05 09:00:00,20260505,90.37,37.96,1,ON,mobile
1426,9164,32826.0,2026-03-09 09:00:00,20260309,97.45,40.93,1,QC,mobile
1427,9174,32855.0,2026-06-15 22:00:00,20260615,207.86,87.3,1,Prairies,mobile
1428,9174,,2026-07-25 22:00:00,20260725,104.79,44.01,0,Prairies,mobile
1429,9186,32903.0,2026-06-10 07:00:00,20260610,40.9,17.18,1,QC,desktop
1430,9186,,2026-07-06 07:00:00,20260706,193.48,81.26,0,QC,desktop
1431,9213,33001.0,2025-12-25 21:00:00,20251225,78.42,32.94,1,ON,mobile
1432,9217,33015.0,2025-08-09 14:00:00,20250809,80.89,33.97,1,ON,tablet
1433,9224,33041.0,2025-10-18 22:00:00,20251018,196.93,82.71,1,QC,mobile
1434,9238,33085.0,2026-05-04 09:00:00,20260504,250.56,105.24,1,Prairies,mobile
1435,9240,33094.0,2026-03-01 06:00:00,20260301,198.75,83.47,1,QC,mobile
1436,9251,33135.0,2025-10-21 21:00:00,20251021,93.66,39.34,1,Atlantic,tablet
1437,9252,33138.0,2025-10-02 11:00:00,20251002,119.81,50.32,1,Atlantic,desktop
1438,9252,,2025-11-11 11:00:00,20251111,102.33,42.98,0,Atlantic,desktop
1439,9262,33179.0,2026-02-23 22:00:00,20260223,128.4,53.93,1,QC,desktop
1440,9265,33192.0,2025-09-09 15:00:00,20250909,85.14,35.76,1,ON,tablet
1441,9269,33209.0,2026-03-09 21:00:00,20260309,134.66,56.56,1,Prairies,mobile
1442,9269,,2026-03-27 21:00:00,20260327,87.04,36.56,0,Prairies,mobile
1443,9273,33222.0,2026-01-19 15:00:00,20260119,73.48,30.86,1,BC,desktop
1444,9282,33263.0,2025-12-17 18:00:00,20251217,68.64,28.83,1,Atlantic,mobile
1445,9282,,2026-01-14 18:00:00,20260114,68.85,28.92,0,Atlantic,mobile
1446,9282,,2026-02-11 18:00:00,20260211,194.19,81.56,0,Atlantic,mobile
1447,9298,33315.0,2025-11-02 06:00:00,20251102,94.33,39.62,1,AB,desktop
1448,9302,33333.0,2025-11-13 20:00:00,20251113,84.12,35.33,1,AB,desktop
1449,9314,33375.0,2026-01-21 21:00:00,20260121,85.43,35.88,1,ON,mobile
1450,9314,,2026-03-04 21:00:00,20260304,62.04,26.06,0,ON,mobile
1451,9320,33404.0,2025-11-19 14:00:00,20251119,44.99,18.9,1,Prairies,desktop
1452,9320,,2026-01-07 14:00:00,20260107,307.24,129.04,0,Prairies,desktop
1453,9320,,2026-01-04 14:00:00,20260104,40.08,16.83,0,Prairies,desktop
1454,9339,33472.0,2025-09-16 12:00:00,20250916,86.66,36.4,1,ON,mobile
1455,9342,33483.0,2025-11-17 11:00:00,20251117,303.1,127.3,1,Atlantic,mobile
1456,9343,33487.0,2026-03-23 11:00:00,20260323,79.74,33.49,1,Atlantic,desktop
1457,9353,33526.0,2025-10-18 11:00:00,20251018,170.4,71.57,1,Atlantic,desktop
1458,9357,33544.0,2025-08-14 15:00:00,20250814,70.72,29.7,1,BC,mobile
1459,9368,33579.0,2025-09-04 15:00:00,20250904,68.54,28.79,1,AB,mobile
1460,9380,33611.0,2025-11-21 18:00:00,20251121,54.86,23.04,1,ON,mobile
1461,9380,,2026-01-01 18:00:00,20260101,56.23,23.62,0,ON,mobile
1462,9382,33615.0,2026-01-23 10:00:00,20260123,134.78,56.61,1,QC,mobile
1463,9386,33626.0,2025-12-03 06:00:00,20251203,74.99,31.5,1,QC,desktop
1464,9386,,2026-01-22 06:00:00,20260122,99.53,41.8,0,QC,desktop
1465,9393,33647.0,2025-11-05 16:00:00,20251105,89.5,37.59,1,Prairies,mobile
1466,9402,33689.0,2025-11-01 22:00:00,20251101,76.67,32.2,1,Atlantic,desktop
1467,9418,33746.0,2026-06-21 13:00:00,20260621,205.21,86.19,1,QC,mobile
1468,9426,33771.0,2025-08-11 20:00:00,20250811,126.49,53.13,1,Prairies,mobile
1469,9433,33796.0,2025-12-08 21:00:00,20251208,60.18,25.28,1,QC,desktop
1470,9434,33800.0,2026-05-27 21:00:00,20260527,177.87,74.71,1,AB,desktop
1471,9434,,2026-06-28 21:00:00,20260628,186.8,78.46,0,AB,desktop
1472,9441,33828.0,2025-08-30 06:00:00,20250830,294.31,123.61,1,Atlantic,tablet
1473,9441,,2025-09-21 06:00:00,20250921,86.73,36.43,0,Atlantic,tablet
1474,9441,,2025-11-08 06:00:00,20251108,158.01,66.36,0,Atlantic,tablet
1475,9441,,2026-01-30 06:00:00,20260130,34.15,14.34,0,Atlantic,tablet
1476,9452,33872.0,2025-09-29 12:00:00,20250929,166.75,70.03,1,ON,mobile
1477,9452,,2025-11-11 12:00:00,20251111,80.75,33.91,0,ON,mobile
1478,9492,34004.0,2025-12-28 21:00:00,20251228,121.28,50.94,1,BC,mobile
1479,9499,34024.0,2025-12-28 13:00:00,20251228,31.37,13.18,1,Atlantic,desktop
1480,9512,34073.0,2026-02-27 06:00:00,20260227,74.78,31.41,1,BC,mobile
1481,9512,,2026-03-17 06:00:00,20260317,157.14,66.0,0,BC,mobile
1482,9519,34099.0,2025-10-13 13:00:00,20251013,104.49,43.89,1,QC,mobile
1483,9520,34101.0,2025-09-19 17:00:00,20250919,127.76,53.66,1,QC,desktop
1484,9520,,2025-10-29 17:00:00,20251029,97.93,41.13,0,QC,desktop
1485,9531,34139.0,2025-09-27 16:00:00,20250927,206.05,86.54,1,QC,desktop
1486,9532,34142.0,2025-12-20 12:00:00,20251220,96.76,40.64,1,QC,mobile
1487,9537,34165.0,2025-12-04 19:00:00,20251204,87.16,36.61,1,Prairies,mobile
1488,9562,34250.0,2026-02-16 06:00:00,20260216,82.27,34.55,1,QC,desktop
1489,9563,34254.0,2026-03-31 12:00:00,20260331,102.9,43.22,1,AB,desktop
1490,9572,34293.0,2025-09-11 21:00:00,20250911,34.87,14.65,1,ON,mobile
1491,9572,,2025-10-05 21:00:00,20251005,131.92,55.41,0,ON,mobile
1492,9577,34307.0,2025-11-21 22:00:00,20251121,179.16,75.25,1,AB,desktop
1493,9618,34447.0,2026-01-23 08:00:00,20260123,111.57,46.86,1,Prairies,desktop
1494,9627,34483.0,2026-04-19 11:00:00,20260419,102.94,43.23,1,Prairies,desktop
1495,9638,34513.0,2025-08-29 19:00:00,20250829,83.77,35.18,1,QC,mobile
1496,9652,34556.0,2026-04-24 16:00:00,20260424,115.5,48.51,1,ON,desktop
1497,9661,34594.0,2025-10-25 09:00:00,20251025,140.91,59.18,1,ON,desktop
1498,9668,34629.0,2026-06-14 17:00:00,20260614,67.93,28.53,1,Atlantic,mobile
1499,9668,,2026-07-15 17:00:00,20260715,61.35,25.77,0,Atlantic,mobile
1501,9669,34633.0,2025-11-22 12:00:00,20251122,86.85,36.48,1,Atlantic,desktop
1502,9670,34638.0,2026-05-10 13:00:00,20260510,77.8,32.68,1,ON,mobile
1503,9673,34648.0,2026-06-18 10:00:00,20260618,131.66,55.3,1,AB,mobile
1504,9712,34783.0,2025-10-01 08:00:00,20251001,297.57,124.98,1,ON,tablet
1505,9723,34822.0,2026-02-22 09:00:00,20260222,118.14,49.62,1,ON,mobile
1506,9723,,2026-04-01 09:00:00,20260401,88.85,37.32,0,ON,mobile
1507,9728,34842.0,2026-06-09 12:00:00,20260609,203.38,85.42,1,AB,mobile
1508,9728,,2026-07-01 12:00:00,20260701,59.65,25.05,0,AB,mobile
1509,9734,34858.0,2025-09-10 09:00:00,20250910,155.51,65.31,1,BC,desktop
1510,9734,,2025-10-08 09:00:00,20251008,168.99,70.98,0,BC,desktop
1511,9739,34883.0,2025-12-05 19:00:00,20251205,87.83,36.89,1,Atlantic,mobile
1512,9756,34949.0,2025-11-24 16:00:00,20251124,81.46,34.21,1,Prairies,desktop
1513,9756,,2026-01-11 16:00:00,20260111,154.04,64.7,0,Prairies,desktop
1514,9756,,2026-02-04 16:00:00,20260204,92.91,39.02,0,Prairies,desktop
1515,9759,34958.0,2026-04-18 12:00:00,20260418,304.13,127.73,1,Atlantic,desktop
1516,9763,34973.0,2026-02-07 12:00:00,20260207,216.83,91.07,1,AB,desktop
1517,9766,34989.0,2025-12-09 11:00:00,20251209,70.39,29.56,1,AB,mobile
1518,9766,,2026-01-22 11:00:00,20260122,60.29,25.32,0,AB,mobile
1519,9772,35017.0,2026-05-25 22:00:00,20260525,110.38,46.36,1,Atlantic,desktop
1520,9786,35066.0,2026-04-04 16:00:00,20260404,94.69,39.77,1,Prairies,mobile
1521,9786,,2026-04-26 16:00:00,20260426,149.94,62.97,0,Prairies,mobile
1522,9791,35083.0,2026-05-27 17:00:00,20260527,152.54,64.07,1,ON,mobile
1523,9791,,2026-06-17 17:00:00,20260617,86.03,36.13,0,ON,mobile
1524,9794,35097.0,2026-02-12 14:00:00,20260212,134.37,56.44,1,ON,mobile
1525,9797,35108.0,2025-11-24 18:00:00,20251124,214.26,89.99,1,BC,mobile
1526,9805,35139.0,2025-10-09 14:00:00,20251009,82.71,34.74,1,ON,desktop
1527,9807,35146.0,2025-10-06 16:00:00,20251006,86.52,36.34,1,BC,mobile
1528,9807,,2025-11-02 16:00:00,20251102,47.66,20.02,0,BC,mobile
1529,9811,35167.0,2026-06-12 11:00:00,20260612,103.29,43.38,1,AB,desktop
1530,9832,35240.0,2025-11-19 22:00:00,20251119,92.56,38.88,1,QC,mobile
1531,9832,,2025-12-23 22:00:00,20251223,313.18,131.54,0,QC,mobile
1532,9832,,2026-02-03 22:00:00,20260203,62.01,26.04,0,QC,mobile
1533,9832,,2026-01-12 22:00:00,20260112,74.47,31.28,0,QC,mobile
1534,9836,35249.0,2025-09-12 09:00:00,20250912,166.69,70.01,1,QC,desktop
1535,9837,35253.0,2025-08-27 20:00:00,20250827,54.77,23.0,1,AB,mobile
1536,9837,,2025-09-23 20:00:00,20250923,150.78,63.33,0,AB,mobile
1537,9885,35429.0,2026-06-08 16:00:00,20260608,116.62,48.98,1,Atlantic,mobile
1538,9888,35440.0,2026-05-25 19:00:00,20260525,73.96,31.06,1,Atlantic,desktop
1539,9899,35482.0,2026-05-26 15:00:00,20260526,73.53,30.88,1,AB,desktop
1540,9900,35486.0,2026-02-21 20:00:00,20260221,48.85,20.52,1,ON,mobile
1541,9910,35536.0,2026-04-16 18:00:00,20260416,85.85,36.06,1,Atlantic,mobile
1542,9912,35541.0,2026-03-27 21:00:00,20260327,40.87,17.17,1,BC,desktop
1543,9915,35554.0,2026-06-17 17:00:00,20260617,88.11,37.01,1,AB,mobile
1545,9926,35593.0,2025-10-03 19:00:00,20251003,57.29,24.06,1,Prairies,mobile
1546,9937,35630.0,2025-11-02 19:00:00,20251102,123.92,52.05,1,ON,mobile
1547,9937,,2025-12-22 19:00:00,20251222,38.5,16.17,0,ON,mobile
1548,9965,35737.0,2026-01-04 10:00:00,20260104,144.81,60.82,1,AB,tablet
1549,9972,35758.0,2026-05-02 19:00:00,20260502,86.97,36.53,1,Atlantic,desktop
1550,9984,35803.0,2026-04-04 18:00:00,20260404,51.85,21.78,1,Prairies,tablet
1551,9990,35829.0,2026-06-21 22:00:00,20260621,176.08,73.95,1,QC,desktop
1552,9995,35847.0,2025-11-15 19:00:00,20251115,144.89,60.85,1,Atlantic,desktop
1553,10016,35941.0,2026-01-06 15:00:00,20260106,70.59,29.65,1,ON,mobile
1554,10024,35972.0,2026-02-25 20:00:00,20260225,46.6,19.57,1,ON,tablet
1555,10027,35982.0,2025-10-28 17:00:00,20251028,233.46,98.05,1,AB,mobile
1556,10027,,2025-11-24 17:00:00,20251124,64.6,27.13,0,AB,mobile
1557,10034,36009.0,2026-05-13 22:00:00,20260513,61.03,25.63,1,Atlantic,mobile
1558,10034,,2026-06-17 22:00:00,20260617,45.57,19.14,0,Atlantic,mobile
1560,10042,36048.0,2025-09-23 21:00:00,20250923,81.73,34.33,1,AB,mobile
1561,10042,,2025-10-24 21:00:00,20251024,57.96,24.34,0,AB,mobile
1562,10042,,2025-11-30 21:00:00,20251130,115.69,48.59,0,AB,mobile
1563,10042,,2026-01-18 21:00:00,20260118,120.87,50.77,0,AB,mobile
1564,10053,36081.0,2026-03-15 09:00:00,20260315,105.28,44.22,1,QC,desktop
1565,10059,36099.0,2025-08-16 22:00:00,20250816,31.31,13.15,1,BC,mobile
1566,10063,36110.0,2026-06-04 07:00:00,20260604,67.54,28.37,1,AB,desktop
1567,10066,36124.0,2025-12-04 22:00:00,20251204,32.59,13.69,1,Atlantic,desktop
1568,10066,,2026-01-10 22:00:00,20260110,98.66,41.44,0,Atlantic,desktop
1569,10066,,2026-03-12 22:00:00,20260312,145.02,60.91,0,Atlantic,desktop
1570,10071,36143.0,2025-11-02 19:00:00,20251102,127.45,53.53,1,BC,mobile
1571,10076,36164.0,2026-01-06 21:00:00,20260106,120.08,50.43,1,QC,mobile
1572,10084,36194.0,2025-12-08 13:00:00,20251208,144.73,60.79,1,AB,desktop
1573,10095,36232.0,2025-12-08 18:00:00,20251208,92.86,39.0,1,Prairies,mobile
1574,10111,36286.0,2026-01-03 06:00:00,20260103,206.82,86.86,1,Prairies,mobile
1575,10111,,2026-02-01 06:00:00,20260201,103.17,43.33,0,Prairies,mobile
1576,10112,36291.0,2025-12-26 19:00:00,20251226,66.89,28.09,1,BC,mobile
1577,10113,36296.0,2025-10-24 14:00:00,20251024,155.95,65.5,1,ON,desktop
1578,10116,36306.0,2025-10-18 20:00:00,20251018,165.04,69.32,1,AB,mobile
1579,10135,36373.0,2026-04-06 21:00:00,20260406,56.32,23.65,1,Prairies,mobile
1580,10136,36376.0,2026-04-03 13:00:00,20260403,158.73,66.67,1,ON,mobile
1581,10150,36429.0,2026-02-05 18:00:00,20260205,81.03,34.03,1,Prairies,mobile
1582,10159,36460.0,2025-12-07 07:00:00,20251207,57.87,24.31,1,Prairies,desktop
1583,10163,36475.0,2026-07-21 11:00:00,20260721,147.63,62.0,1,Prairies,tablet
1585,10165,36483.0,2026-07-05 18:00:00,20260705,91.27,38.33,1,AB,mobile
1586,10173,36508.0,2025-12-27 10:00:00,20251227,73.12,30.71,1,Prairies,desktop
1587,10195,36593.0,2026-01-15 11:00:00,20260115,247.9,104.12,1,AB,mobile
1588,10204,36628.0,2026-06-30 16:00:00,20260630,89.76,37.7,1,Atlantic,mobile
1589,10211,36649.0,2026-01-19 16:00:00,20260119,92.78,38.97,1,Atlantic,mobile
1590,10223,36695.0,2026-07-12 08:00:00,20260712,122.78,51.57,1,AB,desktop
1591,10229,36715.0,2025-11-16 22:00:00,20251116,89.1,37.42,1,QC,tablet
1592,10229,,2025-12-16 22:00:00,20251216,136.31,57.25,0,QC,tablet
1593,10229,,2026-02-28 22:00:00,20260228,95.38,40.06,0,QC,tablet
1594,10247,36790.0,2026-02-03 11:00:00,20260203,91.77,38.54,1,QC,mobile
1595,10247,,2026-03-07 11:00:00,20260307,83.67,35.14,0,QC,mobile
1596,10251,36803.0,2026-01-31 18:00:00,20260131,115.13,48.35,1,BC,tablet
1597,10264,36853.0,2025-10-08 08:00:00,20251008,93.83,39.41,1,Atlantic,desktop
1598,10265,36856.0,2026-06-08 16:00:00,20260608,45.62,19.16,1,BC,desktop
1599,10265,,2026-07-15 16:00:00,20260715,102.3,42.97,0,BC,desktop
1601,10267,36865.0,2025-10-19 13:00:00,20251019,158.94,66.75,1,BC,desktop
1602,10301,37001.0,2026-03-14 16:00:00,20260314,236.83,99.47,1,ON,mobile
1603,10303,37007.0,2026-02-21 10:00:00,20260221,155.19,65.18,1,ON,tablet
1604,10327,37090.0,2025-12-15 15:00:00,20251215,85.83,36.05,1,Prairies,desktop
1605,10332,37106.0,2026-04-28 09:00:00,20260428,153.84,64.61,1,QC,desktop
1606,10353,37173.0,2026-03-07 09:00:00,20260307,75.57,31.74,1,BC,mobile
1607,10353,,2026-04-24 09:00:00,20260424,63.94,26.85,0,BC,mobile
1608,10353,,2026-05-18 09:00:00,20260518,112.36,47.19,0,BC,mobile
1609,10363,37210.0,2026-03-16 13:00:00,20260316,61.84,25.97,1,QC,mobile
1610,10375,37250.0,2025-10-15 18:00:00,20251015,49.96,20.98,1,AB,mobile
1611,10380,37268.0,2026-02-22 11:00:00,20260222,104.36,43.83,1,Atlantic,mobile
1612,10388,37296.0,2026-07-04 14:00:00,20260704,179.36,75.33,1,QC,tablet
1613,10397,37329.0,2026-04-08 09:00:00,20260408,73.39,30.82,1,Prairies,desktop
1614,10397,,2026-05-20 09:00:00,20260520,96.71,40.62,0,Prairies,desktop
1615,10399,37341.0,2026-01-29 21:00:00,20260129,87.83,36.89,1,Prairies,tablet
1616,10409,37382.0,2026-01-29 15:00:00,20260129,84.13,35.33,1,Atlantic,desktop
1617,10419,37413.0,2025-12-12 09:00:00,20251212,289.7,121.67,1,Prairies,desktop
1618,10420,37418.0,2026-02-17 13:00:00,20260217,120.49,50.61,1,Prairies,desktop
1619,10428,37452.0,2025-10-17 21:00:00,20251017,82.79,34.77,1,ON,mobile
1620,10428,,2025-11-29 21:00:00,20251129,95.78,40.23,0,ON,mobile
1621,10428,,2025-12-28 21:00:00,20251228,208.51,87.57,0,ON,mobile
1622,10430,37459.0,2025-11-18 10:00:00,20251118,94.42,39.66,1,BC,mobile
1623,10430,,2026-01-04 10:00:00,20260104,100.97,42.41,0,BC,mobile
1624,10438,37488.0,2026-04-07 07:00:00,20260407,103.65,43.53,1,BC,mobile
1625,10438,,2026-05-17 07:00:00,20260517,76.72,32.22,0,BC,mobile
1626,10461,37575.0,2025-09-02 10:00:00,20250902,91.95,38.62,1,Atlantic,mobile
1627,10462,37577.0,2026-05-22 22:00:00,20260522,191.06,80.25,1,AB,desktop
1628,10466,37591.0,2026-05-16 22:00:00,20260516,106.47,44.72,1,AB,desktop
1629,10477,37628.0,2026-02-17 13:00:00,20260217,103.97,43.67,1,BC,mobile
1630,10477,,2026-03-11 13:00:00,20260311,144.93,60.87,0,BC,mobile
1631,10484,37653.0,2025-10-09 12:00:00,20251009,114.64,48.15,1,AB,mobile
1632,10486,37664.0,2026-04-15 14:00:00,20260415,86.39,36.28,1,ON,mobile
1633,10486,,2026-05-26 14:00:00,20260526,43.74,18.37,0,ON,mobile
1634,10488,37670.0,2026-02-09 20:00:00,20260209,88.65,37.23,1,Prairies,desktop
1635,10493,37689.0,2026-03-31 13:00:00,20260331,69.93,29.37,1,BC,mobile
1636,10495,37698.0,2026-04-11 14:00:00,20260411,139.9,58.76,1,Prairies,desktop
1637,10502,37716.0,2025-09-15 06:00:00,20250915,111.11,46.67,1,QC,mobile
1638,10502,,2025-11-03 06:00:00,20251103,102.68,43.13,0,QC,mobile
1639,10542,37855.0,2025-11-29 20:00:00,20251129,135.8,57.04,1,Atlantic,tablet
1640,10546,37866.0,2025-11-06 13:00:00,20251106,124.04,52.1,1,Prairies,mobile
1641,10548,37872.0,2025-11-26 08:00:00,20251126,185.5,77.91,1,AB,mobile
1642,10552,37887.0,2025-10-25 08:00:00,20251025,71.58,30.06,1,AB,mobile
1643,10576,37965.0,2026-05-06 11:00:00,20260506,76.64,32.19,1,Atlantic,desktop
1644,10599,38049.0,2026-06-23 13:00:00,20260623,85.72,36.0,1,Prairies,mobile
1646,10604,38067.0,2026-03-22 14:00:00,20260322,97.54,40.97,1,AB,mobile
1647,10610,38084.0,2025-12-13 12:00:00,20251213,101.23,42.52,1,ON,mobile
1648,10616,38103.0,2025-10-26 18:00:00,20251026,157.8,66.28,1,Atlantic,mobile
1649,10616,,2025-11-25 18:00:00,20251125,41.11,17.27,0,Atlantic,mobile
1650,10619,38111.0,2025-08-23 16:00:00,20250823,72.28,30.36,1,ON,mobile
1651,10639,38189.0,2025-12-30 17:00:00,20251230,79.43,33.36,1,ON,mobile
1652,10643,38201.0,2025-09-26 12:00:00,20250926,131.27,55.13,1,BC,desktop
1653,10643,,2025-11-14 12:00:00,20251114,105.21,44.19,0,BC,desktop
1654,10643,,2025-12-05 12:00:00,20251205,100.32,42.13,0,BC,desktop
1655,10643,,2026-02-17 12:00:00,20260217,144.76,60.8,0,BC,desktop
1656,10648,38220.0,2026-04-10 19:00:00,20260410,90.99,38.22,1,ON,desktop
1657,10649,38223.0,2025-09-22 17:00:00,20250922,166.53,69.94,1,Prairies,desktop
1658,10649,,2025-10-10 17:00:00,20251010,150.58,63.24,0,Prairies,desktop
1659,10657,38250.0,2025-09-12 06:00:00,20250912,129.5,54.39,1,Atlantic,tablet
1660,10657,,2025-10-24 06:00:00,20251024,101.6,42.67,0,Atlantic,tablet
1661,10671,38299.0,2026-06-01 12:00:00,20260601,63.34,26.6,1,ON,desktop
1662,10673,38310.0,2025-12-06 21:00:00,20251206,69.48,29.18,1,BC,mobile
1663,10673,,2025-12-26 21:00:00,20251226,30.3,12.73,0,BC,mobile
1664,10673,,2026-02-10 21:00:00,20260210,105.41,44.27,0,BC,mobile
1665,10676,38331.0,2025-10-09 22:00:00,20251009,105.45,44.29,1,Prairies,mobile
1666,10676,,2025-11-21 22:00:00,20251121,104.57,43.92,0,Prairies,mobile
1667,10676,,2026-01-13 22:00:00,20260113,122.27,51.35,0,Prairies,mobile
1668,10683,38353.0,2025-09-08 19:00:00,20250908,67.26,28.25,1,Atlantic,desktop
1669,10684,38362.0,2025-12-29 09:00:00,20251229,176.91,74.3,1,AB,tablet
1670,10691,38384.0,2026-05-21 07:00:00,20260521,91.21,38.31,1,AB,desktop
1671,10695,38396.0,2026-05-24 14:00:00,20260524,69.57,29.22,1,Atlantic,mobile
1672,10695,,2026-07-08 14:00:00,20260708,217.44,91.32,0,Atlantic,mobile
1673,10698,38411.0,2025-08-26 13:00:00,20250826,62.29,26.16,1,AB,desktop
1674,10705,38442.0,2026-04-19 11:00:00,20260419,96.25,40.42,1,Atlantic,mobile
1675,10707,38450.0,2025-09-29 13:00:00,20250929,193.51,81.27,1,AB,tablet
1676,10710,38460.0,2026-01-25 08:00:00,20260125,268.27,112.67,1,Atlantic,mobile
1677,10727,38526.0,2025-11-15 09:00:00,20251115,247.91,104.12,1,AB,desktop
1678,10732,38539.0,2026-05-22 11:00:00,20260522,104.17,43.75,1,BC,mobile
1679,10739,38567.0,2026-03-14 08:00:00,20260314,64.88,27.25,1,BC,desktop
1680,10739,,2026-04-10 08:00:00,20260410,61.38,25.78,0,BC,desktop
1681,10742,38575.0,2026-01-22 16:00:00,20260122,48.92,20.55,1,QC,mobile
1682,10742,,2026-03-07 16:00:00,20260307,130.39,54.76,0,QC,mobile
1683,10742,,2026-03-09 16:00:00,20260309,91.2,38.3,0,QC,mobile
1684,10743,38580.0,2026-03-17 06:00:00,20260317,94.71,39.78,1,QC,desktop
1685,10744,38583.0,2026-05-02 20:00:00,20260502,125.2,52.58,1,ON,mobile
1686,10750,38601.0,2025-11-23 12:00:00,20251123,134.15,56.34,1,Atlantic,tablet
1687,10760,38643.0,2026-04-03 16:00:00,20260403,47.13,19.79,1,Atlantic,desktop
1688,10761,38647.0,2026-01-11 19:00:00,20260111,63.47,26.66,1,BC,desktop
1689,10761,,2026-02-28 19:00:00,20260228,134.12,56.33,0,BC,desktop
1690,10761,,2026-03-04 19:00:00,20260304,97.82,41.08,0,BC,desktop
1691,10765,38666.0,2025-11-14 06:00:00,20251114,141.38,59.38,1,QC,mobile
1692,10765,,2026-01-01 06:00:00,20260101,140.01,58.8,0,QC,mobile
1693,10773,38694.0,2025-08-22 17:00:00,20250822,72.39,30.4,1,Prairies,mobile
1694,10773,,2025-10-07 17:00:00,20251007,181.26,76.13,0,Prairies,mobile
1695,10773,,2025-09-29 17:00:00,20250929,62.27,26.15,0,Prairies,mobile
1696,10795,38769.0,2026-03-09 16:00:00,20260309,92.7,38.93,1,ON,mobile
1697,10806,38809.0,2025-11-22 07:00:00,20251122,42.03,17.65,1,BC,desktop
1698,10807,38815.0,2026-01-29 17:00:00,20260129,100.19,42.08,1,ON,mobile
1699,10807,,2026-02-17 17:00:00,20260217,84.99,35.7,0,ON,mobile
1700,10820,38871.0,2025-10-05 15:00:00,20251005,137.58,57.78,1,Atlantic,desktop
1701,10821,38876.0,2025-09-02 13:00:00,20250902,75.91,31.88,1,Atlantic,mobile
1702,10821,,2025-10-02 13:00:00,20251002,88.64,37.23,0,Atlantic,mobile
1703,10861,39035.0,2026-04-27 20:00:00,20260427,225.59,94.75,1,QC,mobile
1704,10863,39042.0,2025-08-15 19:00:00,20250815,118.93,49.95,1,QC,mobile
1705,10865,39050.0,2025-11-28 17:00:00,20251128,124.04,52.1,1,AB,desktop
1706,10875,39083.0,2025-12-28 08:00:00,20251228,79.88,33.55,1,QC,desktop
1707,10875,,2026-02-03 08:00:00,20260203,142.34,59.78,0,QC,desktop
1708,10877,39087.0,2025-10-18 06:00:00,20251018,68.14,28.62,1,AB,mobile
1709,10877,,2025-11-16 06:00:00,20251116,79.04,33.2,0,AB,mobile
1710,10914,39216.0,2026-05-06 21:00:00,20260506,95.1,39.94,1,QC,mobile
1711,10914,,2026-05-31 21:00:00,20260531,104.39,43.84,0,QC,mobile
1712,10914,,2026-06-23 21:00:00,20260623,157.25,66.05,0,QC,mobile
1713,10917,39229.0,2026-02-28 17:00:00,20260228,151.8,63.76,1,ON,mobile
1714,10917,,2026-04-04 17:00:00,20260404,92.82,38.98,0,ON,mobile
1715,10918,39234.0,2026-03-01 07:00:00,20260301,86.1,36.16,1,QC,mobile
1716,10919,39240.0,2026-01-24 21:00:00,20260124,55.82,23.44,1,Prairies,mobile
1717,10929,39274.0,2026-01-12 08:00:00,20260112,296.84,124.67,1,ON,desktop
1718,10932,39287.0,2025-12-18 11:00:00,20251218,88.1,37.0,1,QC,desktop
1719,10938,39305.0,2026-06-02 19:00:00,20260602,85.24,35.8,1,Prairies,mobile
1720,10941,39317.0,2026-03-29 21:00:00,20260329,41.98,17.63,1,Prairies,mobile
1721,10943,39325.0,2026-01-30 08:00:00,20260130,92.32,38.77,1,AB,tablet
1722,10943,,2026-03-25 08:00:00,20260325,109.57,46.02,0,AB,tablet
1723,10946,39335.0,2025-11-20 19:00:00,20251120,139.82,58.72,1,ON,tablet
1724,10946,,2025-12-16 19:00:00,20251216,86.49,36.33,0,ON,tablet
1725,10947,39338.0,2025-10-02 09:00:00,20251002,92.06,38.67,1,QC,mobile
1726,10954,39370.0,2026-04-15 16:00:00,20260415,83.26,34.97,1,AB,mobile
1727,10954,,2026-06-02 16:00:00,20260602,50.97,21.41,0,AB,mobile
1728,10968,39413.0,2026-06-05 10:00:00,20260605,67.81,28.48,1,ON,mobile
1730,10972,39426.0,2025-12-14 13:00:00,20251214,80.4,33.77,1,ON,desktop
1731,10972,,2026-01-25 13:00:00,20260125,81.47,34.22,0,ON,desktop
1732,10978,39450.0,2026-03-04 06:00:00,20260304,95.56,40.14,1,QC,desktop
1733,10991,39483.0,2026-04-23 18:00:00,20260423,69.78,29.31,1,BC,mobile
1734,10994,39493.0,2026-05-10 15:00:00,20260510,65.95,27.7,1,AB,mobile
1735,10999,39512.0,2025-09-17 12:00:00,20250917,88.6,37.21,1,ON,desktop
1736,10999,,2025-10-22 12:00:00,20251022,127.63,53.6,0,ON,desktop
1737,11005,39537.0,2025-11-07 12:00:00,20251107,81.92,34.41,1,ON,mobile
1738,11005,,2025-12-12 12:00:00,20251212,71.51,30.03,0,ON,mobile
1739,11019,39594.0,2026-02-15 09:00:00,20260215,128.85,54.12,1,Atlantic,mobile
1740,11033,39643.0,2026-03-28 21:00:00,20260328,110.49,46.41,1,BC,mobile
1741,11035,39652.0,2026-01-31 17:00:00,20260131,93.96,39.46,1,ON,mobile
1742,11059,39732.0,2026-01-28 10:00:00,20260128,232.08,97.47,1,QC,desktop
1743,11067,39769.0,2025-10-28 14:00:00,20251028,37.02,15.55,1,Prairies,mobile
1744,11067,,2025-12-11 14:00:00,20251211,144.26,60.59,0,Prairies,mobile
1745,11076,39806.0,2025-09-09 17:00:00,20250909,173.89,73.03,1,Atlantic,mobile
1746,11076,,2025-10-01 17:00:00,20251001,39.27,16.49,0,Atlantic,mobile
1747,11086,39839.0,2026-03-05 18:00:00,20260305,78.62,33.02,1,AB,mobile
1748,11086,,2026-04-07 18:00:00,20260407,59.26,24.89,0,AB,mobile
1749,11086,,2026-05-04 18:00:00,20260504,60.99,25.62,0,AB,mobile
1750,11103,39892.0,2026-01-03 10:00:00,20260103,52.08,21.87,1,AB,tablet
1751,11103,,2026-02-01 10:00:00,20260201,99.66,41.86,0,AB,tablet
1752,11104,39895.0,2025-09-03 13:00:00,20250903,71.98,30.23,1,Prairies,mobile
1753,11109,39924.0,2026-06-05 15:00:00,20260605,60.51,25.41,1,BC,mobile
1754,11109,,2026-07-18 15:00:00,20260718,202.73,85.15,0,BC,mobile
1755,11109,,2026-07-21 15:00:00,20260721,92.16,38.71,0,BC,mobile
1757,11111,39931.0,2026-02-20 18:00:00,20260220,113.53,47.68,1,Atlantic,desktop
1758,11113,39938.0,2025-09-04 14:00:00,20250904,85.48,35.9,1,BC,desktop
1759,11117,39954.0,2025-12-04 09:00:00,20251204,89.38,37.54,1,Atlantic,mobile
1760,11117,,2026-01-24 09:00:00,20260124,73.38,30.82,0,Atlantic,mobile
1761,11126,39983.0,2025-11-11 17:00:00,20251111,93.76,39.38,1,BC,tablet
1762,11126,,2025-12-29 17:00:00,20251229,48.15,20.22,0,BC,tablet
1763,11135,40009.0,2025-09-25 06:00:00,20250925,76.88,32.29,1,BC,mobile
1764,11152,40064.0,2026-03-05 15:00:00,20260305,44.43,18.66,1,ON,tablet
1765,11153,40067.0,2026-02-24 16:00:00,20260224,124.27,52.19,1,ON,desktop
1766,11159,40087.0,2026-01-04 14:00:00,20260104,181.26,76.13,1,BC,mobile
1767,11159,,2026-02-06 14:00:00,20260206,234.04,98.3,0,BC,mobile
1768,11167,40117.0,2025-10-03 16:00:00,20251003,76.56,32.16,1,ON,desktop
1769,11175,40144.0,2025-09-28 18:00:00,20250928,125.41,52.67,1,AB,desktop
1770,11175,,2025-11-14 18:00:00,20251114,105.69,44.39,0,AB,desktop
1771,11175,,2025-11-15 18:00:00,20251115,180.58,75.84,0,AB,desktop
1772,11175,,2026-01-02 18:00:00,20260102,142.18,59.72,0,AB,desktop
1773,11175,,2026-02-27 18:00:00,20260227,130.07,54.63,0,AB,desktop
1774,11181,40170.0,2026-02-26 13:00:00,20260226,65.17,27.37,1,BC,mobile
1775,11193,40224.0,2025-09-26 07:00:00,20250926,105.09,44.14,1,QC,mobile
1776,11205,40265.0,2026-03-08 12:00:00,20260308,280.06,117.63,1,Prairies,desktop
1777,11205,,2026-04-30 12:00:00,20260430,145.39,61.06,0,Prairies,desktop
1778,11206,40270.0,2025-12-15 19:00:00,20251215,94.62,39.74,1,BC,desktop
1779,11207,40274.0,2026-04-17 21:00:00,20260417,107.16,45.01,1,Prairies,mobile
1780,11226,40342.0,2026-01-27 21:00:00,20260127,134.55,56.51,1,AB,mobile
1781,11227,40347.0,2025-08-24 19:00:00,20250824,105.49,44.31,1,ON,desktop
1782,11229,40357.0,2026-05-25 19:00:00,20260525,205.21,86.19,1,AB,tablet
1783,11231,40364.0,2026-02-21 20:00:00,20260221,64.6,27.13,1,QC,mobile
1784,11231,,2026-04-07 20:00:00,20260407,52.75,22.15,0,QC,mobile
1785,11244,40412.0,2026-03-19 21:00:00,20260319,187.31,78.67,1,AB,desktop
1786,11245,40413.0,2025-10-03 14:00:00,20251003,109.27,45.89,1,QC,desktop
1787,11254,40449.0,2025-11-03 16:00:00,20251103,119.99,50.4,1,Atlantic,desktop
1788,11257,40459.0,2026-01-25 17:00:00,20260125,174.37,73.24,1,BC,tablet
1789,11257,,2026-03-08 17:00:00,20260308,91.89,38.59,0,BC,tablet
1790,11257,,2026-04-19 17:00:00,20260419,71.9,30.2,0,BC,tablet
1791,11269,40500.0,2025-12-04 14:00:00,20251204,74.04,31.1,1,QC,mobile
1792,11271,40507.0,2025-10-15 17:00:00,20251015,119.24,50.08,1,BC,desktop
1793,11271,,2025-11-25 17:00:00,20251125,66.37,27.88,0,BC,desktop
1794,11272,40510.0,2025-09-03 09:00:00,20250903,41.09,17.26,1,Prairies,desktop
1795,11286,40562.0,2026-04-08 18:00:00,20260408,44.95,18.88,1,Atlantic,mobile
1796,11291,40584.0,2026-06-05 15:00:00,20260605,101.94,42.81,1,BC,desktop
1797,11345,40766.0,2025-09-25 06:00:00,20250925,94.5,39.69,1,ON,mobile
1798,11361,40824.0,2026-03-27 06:00:00,20260327,105.13,44.15,1,AB,mobile
1799,11367,40840.0,2026-04-04 16:00:00,20260404,53.08,22.29,1,QC,mobile
1800,11367,,2026-05-01 16:00:00,20260501,72.73,30.55,0,QC,mobile
1801,11379,40871.0,2026-02-19 21:00:00,20260219,94.43,39.66,1,QC,mobile
1802,11379,,2026-03-13 21:00:00,20260313,80.04,33.62,0,QC,mobile
1803,11395,40930.0,2025-09-01 12:00:00,20250901,73.77,30.98,1,ON,mobile
1804,11397,40939.0,2025-12-08 15:00:00,20251208,79.24,33.28,1,QC,mobile
1805,11397,,2026-01-20 15:00:00,20260120,84.58,35.52,0,QC,mobile
1806,11407,40978.0,2026-02-10 12:00:00,20260210,108.47,45.56,1,ON,mobile
1807,11408,40981.0,2026-02-21 17:00:00,20260221,102.1,42.88,1,BC,desktop
1808,11418,41009.0,2026-05-11 12:00:00,20260511,67.29,28.26,1,AB,desktop
1809,11418,,2026-06-19 12:00:00,20260619,98.14,41.22,0,AB,desktop
1810,11418,,2026-07-18 12:00:00,20260718,116.76,49.04,0,AB,desktop
1811,11424,41030.0,2025-11-06 14:00:00,20251106,90.77,38.12,1,BC,desktop
1812,11429,41044.0,2026-01-07 19:00:00,20260107,212.97,89.45,1,QC,mobile
1813,11430,41051.0,2025-12-16 21:00:00,20251216,86.81,36.46,1,ON,desktop
1814,11437,41073.0,2025-10-22 06:00:00,20251022,169.25,71.08,1,QC,mobile
1815,11439,41077.0,2026-04-16 10:00:00,20260416,61.76,25.94,1,Atlantic,mobile
1816,11439,,2026-05-16 10:00:00,20260516,217.58,91.38,0,Atlantic,mobile
1817,11455,41133.0,2026-04-14 11:00:00,20260414,73.09,30.7,1,BC,mobile
1818,11455,,2026-05-16 11:00:00,20260516,107.4,45.11,0,BC,mobile
1819,11457,41140.0,2026-02-16 22:00:00,20260216,168.01,70.56,1,AB,mobile
1820,11457,,2026-03-11 22:00:00,20260311,87.03,36.55,0,AB,mobile
1821,11461,41155.0,2026-05-11 10:00:00,20260511,91.7,38.51,1,AB,desktop
1822,11461,,2026-06-08 10:00:00,20260608,159.87,67.15,0,AB,desktop
1823,11462,41158.0,2026-02-21 22:00:00,20260221,190.87,80.17,1,ON,desktop
1824,11466,41175.0,2026-03-26 16:00:00,20260326,89.26,37.49,1,Atlantic,desktop
1825,11470,41194.0,2025-09-09 20:00:00,20250909,123.79,51.99,1,Prairies,tablet
1826,11475,41211.0,2026-01-26 06:00:00,20260126,213.6,89.71,1,Atlantic,mobile
1827,11475,,2026-02-27 06:00:00,20260227,90.66,38.08,0,Atlantic,mobile
1828,11484,41247.0,2025-11-13 17:00:00,20251113,134.47,56.48,1,AB,mobile
1829,11488,41261.0,2026-05-06 21:00:00,20260506,70.17,29.47,1,Atlantic,desktop
1830,11519,41386.0,2025-11-19 15:00:00,20251119,144.19,60.56,1,Prairies,desktop
1831,11557,41519.0,2025-10-17 07:00:00,20251017,51.81,21.76,1,Prairies,desktop
1832,11557,,2025-11-17 07:00:00,20251117,81.93,34.41,0,Prairies,desktop
1833,11565,41548.0,2026-01-29 11:00:00,20260129,53.6,22.51,1,Atlantic,mobile
1834,11565,,2026-03-08 11:00:00,20260308,74.54,31.31,0,Atlantic,mobile
1835,11571,41570.0,2026-06-16 15:00:00,20260616,285.73,120.01,1,QC,desktop
1836,11581,41599.0,2026-01-17 08:00:00,20260117,32.81,13.78,1,Prairies,desktop
1837,11583,41606.0,2025-08-14 17:00:00,20250814,90.42,37.98,1,Atlantic,desktop
1838,11598,41657.0,2026-06-23 20:00:00,20260623,104.8,44.02,1,Prairies,mobile
1839,11607,41683.0,2026-02-06 14:00:00,20260206,90.31,37.93,1,BC,desktop
1840,11608,41685.0,2026-04-15 20:00:00,20260415,59.48,24.98,1,BC,mobile
1841,11617,41714.0,2025-12-30 20:00:00,20251230,53.29,22.38,1,ON,desktop
1842,11617,,2026-01-25 20:00:00,20260125,265.63,111.56,0,ON,desktop
1843,11617,,2026-02-28 20:00:00,20260228,64.62,27.14,0,ON,desktop
1844,11622,41735.0,2025-10-09 20:00:00,20251009,81.18,34.1,1,BC,mobile
1845,11640,41799.0,2026-03-19 15:00:00,20260319,162.61,68.3,1,Prairies,mobile
1846,11640,,2026-04-21 15:00:00,20260421,79.32,33.31,0,Prairies,mobile
1847,11643,41807.0,2026-03-03 12:00:00,20260303,126.49,53.13,1,AB,desktop
1848,11656,41856.0,2025-09-23 07:00:00,20250923,67.72,28.44,1,Prairies,tablet
1849,11662,41873.0,2025-08-11 08:00:00,20250811,63.08,26.49,1,Atlantic,mobile
1850,11664,41878.0,2025-09-06 07:00:00,20250906,70.47,29.6,1,Atlantic,desktop
1851,11667,41889.0,2025-11-10 09:00:00,20251110,58.55,24.59,1,Prairies,mobile
1852,11670,41897.0,2026-03-21 18:00:00,20260321,125.23,52.6,1,QC,desktop
1853,11677,41921.0,2025-12-31 10:00:00,20251231,53.39,22.42,1,Atlantic,desktop
1854,11681,41933.0,2026-02-25 20:00:00,20260225,352.61,148.1,1,QC,mobile
1855,11693,41968.0,2026-02-26 06:00:00,20260226,150.03,63.01,1,BC,desktop
1856,11693,,2026-04-03 06:00:00,20260403,150.51,63.21,0,BC,desktop
1857,11693,,2026-05-13 06:00:00,20260513,201.33,84.56,0,BC,desktop
1858,11708,42013.0,2026-04-13 19:00:00,20260413,60.34,25.34,1,AB,desktop
1859,11708,,2026-06-01 19:00:00,20260601,125.87,52.87,0,AB,desktop
1860,11708,,2026-07-12 19:00:00,20260712,123.88,52.03,0,AB,desktop
1861,11715,42042.0,2025-08-29 21:00:00,20250829,47.06,19.77,1,BC,mobile
1862,11717,42047.0,2026-01-23 07:00:00,20260123,100.6,42.25,1,ON,mobile
1863,11720,42060.0,2025-10-18 22:00:00,20251018,87.87,36.91,1,BC,mobile
1864,11720,,2025-11-22 22:00:00,20251122,154.46,64.87,0,BC,mobile
1865,11720,,2026-01-14 22:00:00,20260114,94.57,39.72,0,BC,mobile
1866,11723,42073.0,2026-04-03 20:00:00,20260403,66.49,27.93,1,Atlantic,mobile
1867,11728,42099.0,2026-01-02 15:00:00,20260102,128.94,54.15,1,Atlantic,desktop
1868,11734,42123.0,2025-10-04 17:00:00,20251004,89.94,37.77,1,AB,mobile
1869,11742,42146.0,2026-05-09 18:00:00,20260509,121.4,50.99,1,AB,tablet
1870,11742,,2026-06-30 18:00:00,20260630,66.0,27.72,0,AB,tablet
1872,11744,42155.0,2026-03-24 15:00:00,20260324,78.56,33.0,1,BC,desktop
1873,11744,,2026-04-13 15:00:00,20260413,60.56,25.44,0,BC,desktop
1874,11753,42190.0,2026-05-15 13:00:00,20260515,103.23,43.36,1,Prairies,mobile
1875,11756,42207.0,2025-09-16 08:00:00,20250916,102.43,43.02,1,ON,mobile
1876,11756,,2025-11-08 08:00:00,20251108,103.36,43.41,0,ON,mobile
1877,11759,42216.0,2025-11-29 12:00:00,20251129,64.23,26.98,1,ON,mobile
1878,11767,42244.0,2026-03-25 17:00:00,20260325,232.69,97.73,1,ON,mobile
1879,11770,42254.0,2026-03-11 16:00:00,20260311,76.1,31.96,1,ON,mobile
1880,11794,42337.0,2026-03-09 06:00:00,20260309,77.31,32.47,1,Prairies,mobile
1881,11803,42363.0,2025-09-27 13:00:00,20250927,91.86,38.58,1,BC,desktop
1882,11812,42398.0,2026-04-11 07:00:00,20260411,79.06,33.21,1,Prairies,desktop
1883,11832,42461.0,2026-05-24 12:00:00,20260524,73.37,30.82,1,Atlantic,desktop
1884,11841,42498.0,2026-05-02 15:00:00,20260502,150.39,63.16,1,Prairies,mobile
1885,11849,42520.0,2026-05-08 19:00:00,20260508,81.03,34.03,1,QC,mobile
1886,11849,,2026-07-01 19:00:00,20260701,92.56,38.88,0,QC,mobile
1887,11853,42533.0,2026-05-26 11:00:00,20260526,90.57,38.04,1,Prairies,desktop
1888,11855,42538.0,2026-02-21 16:00:00,20260221,83.72,35.16,1,AB,mobile
1889,11867,42575.0,2026-05-26 17:00:00,20260526,65.0,27.3,1,Atlantic,mobile
1890,11874,42601.0,2026-05-25 20:00:00,20260525,133.07,55.89,1,AB,mobile
1891,11885,42642.0,2025-09-15 16:00:00,20250915,64.76,27.2,1,AB,mobile
1892,11910,42729.0,2026-04-13 10:00:00,20260413,134.25,56.38,1,ON,mobile
1893,11914,42741.0,2025-08-29 12:00:00,20250829,205.76,86.42,1,AB,desktop
1894,11915,42743.0,2026-02-27 16:00:00,20260227,168.49,70.77,1,ON,mobile
1895,11915,,2026-04-18 16:00:00,20260418,60.53,25.42,0,ON,mobile
1896,11915,,2026-05-18 16:00:00,20260518,142.63,59.9,0,ON,mobile
1897,11915,,2026-05-31 16:00:00,20260531,82.75,34.75,0,ON,mobile
1898,11918,42754.0,2026-06-22 17:00:00,20260622,55.55,23.33,1,ON,desktop
1899,11925,42782.0,2026-01-12 19:00:00,20260112,56.44,23.7,1,Prairies,desktop
1900,11938,42836.0,2026-05-18 21:00:00,20260518,127.32,53.47,1,ON,mobile
1901,11970,42948.0,2026-01-14 08:00:00,20260114,83.24,34.96,1,ON,mobile
1902,11981,42980.0,2026-04-17 15:00:00,20260417,113.58,47.7,1,Prairies,mobile
1903,11985,42996.0,2026-03-04 14:00:00,20260304,174.52,73.3,1,Prairies,mobile
1904,11985,,2026-04-19 14:00:00,20260419,143.87,60.43,0,Prairies,mobile
1905,11987,43001.0,2026-06-08 17:00:00,20260608,108.7,45.65,1,ON,mobile
1906,12011,43093.0,2026-06-06 06:00:00,20260606,156.47,65.72,1,ON,mobile
1907,12011,,2026-06-28 06:00:00,20260628,179.48,75.38,0,ON,mobile
1908,12015,43102.0,2026-03-08 20:00:00,20260308,74.92,31.47,1,ON,mobile
1909,12024,43134.0,2025-09-26 14:00:00,20250926,59.23,24.88,1,Atlantic,desktop
1910,12025,43141.0,2025-12-14 13:00:00,20251214,66.97,28.13,1,AB,desktop
1911,12025,,2026-02-02 13:00:00,20260202,54.19,22.76,0,AB,desktop
1912,12034,43183.0,2026-05-06 21:00:00,20260506,89.56,37.62,1,AB,desktop
1913,12037,43197.0,2025-08-30 16:00:00,20250830,80.59,33.85,1,ON,mobile
1914,12037,,2025-10-06 16:00:00,20251006,32.38,13.6,0,ON,mobile
1915,12042,43215.0,2026-03-28 13:00:00,20260328,76.33,32.06,1,Prairies,desktop
1916,12048,43232.0,2026-03-09 22:00:00,20260309,57.31,24.07,1,Atlantic,desktop
1917,12115,43474.0,2026-03-03 10:00:00,20260303,96.8,40.66,1,Atlantic,mobile
1918,12115,,2026-04-15 10:00:00,20260415,65.29,27.42,0,Atlantic,mobile
1919,12122,43507.0,2025-09-24 15:00:00,20250924,76.4,32.09,1,AB,mobile
1920,12122,,2025-11-16 15:00:00,20251116,90.05,37.82,0,AB,mobile
1921,12124,43512.0,2026-05-20 16:00:00,20260520,126.95,53.32,1,ON,mobile
1922,12124,,2026-06-26 16:00:00,20260626,78.12,32.81,0,ON,mobile
1923,12129,43534.0,2026-06-04 07:00:00,20260604,75.06,31.53,1,BC,mobile
1924,12133,43547.0,2026-06-04 20:00:00,20260604,85.67,35.98,1,Atlantic,desktop
1925,12133,,2026-06-27 20:00:00,20260627,158.55,66.59,0,Atlantic,desktop
1926,12136,43557.0,2025-11-13 18:00:00,20251113,205.84,86.45,1,AB,mobile
1927,12137,43562.0,2025-10-23 07:00:00,20251023,220.86,92.76,1,QC,mobile
1928,12146,43603.0,2026-02-23 07:00:00,20260223,69.42,29.16,1,AB,mobile
1929,12146,,2026-03-26 07:00:00,20260326,37.49,15.75,0,AB,mobile
1930,12149,43615.0,2026-05-11 19:00:00,20260511,96.85,40.68,1,Prairies,tablet
1931,12159,43651.0,2026-02-27 19:00:00,20260227,109.73,46.09,1,ON,desktop
1932,12161,43660.0,2025-10-03 06:00:00,20251003,184.8,77.62,1,QC,mobile
1933,12165,43686.0,2025-10-03 16:00:00,20251003,87.48,36.74,1,BC,mobile
1934,12185,43749.0,2026-06-27 08:00:00,20260627,111.19,46.7,1,BC,mobile
1935,12191,43768.0,2026-01-19 22:00:00,20260119,305.94,128.49,1,BC,mobile
1936,12193,43776.0,2025-12-13 08:00:00,20251213,79.69,33.47,1,BC,mobile
1937,12196,43789.0,2026-04-28 13:00:00,20260428,74.15,31.14,1,QC,mobile
1938,12196,,2026-05-18 13:00:00,20260518,175.98,73.91,0,QC,mobile
1939,12208,43829.0,2025-08-28 13:00:00,20250828,49.87,20.95,1,AB,mobile
1940,12215,43848.0,2025-08-13 15:00:00,20250813,138.45,58.15,1,AB,mobile
1941,12245,43962.0,2026-05-08 17:00:00,20260508,116.01,48.72,1,AB,desktop
1942,12252,43993.0,2025-09-19 19:00:00,20250919,52.71,22.14,1,QC,mobile
1943,12266,44053.0,2025-12-04 11:00:00,20251204,116.46,48.91,1,AB,tablet
1944,12270,44072.0,2026-05-28 08:00:00,20260528,180.83,75.95,1,Atlantic,mobile
1945,12278,44099.0,2026-02-23 13:00:00,20260223,96.72,40.62,1,AB,mobile
1946,12280,44108.0,2026-04-26 07:00:00,20260426,40.42,16.98,1,Prairies,mobile
1947,12280,,2026-06-17 07:00:00,20260617,78.5,32.97,0,Prairies,mobile
1948,12280,,2026-06-03 07:00:00,20260603,157.97,66.35,0,Prairies,mobile
1949,12291,44152.0,2025-09-02 17:00:00,20250902,60.11,25.25,1,ON,mobile
1950,12334,44303.0,2026-01-17 10:00:00,20260117,35.55,14.93,1,Atlantic,mobile
1951,12346,44350.0,2025-12-01 18:00:00,20251201,108.03,45.37,1,AB,mobile
1952,12351,44366.0,2026-02-22 11:00:00,20260222,104.98,44.09,1,QC,mobile
1953,12366,44417.0,2025-10-23 11:00:00,20251023,73.49,30.87,1,AB,desktop
1954,12372,44443.0,2025-12-29 18:00:00,20251229,271.41,113.99,1,Prairies,tablet
1955,12377,44461.0,2026-02-15 11:00:00,20260215,83.12,34.91,1,Prairies,desktop
1956,12384,44490.0,2025-09-19 08:00:00,20250919,110.66,46.48,1,BC,mobile
1957,12384,,2025-10-18 08:00:00,20251018,26.81,11.26,0,BC,mobile
1958,12384,,2025-12-24 08:00:00,20251224,57.72,24.24,0,BC,mobile
1959,12384,,2026-02-22 08:00:00,20260222,42.08,17.67,0,BC,mobile
1960,12384,,2026-03-26 08:00:00,20260326,102.17,42.91,0,BC,mobile
1961,12384,,2026-01-07 08:00:00,20260107,181.89,76.39,0,BC,mobile
1962,12386,44505.0,2026-02-28 12:00:00,20260228,153.55,64.49,1,ON,mobile
1963,12388,44513.0,2026-03-17 21:00:00,20260317,84.17,35.35,1,Prairies,desktop
1964,12392,44525.0,2026-02-12 19:00:00,20260212,120.24,50.5,1,QC,mobile
1965,12419,44609.0,2025-11-10 13:00:00,20251110,110.86,46.56,1,Prairies,mobile
1966,12419,,2025-12-13 13:00:00,20251213,147.72,62.04,0,Prairies,mobile
1967,12419,,2025-12-18 13:00:00,20251218,173.47,72.86,0,Prairies,mobile
1968,12420,44615.0,2026-05-06 07:00:00,20260506,100.55,42.23,1,Prairies,mobile
1969,12427,44640.0,2025-11-28 18:00:00,20251128,89.65,37.65,1,QC,desktop
1970,12427,,2026-01-20 18:00:00,20260120,118.81,49.9,0,QC,desktop
1971,12459,44743.0,2025-12-22 07:00:00,20251222,41.32,17.35,1,Prairies,mobile
1972,12460,44745.0,2025-09-24 13:00:00,20250924,109.53,46.0,1,Atlantic,mobile
1973,12477,44807.0,2026-04-27 19:00:00,20260427,71.48,30.02,1,Atlantic,desktop
1974,12477,,2026-05-24 19:00:00,20260524,152.96,64.24,0,Atlantic,desktop
1975,12496,44889.0,2025-11-17 19:00:00,20251117,101.49,42.63,1,AB,mobile
1976,12498,44895.0,2025-11-12 07:00:00,20251112,142.67,59.92,1,ON,tablet
1977,12519,44970.0,2025-11-21 20:00:00,20251121,102.34,42.98,1,QC,mobile
1978,12520,44975.0,2026-02-24 17:00:00,20260224,129.92,54.57,1,Prairies,desktop
1979,12526,45000.0,2025-12-21 17:00:00,20251221,78.8,33.1,1,AB,mobile
1980,12540,45052.0,2025-09-04 08:00:00,20250904,81.32,34.15,1,Prairies,mobile
1981,12540,,2025-10-22 08:00:00,20251022,81.66,34.3,0,Prairies,mobile
1982,12540,,2025-11-09 08:00:00,20251109,86.68,36.41,0,Prairies,mobile
1983,12551,45088.0,2026-02-19 17:00:00,20260219,94.7,39.77,1,AB,mobile
1984,12556,45107.0,2026-02-07 13:00:00,20260207,193.04,81.08,1,AB,mobile
1985,12557,45110.0,2025-10-10 12:00:00,20251010,116.74,49.03,1,Prairies,mobile
1986,12566,45141.0,2025-10-06 20:00:00,20251006,115.42,48.48,1,AB,mobile
1987,12573,45158.0,2026-04-13 06:00:00,20260413,37.63,15.8,1,BC,desktop
1988,12573,,2026-05-01 06:00:00,20260501,35.06,14.73,0,BC,desktop
1989,12573,,2026-07-22 06:00:00,20260722,128.86,54.12,0,BC,desktop
1990,12575,45172.0,2026-05-04 11:00:00,20260504,118.5,49.77,1,QC,mobile
1991,12575,,2026-06-18 11:00:00,20260618,96.96,40.72,0,QC,mobile
1992,12575,,2026-06-19 11:00:00,20260619,113.04,47.48,0,QC,mobile
1993,12582,45195.0,2025-11-14 08:00:00,20251114,198.92,83.55,1,QC,mobile
1994,12582,,2026-01-02 08:00:00,20260102,121.34,50.96,0,QC,mobile
1995,12582,,2026-02-22 08:00:00,20260222,91.62,38.48,0,QC,mobile
1996,12598,45252.0,2026-05-27 19:00:00,20260527,251.1,105.46,1,QC,mobile
1997,12598,,2026-06-24 19:00:00,20260624,240.16,100.87,0,QC,mobile
1998,12615,45327.0,2026-03-11 10:00:00,20260311,52.57,22.08,1,BC,desktop
1999,12631,45391.0,2025-12-10 18:00:00,20251210,82.12,34.49,1,Prairies,desktop
2000,12632,45399.0,2026-01-24 13:00:00,20260124,126.15,52.98,1,Prairies,mobile
2001,12632,,2026-03-09 13:00:00,20260309,117.36,49.29,0,Prairies,mobile
2002,12640,45424.0,2026-02-14 11:00:00,20260214,54.75,22.99,1,BC,desktop
2003,12640,,2026-03-08 11:00:00,20260308,81.25,34.12,0,BC,desktop
2004,12641,45428.0,2025-12-20 10:00:00,20251220,152.88,64.21,1,QC,mobile
2005,12647,45446.0,2026-04-01 16:00:00,20260401,44.86,18.84,1,ON,desktop
2006,12652,45467.0,2026-04-29 18:00:00,20260429,93.78,39.39,1,BC,mobile
2007,12653,45470.0,2025-12-24 13:00:00,20251224,69.39,29.14,1,BC,mobile
2008,12658,45490.0,2026-03-20 14:00:00,20260320,64.12,26.93,1,QC,desktop
2009,12658,,2026-04-19 14:00:00,20260419,128.96,54.16,0,QC,desktop
2010,12674,45555.0,2026-04-26 13:00:00,20260426,91.73,38.53,1,Prairies,mobile
2011,12679,45579.0,2025-12-10 14:00:00,20251210,138.99,58.38,1,AB,mobile
2012,12694,45629.0,2026-04-07 11:00:00,20260407,103.69,43.55,1,AB,mobile
2013,12694,,2026-05-25 11:00:00,20260525,79.87,33.55,0,AB,mobile
2014,12743,45811.0,2025-11-30 18:00:00,20251130,83.55,35.09,1,QC,mobile
2015,12743,,2026-01-08 18:00:00,20260108,52.86,22.2,0,QC,mobile
2016,12743,,2026-02-22 18:00:00,20260222,83.55,35.09,0,QC,mobile
2017,12755,45855.0,2025-12-14 22:00:00,20251214,145.7,61.19,1,QC,mobile
2018,12755,,2026-01-19 22:00:00,20260119,65.83,27.65,0,QC,mobile
2019,12755,,2026-03-18 22:00:00,20260318,129.79,54.51,0,QC,mobile
2020,12755,,2026-05-22 22:00:00,20260522,48.41,20.33,0,QC,mobile
2021,12778,45932.0,2025-10-20 14:00:00,20251020,68.54,28.79,1,Atlantic,mobile
2022,12778,,2025-11-11 14:00:00,20251111,229.45,96.37,0,Atlantic,mobile
2023,12780,45943.0,2026-03-07 11:00:00,20260307,109.38,45.94,1,BC,desktop
2024,12782,45951.0,2026-05-12 09:00:00,20260512,137.13,57.59,1,Prairies,mobile
2025,12783,45953.0,2026-04-30 15:00:00,20260430,83.11,34.91,1,BC,mobile
2026,12787,45964.0,2026-01-23 10:00:00,20260123,129.16,54.25,1,QC,desktop
2027,12791,45986.0,2026-05-10 08:00:00,20260510,223.54,93.89,1,QC,desktop
2028,12811,46050.0,2025-11-25 20:00:00,20251125,105.47,44.3,1,BC,desktop
2029,12818,46075.0,2025-12-24 19:00:00,20251224,89.92,37.77,1,ON,desktop
2030,12836,46145.0,2025-12-24 07:00:00,20251224,117.35,49.29,1,QC,mobile
2031,12839,46154.0,2026-04-26 14:00:00,20260426,107.48,45.14,1,Atlantic,mobile
2032,12868,46251.0,2025-12-27 13:00:00,20251227,73.82,31.0,1,AB,mobile
2033,12891,46330.0,2025-12-02 11:00:00,20251202,50.13,21.05,1,Atlantic,desktop
2034,12904,46377.0,2025-12-12 15:00:00,20251212,78.94,33.15,1,Prairies,desktop
2035,12905,46380.0,2025-11-15 12:00:00,20251115,175.62,73.76,1,AB,desktop
2036,12921,46426.0,2025-10-18 08:00:00,20251018,92.75,38.95,1,ON,mobile
2037,12936,46470.0,2025-12-14 11:00:00,20251214,183.22,76.95,1,ON,desktop
2038,12937,46473.0,2025-11-20 07:00:00,20251120,84.61,35.54,1,Atlantic,desktop
2039,12957,46551.0,2026-01-06 22:00:00,20260106,178.54,74.99,1,Prairies,desktop
2040,12962,46573.0,2025-11-13 12:00:00,20251113,80.71,33.9,1,ON,mobile
2041,12962,,2025-12-13 12:00:00,20251213,68.24,28.66,0,ON,mobile
2042,12966,46593.0,2026-03-06 07:00:00,20260306,109.22,45.87,1,ON,desktop
2043,12967,46597.0,2025-09-26 15:00:00,20250926,88.03,36.97,1,Prairies,mobile
2044,12976,46629.0,2026-02-22 12:00:00,20260222,69.26,29.09,1,QC,mobile
2045,12979,46642.0,2026-03-16 20:00:00,20260316,97.04,40.76,1,QC,mobile
2046,12979,,2026-05-09 20:00:00,20260509,58.41,24.53,0,QC,mobile
2047,12986,46667.0,2026-06-10 10:00:00,20260610,85.39,35.86,1,BC,mobile
2048,12991,46683.0,2026-04-06 13:00:00,20260406,63.69,26.75,1,Prairies,desktop
2049,13014,46773.0,2026-02-09 10:00:00,20260209,53.76,22.58,1,QC,desktop
2050,13016,46783.0,2026-03-30 08:00:00,20260330,135.79,57.03,1,Atlantic,desktop
2051,13016,,2026-04-23 08:00:00,20260423,120.36,50.55,0,Atlantic,desktop
2052,13038,46863.0,2026-03-14 13:00:00,20260314,153.37,64.42,1,AB,desktop
2053,13046,46889.0,2026-05-04 12:00:00,20260504,68.79,28.89,1,AB,mobile
2054,13053,46912.0,2026-03-10 17:00:00,20260310,219.44,92.16,1,Prairies,desktop
2055,13062,46944.0,2026-01-10 19:00:00,20260110,64.72,27.18,1,BC,tablet
2056,13072,46984.0,2025-12-13 12:00:00,20251213,74.78,31.41,1,AB,mobile
2057,13072,,2026-01-10 12:00:00,20260110,59.71,25.08,0,AB,mobile
2058,13088,47041.0,2026-04-21 06:00:00,20260421,54.77,23.0,1,BC,desktop
2059,13088,,2026-05-28 06:00:00,20260528,142.71,59.94,0,BC,desktop
2060,13088,,2026-07-14 06:00:00,20260714,37.88,15.91,0,BC,desktop
2061,13107,47104.0,2026-01-20 12:00:00,20260120,76.52,32.14,1,Prairies,mobile
2062,13109,47112.0,2025-08-23 16:00:00,20250823,127.96,53.74,1,Prairies,desktop
2063,13110,47114.0,2025-12-21 13:00:00,20251221,65.51,27.51,1,BC,mobile
2064,13110,,2026-01-24 13:00:00,20260124,67.61,28.4,0,BC,mobile
2065,13110,,2026-02-17 13:00:00,20260217,110.73,46.51,0,BC,mobile
2066,13110,,2026-03-30 13:00:00,20260330,189.55,79.61,0,BC,mobile
2067,13110,,2026-07-09 13:00:00,20260709,94.9,39.86,0,BC,mobile
2068,13110,,2026-06-09 13:00:00,20260609,143.96,60.46,0,BC,mobile
2069,13120,47150.0,2026-02-01 21:00:00,20260201,120.37,50.56,1,ON,desktop
2070,13120,,2026-03-14 21:00:00,20260314,148.81,62.5,0,ON,desktop
2071,13122,47157.0,2025-08-29 22:00:00,20250829,79.77,33.5,1,Prairies,mobile
2072,13124,47162.0,2026-06-10 08:00:00,20260610,114.9,48.26,1,Prairies,mobile
2073,13130,47189.0,2026-03-25 14:00:00,20260325,216.23,90.82,1,QC,mobile
2074,13145,47237.0,2026-04-11 09:00:00,20260411,72.78,30.57,1,BC,mobile
2075,13149,47250.0,2026-03-12 21:00:00,20260312,136.03,57.13,1,BC,mobile
2076,13155,47269.0,2025-10-15 22:00:00,20251015,45.31,19.03,1,BC,mobile
2077,13155,,2025-11-03 22:00:00,20251103,146.92,61.71,0,BC,mobile
2078,13164,47306.0,2025-12-10 13:00:00,20251210,91.25,38.32,1,BC,desktop
2079,13164,,2026-01-14 13:00:00,20260114,59.56,25.02,0,BC,desktop
2080,13164,,2026-03-06 13:00:00,20260306,37.0,15.54,0,BC,desktop
2081,13164,,2026-02-26 13:00:00,20260226,53.67,22.54,0,BC,desktop
2082,13164,,2026-03-28 13:00:00,20260328,108.25,45.46,0,BC,desktop
2083,13165,47311.0,2026-03-09 11:00:00,20260309,50.83,21.35,1,QC,desktop
2084,13173,47337.0,2026-01-16 20:00:00,20260116,145.09,60.94,1,AB,mobile
2085,13186,47386.0,2026-04-08 17:00:00,20260408,136.38,57.28,1,ON,desktop
2086,13203,47455.0,2025-12-31 06:00:00,20251231,112.72,47.34,1,QC,desktop
2087,13241,47586.0,2026-06-24 14:00:00,20260624,138.66,58.24,1,Prairies,desktop
2088,13270,47707.0,2025-11-15 19:00:00,20251115,87.28,36.66,1,AB,mobile
2089,13273,47714.0,2026-05-26 07:00:00,20260526,97.15,40.8,1,AB,desktop
2090,13273,,2026-07-17 07:00:00,20260717,79.72,33.48,0,AB,desktop
2091,13275,47723.0,2025-12-18 10:00:00,20251218,60.37,25.36,1,QC,mobile
2092,13278,47731.0,2026-02-23 14:00:00,20260223,111.19,46.7,1,ON,desktop
2093,13278,,2026-03-17 14:00:00,20260317,96.13,40.37,0,ON,desktop
2094,13314,47862.0,2026-02-19 07:00:00,20260219,164.12,68.93,1,Prairies,mobile
2095,13325,47907.0,2026-04-28 09:00:00,20260428,109.98,46.19,1,ON,mobile
2096,13339,47955.0,2025-10-17 06:00:00,20251017,55.11,23.15,1,ON,mobile
2097,13342,47963.0,2025-11-05 18:00:00,20251105,130.3,54.73,1,QC,mobile
2098,13342,,2025-12-26 18:00:00,20251226,106.33,44.66,0,QC,mobile
2099,13342,,2026-02-17 18:00:00,20260217,117.34,49.28,0,QC,mobile
2100,13349,47989.0,2026-03-10 09:00:00,20260310,198.36,83.31,1,ON,mobile
2101,13356,48008.0,2026-02-03 09:00:00,20260203,129.76,54.5,1,Atlantic,mobile
2102,13356,,2026-03-20 09:00:00,20260320,143.85,60.42,0,Atlantic,mobile
2103,13356,,2026-05-06 09:00:00,20260506,92.77,38.96,0,Atlantic,mobile
2104,13356,,2026-06-18 09:00:00,20260618,112.45,47.23,0,Atlantic,mobile
2105,13368,48045.0,2026-01-10 14:00:00,20260110,205.72,86.4,1,ON,desktop
2106,13387,48113.0,2026-03-08 20:00:00,20260308,116.44,48.9,1,QC,mobile
2107,13392,48128.0,2026-05-20 14:00:00,20260520,295.91,124.28,1,ON,mobile
2108,13401,48163.0,2025-11-29 22:00:00,20251129,135.86,57.06,1,Atlantic,desktop
2109,13406,48181.0,2026-01-05 21:00:00,20260105,169.34,71.12,1,AB,mobile
2110,13414,48216.0,2026-01-21 17:00:00,20260121,120.61,50.66,1,Prairies,mobile
2111,13422,48251.0,2026-04-08 06:00:00,20260408,87.08,36.57,1,ON,desktop
2112,13422,,2026-05-04 06:00:00,20260504,106.42,44.7,0,ON,desktop
2113,13432,48277.0,2026-06-02 16:00:00,20260602,141.14,59.28,1,BC,mobile
2114,13447,48328.0,2025-12-26 19:00:00,20251226,91.63,38.48,1,Atlantic,desktop
2115,13447,,2026-01-15 19:00:00,20260115,295.21,123.99,0,Atlantic,desktop
2116,13452,48344.0,2025-09-17 15:00:00,20250917,110.93,46.59,1,Atlantic,mobile
2117,13459,48364.0,2025-12-08 13:00:00,20251208,115.53,48.52,1,ON,mobile
2118,13459,,2026-01-23 13:00:00,20260123,176.1,73.96,0,ON,mobile
2119,13459,,2026-03-22 13:00:00,20260322,67.57,28.38,0,ON,mobile
2120,13460,48370.0,2026-03-29 08:00:00,20260329,60.05,25.22,1,AB,mobile
2121,13465,48386.0,2026-05-23 07:00:00,20260523,91.73,38.53,1,Atlantic,desktop
2122,13483,48447.0,2025-11-15 07:00:00,20251115,95.84,40.25,1,Atlantic,mobile
2123,13498,48494.0,2026-01-27 19:00:00,20260127,55.71,23.4,1,Atlantic,mobile
2124,13507,48525.0,2025-11-14 12:00:00,20251114,101.18,42.5,1,AB,mobile
2125,13510,48535.0,2026-04-09 06:00:00,20260409,200.12,84.05,1,Atlantic,mobile
2126,13532,48624.0,2026-04-04 11:00:00,20260404,134.38,56.44,1,Prairies,mobile
2127,13532,,2026-05-15 11:00:00,20260515,68.92,28.95,0,Prairies,mobile
2128,13533,48632.0,2026-01-13 17:00:00,20260113,51.58,21.66,1,Atlantic,mobile
2129,13568,48764.0,2026-06-02 21:00:00,20260602,93.11,39.11,1,AB,desktop
2130,13570,48771.0,2025-10-19 19:00:00,20251019,126.58,53.16,1,Prairies,mobile
2131,13579,48805.0,2026-01-14 13:00:00,20260114,107.5,45.15,1,BC,desktop
2132,13579,,2026-02-20 13:00:00,20260220,102.17,42.91,0,BC,desktop
2133,13584,48820.0,2026-05-29 17:00:00,20260529,64.5,27.09,1,QC,mobile
2134,13584,,2026-06-30 17:00:00,20260630,132.11,55.49,0,QC,mobile
2136,13590,48841.0,2025-12-23 13:00:00,20251223,143.58,60.3,1,QC,tablet
2137,13597,48867.0,2026-05-30 13:00:00,20260530,112.14,47.1,1,Prairies,mobile
2138,13597,,2026-07-22 13:00:00,20260722,186.37,78.28,0,Prairies,mobile
2140,13600,48879.0,2026-03-15 12:00:00,20260315,115.7,48.59,1,AB,mobile
2141,13600,,2026-05-06 12:00:00,20260506,141.14,59.28,0,AB,mobile
2142,13600,,2026-06-23 12:00:00,20260623,125.97,52.91,0,AB,mobile
2144,13607,48905.0,2026-04-08 20:00:00,20260408,124.84,52.43,1,QC,desktop
2145,13607,,2026-05-05 20:00:00,20260505,213.29,89.58,0,QC,desktop
2146,13632,48987.0,2025-10-13 19:00:00,20251013,112.96,47.44,1,ON,desktop
2147,13637,49012.0,2026-05-26 19:00:00,20260526,60.32,25.33,1,BC,mobile
2148,13638,49016.0,2026-04-16 16:00:00,20260416,85.43,35.88,1,QC,mobile
2149,13648,49049.0,2025-10-06 12:00:00,20251006,211.05,88.64,1,Prairies,mobile
2150,13654,49070.0,2025-12-17 13:00:00,20251217,110.27,46.31,1,QC,mobile
2151,13658,49086.0,2026-01-10 10:00:00,20260110,110.81,46.54,1,ON,mobile
2152,13658,,2026-02-28 10:00:00,20260228,140.52,59.02,0,ON,mobile
2153,13697,49219.0,2025-09-14 18:00:00,20250914,163.23,68.56,1,ON,mobile
2154,13697,,2025-10-09 18:00:00,20251009,29.37,12.34,0,ON,mobile
2155,13704,49241.0,2026-01-19 10:00:00,20260119,47.82,20.08,1,QC,mobile
2156,13706,49248.0,2025-11-22 21:00:00,20251122,46.61,19.58,1,QC,mobile
2157,13706,,2025-12-26 21:00:00,20251226,199.66,83.86,0,QC,mobile
2158,13712,49277.0,2026-01-21 22:00:00,20260121,26.49,11.13,1,AB,mobile
2159,13712,,2026-02-23 22:00:00,20260223,81.55,34.25,0,AB,mobile
2160,13712,,2026-03-26 22:00:00,20260326,158.94,66.75,0,AB,mobile
2161,13713,49282.0,2025-12-19 15:00:00,20251219,79.1,33.22,1,QC,mobile
2162,13721,49309.0,2025-10-12 15:00:00,20251012,172.68,72.53,1,QC,desktop
2163,13726,49323.0,2026-03-27 06:00:00,20260327,165.56,69.54,1,BC,mobile
2164,13726,,2026-05-19 06:00:00,20260519,80.13,33.65,0,BC,mobile
2165,13732,49342.0,2026-04-08 11:00:00,20260408,92.63,38.9,1,BC,desktop
2166,13736,49357.0,2025-09-07 12:00:00,20250907,94.15,39.54,1,Atlantic,mobile
2167,13739,49366.0,2026-02-10 07:00:00,20260210,84.53,35.5,1,Atlantic,mobile
2168,13740,49369.0,2025-12-21 07:00:00,20251221,59.62,25.04,1,BC,desktop
2169,13743,49383.0,2025-12-06 06:00:00,20251206,150.78,63.33,1,Atlantic,desktop
2170,13750,49412.0,2026-03-05 09:00:00,20260305,70.98,29.81,1,Atlantic,mobile
2171,13750,,2026-04-19 09:00:00,20260419,107.3,45.07,0,Atlantic,mobile
2172,13750,,2026-05-20 09:00:00,20260520,83.43,35.04,0,Atlantic,mobile
2173,13757,49431.0,2025-10-12 20:00:00,20251012,95.6,40.15,1,ON,mobile
2174,13761,49439.0,2026-06-23 21:00:00,20260623,108.33,45.5,1,ON,mobile
2175,13770,49469.0,2025-12-03 16:00:00,20251203,78.27,32.87,1,Prairies,mobile
2176,13770,,2026-01-02 16:00:00,20260102,92.05,38.66,0,Prairies,mobile
2177,13770,,2026-02-19 16:00:00,20260219,96.27,40.43,0,Prairies,mobile
2178,13770,,2026-03-03 16:00:00,20260303,152.15,63.9,0,Prairies,mobile
2179,13772,49475.0,2026-02-11 20:00:00,20260211,95.87,40.27,1,ON,desktop
2180,13772,,2026-03-31 20:00:00,20260331,113.1,47.5,0,ON,desktop
2181,13774,49479.0,2026-03-14 07:00:00,20260314,162.37,68.2,1,Prairies,mobile
2182,13800,49571.0,2026-02-13 20:00:00,20260213,45.98,19.31,1,AB,desktop
2183,13820,49638.0,2025-08-13 16:00:00,20250813,94.3,39.61,1,ON,desktop
2184,13822,49645.0,2025-11-30 15:00:00,20251130,161.74,67.93,1,AB,desktop
2185,13822,,2026-01-03 15:00:00,20260103,137.04,57.56,0,AB,desktop
2186,13823,49654.0,2026-07-04 20:00:00,20260704,107.4,45.11,1,Atlantic,desktop
2187,13848,49732.0,2026-03-30 16:00:00,20260330,65.48,27.5,1,QC,mobile
2188,13848,,2026-05-04 16:00:00,20260504,126.49,53.13,0,QC,mobile
2189,13859,49779.0,2026-04-10 12:00:00,20260410,90.31,37.93,1,ON,mobile
2190,13870,49815.0,2026-02-16 07:00:00,20260216,92.37,38.8,1,Prairies,mobile
2191,13872,49822.0,2026-04-28 15:00:00,20260428,131.87,55.39,1,QC,desktop
2192,13890,49884.0,2025-12-25 18:00:00,20251225,123.17,51.73,1,Atlantic,mobile
2193,13920,49995.0,2026-05-10 16:00:00,20260510,114.07,47.91,1,Prairies,mobile
2194,13941,50064.0,2026-06-11 12:00:00,20260611,120.23,50.5,1,Atlantic,desktop
2195,13951,50106.0,2026-01-14 16:00:00,20260114,223.49,93.87,1,AB,desktop
2196,13952,50112.0,2025-09-11 08:00:00,20250911,119.63,50.24,1,AB,mobile
2197,13959,50141.0,2025-09-18 10:00:00,20250918,94.36,39.63,1,Atlantic,tablet
2198,13975,50199.0,2025-10-19 09:00:00,20251019,79.37,33.34,1,Prairies,desktop
2199,13975,,2025-11-27 09:00:00,20251127,90.01,37.8,0,Prairies,desktop
2200,13976,50205.0,2026-05-20 17:00:00,20260520,72.3,30.37,1,Prairies,tablet
2201,13989,50245.0,2026-05-04 19:00:00,20260504,166.56,69.96,1,AB,desktop
2202,14000,50282.0,2026-06-15 15:00:00,20260615,197.03,82.75,1,BC,mobile
