account_id,account_name,segment,industry,employees,territory_id
1,Account 0001,Mid-Market,Manufacturing,6223,4
2,Account 0002,SMB,Retail,5515,6
3,Account 0003,SMB,Healthcare,3877,4
4,Account 0004,Enterprise,Manufacturing,6562,1
5,Account 0005,SMB,Healthcare,382,5
6,Account 0006,Mid-Market,Financial services,8077,5
7,Account 0007,SMB,Manufacturing,5514,2
8,Account 0008,SMB,Healthcare,6754,4
9,Account 0009,SMB,Manufacturing,6962,6
10,Account 0010,SMB,Financial services,398,2
11,Account 0011,Mid-Market,Healthcare,281,5
12,Account 0012,Mid-Market,Retail,7029,4
13,Account 0013,SMB,Financial services,1046,3
14,Account 0014,Mid-Market,Logistics,7326,4
15,Account 0015,SMB,Healthcare,8426,7
16,Account 0016,Mid-Market,Healthcare,177,8
17,Account 0017,SMB,Healthcare,2074,7
18,Account 0018,Mid-Market,Logistics,2872,8
19,Account 0019,Mid-Market,Financial services,8323,7
20,Account 0020,SMB,SaaS,1345,7
21,Account 0021,SMB,Financial services,2580,5
22,Account 0022,SMB,Retail,2231,6
23,Account 0023,SMB,Logistics,6712,7
24,Account 0024,SMB,Retail,8502,4
25,Account 0025,Enterprise,Manufacturing,6429,6
26,Account 0026,SMB,Financial services,6467,3
27,Account 0027,SMB,Logistics,4907,2
28,Account 0028,SMB,Manufacturing,8182,8
29,Account 0029,SMB,Manufacturing,5064,4
30,Account 0030,SMB,Financial services,7038,8
31,Account 0031,SMB,SaaS,6060,5
32,Account 0032,SMB,SaaS,4188,7
33,Account 0033,Enterprise,Retail,8067,7
34,Account 0034,SMB,Healthcare,4649,2
35,Account 0035,Mid-Market,Logistics,6014,8
36,Account 0036,SMB,Healthcare,6095,7
37,Account 0037,Enterprise,Financial services,5275,2
38,Account 0038,Enterprise,Financial services,2561,8
39,Account 0039,Enterprise,Manufacturing,7995,6
40,Account 0040,Mid-Market,Financial services,1398,5
41,Account 0041,Mid-Market,Manufacturing,2729,7
42,Account 0042,SMB,Manufacturing,4444,1
43,Account 0043,SMB,Retail,3166,5
44,Account 0044,SMB,Healthcare,5267,8
45,Account 0045,SMB,Retail,5023,8
46,Account 0046,Mid-Market,Financial services,1352,2
47,Account 0047,Mid-Market,SaaS,5109,5
48,Account 0048,SMB,SaaS,5031,3
49,Account 0049,Mid-Market,Manufacturing,3460,7
50,Account 0050,Mid-Market,Financial services,6731,8
51,Account 0051,SMB,Financial services,7358,4
52,Account 0052,Mid-Market,Retail,524,5
53,Account 0053,Mid-Market,Manufacturing,7844,3
54,Account 0054,SMB,Financial services,5429,4
55,Account 0055,Mid-Market,Manufacturing,518,4
56,Account 0056,SMB,Logistics,2428,6
57,Account 0057,SMB,Manufacturing,7806,8
58,Account 0058,SMB,Retail,7382,7
59,Account 0059,SMB,Logistics,3394,4
60,Account 0060,SMB,SaaS,7391,7
61,Account 0061,Mid-Market,Retail,2989,7
62,Account 0062,Mid-Market,SaaS,5059,7
63,Account 0063,SMB,Logistics,7447,8
64,Account 0064,Mid-Market,Retail,2889,7
65,Account 0065,Mid-Market,SaaS,6896,4
66,Account 0066,SMB,Manufacturing,6570,8
67,Account 0067,SMB,Financial services,7967,4
68,Account 0068,Mid-Market,Healthcare,6910,8
69,Account 0069,SMB,SaaS,744,4
70,Account 0070,Mid-Market,SaaS,5126,3
71,Account 0071,Mid-Market,Financial services,5110,6
72,Account 0072,SMB,Logistics,1891,3
73,Account 0073,SMB,SaaS,6569,2
74,Account 0074,Enterprise,Logistics,4059,7
75,Account 0075,Mid-Market,Healthcare,3629,5
76,Account 0076,SMB,Financial services,2214,6
77,Account 0077,SMB,Manufacturing,7066,8
78,Account 0078,Enterprise,Logistics,300,5
79,Account 0079,SMB,Financial services,2548,4
80,Account 0080,Enterprise,Logistics,2595,1
81,Account 0081,SMB,Retail,6146,4
82,Account 0082,Enterprise,Retail,1411,1
83,Account 0083,Mid-Market,Logistics,6167,8
84,Account 0084,Mid-Market,Logistics,8404,7
85,Account 0085,SMB,Retail,4394,1
86,Account 0086,Enterprise,Retail,3804,5
87,Account 0087,Enterprise,Financial services,4945,5
88,Account 0088,SMB,Financial services,4059,8
89,Account 0089,Mid-Market,Logistics,5444,5
90,Account 0090,Mid-Market,Manufacturing,3068,2
91,Account 0091,SMB,Retail,7819,3
92,Account 0092,Mid-Market,SaaS,7405,3
93,Account 0093,Mid-Market,Manufacturing,457,5
94,Account 0094,SMB,Healthcare,4871,6
95,Account 0095,SMB,Logistics,8653,3
96,Account 0096,SMB,Logistics,2806,8
97,Account 0097,SMB,Healthcare,6175,7
98,Account 0098,Enterprise,Financial services,7922,1
99,Account 0099,SMB,Healthcare,2128,2
100,Account 0100,Enterprise,Logistics,2111,3
101,Account 0101,SMB,SaaS,66,5
102,Account 0102,SMB,Financial services,1618,2
103,Account 0103,SMB,Logistics,3166,2
104,Account 0104,SMB,Retail,7204,8
105,Account 0105,Mid-Market,Logistics,2541,3
106,Account 0106,SMB,SaaS,2213,8
107,Account 0107,Mid-Market,Manufacturing,7959,7
108,Account 0108,Mid-Market,Manufacturing,3261,7
109,Account 0109,SMB,Retail,6275,8
110,Account 0110,Mid-Market,Healthcare,4444,3
111,Account 0111,Mid-Market,SaaS,6747,2
112,Account 0112,Mid-Market,Financial services,1356,3
113,Account 0113,Mid-Market,Logistics,4818,1
114,Account 0114,Mid-Market,Logistics,4958,1
115,Account 0115,Mid-Market,Retail,4775,8
116,Account 0116,SMB,Financial services,1534,5
117,Account 0117,Enterprise,Manufacturing,8822,3
118,Account 0118,Mid-Market,SaaS,3695,5
119,Account 0119,SMB,SaaS,7235,6
120,Account 0120,SMB,Financial services,5565,2
121,Account 0121,SMB,Retail,8306,6
122,Account 0122,SMB,Financial services,7969,8
123,Account 0123,SMB,Logistics,8509,3
124,Account 0124,Mid-Market,SaaS,7961,1
125,Account 0125,SMB,Healthcare,3938,3
126,Account 0126,Mid-Market,Manufacturing,3019,5
127,Account 0127,SMB,Manufacturing,4964,5
128,Account 0128,SMB,Logistics,2110,6
129,Account 0129,SMB,Healthcare,1646,2
130,Account 0130,SMB,Manufacturing,3184,8
131,Account 0131,SMB,Retail,5636,5
132,Account 0132,SMB,Financial services,7282,2
133,Account 0133,Enterprise,Manufacturing,3590,3
134,Account 0134,SMB,Manufacturing,2030,8
135,Account 0135,SMB,Healthcare,8338,5
136,Account 0136,Enterprise,Logistics,891,4
137,Account 0137,SMB,Logistics,6414,1
138,Account 0138,SMB,Retail,6342,5
139,Account 0139,SMB,SaaS,60,8
140,Account 0140,SMB,Financial services,4249,4
141,Account 0141,SMB,Healthcare,5610,1
142,Account 0142,SMB,SaaS,5462,5
143,Account 0143,SMB,Retail,8036,5
144,Account 0144,Mid-Market,Retail,1150,7
145,Account 0145,Mid-Market,SaaS,113,6
146,Account 0146,Mid-Market,Financial services,5080,7
147,Account 0147,Mid-Market,SaaS,4847,6
148,Account 0148,Mid-Market,Manufacturing,2358,4
149,Account 0149,Mid-Market,Manufacturing,7464,2
150,Account 0150,Mid-Market,SaaS,3281,3
151,Account 0151,SMB,Healthcare,3180,1
152,Account 0152,Mid-Market,Manufacturing,3440,5
153,Account 0153,Enterprise,Retail,2629,3
154,Account 0154,Mid-Market,Financial services,4329,6
155,Account 0155,Mid-Market,Manufacturing,2020,1
156,Account 0156,Mid-Market,Manufacturing,4781,1
157,Account 0157,SMB,Retail,4494,7
158,Account 0158,SMB,Logistics,4993,1
159,Account 0159,SMB,SaaS,8347,3
160,Account 0160,SMB,Healthcare,6219,5
161,Account 0161,Mid-Market,Retail,7847,3
162,Account 0162,Mid-Market,Healthcare,2563,7
163,Account 0163,SMB,SaaS,6591,5
164,Account 0164,SMB,Retail,666,8
165,Account 0165,Enterprise,Financial services,6975,7
166,Account 0166,SMB,Logistics,4814,5
167,Account 0167,SMB,Manufacturing,8150,4
168,Account 0168,SMB,Retail,2957,8
169,Account 0169,Enterprise,Financial services,4022,5
170,Account 0170,Mid-Market,Financial services,3349,5
171,Account 0171,SMB,Logistics,6582,5
172,Account 0172,SMB,Retail,5175,8
173,Account 0173,SMB,SaaS,5033,8
174,Account 0174,SMB,Logistics,7489,2
175,Account 0175,SMB,Logistics,1009,2
176,Account 0176,SMB,SaaS,3470,6
177,Account 0177,SMB,Healthcare,2972,8
178,Account 0178,SMB,Retail,3181,8
179,Account 0179,Mid-Market,Healthcare,5387,8
180,Account 0180,SMB,Financial services,8698,1
181,Account 0181,Mid-Market,SaaS,313,2
182,Account 0182,Mid-Market,Manufacturing,8783,4
183,Account 0183,Mid-Market,Healthcare,1656,2
184,Account 0184,SMB,SaaS,5598,3
185,Account 0185,Enterprise,SaaS,3574,7
186,Account 0186,SMB,Retail,2893,3
187,Account 0187,SMB,SaaS,3335,8
188,Account 0188,Mid-Market,SaaS,2171,7
189,Account 0189,Enterprise,Financial services,5857,4
190,Account 0190,SMB,Financial services,7772,7
191,Account 0191,Mid-Market,Retail,8665,6
192,Account 0192,SMB,Healthcare,8401,6
193,Account 0193,Mid-Market,SaaS,1057,1
194,Account 0194,SMB,Healthcare,8042,4
195,Account 0195,SMB,Healthcare,4327,1
196,Account 0196,Mid-Market,SaaS,3084,4
197,Account 0197,Mid-Market,Financial services,5006,3
198,Account 0198,SMB,Logistics,5258,4
199,Account 0199,SMB,Retail,4539,6
200,Account 0200,Mid-Market,SaaS,7525,2
201,Account 0201,Mid-Market,Logistics,3234,7
202,Account 0202,Mid-Market,Retail,1672,5
203,Account 0203,Enterprise,Financial services,8393,3
204,Account 0204,Mid-Market,Healthcare,4649,5
205,Account 0205,Mid-Market,SaaS,2817,4
206,Account 0206,Enterprise,SaaS,2956,5
207,Account 0207,SMB,Retail,438,1
208,Account 0208,Mid-Market,Healthcare,7967,6
209,Account 0209,Mid-Market,Logistics,7022,7
210,Account 0210,SMB,SaaS,2909,1
211,Account 0211,Enterprise,Manufacturing,254,8
212,Account 0212,Enterprise,SaaS,7824,6
213,Account 0213,Mid-Market,SaaS,7320,4
214,Account 0214,SMB,Healthcare,5470,7
215,Account 0215,Mid-Market,Manufacturing,662,7
216,Account 0216,SMB,Healthcare,7249,1
217,Account 0217,Mid-Market,Manufacturing,6048,7
218,Account 0218,Mid-Market,Retail,839,4
219,Account 0219,Enterprise,Manufacturing,4715,5
220,Account 0220,Mid-Market,Retail,6014,1
221,Account 0221,Mid-Market,SaaS,2326,2
222,Account 0222,Enterprise,Retail,178,5
223,Account 0223,Mid-Market,SaaS,8966,3
224,Account 0224,SMB,Healthcare,3293,3
225,Account 0225,SMB,Financial services,2728,8
226,Account 0226,Mid-Market,Manufacturing,8392,8
227,Account 0227,SMB,Financial services,3563,7
228,Account 0228,SMB,Financial services,6803,3
229,Account 0229,SMB,SaaS,7326,2
230,Account 0230,Mid-Market,Healthcare,8068,1
231,Account 0231,Mid-Market,Financial services,1611,4
232,Account 0232,SMB,SaaS,1965,1
233,Account 0233,SMB,Financial services,4244,5
234,Account 0234,Mid-Market,Financial services,3395,5
235,Account 0235,SMB,Retail,3588,6
236,Account 0236,SMB,Logistics,3231,7
237,Account 0237,SMB,SaaS,535,2
238,Account 0238,Enterprise,Financial services,1658,6
239,Account 0239,SMB,Healthcare,1267,2
240,Account 0240,SMB,Logistics,7852,3
241,Account 0241,SMB,Healthcare,5414,3
242,Account 0242,SMB,Logistics,834,8
243,Account 0243,SMB,Retail,6484,2
244,Account 0244,Mid-Market,Logistics,6986,4
245,Account 0245,SMB,Healthcare,5362,4
246,Account 0246,SMB,Logistics,6944,7
247,Account 0247,Mid-Market,Logistics,5375,1
248,Account 0248,Mid-Market,Healthcare,7706,6
249,Account 0249,Mid-Market,Logistics,6770,7
250,Account 0250,Enterprise,Healthcare,106,5
251,Account 0251,Mid-Market,Logistics,4848,4
252,Account 0252,Enterprise,SaaS,2347,6
253,Account 0253,Mid-Market,Retail,971,6
254,Account 0254,SMB,Healthcare,6622,1
255,Account 0255,SMB,Logistics,6144,6
256,Account 0256,SMB,Healthcare,3209,5
257,Account 0257,Mid-Market,Financial services,2147,8
258,Account 0258,Mid-Market,Logistics,1676,1
259,Account 0259,Enterprise,SaaS,963,5
260,Account 0260,Enterprise,Financial services,4403,4
261,Account 0261,SMB,Retail,4163,8
262,Account 0262,SMB,Retail,2279,7
263,Account 0263,Mid-Market,SaaS,5553,4
264,Account 0264,SMB,Financial services,1486,8
265,Account 0265,SMB,Manufacturing,2666,4
266,Account 0266,Mid-Market,SaaS,6700,4
267,Account 0267,SMB,Retail,1758,8
268,Account 0268,SMB,Healthcare,8978,8
269,Account 0269,Mid-Market,Logistics,5615,1
270,Account 0270,SMB,Logistics,2887,7
271,Account 0271,SMB,Retail,1552,7
272,Account 0272,Mid-Market,Logistics,238,3
273,Account 0273,SMB,Financial services,7303,8
274,Account 0274,Enterprise,Logistics,3991,1
275,Account 0275,Mid-Market,Logistics,434,7
276,Account 0276,Enterprise,SaaS,453,8
277,Account 0277,Mid-Market,Manufacturing,2793,5
278,Account 0278,SMB,Financial services,5154,3
279,Account 0279,Mid-Market,Financial services,6854,2
280,Account 0280,SMB,Retail,1999,4
281,Account 0281,SMB,Healthcare,2381,6
282,Account 0282,SMB,SaaS,8835,7
283,Account 0283,SMB,Manufacturing,2665,1
284,Account 0284,SMB,SaaS,5573,6
285,Account 0285,SMB,Healthcare,5910,8
286,Account 0286,Mid-Market,Financial services,4567,7
287,Account 0287,SMB,Logistics,774,3
288,Account 0288,SMB,Financial services,4041,6
289,Account 0289,SMB,Logistics,1083,2
290,Account 0290,SMB,Financial services,4267,7
291,Account 0291,SMB,Financial services,7350,5
292,Account 0292,SMB,Healthcare,1242,5
293,Account 0293,Mid-Market,Healthcare,4986,1
294,Account 0294,SMB,Manufacturing,4648,3
295,Account 0295,SMB,Financial services,2937,7
296,Account 0296,Mid-Market,SaaS,3420,1
297,Account 0297,SMB,Logistics,7262,8
298,Account 0298,Enterprise,SaaS,8307,5
299,Account 0299,SMB,Healthcare,5323,7
300,Account 0300,Mid-Market,Retail,2283,8
301,Account 0301,Mid-Market,Retail,6039,2
302,Account 0302,Mid-Market,Healthcare,2581,7
303,Account 0303,SMB,Retail,1870,4
304,Account 0304,SMB,Healthcare,8614,8
305,Account 0305,SMB,SaaS,6233,2
306,Account 0306,SMB,Healthcare,5053,5
307,Account 0307,SMB,Logistics,8202,8
308,Account 0308,SMB,Logistics,6076,5
309,Account 0309,SMB,SaaS,494,2
310,Account 0310,SMB,Manufacturing,2573,7
311,Account 0311,Enterprise,SaaS,4220,3
312,Account 0312,Mid-Market,Manufacturing,5706,6
313,Account 0313,SMB,Logistics,6853,5
314,Account 0314,Mid-Market,Financial services,2550,8
315,Account 0315,Enterprise,Financial services,8486,1
316,Account 0316,Mid-Market,Logistics,3296,2
317,Account 0317,SMB,SaaS,1444,1
318,Account 0318,SMB,Logistics,4829,1
319,Account 0319,Mid-Market,Logistics,5486,1
320,Account 0320,Enterprise,Logistics,5003,3
321,Account 0321,SMB,Retail,3689,2
322,Account 0322,SMB,SaaS,5908,7
323,Account 0323,Mid-Market,Logistics,4976,5
324,Account 0324,SMB,Financial services,8609,1
325,Account 0325,Mid-Market,Manufacturing,3096,7
326,Account 0326,SMB,Healthcare,7160,8
327,Account 0327,SMB,Logistics,6285,3
328,Account 0328,Mid-Market,Healthcare,5732,1
329,Account 0329,Enterprise,Logistics,4902,6
330,Account 0330,SMB,Logistics,2691,4
331,Account 0331,Mid-Market,Manufacturing,463,5
332,Account 0332,SMB,Financial services,4220,6
333,Account 0333,SMB,Logistics,195,5
334,Account 0334,SMB,SaaS,7235,2
335,Account 0335,Mid-Market,SaaS,6746,7
336,Account 0336,Mid-Market,Retail,806,3
337,Account 0337,SMB,Retail,4278,8
338,Account 0338,Enterprise,Logistics,3608,6
339,Account 0339,SMB,Manufacturing,3382,2
340,Account 0340,SMB,Logistics,6793,6
341,Account 0341,SMB,Healthcare,2537,7
342,Account 0342,Mid-Market,SaaS,4247,5
343,Account 0343,Mid-Market,Financial services,3324,3
344,Account 0344,SMB,Retail,6908,7
345,Account 0345,Mid-Market,Retail,2426,4
346,Account 0346,SMB,Logistics,5161,5
347,Account 0347,SMB,Manufacturing,8892,4
348,Account 0348,SMB,Logistics,4606,3
349,Account 0349,Mid-Market,Logistics,3273,2
350,Account 0350,SMB,Healthcare,6733,8
351,Account 0351,Enterprise,Healthcare,6409,4
352,Account 0352,Enterprise,SaaS,6598,2
353,Account 0353,SMB,Retail,4035,4
354,Account 0354,SMB,Healthcare,7472,3
355,Account 0355,SMB,Financial services,146,5
356,Account 0356,Enterprise,SaaS,2065,4
357,Account 0357,Enterprise,SaaS,7882,7
358,Account 0358,SMB,Manufacturing,7751,7
359,Account 0359,SMB,Financial services,3569,7
360,Account 0360,Mid-Market,Financial services,8485,1
361,Account 0361,Enterprise,Logistics,6420,4
362,Account 0362,SMB,Manufacturing,1573,7
363,Account 0363,Mid-Market,Manufacturing,7142,2
364,Account 0364,Mid-Market,Logistics,8920,3
365,Account 0365,Enterprise,Healthcare,6124,8
366,Account 0366,SMB,Retail,2625,1
367,Account 0367,SMB,Logistics,779,2
368,Account 0368,SMB,Retail,8287,5
369,Account 0369,SMB,Healthcare,4791,3
370,Account 0370,SMB,Retail,1542,6
371,Account 0371,SMB,Manufacturing,4993,1
372,Account 0372,SMB,Healthcare,104,8
373,Account 0373,Mid-Market,Retail,1245,5
374,Account 0374,SMB,SaaS,3318,1
375,Account 0375,SMB,Logistics,8797,4
376,Account 0376,Mid-Market,Logistics,394,5
377,Account 0377,SMB,Healthcare,3315,2
378,Account 0378,SMB,Manufacturing,7795,7
379,Account 0379,SMB,SaaS,4619,3
380,Account 0380,Mid-Market,Manufacturing,7888,7
381,Account 0381,Mid-Market,Logistics,6440,2
382,Account 0382,SMB,SaaS,8437,2
383,Account 0383,Mid-Market,Manufacturing,4254,8
384,Account 0384,Mid-Market,Healthcare,911,5
385,Account 0385,SMB,Logistics,608,2
386,Account 0386,Mid-Market,Logistics,3644,2
387,Account 0387,SMB,Logistics,1770,8
388,Account 0388,Mid-Market,Financial services,3068,3
389,Account 0389,SMB,Financial services,3822,4
390,Account 0390,Mid-Market,Financial services,3356,5
391,Account 0391,SMB,Logistics,1076,8
392,Account 0392,SMB,Manufacturing,1511,4
393,Account 0393,Mid-Market,SaaS,2261,7
394,Account 0394,SMB,Retail,2302,6
395,Account 0395,Mid-Market,Logistics,3528,3
396,Account 0396,Mid-Market,Manufacturing,3486,6
397,Account 0397,Enterprise,Logistics,7268,1
398,Account 0398,SMB,SaaS,5239,4
399,Account 0399,SMB,Manufacturing,4167,4
400,Account 0400,SMB,Healthcare,8477,1
401,Account 0401,Enterprise,SaaS,6890,4
402,Account 0402,SMB,Retail,7986,8
403,Account 0403,SMB,Manufacturing,6041,1
404,Account 0404,Enterprise,SaaS,6841,1
405,Account 0405,Enterprise,Healthcare,4925,4
406,Account 0406,SMB,SaaS,6648,5
407,Account 0407,SMB,Financial services,5095,2
408,Account 0408,SMB,Healthcare,6974,4
409,Account 0409,SMB,Retail,8935,2
410,Account 0410,Enterprise,Retail,5919,3
411,Account 0411,SMB,SaaS,2377,8
412,Account 0412,SMB,Logistics,1409,2
413,Account 0413,SMB,Financial services,821,8
414,Account 0414,SMB,SaaS,8168,7
415,Account 0415,Mid-Market,Logistics,1566,6
416,Account 0416,SMB,Healthcare,4575,7
417,Account 0417,SMB,Healthcare,2216,5
418,Account 0418,SMB,Financial services,1629,7
419,Account 0419,SMB,Healthcare,6068,5
420,Account 0420,Enterprise,Retail,8330,2
421,Account 0421,SMB,Manufacturing,4353,5
422,Account 0422,Mid-Market,Financial services,2256,8
423,Account 0423,Mid-Market,Logistics,8871,7
424,Account 0424,SMB,Retail,6978,5
425,Account 0425,SMB,SaaS,3865,5
426,Account 0426,SMB,Retail,983,4
427,Account 0427,Enterprise,SaaS,6205,4
428,Account 0428,Mid-Market,Healthcare,4390,5
429,Account 0429,Enterprise,Retail,1036,5
430,Account 0430,SMB,SaaS,2822,8
431,Account 0431,Mid-Market,Retail,2768,1
432,Account 0432,SMB,SaaS,5658,1
433,Account 0433,SMB,Healthcare,7556,2
434,Account 0434,Enterprise,Healthcare,3981,3
435,Account 0435,SMB,Healthcare,4954,4
436,Account 0436,SMB,SaaS,7954,4
437,Account 0437,SMB,Logistics,742,7
438,Account 0438,Mid-Market,Logistics,5660,7
439,Account 0439,Mid-Market,Manufacturing,2541,2
440,Account 0440,Mid-Market,Logistics,7930,6
441,Account 0441,Mid-Market,Healthcare,741,7
442,Account 0442,SMB,Healthcare,7976,6
443,Account 0443,SMB,Healthcare,2903,8
444,Account 0444,SMB,Logistics,4061,6
445,Account 0445,SMB,Manufacturing,2732,4
446,Account 0446,SMB,Logistics,7865,1
447,Account 0447,Mid-Market,Healthcare,5296,7
448,Account 0448,Mid-Market,Healthcare,2452,4
449,Account 0449,Mid-Market,SaaS,2145,8
450,Account 0450,SMB,Healthcare,3569,8
451,Account 0451,Mid-Market,Financial services,2768,5
452,Account 0452,SMB,Healthcare,8552,7
453,Account 0453,Enterprise,Manufacturing,8895,4
454,Account 0454,SMB,SaaS,2531,7
455,Account 0455,Mid-Market,Healthcare,3722,4
456,Account 0456,SMB,Healthcare,3304,4
457,Account 0457,SMB,Retail,66,6
458,Account 0458,SMB,SaaS,8229,3
459,Account 0459,SMB,Retail,6763,7
460,Account 0460,Enterprise,Healthcare,829,1
461,Account 0461,SMB,Retail,3974,1
462,Account 0462,Enterprise,Financial services,1805,6
463,Account 0463,SMB,SaaS,6802,1
464,Account 0464,Enterprise,Retail,4557,4
465,Account 0465,Mid-Market,Healthcare,25,2
466,Account 0466,Enterprise,Retail,4338,4
467,Account 0467,Mid-Market,Healthcare,3530,7
468,Account 0468,SMB,Manufacturing,6894,3
469,Account 0469,SMB,Manufacturing,4641,3
470,Account 0470,SMB,SaaS,1611,6
471,Account 0471,Enterprise,Retail,8139,4
472,Account 0472,Mid-Market,Retail,3137,4
473,Account 0473,SMB,Healthcare,8253,7
474,Account 0474,SMB,Financial services,7159,2
475,Account 0475,Mid-Market,Logistics,6359,6
476,Account 0476,SMB,Logistics,2454,8
477,Account 0477,SMB,SaaS,7089,2
478,Account 0478,Mid-Market,Logistics,820,3
479,Account 0479,Mid-Market,SaaS,2879,3
480,Account 0480,SMB,Manufacturing,6886,6
481,Account 0481,SMB,Financial services,7525,3
482,Account 0482,SMB,Logistics,2691,7
483,Account 0483,SMB,Retail,4265,5
484,Account 0484,Mid-Market,Financial services,6765,2
485,Account 0485,SMB,SaaS,4157,2
486,Account 0486,Mid-Market,Manufacturing,3829,5
487,Account 0487,SMB,Logistics,7293,3
488,Account 0488,Mid-Market,Financial services,5942,6
489,Account 0489,Mid-Market,Retail,6435,7
490,Account 0490,SMB,Healthcare,153,1
491,Account 0491,SMB,Logistics,471,5
492,Account 0492,Enterprise,Manufacturing,4547,5
493,Account 0493,SMB,Manufacturing,734,5
494,Account 0494,Mid-Market,SaaS,4132,8
495,Account 0495,Mid-Market,Healthcare,7434,2
496,Account 0496,Enterprise,Logistics,5126,5
497,Account 0497,Mid-Market,SaaS,8393,4
498,Account 0498,SMB,Logistics,7507,8
499,Account 0499,Mid-Market,Manufacturing,8722,2
500,Account 0500,SMB,Logistics,6267,6
501,Account 0501,Enterprise,Financial services,3466,1
502,Account 0502,Mid-Market,Financial services,5346,4
503,Account 0503,Mid-Market,Logistics,753,2
504,Account 0504,SMB,Manufacturing,8431,1
505,Account 0505,SMB,Manufacturing,295,4
506,Account 0506,SMB,Logistics,8054,7
507,Account 0507,Mid-Market,Logistics,1228,8
508,Account 0508,SMB,Logistics,5428,3
509,Account 0509,SMB,SaaS,2105,7
510,Account 0510,SMB,Manufacturing,5595,2
511,Account 0511,Mid-Market,SaaS,3113,3
512,Account 0512,SMB,SaaS,6166,5
513,Account 0513,Mid-Market,Financial services,6684,5
514,Account 0514,SMB,Logistics,5586,2
515,Account 0515,Mid-Market,Retail,75,4
516,Account 0516,SMB,Manufacturing,1814,5
517,Account 0517,Mid-Market,Manufacturing,2476,1
518,Account 0518,SMB,Logistics,8142,1
519,Account 0519,Mid-Market,SaaS,8163,4
520,Account 0520,SMB,Manufacturing,4500,7
521,Account 0521,Mid-Market,Retail,5364,4
522,Account 0522,Enterprise,SaaS,978,3
523,Account 0523,SMB,Retail,4179,7
524,Account 0524,Enterprise,Manufacturing,729,1
525,Account 0525,Enterprise,Healthcare,8774,7
526,Account 0526,SMB,Healthcare,2929,3
527,Account 0527,Enterprise,Manufacturing,5395,8
528,Account 0528,SMB,Logistics,3433,3
529,Account 0529,SMB,Logistics,522,8
530,Account 0530,Mid-Market,Retail,4232,6
531,Account 0531,SMB,Financial services,4264,1
532,Account 0532,SMB,Financial services,1049,8
533,Account 0533,Enterprise,Logistics,3923,3
534,Account 0534,Mid-Market,Financial services,7321,6
535,Account 0535,SMB,Financial services,5532,4
536,Account 0536,Mid-Market,Manufacturing,5615,1
537,Account 0537,SMB,SaaS,2296,2
538,Account 0538,Mid-Market,SaaS,3173,4
539,Account 0539,Mid-Market,Healthcare,1331,6
540,Account 0540,Mid-Market,Financial services,4016,8
541,Account 0541,Enterprise,Logistics,1651,7
542,Account 0542,Mid-Market,Retail,5881,6
543,Account 0543,SMB,Financial services,356,6
544,Account 0544,Mid-Market,Financial services,1818,5
545,Account 0545,Mid-Market,Financial services,984,1
546,Account 0546,SMB,Manufacturing,2772,3
547,Account 0547,SMB,SaaS,5235,3
548,Account 0548,Mid-Market,Retail,6897,3
549,Account 0549,Mid-Market,Logistics,1007,8
550,Account 0550,Mid-Market,Manufacturing,1670,6
551,Account 0551,Mid-Market,Manufacturing,5803,4
552,Account 0552,SMB,Manufacturing,1532,1
553,Account 0553,SMB,Retail,2936,3
554,Account 0554,SMB,SaaS,7905,6
555,Account 0555,SMB,Healthcare,7125,4
556,Account 0556,Mid-Market,Logistics,4599,4
557,Account 0557,SMB,Manufacturing,5818,4
558,Account 0558,SMB,Healthcare,7116,7
559,Account 0559,SMB,Financial services,8370,5
560,Account 0560,Mid-Market,Retail,1818,4
561,Account 0561,SMB,Manufacturing,4762,3
562,Account 0562,Enterprise,Manufacturing,2311,5
563,Account 0563,SMB,SaaS,7397,7
564,Account 0564,Mid-Market,Financial services,3579,4
565,Account 0565,SMB,Healthcare,6163,2
566,Account 0566,Mid-Market,Manufacturing,1354,8
567,Account 0567,SMB,Financial services,8039,7
568,Account 0568,SMB,SaaS,1078,3
569,Account 0569,Mid-Market,Retail,1746,3
570,Account 0570,Mid-Market,Financial services,8014,4
571,Account 0571,Mid-Market,Retail,4903,8
572,Account 0572,SMB,Manufacturing,4211,6
573,Account 0573,SMB,Financial services,7335,7
574,Account 0574,SMB,Retail,5551,2
575,Account 0575,SMB,Manufacturing,7749,5
576,Account 0576,Enterprise,Retail,5599,1
577,Account 0577,SMB,Manufacturing,1581,6
578,Account 0578,SMB,Financial services,1047,1
579,Account 0579,Mid-Market,SaaS,1236,1
580,Account 0580,SMB,Financial services,469,2
581,Account 0581,Enterprise,Manufacturing,7897,3
582,Account 0582,SMB,SaaS,805,2
583,Account 0583,Enterprise,Logistics,4723,7
584,Account 0584,Mid-Market,Financial services,3264,1
585,Account 0585,Mid-Market,Manufacturing,7541,4
586,Account 0586,Enterprise,Logistics,1911,7
587,Account 0587,SMB,Logistics,545,2
588,Account 0588,SMB,Manufacturing,7675,2
589,Account 0589,SMB,Healthcare,6723,1
590,Account 0590,Mid-Market,SaaS,20,7
591,Account 0591,SMB,Logistics,2147,2
592,Account 0592,Mid-Market,Manufacturing,6517,8
593,Account 0593,SMB,Manufacturing,5458,4
594,Account 0594,Enterprise,Financial services,7361,3
595,Account 0595,SMB,Retail,1288,2
596,Account 0596,Mid-Market,Financial services,2906,2
597,Account 0597,Mid-Market,SaaS,3367,1
598,Account 0598,Mid-Market,Logistics,8395,6
599,Account 0599,SMB,Manufacturing,1027,2
600,Account 0600,SMB,Retail,6237,5
601,Account 0601,Enterprise,Financial services,5663,5
602,Account 0602,SMB,Manufacturing,8424,3
603,Account 0603,SMB,Logistics,2948,3
604,Account 0604,SMB,Retail,8147,5
605,Account 0605,Mid-Market,Manufacturing,1653,1
606,Account 0606,Mid-Market,Manufacturing,5750,6
607,Account 0607,Mid-Market,Financial services,1369,3
608,Account 0608,Enterprise,Retail,5095,4
609,Account 0609,SMB,Healthcare,1788,2
610,Account 0610,SMB,Retail,7565,8
611,Account 0611,Mid-Market,Healthcare,769,4
612,Account 0612,SMB,Manufacturing,7661,3
613,Account 0613,Mid-Market,Logistics,800,4
614,Account 0614,SMB,Logistics,3093,1
615,Account 0615,SMB,Manufacturing,6308,8
616,Account 0616,SMB,Logistics,2013,5
617,Account 0617,SMB,Logistics,7469,7
618,Account 0618,Enterprise,SaaS,1850,8
619,Account 0619,SMB,Logistics,2330,1
620,Account 0620,SMB,Financial services,8380,7
621,Account 0621,SMB,Logistics,3352,1
622,Account 0622,SMB,Logistics,6267,1
623,Account 0623,Mid-Market,Logistics,6520,3
624,Account 0624,Mid-Market,Manufacturing,3227,7
625,Account 0625,SMB,Manufacturing,868,8
626,Account 0626,Mid-Market,SaaS,5500,8
627,Account 0627,SMB,Logistics,6740,8
628,Account 0628,SMB,SaaS,7058,8
629,Account 0629,SMB,Manufacturing,6125,2
630,Account 0630,SMB,Healthcare,6818,3
631,Account 0631,SMB,Manufacturing,7245,1
632,Account 0632,Mid-Market,Healthcare,1383,8
633,Account 0633,SMB,Healthcare,305,6
634,Account 0634,SMB,Logistics,8020,3
635,Account 0635,SMB,Logistics,616,7
636,Account 0636,SMB,Financial services,6138,5
637,Account 0637,SMB,Financial services,570,2
638,Account 0638,SMB,Financial services,4774,7
639,Account 0639,Enterprise,Financial services,1169,8
640,Account 0640,SMB,Healthcare,1552,8
641,Account 0641,SMB,SaaS,4302,8
642,Account 0642,SMB,Healthcare,177,7
643,Account 0643,Mid-Market,Manufacturing,6082,7
644,Account 0644,Mid-Market,Retail,3010,2
645,Account 0645,SMB,SaaS,6421,7
646,Account 0646,SMB,Financial services,8581,6
647,Account 0647,SMB,SaaS,4324,7
648,Account 0648,SMB,Retail,1081,4
649,Account 0649,SMB,Logistics,4534,2
650,Account 0650,Mid-Market,Retail,6738,7
651,Account 0651,SMB,Financial services,8041,8
652,Account 0652,SMB,Healthcare,2521,3
653,Account 0653,Mid-Market,Manufacturing,7243,6
654,Account 0654,SMB,Logistics,5838,4
655,Account 0655,SMB,SaaS,5758,1
656,Account 0656,SMB,Financial services,8586,7
657,Account 0657,Enterprise,SaaS,3382,4
658,Account 0658,SMB,Healthcare,8750,2
659,Account 0659,SMB,Retail,5652,1
660,Account 0660,SMB,Financial services,2753,1
661,Account 0661,Mid-Market,Manufacturing,790,5
662,Account 0662,Mid-Market,Manufacturing,2825,2
663,Account 0663,Mid-Market,Healthcare,6875,1
664,Account 0664,Enterprise,Healthcare,4782,6
665,Account 0665,SMB,Retail,2305,5
666,Account 0666,Mid-Market,Retail,3308,2
667,Account 0667,Mid-Market,Logistics,4594,8
668,Account 0668,Mid-Market,SaaS,6972,5
669,Account 0669,SMB,Healthcare,2640,8
670,Account 0670,Mid-Market,Healthcare,1019,6
671,Account 0671,Mid-Market,SaaS,8209,8
672,Account 0672,Enterprise,Manufacturing,3343,1
673,Account 0673,SMB,Retail,8722,4
674,Account 0674,SMB,Retail,5836,2
675,Account 0675,Mid-Market,Financial services,8387,8
676,Account 0676,SMB,Healthcare,3930,3
677,Account 0677,SMB,Logistics,4971,2
678,Account 0678,Enterprise,SaaS,1466,7
679,Account 0679,SMB,SaaS,1529,4
680,Account 0680,Mid-Market,SaaS,48,7
681,Account 0681,SMB,Financial services,577,8
682,Account 0682,Mid-Market,Manufacturing,8601,6
683,Account 0683,SMB,Manufacturing,7700,5
684,Account 0684,Mid-Market,Retail,6737,3
685,Account 0685,SMB,SaaS,5146,2
686,Account 0686,Mid-Market,Manufacturing,1417,8
687,Account 0687,Mid-Market,Retail,8923,6
688,Account 0688,SMB,Financial services,2382,5
689,Account 0689,Mid-Market,Retail,234,4
690,Account 0690,SMB,Retail,6020,2
691,Account 0691,Mid-Market,Healthcare,7721,6
692,Account 0692,Mid-Market,SaaS,3748,8
693,Account 0693,Enterprise,Financial services,2286,1
694,Account 0694,SMB,Financial services,2890,7
695,Account 0695,SMB,Manufacturing,2845,7
696,Account 0696,Mid-Market,Financial services,4322,6
697,Account 0697,Mid-Market,Logistics,8516,8
698,Account 0698,SMB,Logistics,6912,6
699,Account 0699,Mid-Market,SaaS,3048,8
700,Account 0700,SMB,SaaS,4117,2
701,Account 0701,SMB,SaaS,8963,1
702,Account 0702,SMB,Retail,7763,2
703,Account 0703,Mid-Market,Logistics,8836,5
704,Account 0704,SMB,Healthcare,4512,8
705,Account 0705,SMB,Healthcare,8244,8
706,Account 0706,Mid-Market,SaaS,4271,6
707,Account 0707,SMB,Financial services,5882,7
708,Account 0708,Mid-Market,Financial services,3023,3
709,Account 0709,SMB,Financial services,2483,6
710,Account 0710,Mid-Market,Financial services,5742,1
711,Account 0711,Mid-Market,Retail,1291,3
712,Account 0712,Mid-Market,Financial services,2181,1
713,Account 0713,SMB,Manufacturing,5928,2
714,Account 0714,SMB,Logistics,4882,8
715,Account 0715,SMB,Healthcare,7151,8
716,Account 0716,SMB,Healthcare,1313,6
717,Account 0717,SMB,Healthcare,6792,7
718,Account 0718,Mid-Market,Manufacturing,1012,6
719,Account 0719,SMB,SaaS,4315,5
720,Account 0720,SMB,Manufacturing,264,8
721,Account 0721,SMB,Logistics,4807,5
722,Account 0722,SMB,Logistics,108,6
723,Account 0723,Mid-Market,Financial services,4079,2
724,Account 0724,SMB,Healthcare,4681,1
725,Account 0725,Mid-Market,Retail,6794,4
726,Account 0726,SMB,Retail,4788,2
727,Account 0727,SMB,Healthcare,5621,8
728,Account 0728,SMB,Retail,3172,5
729,Account 0729,SMB,Retail,2160,2
730,Account 0730,Mid-Market,Healthcare,8182,4
731,Account 0731,Mid-Market,Logistics,5237,4
732,Account 0732,SMB,Logistics,2652,8
733,Account 0733,SMB,Healthcare,5836,5
734,Account 0734,Enterprise,Logistics,4799,4
735,Account 0735,Mid-Market,Manufacturing,7961,6
736,Account 0736,SMB,Retail,762,4
737,Account 0737,SMB,Manufacturing,5911,2
738,Account 0738,SMB,Financial services,6410,7
739,Account 0739,SMB,Logistics,6980,1
740,Account 0740,SMB,Healthcare,7882,1
741,Account 0741,Mid-Market,Retail,5938,1
742,Account 0742,Enterprise,Retail,5393,8
743,Account 0743,Mid-Market,Manufacturing,1197,4
744,Account 0744,SMB,Logistics,6257,3
745,Account 0745,SMB,Healthcare,6707,3
746,Account 0746,Mid-Market,Manufacturing,6748,7
747,Account 0747,SMB,Retail,6526,4
748,Account 0748,Mid-Market,SaaS,542,1
749,Account 0749,Enterprise,Manufacturing,6153,4
750,Account 0750,SMB,Logistics,3821,7
751,Account 0751,Mid-Market,Financial services,8368,7
752,Account 0752,SMB,SaaS,292,2
753,Account 0753,Mid-Market,Logistics,8806,6
754,Account 0754,SMB,Healthcare,2831,1
755,Account 0755,Enterprise,Retail,2621,5
756,Account 0756,SMB,SaaS,8643,8
757,Account 0757,Enterprise,Manufacturing,3081,1
758,Account 0758,SMB,SaaS,8313,1
759,Account 0759,SMB,Healthcare,2368,1
760,Account 0760,Mid-Market,Healthcare,5830,3
761,Account 0761,Mid-Market,SaaS,5904,8
762,Account 0762,Mid-Market,Retail,902,4
763,Account 0763,Enterprise,SaaS,899,4
764,Account 0764,Mid-Market,SaaS,5103,2
765,Account 0765,SMB,Financial services,2298,5
766,Account 0766,Mid-Market,Financial services,7867,5
767,Account 0767,SMB,Manufacturing,4636,5
768,Account 0768,Mid-Market,Healthcare,4445,5
769,Account 0769,Mid-Market,Retail,752,5
770,Account 0770,Mid-Market,Logistics,6488,3
771,Account 0771,SMB,Logistics,8936,5
772,Account 0772,Enterprise,Healthcare,6403,4
773,Account 0773,SMB,SaaS,1658,8
774,Account 0774,SMB,Healthcare,3201,7
775,Account 0775,SMB,Financial services,7441,5
776,Account 0776,SMB,SaaS,2105,6
777,Account 0777,SMB,SaaS,3216,1
778,Account 0778,Mid-Market,Logistics,94,8
779,Account 0779,Enterprise,Healthcare,43,6
780,Account 0780,SMB,Manufacturing,3018,5
781,Account 0781,SMB,Retail,8354,4
782,Account 0782,SMB,Financial services,6364,4
783,Account 0783,SMB,Retail,1184,2
784,Account 0784,SMB,Manufacturing,8444,1
785,Account 0785,SMB,Retail,8178,3
786,Account 0786,SMB,Manufacturing,7732,7
787,Account 0787,SMB,Logistics,559,7
788,Account 0788,Mid-Market,Financial services,6348,4
789,Account 0789,SMB,Financial services,6461,2
790,Account 0790,SMB,Logistics,7784,8
791,Account 0791,Mid-Market,Retail,7096,4
792,Account 0792,Enterprise,SaaS,37,8
793,Account 0793,SMB,Healthcare,3171,1
794,Account 0794,SMB,Financial services,4137,6
795,Account 0795,Mid-Market,Manufacturing,2157,8
796,Account 0796,Enterprise,Healthcare,8028,3
797,Account 0797,SMB,Manufacturing,7087,1
798,Account 0798,Mid-Market,SaaS,7539,4
799,Account 0799,Mid-Market,Financial services,7339,7
800,Account 0800,SMB,SaaS,3059,4
801,Account 0801,SMB,Healthcare,8559,4
802,Account 0802,Mid-Market,Financial services,7373,4
803,Account 0803,SMB,SaaS,5035,8
804,Account 0804,SMB,SaaS,6687,1
805,Account 0805,SMB,SaaS,812,6
806,Account 0806,SMB,Manufacturing,1964,2
807,Account 0807,Enterprise,Financial services,1333,4
808,Account 0808,SMB,Healthcare,3040,1
809,Account 0809,SMB,Manufacturing,7687,4
810,Account 0810,SMB,Manufacturing,3344,6
811,Account 0811,Mid-Market,Manufacturing,3857,6
812,Account 0812,SMB,Healthcare,3459,6
813,Account 0813,SMB,Healthcare,3984,1
814,Account 0814,Mid-Market,Manufacturing,147,1
815,Account 0815,SMB,Financial services,8001,8
816,Account 0816,Enterprise,Retail,7641,2
817,Account 0817,Mid-Market,Retail,1378,7
818,Account 0818,Enterprise,Manufacturing,6495,4
819,Account 0819,Mid-Market,Retail,2148,7
820,Account 0820,SMB,Logistics,4012,5
821,Account 0821,SMB,SaaS,295,5
822,Account 0822,SMB,Manufacturing,5134,6
823,Account 0823,SMB,Financial services,233,7
824,Account 0824,SMB,Healthcare,4616,2
825,Account 0825,Mid-Market,SaaS,6178,4
826,Account 0826,Mid-Market,Healthcare,4432,6
827,Account 0827,SMB,SaaS,7341,6
828,Account 0828,SMB,Healthcare,7630,3
829,Account 0829,Mid-Market,Logistics,3435,7
830,Account 0830,Enterprise,SaaS,2473,7
831,Account 0831,SMB,SaaS,3523,8
832,Account 0832,SMB,Manufacturing,543,2
833,Account 0833,SMB,Healthcare,2904,6
834,Account 0834,SMB,Healthcare,6939,1
835,Account 0835,SMB,Financial services,7298,1
836,Account 0836,SMB,Logistics,6264,7
837,Account 0837,SMB,SaaS,7863,6
838,Account 0838,SMB,Manufacturing,7703,7
839,Account 0839,Mid-Market,Manufacturing,7598,4
840,Account 0840,Mid-Market,SaaS,1560,1
841,Account 0841,SMB,SaaS,8747,2
842,Account 0842,SMB,SaaS,1125,8
843,Account 0843,SMB,Logistics,2959,5
844,Account 0844,Mid-Market,Healthcare,5251,7
845,Account 0845,Mid-Market,Healthcare,777,8
846,Account 0846,Enterprise,Financial services,5276,5
847,Account 0847,SMB,SaaS,6966,8
848,Account 0848,Enterprise,SaaS,4822,7
849,Account 0849,Mid-Market,Healthcare,186,4
850,Account 0850,Enterprise,Logistics,7960,5
851,Account 0851,SMB,Financial services,466,4
852,Account 0852,SMB,Retail,1680,3
853,Account 0853,Mid-Market,Logistics,2087,4
854,Account 0854,Mid-Market,Manufacturing,5836,4
855,Account 0855,Mid-Market,Manufacturing,7610,2
856,Account 0856,Enterprise,SaaS,4264,4
857,Account 0857,Mid-Market,SaaS,5767,3
858,Account 0858,Mid-Market,SaaS,6781,8
859,Account 0859,Enterprise,SaaS,1156,1
860,Account 0860,SMB,Manufacturing,8458,7
861,Account 0861,SMB,Retail,6229,2
862,Account 0862,SMB,Financial services,8281,8
863,Account 0863,SMB,Healthcare,2689,7
864,Account 0864,Mid-Market,Financial services,241,2
865,Account 0865,SMB,Financial services,8788,6
866,Account 0866,Mid-Market,Healthcare,3159,4
867,Account 0867,Enterprise,Financial services,8684,7
868,Account 0868,SMB,SaaS,2326,1
869,Account 0869,Mid-Market,SaaS,1153,6
870,Account 0870,SMB,Financial services,429,5
871,Account 0871,SMB,Logistics,4840,2
872,Account 0872,Mid-Market,Retail,8830,6
873,Account 0873,SMB,Logistics,2117,4
874,Account 0874,Mid-Market,SaaS,3359,4
875,Account 0875,Mid-Market,Retail,3621,5
876,Account 0876,SMB,Retail,7407,8
877,Account 0877,Mid-Market,SaaS,4424,7
878,Account 0878,Enterprise,Manufacturing,176,8
879,Account 0879,SMB,Healthcare,5888,8
880,Account 0880,SMB,Healthcare,409,8
881,Account 0881,SMB,Healthcare,6099,4
882,Account 0882,SMB,Manufacturing,7219,8
883,Account 0883,SMB,Logistics,907,3
884,Account 0884,SMB,Manufacturing,5318,3
885,Account 0885,SMB,SaaS,1055,4
886,Account 0886,SMB,Retail,2538,3
887,Account 0887,SMB,Manufacturing,4597,3
888,Account 0888,SMB,Retail,8267,8
889,Account 0889,Mid-Market,SaaS,2208,8
890,Account 0890,Mid-Market,Retail,3967,3
891,Account 0891,SMB,Logistics,3633,1
892,Account 0892,Mid-Market,Manufacturing,242,6
893,Account 0893,Mid-Market,Healthcare,5876,1
894,Account 0894,SMB,Financial services,7731,6
895,Account 0895,SMB,SaaS,2155,3
896,Account 0896,Enterprise,Retail,7033,3
897,Account 0897,SMB,Financial services,7693,2
898,Account 0898,SMB,Financial services,2872,3
899,Account 0899,Enterprise,Retail,2906,1
900,Account 0900,Mid-Market,Logistics,7227,5
901,Account 0901,Enterprise,Healthcare,3619,2
902,Account 0902,SMB,Manufacturing,3680,3
903,Account 0903,Mid-Market,Healthcare,6019,5
904,Account 0904,Mid-Market,Logistics,8945,6
905,Account 0905,SMB,Manufacturing,4371,3
906,Account 0906,Mid-Market,Manufacturing,1320,4
907,Account 0907,Enterprise,Logistics,8684,7
908,Account 0908,Mid-Market,Logistics,1094,8
909,Account 0909,SMB,Financial services,7198,1
910,Account 0910,Enterprise,Financial services,5272,2
911,Account 0911,SMB,Manufacturing,740,1
912,Account 0912,Mid-Market,Financial services,1166,5
913,Account 0913,SMB,Retail,6023,2
914,Account 0914,SMB,Logistics,2498,3
915,Account 0915,Mid-Market,Financial services,6378,7
916,Account 0916,SMB,Logistics,3838,3
917,Account 0917,Enterprise,Logistics,5609,5
918,Account 0918,SMB,Healthcare,8580,1
919,Account 0919,SMB,SaaS,5035,2
920,Account 0920,SMB,Manufacturing,3830,2
921,Account 0921,SMB,Logistics,4464,7
922,Account 0922,Mid-Market,Financial services,5377,4
923,Account 0923,SMB,SaaS,8182,2
924,Account 0924,SMB,Logistics,3338,4
925,Account 0925,Mid-Market,SaaS,4101,2
926,Account 0926,Mid-Market,Logistics,8092,4
927,Account 0927,Enterprise,Healthcare,4873,1
928,Account 0928,SMB,Healthcare,5130,5
929,Account 0929,Mid-Market,Logistics,5313,2
930,Account 0930,SMB,Manufacturing,8999,5
931,Account 0931,SMB,Manufacturing,8746,7
932,Account 0932,SMB,SaaS,4905,4
933,Account 0933,Mid-Market,Financial services,5632,1
934,Account 0934,SMB,SaaS,7581,6
935,Account 0935,Mid-Market,Retail,277,2
936,Account 0936,SMB,Logistics,2370,2
937,Account 0937,Mid-Market,SaaS,3301,7
938,Account 0938,Mid-Market,SaaS,4914,2
939,Account 0939,SMB,Healthcare,190,6
940,Account 0940,SMB,Healthcare,192,2
941,Account 0941,SMB,SaaS,1248,5
942,Account 0942,Mid-Market,Healthcare,5424,8
943,Account 0943,Mid-Market,Retail,1170,4
944,Account 0944,SMB,Financial services,402,7
945,Account 0945,SMB,Manufacturing,5127,2
946,Account 0946,SMB,SaaS,7412,6
947,Account 0947,SMB,Logistics,2370,4
948,Account 0948,SMB,Retail,2074,1
949,Account 0949,SMB,Financial services,5491,2
950,Account 0950,SMB,Logistics,4161,1
951,Account 0951,SMB,Logistics,5942,2
952,Account 0952,Mid-Market,SaaS,1576,1
953,Account 0953,SMB,Retail,332,5
954,Account 0954,Mid-Market,SaaS,2099,4
955,Account 0955,Mid-Market,Manufacturing,2343,6
956,Account 0956,Mid-Market,Manufacturing,4713,4
957,Account 0957,SMB,Financial services,7116,8
958,Account 0958,Mid-Market,Financial services,7019,2
959,Account 0959,SMB,Financial services,3359,7
960,Account 0960,SMB,Financial services,4237,5
961,Account 0961,SMB,Financial services,211,1
962,Account 0962,SMB,Retail,527,4
963,Account 0963,Mid-Market,Manufacturing,8388,8
964,Account 0964,SMB,Financial services,8409,7
965,Account 0965,Mid-Market,Financial services,4213,3
966,Account 0966,Mid-Market,Manufacturing,2979,4
967,Account 0967,SMB,Healthcare,4096,1
968,Account 0968,SMB,SaaS,6198,5
969,Account 0969,SMB,Manufacturing,8329,5
970,Account 0970,Mid-Market,Retail,8169,6
971,Account 0971,Enterprise,Manufacturing,3449,3
972,Account 0972,SMB,Financial services,4729,1
973,Account 0973,SMB,Logistics,6891,6
974,Account 0974,SMB,Healthcare,802,4
975,Account 0975,Mid-Market,SaaS,7836,2
976,Account 0976,Mid-Market,SaaS,7211,3
977,Account 0977,SMB,Retail,7458,1
978,Account 0978,Mid-Market,SaaS,653,5
979,Account 0979,SMB,Retail,7126,8
980,Account 0980,SMB,SaaS,5871,4
981,Account 0981,Mid-Market,Healthcare,782,7
982,Account 0982,Enterprise,Retail,7494,2
983,Account 0983,SMB,Healthcare,5617,7
984,Account 0984,Mid-Market,Financial services,7382,7
985,Account 0985,Mid-Market,Logistics,8679,2
986,Account 0986,Mid-Market,Manufacturing,1929,8
987,Account 0987,SMB,Logistics,4790,8
988,Account 0988,Enterprise,Healthcare,8921,3
989,Account 0989,Mid-Market,Healthcare,1274,2
990,Account 0990,Mid-Market,Financial services,1222,5
991,Account 0991,SMB,Healthcare,5465,7
992,Account 0992,Mid-Market,Financial services,8786,2
993,Account 0993,SMB,Retail,298,7
994,Account 0994,SMB,Healthcare,3382,6
995,Account 0995,SMB,Logistics,8106,7
996,Account 0996,SMB,Logistics,5579,6
997,Account 0997,SMB,Manufacturing,2249,7
998,Account 0998,SMB,Manufacturing,1644,1
999,Account 0999,Mid-Market,Manufacturing,8107,3
1000,Account 1000,SMB,Manufacturing,1549,8
1001,Account 1001,Enterprise,Healthcare,8323,4
1002,Account 1002,Enterprise,Logistics,748,8
1003,Account 1003,Mid-Market,Healthcare,139,7
1004,Account 1004,SMB,Manufacturing,1972,1
1005,Account 1005,SMB,Manufacturing,425,8
1006,Account 1006,SMB,Logistics,4921,2
1007,Account 1007,Enterprise,Financial services,1726,5
1008,Account 1008,Mid-Market,Manufacturing,3854,2
1009,Account 1009,SMB,Logistics,7120,2
1010,Account 1010,Mid-Market,Manufacturing,454,8
1011,Account 1011,SMB,Manufacturing,6968,6
1012,Account 1012,Enterprise,Healthcare,4386,1
1013,Account 1013,Mid-Market,Financial services,2440,8
1014,Account 1014,Mid-Market,Retail,3567,5
1015,Account 1015,SMB,Financial services,7035,6
1016,Account 1016,SMB,Financial services,8587,5
1017,Account 1017,SMB,Manufacturing,8136,1
1018,Account 1018,SMB,Retail,3374,3
1019,Account 1019,Enterprise,Healthcare,8326,1
1020,Account 1020,SMB,SaaS,2762,1
1021,Account 1021,Enterprise,Retail,3490,2
1022,Account 1022,Mid-Market,Manufacturing,8277,2
1023,Account 1023,Mid-Market,SaaS,3682,6
1024,Account 1024,Mid-Market,Healthcare,6988,7
1025,Account 1025,SMB,Logistics,2081,5
1026,Account 1026,SMB,Financial services,4390,5
1027,Account 1027,SMB,Financial services,775,4
1028,Account 1028,Mid-Market,Retail,7877,1
1029,Account 1029,Mid-Market,Logistics,6398,3
1030,Account 1030,SMB,Financial services,5852,1
1031,Account 1031,SMB,SaaS,6734,7
1032,Account 1032,SMB,Healthcare,5751,2
1033,Account 1033,Mid-Market,Logistics,3198,6
1034,Account 1034,SMB,Healthcare,912,3
1035,Account 1035,SMB,Logistics,8094,2
1036,Account 1036,Mid-Market,Logistics,8719,7
1037,Account 1037,SMB,Retail,1333,7
1038,Account 1038,SMB,Financial services,5522,5
1039,Account 1039,Mid-Market,Retail,6124,1
1040,Account 1040,SMB,Retail,1686,3
1041,Account 1041,SMB,Retail,7801,4
1042,Account 1042,Mid-Market,Healthcare,5888,1
1043,Account 1043,Enterprise,Manufacturing,4604,8
1044,Account 1044,Enterprise,SaaS,7479,5
1045,Account 1045,Enterprise,SaaS,1732,4
1046,Account 1046,Mid-Market,SaaS,3858,5
1047,Account 1047,Mid-Market,SaaS,4247,7
1048,Account 1048,SMB,Retail,8060,8
1049,Account 1049,Mid-Market,SaaS,3760,1
1050,Account 1050,SMB,Logistics,774,5
1051,Account 1051,SMB,Retail,1910,8
1052,Account 1052,SMB,Manufacturing,3970,4
1053,Account 1053,SMB,SaaS,2073,3
1054,Account 1054,SMB,SaaS,575,1
1055,Account 1055,Enterprise,Logistics,6953,2
1056,Account 1056,Mid-Market,Manufacturing,6284,5
1057,Account 1057,SMB,Manufacturing,6171,1
1058,Account 1058,SMB,Healthcare,3741,8
1059,Account 1059,Enterprise,Logistics,4911,5
1060,Account 1060,SMB,Financial services,5739,6
1061,Account 1061,SMB,Logistics,184,6
1062,Account 1062,SMB,Logistics,4358,6
1063,Account 1063,Enterprise,Logistics,6613,1
1064,Account 1064,SMB,Logistics,4161,1
1065,Account 1065,Mid-Market,Healthcare,420,4
1066,Account 1066,Enterprise,Healthcare,7557,2
1067,Account 1067,Enterprise,Healthcare,8960,4
1068,Account 1068,SMB,Retail,8486,3
1069,Account 1069,SMB,Financial services,6495,6
1070,Account 1070,Mid-Market,Retail,2249,7
1071,Account 1071,SMB,Retail,8335,2
1072,Account 1072,Mid-Market,Manufacturing,4931,7
1073,Account 1073,SMB,Healthcare,7683,2
1074,Account 1074,SMB,Manufacturing,5629,3
1075,Account 1075,Enterprise,Healthcare,5364,8
1076,Account 1076,SMB,Financial services,7404,3
1077,Account 1077,SMB,Logistics,1931,5
1078,Account 1078,Enterprise,Financial services,8430,2
1079,Account 1079,SMB,SaaS,5810,2
1080,Account 1080,Mid-Market,Healthcare,3170,3
1081,Account 1081,SMB,Manufacturing,6669,6
1082,Account 1082,SMB,SaaS,1443,2
1083,Account 1083,Mid-Market,Healthcare,8424,5
1084,Account 1084,SMB,Retail,1249,8
1085,Account 1085,Mid-Market,Logistics,8585,8
1086,Account 1086,Enterprise,Manufacturing,1261,6
1087,Account 1087,Mid-Market,Financial services,7364,2
1088,Account 1088,SMB,Logistics,1087,4
1089,Account 1089,Mid-Market,Manufacturing,1841,7
1090,Account 1090,SMB,Financial services,7359,8
1091,Account 1091,Enterprise,SaaS,1391,4
1092,Account 1092,SMB,SaaS,8615,1
1093,Account 1093,Enterprise,Manufacturing,8243,7
1094,Account 1094,SMB,Healthcare,8140,2
1095,Account 1095,SMB,Retail,8800,3
1096,Account 1096,Mid-Market,Logistics,6795,1
1097,Account 1097,Mid-Market,Retail,4014,6
1098,Account 1098,SMB,Logistics,3020,4
1099,Account 1099,SMB,Financial services,3253,3
1100,Account 1100,SMB,Logistics,7511,3
1101,Account 1101,Enterprise,Retail,6474,4
1102,Account 1102,Enterprise,SaaS,4628,5
1103,Account 1103,Mid-Market,Manufacturing,4801,8
1104,Account 1104,SMB,Logistics,3947,6
1105,Account 1105,Mid-Market,Healthcare,771,6
1106,Account 1106,SMB,Manufacturing,8100,2
1107,Account 1107,SMB,Logistics,3212,4
1108,Account 1108,Enterprise,SaaS,5453,6
1109,Account 1109,Mid-Market,SaaS,4559,1
1110,Account 1110,Mid-Market,Manufacturing,4495,7
1111,Account 1111,Mid-Market,Retail,6323,8
1112,Account 1112,Mid-Market,SaaS,3972,6
1113,Account 1113,SMB,Healthcare,2067,6
1114,Account 1114,SMB,Manufacturing,3522,8
1115,Account 1115,SMB,Logistics,4293,2
1116,Account 1116,Mid-Market,Manufacturing,4162,5
1117,Account 1117,Mid-Market,Retail,4602,4
1118,Account 1118,Mid-Market,Healthcare,3110,3
1119,Account 1119,Mid-Market,Healthcare,2486,3
1120,Account 1120,SMB,Financial services,3358,8
1121,Account 1121,Mid-Market,SaaS,3377,7
1122,Account 1122,SMB,Logistics,7905,5
1123,Account 1123,Mid-Market,Manufacturing,4683,8
1124,Account 1124,SMB,Logistics,1904,4
1125,Account 1125,SMB,Logistics,3537,5
1126,Account 1126,Mid-Market,SaaS,4386,4
1127,Account 1127,SMB,Logistics,6820,2
1128,Account 1128,Mid-Market,Logistics,571,5
1129,Account 1129,SMB,Manufacturing,5512,3
1130,Account 1130,SMB,Manufacturing,7524,7
1131,Account 1131,SMB,Healthcare,117,8
1132,Account 1132,Mid-Market,Retail,2096,1
1133,Account 1133,Mid-Market,Manufacturing,949,2
1134,Account 1134,SMB,SaaS,5026,4
1135,Account 1135,Enterprise,SaaS,6960,5
1136,Account 1136,SMB,Logistics,3129,6
1137,Account 1137,SMB,Healthcare,3385,8
1138,Account 1138,Enterprise,Financial services,6922,1
1139,Account 1139,Enterprise,Healthcare,6205,7
1140,Account 1140,Mid-Market,Financial services,5004,4
1141,Account 1141,Enterprise,SaaS,7849,2
1142,Account 1142,SMB,Retail,1884,3
1143,Account 1143,SMB,Retail,3174,8
1144,Account 1144,SMB,Financial services,8569,2
1145,Account 1145,SMB,Financial services,2278,3
1146,Account 1146,Mid-Market,Financial services,7724,5
1147,Account 1147,Mid-Market,Healthcare,7226,1
1148,Account 1148,SMB,SaaS,2450,5
1149,Account 1149,SMB,Retail,7063,8
1150,Account 1150,SMB,Retail,1167,8
1151,Account 1151,Mid-Market,Financial services,5396,8
1152,Account 1152,SMB,Manufacturing,8077,6
1153,Account 1153,Enterprise,Retail,3417,4
1154,Account 1154,SMB,Financial services,1254,4
1155,Account 1155,SMB,Retail,8558,7
1156,Account 1156,SMB,Retail,3212,1
1157,Account 1157,SMB,Logistics,7967,3
1158,Account 1158,Mid-Market,Logistics,3644,7
1159,Account 1159,SMB,Logistics,1287,8
1160,Account 1160,Mid-Market,Manufacturing,1976,2
1161,Account 1161,Mid-Market,Retail,6609,8
1162,Account 1162,SMB,Retail,8757,5
1163,Account 1163,Mid-Market,Logistics,2308,3
1164,Account 1164,SMB,Financial services,5924,8
1165,Account 1165,SMB,Manufacturing,6621,8
1166,Account 1166,SMB,Manufacturing,3540,4
1167,Account 1167,Mid-Market,Manufacturing,4501,3
1168,Account 1168,Mid-Market,Logistics,2319,3
1169,Account 1169,Mid-Market,Financial services,5675,5
1170,Account 1170,Mid-Market,Healthcare,6638,1
1171,Account 1171,SMB,Manufacturing,2699,6
1172,Account 1172,Enterprise,SaaS,6077,8
1173,Account 1173,Enterprise,Retail,8421,8
1174,Account 1174,Enterprise,Logistics,5275,6
1175,Account 1175,Mid-Market,Logistics,7151,7
1176,Account 1176,SMB,Logistics,4862,6
1177,Account 1177,SMB,Healthcare,8944,2
1178,Account 1178,SMB,Financial services,5447,1
1179,Account 1179,SMB,SaaS,2773,8
1180,Account 1180,Enterprise,Financial services,3314,4
1181,Account 1181,Enterprise,Logistics,7107,1
1182,Account 1182,SMB,Healthcare,4619,4
1183,Account 1183,SMB,Healthcare,3388,8
1184,Account 1184,Mid-Market,Manufacturing,3497,5
1185,Account 1185,Mid-Market,Retail,6130,7
1186,Account 1186,SMB,Healthcare,4259,2
1187,Account 1187,Mid-Market,Financial services,3521,3
1188,Account 1188,SMB,Manufacturing,5836,4
1189,Account 1189,SMB,SaaS,8888,1
1190,Account 1190,Mid-Market,SaaS,7953,7
1191,Account 1191,Mid-Market,Logistics,8535,4
1192,Account 1192,Mid-Market,Logistics,4461,7
1193,Account 1193,Enterprise,Manufacturing,8826,5
1194,Account 1194,SMB,Retail,6655,5
1195,Account 1195,Mid-Market,Healthcare,4345,3
1196,Account 1196,SMB,SaaS,2025,8
1197,Account 1197,Mid-Market,SaaS,38,4
1198,Account 1198,SMB,Manufacturing,6631,4
1199,Account 1199,SMB,Financial services,4855,7
1200,Account 1200,SMB,Healthcare,5724,3
1201,Account 1201,Enterprise,Retail,1872,8
1202,Account 1202,Mid-Market,SaaS,964,2
1203,Account 1203,Enterprise,Retail,5806,2
1204,Account 1204,Mid-Market,Healthcare,2008,1
1205,Account 1205,Mid-Market,Logistics,8678,4
1206,Account 1206,SMB,Financial services,4908,8
1207,Account 1207,Mid-Market,Manufacturing,662,7
1208,Account 1208,Mid-Market,Retail,8958,4
1209,Account 1209,Mid-Market,Logistics,7193,8
1210,Account 1210,SMB,Logistics,6170,6
1211,Account 1211,SMB,SaaS,7604,3
1212,Account 1212,SMB,SaaS,4259,1
1213,Account 1213,Enterprise,Manufacturing,8170,5
1214,Account 1214,Mid-Market,Healthcare,4141,4
1215,Account 1215,Mid-Market,Manufacturing,8921,3
1216,Account 1216,SMB,Retail,7314,5
1217,Account 1217,Enterprise,SaaS,4266,6
1218,Account 1218,SMB,Logistics,2302,4
1219,Account 1219,SMB,Healthcare,7454,8
1220,Account 1220,Enterprise,Logistics,5969,7
1221,Account 1221,SMB,Manufacturing,698,3
1222,Account 1222,SMB,Retail,375,2
1223,Account 1223,Mid-Market,Healthcare,3766,6
1224,Account 1224,SMB,Manufacturing,4416,2
1225,Account 1225,Mid-Market,Healthcare,3379,8
1226,Account 1226,SMB,Healthcare,1627,4
1227,Account 1227,SMB,SaaS,4094,6
1228,Account 1228,SMB,SaaS,2766,8
1229,Account 1229,Enterprise,Healthcare,153,3
1230,Account 1230,SMB,SaaS,8506,6
1231,Account 1231,Mid-Market,SaaS,5779,6
1232,Account 1232,Mid-Market,Manufacturing,5909,2
1233,Account 1233,SMB,SaaS,8204,4
1234,Account 1234,SMB,Retail,7232,3
1235,Account 1235,SMB,Financial services,6595,8
1236,Account 1236,SMB,Manufacturing,1667,4
1237,Account 1237,Enterprise,Financial services,6242,3
1238,Account 1238,Enterprise,Healthcare,487,8
1239,Account 1239,Enterprise,Retail,7668,2
1240,Account 1240,Mid-Market,Retail,2478,1
1241,Account 1241,SMB,Manufacturing,6565,8
1242,Account 1242,Mid-Market,SaaS,1723,2
1243,Account 1243,SMB,Financial services,5821,6
1244,Account 1244,SMB,Financial services,6142,2
1245,Account 1245,SMB,Logistics,4448,7
1246,Account 1246,SMB,Healthcare,4733,6
1247,Account 1247,SMB,Logistics,8069,1
1248,Account 1248,SMB,Healthcare,1361,6
1249,Account 1249,Mid-Market,Healthcare,7326,6
1250,Account 1250,Mid-Market,Healthcare,5646,1
1251,Account 1251,Enterprise,Healthcare,4106,1
1252,Account 1252,Enterprise,Retail,5520,8
1253,Account 1253,Mid-Market,SaaS,1174,7
1254,Account 1254,SMB,Manufacturing,2497,2
1255,Account 1255,SMB,Manufacturing,2746,7
1256,Account 1256,SMB,SaaS,4132,4
1257,Account 1257,SMB,Financial services,6984,1
1258,Account 1258,Mid-Market,Logistics,4156,8
1259,Account 1259,Mid-Market,Manufacturing,7640,7
1260,Account 1260,Mid-Market,Logistics,3011,4
1261,Account 1261,Enterprise,Retail,2282,1
1262,Account 1262,Mid-Market,SaaS,6108,5
1263,Account 1263,SMB,Retail,6755,6
1264,Account 1264,SMB,Financial services,8335,7
1265,Account 1265,Mid-Market,Healthcare,8998,8
1266,Account 1266,SMB,Logistics,7448,2
1267,Account 1267,SMB,SaaS,7711,7
1268,Account 1268,SMB,SaaS,2975,5
1269,Account 1269,SMB,Healthcare,947,2
1270,Account 1270,Mid-Market,Financial services,4257,7
1271,Account 1271,SMB,Manufacturing,6492,5
1272,Account 1272,SMB,Healthcare,2146,3
1273,Account 1273,SMB,SaaS,5228,8
1274,Account 1274,Mid-Market,Manufacturing,1245,3
1275,Account 1275,SMB,SaaS,2817,2
1276,Account 1276,Mid-Market,Logistics,595,4
1277,Account 1277,Mid-Market,Logistics,8373,6
1278,Account 1278,Mid-Market,Financial services,4102,6
1279,Account 1279,SMB,Financial services,5432,4
1280,Account 1280,SMB,Manufacturing,8358,3
1281,Account 1281,SMB,SaaS,1194,5
1282,Account 1282,SMB,Logistics,2802,1
1283,Account 1283,SMB,Retail,4951,5
1284,Account 1284,Mid-Market,Financial services,4181,3
1285,Account 1285,Mid-Market,Manufacturing,1498,7
1286,Account 1286,Mid-Market,Retail,1036,3
1287,Account 1287,SMB,SaaS,4698,7
1288,Account 1288,Enterprise,SaaS,7761,1
1289,Account 1289,SMB,Manufacturing,4732,1
1290,Account 1290,SMB,Healthcare,6638,8
1291,Account 1291,Enterprise,Financial services,6674,6
1292,Account 1292,SMB,SaaS,948,2
1293,Account 1293,Enterprise,Retail,4648,7
1294,Account 1294,Mid-Market,Financial services,8762,7
1295,Account 1295,SMB,Financial services,6001,3
1296,Account 1296,SMB,Retail,4648,3
1297,Account 1297,SMB,Retail,3186,2
1298,Account 1298,Enterprise,Healthcare,7200,4
1299,Account 1299,SMB,Financial services,3742,2
1300,Account 1300,SMB,Financial services,1155,6
1301,Account 1301,SMB,Logistics,2335,2
1302,Account 1302,Mid-Market,Financial services,7567,2
1303,Account 1303,SMB,Retail,6822,6
1304,Account 1304,Enterprise,SaaS,8077,3
1305,Account 1305,SMB,Retail,5728,3
1306,Account 1306,Mid-Market,Manufacturing,7965,4
1307,Account 1307,Mid-Market,SaaS,1339,6
1308,Account 1308,SMB,Retail,6393,1
1309,Account 1309,Mid-Market,Manufacturing,8348,1
1310,Account 1310,SMB,Retail,7329,1
1311,Account 1311,Mid-Market,Financial services,5375,1
1312,Account 1312,Mid-Market,Logistics,4055,5
1313,Account 1313,SMB,Manufacturing,1158,5
1314,Account 1314,Mid-Market,Retail,2102,3
1315,Account 1315,SMB,SaaS,5643,2
1316,Account 1316,Mid-Market,Retail,3285,1
1317,Account 1317,SMB,Logistics,109,5
1318,Account 1318,SMB,Financial services,8843,2
1319,Account 1319,Mid-Market,SaaS,2182,7
1320,Account 1320,SMB,Logistics,599,7
1321,Account 1321,SMB,Healthcare,6137,1
1322,Account 1322,Mid-Market,SaaS,4936,8
1323,Account 1323,SMB,Financial services,3911,8
1324,Account 1324,SMB,Healthcare,1362,1
1325,Account 1325,Mid-Market,Financial services,730,6
1326,Account 1326,SMB,Manufacturing,8912,8
1327,Account 1327,SMB,Healthcare,8047,3
1328,Account 1328,SMB,Retail,853,4
1329,Account 1329,SMB,Logistics,143,4
1330,Account 1330,SMB,Retail,5130,7
1331,Account 1331,Mid-Market,Retail,1735,3
1332,Account 1332,Enterprise,Manufacturing,8034,7
1333,Account 1333,Mid-Market,Logistics,4849,4
1334,Account 1334,SMB,Retail,5596,7
1335,Account 1335,SMB,Financial services,8954,6
1336,Account 1336,Mid-Market,SaaS,2991,4
1337,Account 1337,SMB,Retail,1754,3
1338,Account 1338,Mid-Market,Logistics,2649,7
1339,Account 1339,SMB,Logistics,5534,5
1340,Account 1340,SMB,Retail,5768,2
1341,Account 1341,Mid-Market,Logistics,381,7
1342,Account 1342,SMB,Healthcare,1860,5
1343,Account 1343,SMB,SaaS,6708,4
1344,Account 1344,Mid-Market,Manufacturing,5313,8
1345,Account 1345,Mid-Market,Manufacturing,1846,8
1346,Account 1346,Mid-Market,Logistics,3390,4
1347,Account 1347,Mid-Market,Logistics,8930,8
1348,Account 1348,Mid-Market,SaaS,8946,5
1349,Account 1349,SMB,Manufacturing,2003,6
1350,Account 1350,SMB,Manufacturing,7013,5
1351,Account 1351,SMB,Retail,1541,4
1352,Account 1352,SMB,Manufacturing,7499,1
1353,Account 1353,SMB,Retail,2943,3
1354,Account 1354,Enterprise,Logistics,7028,6
1355,Account 1355,SMB,Financial services,3533,5
1356,Account 1356,SMB,Logistics,1766,5
1357,Account 1357,Mid-Market,Manufacturing,5982,5
1358,Account 1358,Enterprise,Manufacturing,5215,1
1359,Account 1359,Enterprise,Logistics,3048,7
1360,Account 1360,SMB,SaaS,1191,4
1361,Account 1361,SMB,Healthcare,4095,6
1362,Account 1362,SMB,SaaS,1660,4
1363,Account 1363,SMB,Financial services,296,4
1364,Account 1364,Enterprise,Healthcare,4491,6
1365,Account 1365,SMB,Retail,5097,5
1366,Account 1366,SMB,Manufacturing,6760,3
1367,Account 1367,Mid-Market,Healthcare,5005,6
1368,Account 1368,SMB,Healthcare,4473,4
1369,Account 1369,SMB,Financial services,3450,3
1370,Account 1370,Enterprise,SaaS,7803,4
1371,Account 1371,SMB,Financial services,3796,6
1372,Account 1372,Mid-Market,Healthcare,7767,4
1373,Account 1373,Mid-Market,Healthcare,8148,3
1374,Account 1374,SMB,Healthcare,564,8
1375,Account 1375,SMB,Retail,3546,8
1376,Account 1376,SMB,Logistics,143,8
1377,Account 1377,SMB,Logistics,7845,8
1378,Account 1378,SMB,Logistics,8871,3
1379,Account 1379,Mid-Market,Healthcare,7218,7
1380,Account 1380,SMB,Retail,98,6
1381,Account 1381,SMB,Healthcare,8450,7
1382,Account 1382,Mid-Market,Logistics,8884,1
1383,Account 1383,Mid-Market,SaaS,205,8
1384,Account 1384,Mid-Market,Logistics,1169,1
1385,Account 1385,SMB,Manufacturing,587,3
1386,Account 1386,Mid-Market,SaaS,3381,7
1387,Account 1387,SMB,Logistics,4032,2
1388,Account 1388,Mid-Market,SaaS,3466,7
1389,Account 1389,SMB,Logistics,5273,6
1390,Account 1390,Mid-Market,Healthcare,1120,6
1391,Account 1391,SMB,Logistics,7181,5
1392,Account 1392,Mid-Market,Retail,5360,4
1393,Account 1393,SMB,Retail,8078,2
1394,Account 1394,SMB,Manufacturing,2786,1
1395,Account 1395,SMB,Manufacturing,3131,6
1396,Account 1396,SMB,Healthcare,4454,8
1397,Account 1397,SMB,SaaS,2962,6
1398,Account 1398,Enterprise,Logistics,2066,8
1399,Account 1399,SMB,Healthcare,319,1
1400,Account 1400,Mid-Market,Manufacturing,8344,6
1401,Account 1401,Mid-Market,Retail,7663,6
1402,Account 1402,Enterprise,Financial services,7165,6
1403,Account 1403,SMB,Logistics,6350,6
1404,Account 1404,SMB,Retail,4296,5
1405,Account 1405,Mid-Market,Financial services,3425,3
1406,Account 1406,SMB,SaaS,5501,5
1407,Account 1407,Mid-Market,Retail,1482,6
1408,Account 1408,SMB,Healthcare,4014,2
1409,Account 1409,SMB,Logistics,1325,7
1410,Account 1410,SMB,Manufacturing,3795,2
1411,Account 1411,SMB,Manufacturing,6326,7
1412,Account 1412,Enterprise,Logistics,2701,5
1413,Account 1413,Mid-Market,Healthcare,7445,5
1414,Account 1414,Mid-Market,Manufacturing,8128,4
1415,Account 1415,SMB,SaaS,365,5
1416,Account 1416,Mid-Market,Financial services,6578,6
1417,Account 1417,Enterprise,SaaS,1133,6
1418,Account 1418,SMB,Healthcare,1075,1
1419,Account 1419,Enterprise,Manufacturing,1908,2
1420,Account 1420,Mid-Market,Manufacturing,8948,3
1421,Account 1421,SMB,SaaS,5068,2
1422,Account 1422,Mid-Market,Logistics,4487,2
1423,Account 1423,SMB,Manufacturing,7971,5
1424,Account 1424,SMB,Healthcare,6141,5
1425,Account 1425,SMB,Healthcare,8281,6
1426,Account 1426,SMB,Retail,3302,2
1427,Account 1427,SMB,SaaS,2359,8
1428,Account 1428,Enterprise,Financial services,4384,6
1429,Account 1429,SMB,Retail,6325,3
1430,Account 1430,SMB,Financial services,530,3
1431,Account 1431,SMB,Healthcare,8192,5
1432,Account 1432,Mid-Market,Logistics,73,2
1433,Account 1433,SMB,Manufacturing,3052,3
1434,Account 1434,SMB,Manufacturing,3374,1
1435,Account 1435,SMB,Logistics,5555,7
1436,Account 1436,SMB,Financial services,8166,1
1437,Account 1437,Enterprise,Financial services,6437,1
1438,Account 1438,Mid-Market,Healthcare,8890,1
1439,Account 1439,SMB,Retail,7633,4
1440,Account 1440,SMB,Retail,5120,7
1441,Account 1441,SMB,Logistics,105,3
1442,Account 1442,Mid-Market,SaaS,8347,1
1443,Account 1443,SMB,Healthcare,8588,1
1444,Account 1444,Enterprise,Financial services,3678,1
1445,Account 1445,Enterprise,Manufacturing,104,6
1446,Account 1446,SMB,Manufacturing,5923,6
1447,Account 1447,SMB,SaaS,3591,3
1448,Account 1448,Mid-Market,Financial services,8450,7
1449,Account 1449,Mid-Market,Healthcare,209,7
1450,Account 1450,SMB,Financial services,8767,2
1451,Account 1451,SMB,SaaS,1435,3
1452,Account 1452,SMB,Retail,7707,4
1453,Account 1453,SMB,Financial services,189,8
1454,Account 1454,SMB,Healthcare,5352,4
1455,Account 1455,Enterprise,Retail,129,6
1456,Account 1456,Mid-Market,Logistics,6543,2
1457,Account 1457,Mid-Market,Logistics,1994,8
1458,Account 1458,SMB,Financial services,7529,3
1459,Account 1459,Mid-Market,SaaS,1647,3
1460,Account 1460,Mid-Market,Manufacturing,2088,4
1461,Account 1461,SMB,Retail,7794,7
1462,Account 1462,Enterprise,Healthcare,2299,7
1463,Account 1463,Mid-Market,Manufacturing,5391,3
1464,Account 1464,SMB,Manufacturing,5996,4
1465,Account 1465,SMB,Financial services,6120,1
1466,Account 1466,SMB,Financial services,8320,6
1467,Account 1467,Mid-Market,Healthcare,8506,8
1468,Account 1468,SMB,Logistics,8537,2
1469,Account 1469,SMB,SaaS,4354,5
1470,Account 1470,SMB,SaaS,3679,5
1471,Account 1471,SMB,Manufacturing,4361,5
1472,Account 1472,Mid-Market,Logistics,942,8
1473,Account 1473,SMB,Logistics,6566,3
1474,Account 1474,SMB,Financial services,6973,7
1475,Account 1475,Mid-Market,Logistics,3504,8
1476,Account 1476,Mid-Market,Logistics,2155,7
1477,Account 1477,SMB,SaaS,1201,7
1478,Account 1478,SMB,SaaS,2411,6
1479,Account 1479,Mid-Market,Manufacturing,1170,5
1480,Account 1480,Mid-Market,Healthcare,4897,3
1481,Account 1481,Mid-Market,SaaS,3703,2
1482,Account 1482,Mid-Market,Financial services,5957,2
1483,Account 1483,Mid-Market,Logistics,3010,6
1484,Account 1484,SMB,SaaS,7513,8
1485,Account 1485,SMB,Healthcare,7338,3
1486,Account 1486,SMB,Retail,4039,7
1487,Account 1487,SMB,Logistics,3855,3
1488,Account 1488,Mid-Market,Healthcare,4764,6
1489,Account 1489,SMB,SaaS,7930,2
1490,Account 1490,Mid-Market,Healthcare,2741,3
1491,Account 1491,SMB,SaaS,2129,2
1492,Account 1492,SMB,SaaS,7369,3
1493,Account 1493,SMB,Logistics,2597,2
1494,Account 1494,SMB,Healthcare,3735,1
1495,Account 1495,Mid-Market,SaaS,951,1
1496,Account 1496,SMB,Manufacturing,781,4
1497,Account 1497,SMB,Retail,1827,8
1498,Account 1498,SMB,Retail,8289,6
1499,Account 1499,Enterprise,Manufacturing,1118,7
1500,Account 1500,Mid-Market,Manufacturing,8486,4
1501,Account 1501,Mid-Market,Manufacturing,1204,5
1502,Account 1502,SMB,Logistics,8699,1
1503,Account 1503,Mid-Market,Financial services,3772,2
1504,Account 1504,Mid-Market,Financial services,3390,1
1505,Account 1505,SMB,SaaS,8925,5
1506,Account 1506,SMB,Retail,6040,5
1507,Account 1507,SMB,Manufacturing,3550,8
1508,Account 1508,Mid-Market,Retail,8389,2
1509,Account 1509,SMB,Logistics,182,5
1510,Account 1510,Enterprise,Retail,2048,4
1511,Account 1511,Mid-Market,Financial services,7259,2
1512,Account 1512,SMB,Manufacturing,6884,2
1513,Account 1513,Mid-Market,Retail,6657,7
1514,Account 1514,SMB,Healthcare,1923,2
1515,Account 1515,Mid-Market,Logistics,1062,6
1516,Account 1516,SMB,Financial services,7575,3
1517,Account 1517,SMB,Retail,4624,3
1518,Account 1518,SMB,Retail,3994,1
1519,Account 1519,Mid-Market,Retail,4192,5
1520,Account 1520,SMB,Manufacturing,611,8
1521,Account 1521,SMB,Manufacturing,8959,5
1522,Account 1522,Mid-Market,Manufacturing,2296,4
1523,Account 1523,Enterprise,Manufacturing,2348,5
1524,Account 1524,Mid-Market,Financial services,8611,5
1525,Account 1525,SMB,Manufacturing,6152,1
1526,Account 1526,Enterprise,Healthcare,2097,3
1527,Account 1527,SMB,Manufacturing,8945,2
1528,Account 1528,Enterprise,Retail,6907,2
1529,Account 1529,SMB,Healthcare,6634,8
1530,Account 1530,SMB,Logistics,5523,7
1531,Account 1531,SMB,Healthcare,3821,2
1532,Account 1532,Enterprise,Manufacturing,3453,4
1533,Account 1533,Mid-Market,Healthcare,3291,6
1534,Account 1534,Mid-Market,Logistics,5723,4
1535,Account 1535,Enterprise,Manufacturing,5038,3
1536,Account 1536,Mid-Market,Financial services,8523,5
1537,Account 1537,SMB,SaaS,7559,8
1538,Account 1538,Mid-Market,Manufacturing,4139,3
1539,Account 1539,Enterprise,SaaS,8190,4
1540,Account 1540,SMB,SaaS,1332,6
1541,Account 1541,SMB,Financial services,8232,6
1542,Account 1542,SMB,Retail,3591,5
1543,Account 1543,Enterprise,Retail,4888,7
1544,Account 1544,SMB,Healthcare,6758,5
1545,Account 1545,SMB,SaaS,3491,3
1546,Account 1546,SMB,Healthcare,2128,5
1547,Account 1547,Mid-Market,Financial services,6260,3
1548,Account 1548,SMB,Manufacturing,2953,2
1549,Account 1549,SMB,SaaS,5040,8
1550,Account 1550,SMB,Logistics,824,6
1551,Account 1551,SMB,Manufacturing,5734,6
1552,Account 1552,SMB,Manufacturing,4102,8
1553,Account 1553,Mid-Market,Retail,2280,4
1554,Account 1554,SMB,Retail,5820,1
1555,Account 1555,Enterprise,Healthcare,1347,2
1556,Account 1556,Enterprise,Healthcare,6951,3
1557,Account 1557,Enterprise,Retail,3599,8
1558,Account 1558,Mid-Market,Healthcare,8383,4
1559,Account 1559,SMB,Logistics,7599,7
1560,Account 1560,SMB,Manufacturing,6235,1
1561,Account 1561,Mid-Market,Logistics,5918,8
1562,Account 1562,SMB,Financial services,7084,7
1563,Account 1563,Enterprise,Manufacturing,70,6
1564,Account 1564,SMB,Logistics,1203,3
1565,Account 1565,Enterprise,Retail,1771,7
1566,Account 1566,SMB,Retail,4870,3
1567,Account 1567,SMB,Healthcare,1554,5
1568,Account 1568,SMB,Financial services,6602,3
1569,Account 1569,Enterprise,Retail,5521,4
1570,Account 1570,Mid-Market,Logistics,1812,5
1571,Account 1571,Enterprise,Financial services,8305,7
1572,Account 1572,Mid-Market,Retail,4595,8
1573,Account 1573,SMB,SaaS,1638,8
1574,Account 1574,Mid-Market,Retail,4558,3
1575,Account 1575,Mid-Market,Financial services,877,5
1576,Account 1576,SMB,Manufacturing,8441,2
1577,Account 1577,SMB,Logistics,3437,3
1578,Account 1578,SMB,Manufacturing,1962,4
1579,Account 1579,SMB,Retail,5635,2
1580,Account 1580,Enterprise,Manufacturing,6199,4
1581,Account 1581,Enterprise,Healthcare,3542,6
1582,Account 1582,SMB,SaaS,3447,7
1583,Account 1583,Mid-Market,Healthcare,880,4
1584,Account 1584,SMB,Financial services,779,2
1585,Account 1585,Mid-Market,Healthcare,8150,6
1586,Account 1586,Mid-Market,SaaS,6126,4
1587,Account 1587,SMB,Retail,4214,7
1588,Account 1588,SMB,SaaS,98,2
1589,Account 1589,SMB,Retail,1627,2
1590,Account 1590,Enterprise,SaaS,1112,7
1591,Account 1591,SMB,Manufacturing,6112,7
1592,Account 1592,Mid-Market,Retail,1932,8
1593,Account 1593,SMB,SaaS,5088,4
1594,Account 1594,SMB,Manufacturing,1588,4
1595,Account 1595,SMB,Financial services,2751,2
1596,Account 1596,SMB,SaaS,882,7
1597,Account 1597,Mid-Market,Logistics,85,3
1598,Account 1598,Mid-Market,Healthcare,842,3
1599,Account 1599,SMB,Healthcare,4182,4
1600,Account 1600,Enterprise,Financial services,5876,5
1601,Account 1601,SMB,Financial services,8802,2
1602,Account 1602,SMB,SaaS,7081,7
1603,Account 1603,SMB,SaaS,1815,7
1604,Account 1604,Mid-Market,Healthcare,4598,8
1605,Account 1605,Enterprise,Financial services,1942,2
1606,Account 1606,Enterprise,Manufacturing,8254,8
1607,Account 1607,Enterprise,Manufacturing,245,7
1608,Account 1608,SMB,Manufacturing,3280,7
1609,Account 1609,SMB,Manufacturing,6140,5
1610,Account 1610,Enterprise,Manufacturing,1104,1
1611,Account 1611,SMB,Logistics,7539,8
1612,Account 1612,Mid-Market,Healthcare,4309,6
1613,Account 1613,SMB,Logistics,1433,7
1614,Account 1614,SMB,Retail,5236,6
1615,Account 1615,Mid-Market,Logistics,39,5
1616,Account 1616,SMB,SaaS,2288,5
1617,Account 1617,Enterprise,SaaS,7321,2
1618,Account 1618,Enterprise,Manufacturing,6677,2
1619,Account 1619,SMB,Logistics,6924,5
1620,Account 1620,Mid-Market,Financial services,7851,8
1621,Account 1621,SMB,Healthcare,588,2
1622,Account 1622,SMB,Retail,1884,4
1623,Account 1623,SMB,Logistics,386,7
1624,Account 1624,SMB,Logistics,6918,4
1625,Account 1625,SMB,Logistics,7717,4
1626,Account 1626,SMB,Logistics,2966,3
1627,Account 1627,SMB,Manufacturing,3539,5
1628,Account 1628,Mid-Market,Healthcare,1371,3
1629,Account 1629,Mid-Market,Logistics,844,7
1630,Account 1630,SMB,Retail,7629,2
1631,Account 1631,Mid-Market,Financial services,4899,2
1632,Account 1632,SMB,Healthcare,1344,6
1633,Account 1633,Mid-Market,SaaS,8394,6
1634,Account 1634,Mid-Market,Retail,7173,4
1635,Account 1635,SMB,Manufacturing,2119,2
1636,Account 1636,SMB,SaaS,6234,3
1637,Account 1637,SMB,Logistics,1871,5
1638,Account 1638,SMB,Logistics,6333,7
1639,Account 1639,SMB,SaaS,98,6
1640,Account 1640,Mid-Market,Retail,6290,1
1641,Account 1641,Mid-Market,Retail,4784,6
1642,Account 1642,SMB,SaaS,6102,4
1643,Account 1643,Mid-Market,Healthcare,4801,8
1644,Account 1644,SMB,Healthcare,6627,3
1645,Account 1645,SMB,Financial services,4754,6
1646,Account 1646,Mid-Market,Logistics,697,5
1647,Account 1647,SMB,Financial services,4962,3
1648,Account 1648,Enterprise,Logistics,3263,1
1649,Account 1649,SMB,Healthcare,7871,8
1650,Account 1650,Mid-Market,Logistics,5691,4
1651,Account 1651,SMB,Financial services,1569,2
1652,Account 1652,SMB,Healthcare,5482,1
1653,Account 1653,Enterprise,Logistics,3737,5
1654,Account 1654,SMB,Healthcare,2298,1
1655,Account 1655,SMB,Healthcare,3753,4
1656,Account 1656,SMB,Logistics,1365,7
1657,Account 1657,Mid-Market,Financial services,2089,7
1658,Account 1658,SMB,Healthcare,4491,8
1659,Account 1659,Mid-Market,Logistics,3843,3
1660,Account 1660,SMB,Financial services,1287,2
1661,Account 1661,SMB,Retail,242,5
1662,Account 1662,Mid-Market,Manufacturing,4862,7
1663,Account 1663,SMB,SaaS,2223,1
1664,Account 1664,SMB,SaaS,8837,5
1665,Account 1665,Enterprise,Retail,560,4
1666,Account 1666,Mid-Market,SaaS,8095,3
1667,Account 1667,SMB,Logistics,818,6
1668,Account 1668,Mid-Market,SaaS,8189,6
1669,Account 1669,SMB,Healthcare,1399,7
1670,Account 1670,SMB,Logistics,6175,2
1671,Account 1671,SMB,Financial services,2063,6
1672,Account 1672,Mid-Market,Retail,5783,8
1673,Account 1673,Mid-Market,SaaS,8705,1
1674,Account 1674,Mid-Market,SaaS,6224,3
1675,Account 1675,SMB,Retail,1615,1
1676,Account 1676,SMB,Retail,7757,1
1677,Account 1677,SMB,Manufacturing,8455,4
1678,Account 1678,SMB,SaaS,5578,2
1679,Account 1679,SMB,Retail,3737,3
1680,Account 1680,SMB,Logistics,4816,3
1681,Account 1681,Mid-Market,Manufacturing,8931,8
1682,Account 1682,SMB,SaaS,4168,6
1683,Account 1683,SMB,Retail,8596,2
1684,Account 1684,SMB,Logistics,655,8
1685,Account 1685,Mid-Market,Manufacturing,4476,7
1686,Account 1686,Mid-Market,Healthcare,3368,2
1687,Account 1687,SMB,Retail,1699,1
1688,Account 1688,SMB,Manufacturing,7028,3
1689,Account 1689,Mid-Market,Manufacturing,2275,7
1690,Account 1690,Mid-Market,Financial services,8138,1
1691,Account 1691,SMB,Manufacturing,1491,6
1692,Account 1692,Mid-Market,Financial services,6297,6
1693,Account 1693,SMB,Logistics,7563,7
1694,Account 1694,SMB,Financial services,4239,2
1695,Account 1695,SMB,Manufacturing,927,5
1696,Account 1696,Mid-Market,Manufacturing,6443,3
1697,Account 1697,SMB,SaaS,137,1
1698,Account 1698,SMB,SaaS,292,3
1699,Account 1699,Mid-Market,Healthcare,6353,5
1700,Account 1700,SMB,Retail,5642,3
1701,Account 1701,SMB,SaaS,3220,3
1702,Account 1702,SMB,Manufacturing,4139,8
1703,Account 1703,SMB,Financial services,3291,2
1704,Account 1704,SMB,Financial services,5673,5
1705,Account 1705,Mid-Market,SaaS,1121,3
1706,Account 1706,SMB,Financial services,5768,6
1707,Account 1707,Mid-Market,Retail,3392,1
1708,Account 1708,Enterprise,Manufacturing,7731,1
1709,Account 1709,Mid-Market,Healthcare,8947,8
1710,Account 1710,SMB,Financial services,1802,6
1711,Account 1711,SMB,SaaS,3719,2
1712,Account 1712,Enterprise,Logistics,1791,3
1713,Account 1713,SMB,SaaS,1533,2
1714,Account 1714,SMB,Retail,5969,8
1715,Account 1715,SMB,Manufacturing,8552,4
1716,Account 1716,SMB,Logistics,8533,5
1717,Account 1717,Mid-Market,Logistics,139,2
1718,Account 1718,Mid-Market,Healthcare,581,4
1719,Account 1719,SMB,Healthcare,60,5
1720,Account 1720,Mid-Market,Retail,6955,6
1721,Account 1721,SMB,Retail,6658,2
1722,Account 1722,Enterprise,Logistics,3125,2
1723,Account 1723,Mid-Market,Healthcare,330,1
1724,Account 1724,SMB,Retail,8683,7
1725,Account 1725,SMB,SaaS,5855,1
1726,Account 1726,Mid-Market,Retail,8155,8
1727,Account 1727,Mid-Market,Logistics,2622,3
1728,Account 1728,SMB,Manufacturing,2101,2
1729,Account 1729,SMB,Manufacturing,8558,7
1730,Account 1730,Mid-Market,Healthcare,7650,2
1731,Account 1731,SMB,SaaS,1804,8
1732,Account 1732,Mid-Market,Logistics,3369,5
1733,Account 1733,Mid-Market,SaaS,758,5
1734,Account 1734,Enterprise,Financial services,7420,7
1735,Account 1735,SMB,SaaS,1393,7
1736,Account 1736,Mid-Market,Manufacturing,8664,8
1737,Account 1737,SMB,Manufacturing,6794,7
1738,Account 1738,Mid-Market,Retail,1890,7
1739,Account 1739,Enterprise,Retail,2025,1
1740,Account 1740,Mid-Market,Manufacturing,4205,7
1741,Account 1741,Mid-Market,Financial services,5798,8
1742,Account 1742,SMB,Healthcare,2076,8
1743,Account 1743,SMB,Manufacturing,5559,1
1744,Account 1744,SMB,Retail,5198,8
1745,Account 1745,Mid-Market,Manufacturing,7808,2
1746,Account 1746,Mid-Market,SaaS,8411,4
1747,Account 1747,Mid-Market,Financial services,7288,6
1748,Account 1748,SMB,Healthcare,6681,8
1749,Account 1749,SMB,Retail,8848,1
1750,Account 1750,SMB,Financial services,2937,1
1751,Account 1751,SMB,Healthcare,2431,6
1752,Account 1752,SMB,SaaS,6744,1
1753,Account 1753,Mid-Market,SaaS,850,3
1754,Account 1754,SMB,Financial services,2510,3
1755,Account 1755,SMB,Logistics,5735,6
1756,Account 1756,SMB,SaaS,3960,1
1757,Account 1757,SMB,Financial services,7735,5
1758,Account 1758,SMB,SaaS,4950,6
1759,Account 1759,SMB,Healthcare,652,3
1760,Account 1760,SMB,SaaS,2782,8
1761,Account 1761,SMB,SaaS,5895,3
1762,Account 1762,Mid-Market,Financial services,7718,1
1763,Account 1763,SMB,SaaS,567,8
1764,Account 1764,Enterprise,Healthcare,1215,5
1765,Account 1765,Mid-Market,Retail,1198,3
1766,Account 1766,SMB,Retail,2422,2
1767,Account 1767,SMB,SaaS,7869,6
1768,Account 1768,Mid-Market,Logistics,3864,7
1769,Account 1769,SMB,Logistics,5832,4
1770,Account 1770,Mid-Market,Logistics,965,8
1771,Account 1771,Mid-Market,Retail,5572,2
1772,Account 1772,SMB,Financial services,2930,8
1773,Account 1773,SMB,Logistics,1667,1
1774,Account 1774,Mid-Market,Healthcare,5872,3
1775,Account 1775,Mid-Market,SaaS,8630,5
1776,Account 1776,SMB,Manufacturing,7777,7
1777,Account 1777,Mid-Market,Logistics,3507,4
1778,Account 1778,Mid-Market,Logistics,2827,1
1779,Account 1779,SMB,Retail,5766,5
1780,Account 1780,SMB,Manufacturing,6740,8
1781,Account 1781,SMB,Manufacturing,3792,8
1782,Account 1782,SMB,Retail,1983,1
1783,Account 1783,SMB,SaaS,5856,1
1784,Account 1784,SMB,SaaS,8914,7
1785,Account 1785,SMB,SaaS,3391,3
1786,Account 1786,SMB,Financial services,3247,6
1787,Account 1787,Mid-Market,Healthcare,4223,1
1788,Account 1788,Mid-Market,SaaS,5893,8
1789,Account 1789,SMB,Logistics,1118,5
1790,Account 1790,Mid-Market,Manufacturing,5566,1
1791,Account 1791,Mid-Market,Healthcare,6427,7
1792,Account 1792,SMB,SaaS,1599,8
1793,Account 1793,SMB,Logistics,1550,3
1794,Account 1794,Enterprise,Financial services,3059,2
1795,Account 1795,Mid-Market,Healthcare,5126,2
1796,Account 1796,SMB,Healthcare,4200,2
1797,Account 1797,Enterprise,SaaS,5420,8
1798,Account 1798,SMB,Financial services,2552,8
1799,Account 1799,SMB,SaaS,388,5
1800,Account 1800,Enterprise,Manufacturing,619,4
1801,Account 1801,Enterprise,SaaS,2693,6
1802,Account 1802,SMB,SaaS,1263,3
1803,Account 1803,SMB,Retail,7938,1
1804,Account 1804,SMB,Healthcare,7460,1
1805,Account 1805,SMB,Manufacturing,8451,6
1806,Account 1806,Mid-Market,Logistics,3906,6
1807,Account 1807,Mid-Market,Healthcare,904,6
1808,Account 1808,Enterprise,Retail,5021,6
1809,Account 1809,SMB,Financial services,2606,7
1810,Account 1810,Enterprise,SaaS,814,6
1811,Account 1811,SMB,Financial services,558,6
1812,Account 1812,SMB,Retail,121,3
1813,Account 1813,Mid-Market,SaaS,8226,6
1814,Account 1814,Mid-Market,Financial services,791,4
1815,Account 1815,SMB,Retail,7183,5
1816,Account 1816,Mid-Market,SaaS,8784,7
1817,Account 1817,Mid-Market,Manufacturing,7472,2
1818,Account 1818,SMB,Healthcare,330,8
1819,Account 1819,SMB,SaaS,7699,4
1820,Account 1820,SMB,Manufacturing,126,8
1821,Account 1821,SMB,Manufacturing,5779,4
1822,Account 1822,Enterprise,Financial services,4079,7
1823,Account 1823,SMB,Financial services,2641,2
1824,Account 1824,SMB,Manufacturing,2876,1
1825,Account 1825,Mid-Market,Logistics,4062,2
1826,Account 1826,SMB,Logistics,454,4
1827,Account 1827,SMB,Logistics,7409,2
1828,Account 1828,Mid-Market,Retail,4834,3
1829,Account 1829,SMB,Logistics,3545,8
1830,Account 1830,Mid-Market,Healthcare,8443,1
1831,Account 1831,Mid-Market,Financial services,2824,1
1832,Account 1832,Mid-Market,SaaS,3776,1
1833,Account 1833,Mid-Market,Manufacturing,516,5
1834,Account 1834,SMB,Manufacturing,5297,3
1835,Account 1835,SMB,Financial services,6194,2
1836,Account 1836,SMB,Healthcare,3484,4
1837,Account 1837,SMB,SaaS,8185,7
1838,Account 1838,SMB,SaaS,1543,2
1839,Account 1839,SMB,Logistics,7527,5
1840,Account 1840,SMB,SaaS,7728,2
1841,Account 1841,SMB,SaaS,6803,6
1842,Account 1842,Mid-Market,Healthcare,6130,1
1843,Account 1843,SMB,Manufacturing,2881,2
1844,Account 1844,Mid-Market,Healthcare,564,2
1845,Account 1845,SMB,Manufacturing,8656,3
1846,Account 1846,Mid-Market,Manufacturing,563,6
1847,Account 1847,SMB,Healthcare,8333,3
1848,Account 1848,Mid-Market,Logistics,6763,2
1849,Account 1849,SMB,SaaS,2232,7
1850,Account 1850,SMB,Logistics,6578,2
1851,Account 1851,SMB,Manufacturing,6134,3
1852,Account 1852,Mid-Market,SaaS,5054,3
1853,Account 1853,SMB,Financial services,4909,3
1854,Account 1854,Enterprise,Manufacturing,3847,2
1855,Account 1855,SMB,Healthcare,1102,8
1856,Account 1856,SMB,SaaS,1474,6
1857,Account 1857,SMB,Financial services,1501,3
1858,Account 1858,SMB,Manufacturing,6216,6
1859,Account 1859,SMB,Retail,7483,6
1860,Account 1860,SMB,Logistics,1495,4
1861,Account 1861,Mid-Market,Retail,1199,7
1862,Account 1862,SMB,SaaS,4268,8
1863,Account 1863,SMB,Manufacturing,5958,5
1864,Account 1864,Enterprise,SaaS,192,4
1865,Account 1865,SMB,Manufacturing,8087,4
1866,Account 1866,Mid-Market,Manufacturing,239,3
1867,Account 1867,Mid-Market,Financial services,3586,8
1868,Account 1868,SMB,Financial services,3562,5
1869,Account 1869,SMB,Logistics,3018,5
1870,Account 1870,Mid-Market,Logistics,4032,5
1871,Account 1871,SMB,Financial services,3712,2
1872,Account 1872,Mid-Market,Financial services,7041,7
1873,Account 1873,Mid-Market,Manufacturing,7368,2
1874,Account 1874,SMB,Logistics,7735,5
1875,Account 1875,Mid-Market,Financial services,230,7
1876,Account 1876,Mid-Market,Logistics,4279,6
1877,Account 1877,SMB,Logistics,4629,8
1878,Account 1878,Mid-Market,Manufacturing,4565,6
1879,Account 1879,SMB,Manufacturing,3287,6
1880,Account 1880,SMB,Healthcare,5995,2
1881,Account 1881,Enterprise,Retail,2298,8
1882,Account 1882,Mid-Market,Financial services,7777,1
1883,Account 1883,SMB,Financial services,1391,1
1884,Account 1884,Mid-Market,Financial services,5512,7
1885,Account 1885,Mid-Market,Manufacturing,916,2
1886,Account 1886,Mid-Market,Logistics,5619,2
1887,Account 1887,Mid-Market,SaaS,1385,6
1888,Account 1888,Mid-Market,Manufacturing,3507,7
1889,Account 1889,Mid-Market,Financial services,5291,8
1890,Account 1890,SMB,Healthcare,857,1
1891,Account 1891,SMB,Logistics,7377,2
1892,Account 1892,SMB,Manufacturing,1471,4
1893,Account 1893,SMB,Retail,5527,5
1894,Account 1894,SMB,SaaS,8350,4
1895,Account 1895,Mid-Market,SaaS,3495,2
1896,Account 1896,Mid-Market,Manufacturing,3599,4
1897,Account 1897,Mid-Market,Healthcare,3982,5
1898,Account 1898,Mid-Market,SaaS,3347,1
1899,Account 1899,SMB,SaaS,8391,3
1900,Account 1900,Mid-Market,Financial services,5106,2
1901,Account 1901,SMB,Logistics,6998,7
1902,Account 1902,Mid-Market,Financial services,3264,6
1903,Account 1903,Enterprise,Logistics,8567,1
1904,Account 1904,SMB,Healthcare,7389,4
1905,Account 1905,SMB,Logistics,6048,5
1906,Account 1906,SMB,Manufacturing,4101,1
1907,Account 1907,Mid-Market,Financial services,776,7
1908,Account 1908,SMB,Healthcare,1344,7
1909,Account 1909,Enterprise,Manufacturing,1473,8
1910,Account 1910,SMB,Manufacturing,7148,7
1911,Account 1911,SMB,Healthcare,7500,6
1912,Account 1912,SMB,Retail,4962,7
1913,Account 1913,Enterprise,Healthcare,3976,8
1914,Account 1914,Mid-Market,Retail,5746,1
1915,Account 1915,SMB,Manufacturing,7543,6
1916,Account 1916,Mid-Market,SaaS,8629,1
1917,Account 1917,Mid-Market,Retail,5431,5
1918,Account 1918,SMB,Financial services,5851,7
1919,Account 1919,SMB,SaaS,3449,3
1920,Account 1920,SMB,Healthcare,4292,8
1921,Account 1921,Mid-Market,SaaS,2403,4
1922,Account 1922,Mid-Market,Manufacturing,99,6
1923,Account 1923,SMB,Financial services,5119,8
1924,Account 1924,Mid-Market,SaaS,2666,1
1925,Account 1925,Mid-Market,Financial services,5153,1
1926,Account 1926,Mid-Market,Retail,388,8
1927,Account 1927,SMB,Retail,7134,8
1928,Account 1928,Mid-Market,SaaS,7385,5
1929,Account 1929,Mid-Market,Retail,1715,8
1930,Account 1930,SMB,Manufacturing,3471,3
1931,Account 1931,Mid-Market,Financial services,7006,2
1932,Account 1932,SMB,Financial services,8258,2
1933,Account 1933,SMB,Manufacturing,4468,3
1934,Account 1934,Mid-Market,Retail,5019,2
1935,Account 1935,Enterprise,Healthcare,519,2
1936,Account 1936,SMB,Financial services,2229,1
1937,Account 1937,Mid-Market,Healthcare,5221,3
1938,Account 1938,Enterprise,Financial services,1885,6
1939,Account 1939,Mid-Market,Financial services,3937,8
1940,Account 1940,SMB,Financial services,8981,6
1941,Account 1941,Mid-Market,Financial services,5953,4
1942,Account 1942,Mid-Market,Manufacturing,1704,1
1943,Account 1943,SMB,Logistics,4767,6
1944,Account 1944,Mid-Market,Healthcare,7250,8
1945,Account 1945,Enterprise,SaaS,2355,8
1946,Account 1946,SMB,Logistics,6098,2
1947,Account 1947,Mid-Market,SaaS,8343,1
1948,Account 1948,Mid-Market,SaaS,4344,3
1949,Account 1949,SMB,Manufacturing,8148,5
1950,Account 1950,SMB,Financial services,299,8
1951,Account 1951,Enterprise,SaaS,4490,6
1952,Account 1952,SMB,Retail,8937,4
1953,Account 1953,Mid-Market,SaaS,5632,8
1954,Account 1954,SMB,Healthcare,232,6
1955,Account 1955,Mid-Market,Retail,3951,5
1956,Account 1956,Enterprise,Retail,6378,6
1957,Account 1957,Enterprise,Logistics,1128,2
1958,Account 1958,Mid-Market,Healthcare,4854,5
1959,Account 1959,Mid-Market,Healthcare,2543,5
1960,Account 1960,Enterprise,SaaS,4994,4
1961,Account 1961,Mid-Market,SaaS,5164,1
1962,Account 1962,SMB,SaaS,8599,5
1963,Account 1963,SMB,SaaS,8200,2
1964,Account 1964,SMB,Logistics,4290,6
1965,Account 1965,Enterprise,Logistics,8342,6
1966,Account 1966,Mid-Market,Manufacturing,6753,4
1967,Account 1967,SMB,Retail,7696,1
1968,Account 1968,Enterprise,Retail,8265,8
1969,Account 1969,Mid-Market,Retail,7650,4
1970,Account 1970,Mid-Market,Financial services,845,1
1971,Account 1971,Mid-Market,Manufacturing,8806,8
1972,Account 1972,SMB,SaaS,3562,5
1973,Account 1973,SMB,Retail,3566,1
1974,Account 1974,SMB,SaaS,3973,1
1975,Account 1975,Enterprise,SaaS,3262,1
1976,Account 1976,SMB,Manufacturing,2628,5
1977,Account 1977,SMB,Logistics,5926,1
1978,Account 1978,SMB,Logistics,7560,8
1979,Account 1979,Mid-Market,Logistics,7639,5
1980,Account 1980,SMB,Healthcare,4089,4
1981,Account 1981,Mid-Market,Retail,1564,5
1982,Account 1982,SMB,Financial services,2711,8
1983,Account 1983,SMB,Retail,1982,2
1984,Account 1984,SMB,Healthcare,6955,1
1985,Account 1985,Mid-Market,Manufacturing,2400,3
1986,Account 1986,SMB,Healthcare,8501,1
1987,Account 1987,SMB,Retail,1259,3
1988,Account 1988,Mid-Market,Retail,438,5
1989,Account 1989,Mid-Market,Retail,1272,4
1990,Account 1990,Mid-Market,SaaS,8297,4
1991,Account 1991,Enterprise,SaaS,6365,3
1992,Account 1992,Mid-Market,SaaS,797,6
1993,Account 1993,Mid-Market,Financial services,51,4
1994,Account 1994,SMB,Retail,6859,6
1995,Account 1995,Mid-Market,Financial services,5468,2
1996,Account 1996,SMB,Logistics,7015,1
1997,Account 1997,Enterprise,Healthcare,8393,3
1998,Account 1998,SMB,Logistics,6807,2
1999,Account 1999,SMB,SaaS,1143,7
2000,Account 2000,SMB,Financial services,5189,4
2001,Account 2001,Enterprise,SaaS,808,3
2002,Account 2002,SMB,SaaS,8126,4
2003,Account 2003,SMB,Financial services,6279,3
2004,Account 2004,SMB,Healthcare,3748,5
2005,Account 2005,SMB,Retail,1744,8
2006,Account 2006,SMB,Financial services,29,1
2007,Account 2007,Mid-Market,Logistics,4254,5
2008,Account 2008,Mid-Market,SaaS,3434,4
2009,Account 2009,SMB,Financial services,14,2
2010,Account 2010,SMB,SaaS,7478,3
2011,Account 2011,Mid-Market,Retail,566,7
2012,Account 2012,SMB,Logistics,1043,2
2013,Account 2013,Mid-Market,Retail,180,1
2014,Account 2014,Mid-Market,Financial services,4228,1
2015,Account 2015,SMB,SaaS,222,6
2016,Account 2016,SMB,Retail,993,1
2017,Account 2017,SMB,Logistics,7253,4
2018,Account 2018,Mid-Market,Financial services,3910,4
2019,Account 2019,SMB,Healthcare,1086,8
2020,Account 2020,Mid-Market,Logistics,7103,6
2021,Account 2021,Enterprise,Healthcare,4800,1
2022,Account 2022,Mid-Market,Manufacturing,735,8
2023,Account 2023,SMB,Retail,2934,2
2024,Account 2024,SMB,Retail,8943,5
2025,Account 2025,Mid-Market,Retail,3453,3
2026,Account 2026,SMB,Financial services,6902,5
2027,Account 2027,Enterprise,Healthcare,1419,8
2028,Account 2028,Mid-Market,Logistics,8526,5
2029,Account 2029,Mid-Market,Healthcare,5589,6
2030,Account 2030,Enterprise,Retail,4655,5
2031,Account 2031,Mid-Market,Retail,8075,3
2032,Account 2032,SMB,Financial services,6336,3
2033,Account 2033,SMB,Retail,7063,2
2034,Account 2034,Mid-Market,Retail,7808,5
2035,Account 2035,SMB,Retail,2308,7
2036,Account 2036,SMB,Logistics,1091,4
2037,Account 2037,SMB,Retail,8976,3
2038,Account 2038,SMB,Manufacturing,6331,6
2039,Account 2039,SMB,SaaS,4321,2
2040,Account 2040,SMB,SaaS,5861,8
2041,Account 2041,Mid-Market,Financial services,5759,7
2042,Account 2042,SMB,Manufacturing,4715,8
2043,Account 2043,SMB,Healthcare,2698,1
2044,Account 2044,SMB,Manufacturing,1604,1
2045,Account 2045,SMB,Retail,3313,1
2046,Account 2046,SMB,Financial services,8542,1
2047,Account 2047,Enterprise,Logistics,7658,4
2048,Account 2048,Enterprise,Logistics,412,5
2049,Account 2049,SMB,Logistics,4444,8
2050,Account 2050,SMB,Financial services,1173,2
2051,Account 2051,Mid-Market,Retail,1297,3
2052,Account 2052,Mid-Market,Financial services,6079,8
2053,Account 2053,Mid-Market,Logistics,2243,3
2054,Account 2054,Mid-Market,Logistics,8255,6
2055,Account 2055,Mid-Market,Financial services,4189,8
2056,Account 2056,Mid-Market,SaaS,1713,2
2057,Account 2057,Mid-Market,SaaS,228,1
2058,Account 2058,SMB,Logistics,37,2
2059,Account 2059,Mid-Market,Healthcare,6514,5
2060,Account 2060,SMB,Financial services,7435,4
2061,Account 2061,Mid-Market,Financial services,8893,3
2062,Account 2062,SMB,Manufacturing,6671,8
2063,Account 2063,SMB,Manufacturing,2937,8
2064,Account 2064,Mid-Market,Healthcare,1969,8
2065,Account 2065,SMB,Retail,4209,4
2066,Account 2066,Mid-Market,Logistics,7104,4
2067,Account 2067,Enterprise,Healthcare,8878,2
2068,Account 2068,Enterprise,Financial services,6027,4
2069,Account 2069,Mid-Market,Logistics,6995,4
2070,Account 2070,Mid-Market,Logistics,381,2
2071,Account 2071,Mid-Market,Retail,1731,3
2072,Account 2072,SMB,Retail,6308,5
2073,Account 2073,SMB,Manufacturing,149,3
2074,Account 2074,Mid-Market,Logistics,4853,7
2075,Account 2075,Mid-Market,Financial services,8515,4
2076,Account 2076,Mid-Market,Healthcare,1635,1
2077,Account 2077,Mid-Market,Manufacturing,2223,3
2078,Account 2078,SMB,Healthcare,1579,1
2079,Account 2079,Mid-Market,Retail,70,4
2080,Account 2080,Mid-Market,Manufacturing,5787,1
2081,Account 2081,Mid-Market,Retail,3726,8
2082,Account 2082,SMB,Retail,6516,1
2083,Account 2083,Mid-Market,SaaS,8921,5
2084,Account 2084,Mid-Market,Manufacturing,4456,7
2085,Account 2085,Mid-Market,Healthcare,6100,4
2086,Account 2086,Mid-Market,SaaS,7275,4
2087,Account 2087,Enterprise,Logistics,3681,6
2088,Account 2088,SMB,Healthcare,29,6
2089,Account 2089,SMB,Healthcare,5228,4
2090,Account 2090,SMB,Logistics,3024,7
2091,Account 2091,SMB,Manufacturing,7902,6
2092,Account 2092,Mid-Market,Manufacturing,7380,7
2093,Account 2093,SMB,SaaS,2761,7
2094,Account 2094,SMB,SaaS,4229,8
2095,Account 2095,SMB,Logistics,6874,1
2096,Account 2096,SMB,Manufacturing,3895,1
2097,Account 2097,SMB,SaaS,3248,5
2098,Account 2098,Mid-Market,SaaS,784,1
2099,Account 2099,SMB,Financial services,5336,4
2100,Account 2100,Enterprise,Manufacturing,8381,5
2101,Account 2101,SMB,Retail,8714,8
2102,Account 2102,SMB,SaaS,6128,3
2103,Account 2103,SMB,Retail,4333,7
2104,Account 2104,SMB,SaaS,5670,2
2105,Account 2105,SMB,Logistics,111,4
2106,Account 2106,SMB,Logistics,5367,2
2107,Account 2107,SMB,SaaS,6500,4
2108,Account 2108,Mid-Market,SaaS,2335,1
2109,Account 2109,SMB,Logistics,704,6
2110,Account 2110,SMB,Manufacturing,3696,2
2111,Account 2111,Mid-Market,Retail,8778,5
2112,Account 2112,SMB,SaaS,5134,3
2113,Account 2113,SMB,Retail,2919,8
2114,Account 2114,Mid-Market,SaaS,4307,6
2115,Account 2115,Mid-Market,Manufacturing,4066,6
2116,Account 2116,SMB,Manufacturing,8426,6
2117,Account 2117,Mid-Market,Retail,813,8
2118,Account 2118,SMB,Retail,2642,5
2119,Account 2119,SMB,Financial services,1377,3
2120,Account 2120,SMB,Logistics,59,4
2121,Account 2121,Mid-Market,Manufacturing,3287,7
2122,Account 2122,SMB,Manufacturing,6547,7
2123,Account 2123,Mid-Market,Manufacturing,5250,4
2124,Account 2124,Mid-Market,Retail,577,8
2125,Account 2125,SMB,Manufacturing,7932,1
2126,Account 2126,SMB,Logistics,8749,4
2127,Account 2127,Mid-Market,Logistics,5960,7
2128,Account 2128,Enterprise,Retail,4849,7
2129,Account 2129,SMB,Retail,1151,4
2130,Account 2130,SMB,SaaS,1827,5
2131,Account 2131,Mid-Market,SaaS,6661,7
2132,Account 2132,SMB,Logistics,7297,7
2133,Account 2133,Mid-Market,Financial services,1804,3
2134,Account 2134,SMB,Manufacturing,6577,5
2135,Account 2135,SMB,Financial services,8473,6
2136,Account 2136,SMB,Healthcare,8043,2
2137,Account 2137,Mid-Market,SaaS,7703,5
2138,Account 2138,Mid-Market,Logistics,3888,1
2139,Account 2139,SMB,SaaS,5369,3
2140,Account 2140,SMB,Retail,594,2
2141,Account 2141,SMB,Manufacturing,4031,5
2142,Account 2142,SMB,Financial services,1467,7
2143,Account 2143,SMB,Retail,1887,5
2144,Account 2144,SMB,Financial services,5585,4
2145,Account 2145,SMB,SaaS,2600,1
2146,Account 2146,Mid-Market,Retail,7851,2
2147,Account 2147,Enterprise,SaaS,8859,3
2148,Account 2148,SMB,Logistics,2209,7
2149,Account 2149,Mid-Market,Manufacturing,7372,5
2150,Account 2150,Mid-Market,Manufacturing,4883,5
2151,Account 2151,SMB,SaaS,8089,1
2152,Account 2152,Mid-Market,Logistics,4988,5
2153,Account 2153,SMB,Logistics,7583,3
2154,Account 2154,Mid-Market,Financial services,7721,2
2155,Account 2155,Mid-Market,SaaS,981,7
2156,Account 2156,Enterprise,Manufacturing,5553,8
2157,Account 2157,SMB,Manufacturing,1038,1
2158,Account 2158,Enterprise,SaaS,7916,6
2159,Account 2159,Enterprise,SaaS,6581,2
2160,Account 2160,SMB,Manufacturing,1849,7
2161,Account 2161,SMB,Healthcare,6105,6
2162,Account 2162,SMB,Retail,7679,6
2163,Account 2163,SMB,Logistics,3602,1
2164,Account 2164,Mid-Market,Healthcare,4469,1
2165,Account 2165,Enterprise,SaaS,7282,4
2166,Account 2166,SMB,Logistics,3935,4
2167,Account 2167,Enterprise,Manufacturing,3314,8
2168,Account 2168,Mid-Market,Healthcare,550,7
2169,Account 2169,SMB,Financial services,5080,1
2170,Account 2170,Mid-Market,Retail,6129,3
2171,Account 2171,SMB,Manufacturing,4160,5
2172,Account 2172,Mid-Market,Logistics,1703,3
2173,Account 2173,SMB,Healthcare,1275,6
2174,Account 2174,SMB,Manufacturing,5017,5
2175,Account 2175,Mid-Market,SaaS,3945,6
2176,Account 2176,Enterprise,Retail,2607,6
2177,Account 2177,Mid-Market,Financial services,6468,1
2178,Account 2178,SMB,Retail,6298,8
2179,Account 2179,SMB,Retail,3764,6
2180,Account 2180,Mid-Market,Healthcare,7478,7
2181,Account 2181,Mid-Market,Retail,1190,2
2182,Account 2182,SMB,Healthcare,3170,5
2183,Account 2183,Mid-Market,Healthcare,5451,1
2184,Account 2184,Enterprise,Retail,3197,8
2185,Account 2185,SMB,Manufacturing,5257,6
2186,Account 2186,Mid-Market,Retail,4405,4
2187,Account 2187,SMB,Healthcare,6914,1
2188,Account 2188,SMB,Healthcare,2763,2
2189,Account 2189,SMB,Financial services,94,5
2190,Account 2190,SMB,SaaS,4220,7
2191,Account 2191,SMB,Manufacturing,4887,8
2192,Account 2192,Mid-Market,Manufacturing,905,2
2193,Account 2193,SMB,Retail,2195,8
2194,Account 2194,SMB,Retail,6447,3
2195,Account 2195,SMB,Financial services,2036,6
2196,Account 2196,Enterprise,Logistics,6440,1
2197,Account 2197,SMB,Manufacturing,3771,1
2198,Account 2198,SMB,Logistics,7844,3
2199,Account 2199,Mid-Market,Healthcare,2784,6
2200,Account 2200,Mid-Market,Logistics,4316,4
2201,Account 2201,Mid-Market,SaaS,3636,6
2202,Account 2202,SMB,Manufacturing,2290,8
2203,Account 2203,Enterprise,Manufacturing,4556,1
2204,Account 2204,SMB,Logistics,5521,4
2205,Account 2205,SMB,SaaS,240,6
2206,Account 2206,SMB,Healthcare,3800,6
2207,Account 2207,Mid-Market,Manufacturing,1643,8
2208,Account 2208,Enterprise,Manufacturing,935,4
2209,Account 2209,SMB,Retail,945,6
2210,Account 2210,SMB,Manufacturing,1706,8
2211,Account 2211,SMB,SaaS,8818,8
2212,Account 2212,SMB,Retail,8698,4
2213,Account 2213,Mid-Market,Healthcare,2935,4
2214,Account 2214,SMB,Logistics,8718,3
2215,Account 2215,Enterprise,SaaS,3641,8
2216,Account 2216,SMB,Financial services,6743,8
2217,Account 2217,SMB,Logistics,3281,8
2218,Account 2218,Enterprise,SaaS,2227,6
2219,Account 2219,SMB,Healthcare,3783,6
2220,Account 2220,SMB,Financial services,5632,8
2221,Account 2221,SMB,SaaS,7385,2
2222,Account 2222,Mid-Market,Logistics,8238,2
2223,Account 2223,Mid-Market,Financial services,2963,5
2224,Account 2224,SMB,Logistics,7272,6
2225,Account 2225,SMB,Logistics,6703,2
2226,Account 2226,SMB,Financial services,6504,6
2227,Account 2227,Mid-Market,Financial services,8167,7
2228,Account 2228,SMB,SaaS,6416,2
2229,Account 2229,SMB,Manufacturing,1088,1
2230,Account 2230,Enterprise,Logistics,6145,5
2231,Account 2231,Mid-Market,Manufacturing,6207,7
2232,Account 2232,Mid-Market,Logistics,2764,8
2233,Account 2233,SMB,Healthcare,6025,6
2234,Account 2234,SMB,SaaS,2920,3
2235,Account 2235,SMB,Manufacturing,5996,4
2236,Account 2236,Mid-Market,Financial services,6408,5
2237,Account 2237,Mid-Market,SaaS,6205,6
2238,Account 2238,Mid-Market,SaaS,368,6
2239,Account 2239,Mid-Market,Manufacturing,5131,3
2240,Account 2240,SMB,SaaS,3086,5
2241,Account 2241,SMB,SaaS,3239,3
2242,Account 2242,Mid-Market,Logistics,2084,7
2243,Account 2243,SMB,SaaS,8570,2
2244,Account 2244,SMB,SaaS,2776,4
2245,Account 2245,Mid-Market,Retail,3805,7
2246,Account 2246,Mid-Market,Financial services,5240,2
2247,Account 2247,Mid-Market,Financial services,3417,2
2248,Account 2248,SMB,Manufacturing,4035,4
2249,Account 2249,SMB,Financial services,4930,1
2250,Account 2250,Mid-Market,Retail,1044,6
2251,Account 2251,Mid-Market,Logistics,5368,4
2252,Account 2252,SMB,Healthcare,3859,5
2253,Account 2253,Mid-Market,Logistics,5273,8
2254,Account 2254,SMB,Retail,3822,8
2255,Account 2255,Enterprise,Logistics,7693,3
2256,Account 2256,Enterprise,Logistics,6566,8
2257,Account 2257,SMB,Retail,3513,8
2258,Account 2258,Mid-Market,Logistics,634,3
2259,Account 2259,SMB,Financial services,4150,7
2260,Account 2260,Mid-Market,Financial services,3265,8
2261,Account 2261,SMB,Logistics,8507,6
2262,Account 2262,SMB,SaaS,1900,8
2263,Account 2263,Mid-Market,Financial services,1964,3
2264,Account 2264,SMB,Healthcare,6681,7
2265,Account 2265,Mid-Market,Logistics,7886,2
2266,Account 2266,Enterprise,Healthcare,7762,5
2267,Account 2267,SMB,Financial services,615,7
2268,Account 2268,Mid-Market,Manufacturing,2806,1
2269,Account 2269,SMB,SaaS,1419,6
2270,Account 2270,SMB,SaaS,752,7
2271,Account 2271,SMB,Healthcare,1442,2
2272,Account 2272,Mid-Market,Manufacturing,5785,7
2273,Account 2273,SMB,Retail,8974,2
2274,Account 2274,Mid-Market,Financial services,4318,8
2275,Account 2275,SMB,Healthcare,725,3
2276,Account 2276,SMB,Financial services,2081,3
2277,Account 2277,SMB,Manufacturing,7606,2
2278,Account 2278,SMB,Retail,5023,7
2279,Account 2279,SMB,Manufacturing,2935,8
2280,Account 2280,SMB,SaaS,3763,7
2281,Account 2281,Enterprise,Logistics,8250,8
2282,Account 2282,SMB,Healthcare,3404,4
2283,Account 2283,SMB,SaaS,5855,1
2284,Account 2284,SMB,Financial services,3059,6
2285,Account 2285,SMB,Retail,1486,1
2286,Account 2286,Enterprise,Logistics,7875,8
2287,Account 2287,SMB,Healthcare,7215,5
2288,Account 2288,SMB,Retail,618,3
2289,Account 2289,SMB,Financial services,1653,4
2290,Account 2290,Mid-Market,Manufacturing,2378,1
2291,Account 2291,SMB,SaaS,5798,3
2292,Account 2292,SMB,Retail,8261,8
2293,Account 2293,SMB,Retail,8654,2
2294,Account 2294,SMB,Manufacturing,1758,3
2295,Account 2295,Mid-Market,SaaS,432,7
2296,Account 2296,SMB,Logistics,6528,7
2297,Account 2297,SMB,SaaS,6739,7
2298,Account 2298,SMB,Healthcare,3366,8
2299,Account 2299,SMB,Manufacturing,4844,1
2300,Account 2300,Mid-Market,Financial services,8879,6
2301,Account 2301,SMB,Logistics,7479,7
2302,Account 2302,SMB,Logistics,8460,5
2303,Account 2303,SMB,Retail,2617,6
2304,Account 2304,Mid-Market,Manufacturing,7482,3
2305,Account 2305,SMB,Healthcare,2080,2
2306,Account 2306,Mid-Market,Manufacturing,2377,2
2307,Account 2307,SMB,Manufacturing,8054,3
2308,Account 2308,SMB,Retail,7891,1
2309,Account 2309,SMB,Healthcare,5808,1
2310,Account 2310,SMB,SaaS,7200,5
2311,Account 2311,SMB,Manufacturing,1300,3
2312,Account 2312,Enterprise,Logistics,5305,3
2313,Account 2313,Mid-Market,Retail,6449,2
2314,Account 2314,SMB,Healthcare,953,3
2315,Account 2315,SMB,Financial services,5117,6
2316,Account 2316,SMB,Logistics,7262,1
2317,Account 2317,Mid-Market,Healthcare,5092,3
2318,Account 2318,Mid-Market,Manufacturing,2260,3
2319,Account 2319,SMB,Manufacturing,3061,3
2320,Account 2320,Mid-Market,Retail,5680,5
2321,Account 2321,SMB,Retail,7319,5
2322,Account 2322,Mid-Market,Manufacturing,8909,8
2323,Account 2323,SMB,Logistics,2405,8
2324,Account 2324,Mid-Market,Logistics,6313,2
2325,Account 2325,SMB,Financial services,6468,8
2326,Account 2326,Mid-Market,Logistics,3558,7
2327,Account 2327,SMB,Healthcare,2928,6
2328,Account 2328,Mid-Market,Financial services,8228,8
2329,Account 2329,Mid-Market,Healthcare,2358,7
2330,Account 2330,SMB,Manufacturing,3783,3
2331,Account 2331,Mid-Market,Logistics,3016,8
2332,Account 2332,SMB,Manufacturing,7037,8
2333,Account 2333,SMB,SaaS,6000,4
2334,Account 2334,Mid-Market,Retail,5335,5
2335,Account 2335,Mid-Market,Logistics,7839,7
2336,Account 2336,SMB,SaaS,8542,8
2337,Account 2337,Mid-Market,Retail,6226,1
2338,Account 2338,Mid-Market,Logistics,4216,1
2339,Account 2339,Mid-Market,SaaS,3460,5
2340,Account 2340,Mid-Market,SaaS,8456,3
2341,Account 2341,SMB,Logistics,4964,8
2342,Account 2342,SMB,SaaS,3060,5
2343,Account 2343,Enterprise,Manufacturing,1885,7
2344,Account 2344,SMB,Manufacturing,5015,6
2345,Account 2345,SMB,Healthcare,157,4
2346,Account 2346,SMB,Financial services,2659,1
2347,Account 2347,SMB,Retail,4719,6
2348,Account 2348,SMB,Retail,4370,3
2349,Account 2349,SMB,Manufacturing,6839,5
2350,Account 2350,SMB,Logistics,6475,7
2351,Account 2351,SMB,Manufacturing,6900,5
2352,Account 2352,Mid-Market,SaaS,4556,6
2353,Account 2353,SMB,Logistics,3840,1
2354,Account 2354,Enterprise,Financial services,5454,8
2355,Account 2355,Mid-Market,Manufacturing,7827,8
2356,Account 2356,Mid-Market,Logistics,5933,5
2357,Account 2357,Enterprise,Logistics,5493,3
2358,Account 2358,Mid-Market,Financial services,6569,1
2359,Account 2359,SMB,Logistics,1500,8
2360,Account 2360,Enterprise,Manufacturing,1019,3
2361,Account 2361,Mid-Market,Financial services,4651,5
2362,Account 2362,Enterprise,Retail,7427,7
2363,Account 2363,SMB,SaaS,932,1
2364,Account 2364,SMB,Healthcare,4218,2
2365,Account 2365,SMB,SaaS,1997,6
2366,Account 2366,Enterprise,Retail,4923,8
2367,Account 2367,Enterprise,Healthcare,953,5
2368,Account 2368,SMB,Healthcare,4136,1
2369,Account 2369,Mid-Market,Logistics,5439,6
2370,Account 2370,Mid-Market,SaaS,6850,3
2371,Account 2371,Mid-Market,Manufacturing,759,2
2372,Account 2372,Mid-Market,Logistics,2362,1
2373,Account 2373,Mid-Market,Financial services,5404,1
2374,Account 2374,Mid-Market,Manufacturing,7142,1
2375,Account 2375,Enterprise,Financial services,3783,8
2376,Account 2376,SMB,Manufacturing,2952,2
2377,Account 2377,SMB,Retail,4868,8
2378,Account 2378,Mid-Market,Healthcare,2029,1
2379,Account 2379,SMB,Financial services,124,4
2380,Account 2380,Mid-Market,Logistics,6182,3
2381,Account 2381,SMB,Logistics,4533,1
2382,Account 2382,Mid-Market,Logistics,8654,3
2383,Account 2383,Enterprise,Retail,169,3
2384,Account 2384,SMB,Logistics,326,3
2385,Account 2385,SMB,Financial services,5631,3
2386,Account 2386,Mid-Market,Retail,2029,1
2387,Account 2387,SMB,Logistics,4984,6
2388,Account 2388,Enterprise,Logistics,642,2
2389,Account 2389,SMB,Healthcare,403,6
2390,Account 2390,SMB,Retail,1524,5
2391,Account 2391,Mid-Market,Logistics,7216,8
2392,Account 2392,SMB,Logistics,2442,2
2393,Account 2393,SMB,Manufacturing,6063,4
2394,Account 2394,Enterprise,Logistics,4102,5
2395,Account 2395,SMB,SaaS,8703,8
2396,Account 2396,SMB,Healthcare,5152,1
2397,Account 2397,SMB,SaaS,5522,5
2398,Account 2398,Mid-Market,SaaS,1960,8
2399,Account 2399,Mid-Market,Retail,4329,6
2400,Account 2400,Mid-Market,Logistics,1932,6
2401,Account 2401,SMB,Healthcare,5930,2
2402,Account 2402,Mid-Market,Retail,2874,8
2403,Account 2403,SMB,Healthcare,6349,7
2404,Account 2404,SMB,SaaS,8882,4
2405,Account 2405,SMB,Healthcare,2662,1
2406,Account 2406,SMB,SaaS,1811,8
2407,Account 2407,Mid-Market,SaaS,8157,7
2408,Account 2408,SMB,Manufacturing,2911,3
2409,Account 2409,SMB,Logistics,5208,1
2410,Account 2410,SMB,Retail,5883,6
2411,Account 2411,Mid-Market,Financial services,6257,6
2412,Account 2412,SMB,Retail,7618,2
2413,Account 2413,SMB,SaaS,8483,8
2414,Account 2414,SMB,SaaS,6983,6
2415,Account 2415,Enterprise,SaaS,234,4
2416,Account 2416,SMB,Retail,2330,8
2417,Account 2417,Mid-Market,Manufacturing,434,6
2418,Account 2418,SMB,Healthcare,5285,5
2419,Account 2419,SMB,Healthcare,4357,1
2420,Account 2420,SMB,Healthcare,1699,1
2421,Account 2421,SMB,Manufacturing,5632,6
2422,Account 2422,SMB,Retail,2342,6
2423,Account 2423,SMB,Logistics,8844,3
2424,Account 2424,SMB,Healthcare,8237,1
2425,Account 2425,Mid-Market,Healthcare,6159,8
2426,Account 2426,SMB,SaaS,2935,4
2427,Account 2427,SMB,Healthcare,8651,3
2428,Account 2428,Enterprise,Retail,8155,6
2429,Account 2429,SMB,Healthcare,5958,6
2430,Account 2430,SMB,SaaS,7600,5
2431,Account 2431,SMB,SaaS,6912,3
2432,Account 2432,Enterprise,Retail,603,8
2433,Account 2433,SMB,Manufacturing,4152,1
2434,Account 2434,SMB,Retail,5033,8
2435,Account 2435,SMB,Financial services,6468,8
2436,Account 2436,SMB,Manufacturing,3037,8
2437,Account 2437,SMB,Retail,6244,1
2438,Account 2438,Mid-Market,Logistics,6529,7
2439,Account 2439,Enterprise,Financial services,3254,3
2440,Account 2440,Mid-Market,Financial services,7301,5
2441,Account 2441,Enterprise,SaaS,7021,4
2442,Account 2442,SMB,Manufacturing,3824,6
2443,Account 2443,SMB,Retail,1434,1
2444,Account 2444,SMB,Healthcare,515,2
2445,Account 2445,Mid-Market,Healthcare,6679,7
2446,Account 2446,SMB,Healthcare,5790,3
2447,Account 2447,SMB,Logistics,6827,5
2448,Account 2448,Enterprise,Healthcare,5789,3
2449,Account 2449,SMB,SaaS,8694,1
2450,Account 2450,SMB,Manufacturing,5348,5
2451,Account 2451,SMB,Financial services,7887,3
2452,Account 2452,Enterprise,Healthcare,747,6
2453,Account 2453,SMB,Retail,6680,1
2454,Account 2454,SMB,SaaS,1796,2
2455,Account 2455,SMB,SaaS,2536,4
2456,Account 2456,Mid-Market,Healthcare,5798,3
2457,Account 2457,Mid-Market,Retail,5596,3
2458,Account 2458,Enterprise,Logistics,4985,1
2459,Account 2459,Mid-Market,SaaS,363,4
2460,Account 2460,SMB,Retail,1662,8
2461,Account 2461,SMB,Financial services,4689,5
2462,Account 2462,SMB,Manufacturing,8425,8
2463,Account 2463,Mid-Market,Financial services,5178,7
2464,Account 2464,Mid-Market,Healthcare,3965,4
2465,Account 2465,SMB,Financial services,8704,4
2466,Account 2466,SMB,Manufacturing,1008,2
2467,Account 2467,Mid-Market,SaaS,6150,2
2468,Account 2468,SMB,Healthcare,5866,7
2469,Account 2469,Enterprise,Logistics,6990,1
2470,Account 2470,Enterprise,Financial services,2626,1
2471,Account 2471,SMB,Manufacturing,675,4
2472,Account 2472,Mid-Market,Financial services,4527,7
2473,Account 2473,SMB,Manufacturing,2180,6
2474,Account 2474,SMB,Healthcare,4868,8
2475,Account 2475,Mid-Market,Healthcare,1505,8
2476,Account 2476,SMB,Healthcare,5754,5
2477,Account 2477,Mid-Market,SaaS,4040,2
2478,Account 2478,Mid-Market,Financial services,2134,7
2479,Account 2479,SMB,Financial services,902,6
2480,Account 2480,Mid-Market,SaaS,7507,6
2481,Account 2481,SMB,Financial services,528,7
2482,Account 2482,SMB,Manufacturing,5471,5
2483,Account 2483,Mid-Market,Manufacturing,480,5
2484,Account 2484,SMB,Manufacturing,2276,2
2485,Account 2485,Mid-Market,Financial services,5723,7
2486,Account 2486,Mid-Market,Manufacturing,6731,8
2487,Account 2487,Mid-Market,Logistics,5019,2
2488,Account 2488,SMB,SaaS,5757,5
2489,Account 2489,SMB,Logistics,4976,1
2490,Account 2490,Mid-Market,SaaS,1808,7
2491,Account 2491,SMB,SaaS,1284,2
2492,Account 2492,SMB,Healthcare,2030,1
2493,Account 2493,Enterprise,Manufacturing,728,7
2494,Account 2494,Enterprise,Financial services,716,4
2495,Account 2495,SMB,Retail,375,5
2496,Account 2496,Mid-Market,Financial services,5325,8
2497,Account 2497,SMB,Retail,3256,1
2498,Account 2498,Enterprise,Financial services,6712,1
2499,Account 2499,SMB,Financial services,8200,3
2500,Account 2500,Mid-Market,Financial services,2526,5
2501,Account 2501,SMB,Manufacturing,564,3
2502,Account 2502,SMB,Healthcare,6208,3
2503,Account 2503,SMB,Manufacturing,2699,3
2504,Account 2504,Mid-Market,Retail,3851,5
2505,Account 2505,Mid-Market,Retail,7743,6
2506,Account 2506,SMB,Logistics,8421,6
2507,Account 2507,SMB,Healthcare,7291,3
2508,Account 2508,Enterprise,Logistics,3435,2
2509,Account 2509,SMB,Manufacturing,2051,6
2510,Account 2510,SMB,Healthcare,1668,8
2511,Account 2511,Mid-Market,Financial services,8710,1
2512,Account 2512,SMB,SaaS,4089,7
2513,Account 2513,SMB,SaaS,8408,1
2514,Account 2514,Mid-Market,SaaS,4989,6
2515,Account 2515,Mid-Market,Healthcare,2037,6
2516,Account 2516,Mid-Market,Financial services,4496,7
2517,Account 2517,SMB,Manufacturing,1487,4
2518,Account 2518,SMB,SaaS,5247,5
2519,Account 2519,Mid-Market,Manufacturing,5519,1
2520,Account 2520,SMB,Manufacturing,5121,4
2521,Account 2521,SMB,Financial services,7082,3
2522,Account 2522,Mid-Market,Financial services,5854,8
2523,Account 2523,SMB,Manufacturing,5548,6
2524,Account 2524,SMB,Healthcare,1406,5
2525,Account 2525,SMB,Healthcare,5748,7
2526,Account 2526,SMB,SaaS,6667,5
2527,Account 2527,SMB,Financial services,4657,7
2528,Account 2528,Mid-Market,Manufacturing,1334,6
2529,Account 2529,Mid-Market,Financial services,1589,6
2530,Account 2530,SMB,Healthcare,2750,7
2531,Account 2531,Enterprise,SaaS,3891,4
2532,Account 2532,SMB,SaaS,152,1
2533,Account 2533,Enterprise,Logistics,4686,8
2534,Account 2534,Mid-Market,Financial services,2378,5
2535,Account 2535,SMB,Healthcare,7987,3
2536,Account 2536,SMB,Logistics,2419,5
2537,Account 2537,SMB,Retail,4644,7
2538,Account 2538,SMB,Logistics,2562,2
2539,Account 2539,Mid-Market,Logistics,6830,8
2540,Account 2540,SMB,Logistics,8235,6
2541,Account 2541,SMB,Financial services,5387,8
2542,Account 2542,Enterprise,Healthcare,5077,2
2543,Account 2543,Mid-Market,Retail,1440,2
2544,Account 2544,SMB,Healthcare,7924,1
2545,Account 2545,SMB,Retail,6369,4
2546,Account 2546,SMB,SaaS,5280,1
2547,Account 2547,Enterprise,SaaS,8725,2
2548,Account 2548,Mid-Market,Healthcare,3205,8
2549,Account 2549,Mid-Market,Logistics,6616,8
2550,Account 2550,Enterprise,Retail,5625,2
2551,Account 2551,SMB,Retail,456,8
2552,Account 2552,Enterprise,Logistics,1186,5
2553,Account 2553,Mid-Market,Financial services,5097,6
2554,Account 2554,Mid-Market,Logistics,4983,8
2555,Account 2555,SMB,Healthcare,1853,3
2556,Account 2556,Mid-Market,Healthcare,1615,2
2557,Account 2557,SMB,Manufacturing,600,2
2558,Account 2558,SMB,Financial services,6548,2
2559,Account 2559,SMB,SaaS,2236,1
2560,Account 2560,Mid-Market,Manufacturing,314,6
2561,Account 2561,SMB,Retail,7349,1
2562,Account 2562,SMB,Healthcare,126,7
2563,Account 2563,Enterprise,Financial services,5762,4
2564,Account 2564,Mid-Market,Logistics,2497,6
2565,Account 2565,SMB,SaaS,8655,3
2566,Account 2566,Mid-Market,Retail,7166,2
2567,Account 2567,Enterprise,Retail,2569,4
2568,Account 2568,SMB,Financial services,4122,5
2569,Account 2569,SMB,Retail,3784,7
2570,Account 2570,SMB,Logistics,2372,3
2571,Account 2571,Enterprise,Manufacturing,5386,8
2572,Account 2572,SMB,Manufacturing,2940,5
2573,Account 2573,SMB,Financial services,7709,6
2574,Account 2574,SMB,SaaS,6121,2
2575,Account 2575,Mid-Market,Healthcare,2666,1
2576,Account 2576,Mid-Market,Retail,6611,5
2577,Account 2577,SMB,Healthcare,1312,5
2578,Account 2578,SMB,Manufacturing,2077,2
2579,Account 2579,Mid-Market,Financial services,7594,3
2580,Account 2580,SMB,Financial services,2956,1
2581,Account 2581,Mid-Market,Financial services,1901,1
2582,Account 2582,Mid-Market,SaaS,8071,2
2583,Account 2583,SMB,Logistics,1810,4
2584,Account 2584,Mid-Market,Healthcare,8086,7
2585,Account 2585,SMB,SaaS,8429,8
2586,Account 2586,SMB,Retail,5432,6
2587,Account 2587,Enterprise,Retail,7210,5
2588,Account 2588,SMB,Logistics,5272,1
2589,Account 2589,Enterprise,Retail,5834,1
2590,Account 2590,Mid-Market,Logistics,998,8
2591,Account 2591,SMB,Financial services,66,1
2592,Account 2592,SMB,Manufacturing,7069,1
2593,Account 2593,SMB,Financial services,3776,3
2594,Account 2594,Enterprise,Financial services,3262,4
2595,Account 2595,SMB,Logistics,6677,8
2596,Account 2596,SMB,Financial services,4719,8
2597,Account 2597,SMB,Healthcare,2643,2
2598,Account 2598,Mid-Market,Retail,6576,8
2599,Account 2599,SMB,Manufacturing,8657,4
2600,Account 2600,SMB,Healthcare,6673,4
