opportunity_id,account_id,rep_id,segment,territory_id,source_channel,created_date,created_month,close_date,close_month,stage_name,is_closed,is_won,amount_arr,sales_cycle_days,loss_reason,competitor
1,1,11,Mid-Market,4,display,2024-10-30,2024-10-01,2025-02-03,2025-02-01,Closed Lost,1,0,74600.0,96.0,Timing,Northwind
2,2,16,SMB,6,affiliate,2025-04-17,2025-04-01,2025-05-25,2025-05-01,Closed Lost,1,0,8100.0,38.0,Price,Kestrel
3,3,10,SMB,4,paid_social,2025-05-05,2025-05-01,2025-06-18,2025-06-01,Closed Lost,1,0,10100.0,44.0,Lost to status quo,Helioscope
4,3,10,SMB,4,paid_social,2026-03-07,2026-03-01,2026-04-25,2026-04-01,Closed Won,1,1,8400.0,49.0,,
5,4,3,Enterprise,1,affiliate,2026-01-14,2026-01-01,2026-04-02,2026-04-01,Closed Lost,1,0,101600.0,78.0,Competitor,Northwind
6,5,13,SMB,5,paid_social,2025-09-19,2025-09-01,2025-10-22,2025-10-01,Closed Lost,1,0,14200.0,33.0,No decision,(none)
7,5,13,SMB,5,paid_social,2026-06-07,2026-06-01,2026-07-03,2026-07-01,Prospecting,0,0,10100.0,,,
9,6,14,Mid-Market,5,affiliate,2026-02-10,2026-02-01,2026-04-27,2026-04-01,Closed Won,1,1,61100.0,76.0,,
10,7,4,SMB,2,affiliate,2026-06-20,2026-06-01,2026-07-19,2026-07-01,Discovery,0,0,9100.0,,,
16,8,10,SMB,4,email,2025-10-03,2025-10-01,2025-10-12,2025-10-01,Closed Lost,1,0,20700.0,9.0,Price,(none)
17,9,16,SMB,6,display,2025-08-24,2025-08-01,2025-09-19,2025-09-01,Closed Lost,1,0,14400.0,26.0,Lost to status quo,(none)
18,9,16,SMB,6,display,2026-04-20,2026-04-01,2026-06-10,2026-06-01,Closed Lost,1,0,8100.0,51.0,Lost to status quo,Helioscope
20,10,4,SMB,2,display,2026-03-02,2026-03-01,2026-03-19,2026-03-01,Closed Lost,1,0,8800.0,17.0,Competitor,Helioscope
24,12,11,Mid-Market,4,organic_search,2025-01-07,2025-01-01,2025-01-29,2025-01-01,Closed Lost,1,0,71800.0,22.0,Price,Kestrel
25,12,11,Mid-Market,4,organic_search,2025-10-23,2025-10-01,2026-01-04,2026-01-01,Closed Lost,1,0,36300.0,73.0,Timing,Helioscope
26,12,11,Mid-Market,4,organic_search,2026-02-05,2026-02-01,2026-03-28,2026-03-01,Closed Lost,1,0,44000.0,51.0,Lost to status quo,Kestrel
28,13,7,SMB,3,paid_search,2024-08-30,2024-08-01,2024-09-20,2024-09-01,Closed Lost,1,0,15900.0,21.0,No decision,Kestrel
29,14,11,Mid-Market,4,paid_search,2026-01-23,2026-01-01,2026-04-25,2026-04-01,Closed Lost,1,0,30300.0,92.0,Lost to status quo,(none)
30,15,19,SMB,7,paid_social,2025-02-17,2025-02-01,2025-03-13,2025-03-01,Closed Lost,1,0,41300.0,24.0,No decision,Northwind
31,15,19,SMB,7,paid_social,2025-09-09,2025-09-01,2025-10-12,2025-10-01,Closed Lost,1,0,7900.0,33.0,No decision,Helioscope
32,15,19,SMB,7,paid_social,2026-03-10,2026-03-01,2026-03-30,2026-03-01,Closed Lost,1,0,16100.0,20.0,Price,Northwind
36,16,23,Mid-Market,8,paid_social,2025-12-04,2025-12-01,2026-03-17,2026-03-01,Closed Lost,1,0,46400.0,103.0,Lost to status quo,(none)
37,17,19,SMB,7,email,2026-05-01,2026-05-01,2026-05-29,2026-05-01,Closed Won,1,1,7500.0,28.0,,
42,19,20,Mid-Market,7,paid_social,2025-12-06,2025-12-01,2026-03-01,2026-03-01,Closed Lost,1,0,45700.0,85.0,Timing,Northwind
43,20,19,SMB,7,paid_search,2024-09-21,2024-09-01,2024-10-15,2024-10-01,Closed Lost,1,0,6400.0,24.0,Competitor,(none)
44,20,19,SMB,7,paid_search,2025-10-18,2025-10-01,2025-11-15,2025-11-01,Closed Won,1,1,5200.0,28.0,,
45,20,19,SMB,7,paid_search,2025-12-11,2025-12-01,2026-01-28,2026-01-01,Closed Lost,1,0,7800.0,48.0,Timing,Helioscope
46,21,13,SMB,5,display,2026-06-03,2026-06-01,2026-07-15,2026-07-01,Proposal,0,0,15800.0,,,
50,22,16,SMB,6,organic_search,2026-04-24,2026-04-01,2026-06-02,2026-06-01,Closed Won,1,1,20100.0,39.0,,
54,23,19,SMB,7,paid_search,2026-05-04,2026-05-01,2026-05-24,2026-05-01,Closed Won,1,1,9500.0,20.0,,
56,24,10,SMB,4,paid_search,2025-09-21,2025-09-01,2025-11-08,2025-11-01,Closed Won,1,1,10800.0,48.0,,
57,24,10,SMB,4,paid_search,2026-06-17,2026-06-01,2026-07-24,2026-07-01,Demo,0,0,11200.0,,,
59,25,18,Enterprise,6,affiliate,2024-11-12,2024-11-01,2025-02-03,2025-02-01,Closed Lost,1,0,243500.0,83.0,Price,(none)
60,25,18,Enterprise,6,affiliate,2025-09-19,2025-09-01,2026-02-24,2026-02-01,Closed Lost,1,0,89800.0,158.0,No decision,(none)
61,26,7,SMB,3,display,2024-11-19,2024-11-01,2025-01-08,2025-01-01,Closed Won,1,1,11200.0,50.0,,
62,26,7,SMB,3,display,2025-11-10,2025-11-01,2026-01-06,2026-01-01,Closed Lost,1,0,22600.0,57.0,Lost to status quo,Kestrel
63,27,4,SMB,2,organic_search,2026-05-05,2026-05-01,2026-06-16,2026-06-01,Closed Lost,1,0,17700.0,42.0,Lost to status quo,Northwind
71,29,10,SMB,4,paid_social,2025-10-16,2025-10-01,2025-11-02,2025-11-01,Closed Won,1,1,9900.0,17.0,,
74,30,22,SMB,8,paid_social,2026-01-15,2026-01-01,2026-03-19,2026-03-01,Closed Lost,1,0,12200.0,63.0,Price,Northwind
80,32,19,SMB,7,display,2025-08-14,2025-08-01,2025-09-28,2025-09-01,Closed Lost,1,0,10100.0,45.0,Timing,Northwind
81,32,19,SMB,7,display,2026-05-26,2026-05-01,2026-06-21,2026-06-01,Closed Lost,1,0,12300.0,26.0,Competitor,Helioscope
85,33,21,Enterprise,7,display,2025-08-05,2025-08-01,2025-12-20,2025-12-01,Closed Lost,1,0,250800.0,137.0,No decision,Helioscope
86,34,4,SMB,2,email,2025-03-25,2025-03-01,2025-05-14,2025-05-01,Closed Lost,1,0,4100.0,50.0,Competitor,(none)
87,34,4,SMB,2,email,2026-03-09,2026-03-01,2026-04-16,2026-04-01,Closed Lost,1,0,8000.0,38.0,Competitor,(none)
88,35,23,Mid-Market,8,organic_search,2025-05-15,2025-05-01,2025-08-07,2025-08-01,Closed Lost,1,0,32900.0,84.0,Price,(none)
89,36,19,SMB,7,email,2026-06-29,2026-06-01,2026-07-28,2026-07-01,Discovery,0,0,11200.0,,,
91,37,6,Enterprise,2,paid_social,2026-04-09,2026-04-01,2026-10-05,2026-10-01,Prospecting,0,0,236800.0,,,
93,38,24,Enterprise,8,email,2025-10-04,2025-10-01,2026-02-02,2026-02-01,Closed Lost,1,0,103700.0,121.0,No decision,Northwind
94,39,18,Enterprise,6,email,2025-10-02,2025-10-01,2026-06-19,2026-06-01,Closed Lost,1,0,239500.0,260.0,Lost to status quo,Kestrel
95,40,14,Mid-Market,5,email,2025-08-08,2025-08-01,2025-11-22,2025-11-01,Closed Lost,1,0,39100.0,106.0,Lost to status quo,Kestrel
96,41,20,Mid-Market,7,affiliate,2024-11-25,2024-11-01,2025-02-08,2025-02-01,Closed Lost,1,0,25100.0,75.0,Competitor,Kestrel
97,42,1,SMB,1,display,2025-03-19,2025-03-01,2025-05-02,2025-05-01,Closed Lost,1,0,14800.0,44.0,No decision,Northwind
98,42,1,SMB,1,display,2026-03-04,2026-03-01,2026-03-27,2026-03-01,Closed Lost,1,0,8800.0,23.0,Lost to status quo,(none)
100,43,13,SMB,5,display,2026-05-02,2026-05-01,2026-05-26,2026-05-01,Closed Lost,1,0,16000.0,24.0,Competitor,(none)
101,44,22,SMB,8,direct,2026-06-13,2026-06-01,2026-07-31,2026-07-01,Demo,0,0,11600.0,,,
102,45,22,SMB,8,paid_social,2025-06-13,2025-06-01,2025-07-31,2025-07-01,Closed Won,1,1,20300.0,48.0,,
103,45,22,SMB,8,paid_social,2026-05-23,2026-05-01,2026-07-05,2026-07-01,Prospecting,0,0,17600.0,,,
104,46,5,Mid-Market,2,email,2025-04-28,2025-04-01,2025-07-06,2025-07-01,Closed Won,1,1,17400.0,69.0,,
105,47,14,Mid-Market,5,display,2025-01-25,2025-01-01,2025-05-13,2025-05-01,Closed Lost,1,0,49200.0,108.0,Price,(none)
106,48,7,SMB,3,affiliate,2025-11-27,2025-11-01,2025-12-26,2025-12-01,Closed Lost,1,0,9000.0,29.0,No decision,Northwind
107,48,7,SMB,3,affiliate,2026-06-20,2026-06-01,2026-07-31,2026-07-01,Negotiation,0,0,14300.0,,,
111,49,20,Mid-Market,7,direct,2025-12-14,2025-12-01,2026-03-26,2026-03-01,Closed Lost,1,0,28300.0,102.0,No decision,Helioscope
113,50,23,Mid-Market,8,display,2025-07-06,2025-07-01,2025-08-26,2025-08-01,Closed Lost,1,0,27000.0,51.0,Lost to status quo,Helioscope
114,51,10,SMB,4,paid_social,2026-01-01,2026-01-01,2026-02-17,2026-02-01,Closed Lost,1,0,18200.0,47.0,No decision,(none)
118,52,14,Mid-Market,5,paid_social,2026-04-26,2026-04-01,2026-06-09,2026-06-01,Closed Won,1,1,30200.0,44.0,,
121,53,8,Mid-Market,3,paid_social,2026-06-05,2026-06-01,2026-09-25,2026-09-01,Demo,0,0,39500.0,,,
122,54,10,SMB,4,affiliate,2026-01-11,2026-01-01,2026-02-06,2026-02-01,Closed Lost,1,0,15100.0,26.0,No decision,Northwind
127,55,11,Mid-Market,4,email,2026-04-11,2026-04-01,2026-06-21,2026-06-01,Closed Lost,1,0,44100.0,71.0,Timing,Kestrel
128,56,16,SMB,6,organic_search,2024-11-24,2024-11-01,2024-12-31,2024-12-01,Closed Lost,1,0,6500.0,37.0,Price,Kestrel
129,57,22,SMB,8,email,2026-04-24,2026-04-01,2026-06-01,2026-06-01,Closed Lost,1,0,12200.0,38.0,No decision,Helioscope
131,58,19,SMB,7,direct,2025-10-20,2025-10-01,2025-11-19,2025-11-01,Closed Lost,1,0,4300.0,30.0,Timing,Northwind
132,58,19,SMB,7,direct,2026-05-20,2026-05-01,2026-06-19,2026-06-01,Closed Lost,1,0,9000.0,30.0,Competitor,Northwind
134,59,10,SMB,4,affiliate,2026-01-22,2026-01-01,2026-02-28,2026-02-01,Closed Lost,1,0,6800.0,37.0,Lost to status quo,Helioscope
136,60,19,SMB,7,affiliate,2025-01-13,2025-01-01,2025-02-08,2025-02-01,Closed Lost,1,0,14000.0,26.0,Competitor,(none)
137,60,19,SMB,7,affiliate,2025-11-16,2025-11-01,2025-12-28,2025-12-01,Closed Lost,1,0,16900.0,42.0,Lost to status quo,Northwind
138,60,19,SMB,7,affiliate,2026-03-27,2026-03-01,2026-04-28,2026-04-01,Closed Lost,1,0,6700.0,32.0,Competitor,(none)
139,61,20,Mid-Market,7,paid_search,2026-06-05,2026-06-01,2026-09-08,2026-09-01,Prospecting,0,0,26800.0,,,
142,62,20,Mid-Market,7,paid_search,2026-03-17,2026-03-01,2026-06-19,2026-06-01,Closed Won,1,1,53300.0,94.0,,
143,63,22,SMB,8,affiliate,2025-10-29,2025-10-01,2025-12-01,2025-12-01,Closed Won,1,1,13800.0,33.0,,
144,63,22,SMB,8,affiliate,2026-06-14,2026-06-01,2026-07-04,2026-07-01,Demo,0,0,14900.0,,,
145,64,20,Mid-Market,7,email,2025-07-11,2025-07-01,2025-08-23,2025-08-01,Closed Lost,1,0,39000.0,43.0,Timing,(none)
147,65,11,Mid-Market,4,email,2025-02-03,2025-02-01,2025-06-20,2025-06-01,Closed Won,1,1,65700.0,137.0,,
148,65,11,Mid-Market,4,email,2025-12-30,2025-12-01,2026-04-08,2026-04-01,Closed Lost,1,0,35700.0,99.0,Price,Northwind
149,66,22,SMB,8,affiliate,2025-01-12,2025-01-01,2025-02-21,2025-02-01,Closed Lost,1,0,21900.0,40.0,Lost to status quo,(none)
150,67,10,SMB,4,email,2025-10-12,2025-10-01,2025-11-22,2025-11-01,Closed Lost,1,0,17500.0,41.0,No decision,Helioscope
152,68,23,Mid-Market,8,organic_search,2024-11-17,2024-11-01,2025-01-27,2025-01-01,Closed Lost,1,0,54900.0,71.0,Timing,Northwind
153,69,10,SMB,4,affiliate,2024-10-26,2024-10-01,2024-12-05,2024-12-01,Closed Lost,1,0,13800.0,40.0,Timing,Kestrel
154,70,8,Mid-Market,3,affiliate,2025-01-08,2025-01-01,2025-03-26,2025-03-01,Closed Won,1,1,40500.0,77.0,,
155,71,17,Mid-Market,6,direct,2026-05-24,2026-05-01,2026-09-04,2026-09-01,Discovery,0,0,43500.0,,,
156,72,7,SMB,3,organic_search,2025-02-22,2025-02-01,2025-04-09,2025-04-01,Closed Won,1,1,11300.0,46.0,,
157,72,7,SMB,3,organic_search,2026-03-21,2026-03-01,2026-04-29,2026-04-01,Closed Lost,1,0,6000.0,39.0,Timing,Kestrel
159,73,4,SMB,2,display,2024-10-17,2024-10-01,2024-10-25,2024-10-01,Closed Lost,1,0,9400.0,8.0,Timing,Helioscope
160,73,4,SMB,2,display,2025-07-24,2025-07-01,2025-09-02,2025-09-01,Closed Lost,1,0,19100.0,40.0,No decision,Northwind
161,74,21,Enterprise,7,paid_search,2025-05-02,2025-05-01,2025-10-04,2025-10-01,Closed Won,1,1,172900.0,155.0,,
162,75,14,Mid-Market,5,email,2026-04-05,2026-04-01,2026-07-20,2026-07-01,Prospecting,0,0,89400.0,,,
164,76,16,SMB,6,email,2025-02-06,2025-02-01,2025-03-17,2025-03-01,Closed Won,1,1,10000.0,39.0,,
165,76,16,SMB,6,email,2026-02-16,2026-02-01,2026-03-21,2026-03-01,Closed Lost,1,0,10800.0,33.0,Lost to status quo,Kestrel
167,77,22,SMB,8,affiliate,2025-02-11,2025-02-01,2025-03-06,2025-03-01,Closed Lost,1,0,24200.0,23.0,Lost to status quo,Helioscope
168,77,22,SMB,8,affiliate,2025-08-31,2025-08-01,2025-09-08,2025-09-01,Closed Lost,1,0,7000.0,8.0,No decision,Northwind
169,77,22,SMB,8,affiliate,2026-04-25,2026-04-01,2026-06-05,2026-06-01,Closed Lost,1,0,12400.0,41.0,No decision,Helioscope
170,78,15,Enterprise,5,email,2025-01-25,2025-01-01,2025-05-14,2025-05-01,Closed Lost,1,0,92200.0,109.0,No decision,Northwind
171,79,10,SMB,4,paid_social,2025-12-25,2025-12-01,2026-01-28,2026-01-01,Closed Lost,1,0,3500.0,34.0,Timing,(none)
175,80,3,Enterprise,1,display,2026-05-01,2026-05-01,2026-07-25,2026-07-01,Prospecting,0,0,121500.0,,,
176,81,10,SMB,4,paid_search,2026-06-05,2026-06-01,2026-07-13,2026-07-01,Demo,0,0,13400.0,,,
180,82,3,Enterprise,1,email,2025-08-30,2025-08-01,2026-03-15,2026-03-01,Closed Lost,1,0,359900.0,197.0,Competitor,Kestrel
181,83,23,Mid-Market,8,affiliate,2025-11-20,2025-11-01,2026-01-25,2026-01-01,Closed Lost,1,0,48900.0,66.0,No decision,Helioscope
182,84,20,Mid-Market,7,paid_search,2025-08-15,2025-08-01,2025-10-05,2025-10-01,Closed Lost,1,0,59800.0,51.0,No decision,(none)
183,84,20,Mid-Market,7,paid_search,2026-06-30,2026-06-01,2026-10-02,2026-10-01,Demo,0,0,53300.0,,,
186,85,1,SMB,1,affiliate,2024-08-31,2024-08-01,2024-09-23,2024-09-01,Closed Lost,1,0,14100.0,23.0,Price,Kestrel
187,85,1,SMB,1,affiliate,2025-07-21,2025-07-01,2025-10-04,2025-10-01,Closed Lost,1,0,16000.0,75.0,Competitor,Northwind
188,86,15,Enterprise,5,direct,2026-02-25,2026-02-01,2026-08-07,2026-08-01,Discovery,0,0,165100.0,,,
189,87,15,Enterprise,5,email,2024-10-20,2024-10-01,2025-04-18,2025-04-01,Closed Lost,1,0,121900.0,180.0,Price,Kestrel
190,88,22,SMB,8,direct,2025-11-20,2025-11-01,2026-01-06,2026-01-01,Closed Won,1,1,14600.0,47.0,,
195,89,14,Mid-Market,5,display,2025-04-10,2025-04-01,2025-05-30,2025-05-01,Closed Won,1,1,37800.0,50.0,,
198,91,7,SMB,3,direct,2024-09-20,2024-09-01,2024-10-08,2024-10-01,Closed Lost,1,0,7900.0,18.0,Lost to status quo,(none)
199,91,7,SMB,3,direct,2025-08-30,2025-08-01,2025-09-22,2025-09-01,Closed Lost,1,0,16300.0,23.0,Competitor,(none)
200,92,8,Mid-Market,3,direct,2024-11-08,2024-11-01,2025-02-28,2025-02-01,Closed Lost,1,0,63100.0,112.0,Lost to status quo,Northwind
201,92,8,Mid-Market,3,direct,2025-06-28,2025-06-01,2025-07-30,2025-07-01,Closed Lost,1,0,43100.0,32.0,Competitor,Helioscope
202,93,14,Mid-Market,5,paid_social,2025-10-08,2025-10-01,2026-01-21,2026-01-01,Closed Lost,1,0,55500.0,105.0,Competitor,Northwind
203,94,16,SMB,6,organic_search,2025-09-14,2025-09-01,2025-10-10,2025-10-01,Closed Won,1,1,14400.0,26.0,,
204,95,7,SMB,3,organic_search,2025-01-13,2025-01-01,2025-02-19,2025-02-01,Closed Lost,1,0,13800.0,37.0,Competitor,Helioscope
205,95,7,SMB,3,organic_search,2026-01-17,2026-01-01,2026-02-16,2026-02-01,Closed Lost,1,0,19300.0,30.0,Price,Northwind
209,96,22,SMB,8,display,2025-11-16,2025-11-01,2025-12-28,2025-12-01,Closed Lost,1,0,13600.0,42.0,Competitor,Helioscope
217,97,19,SMB,7,direct,2026-01-12,2026-01-01,2026-02-01,2026-02-01,Closed Lost,1,0,15300.0,20.0,No decision,Kestrel
222,98,3,Enterprise,1,paid_search,2026-03-23,2026-03-01,2026-09-29,2026-09-01,Proposal,0,0,196200.0,,,
229,100,9,Enterprise,3,affiliate,2025-10-12,2025-10-01,2026-06-19,2026-06-01,Closed Lost,1,0,113600.0,250.0,Competitor,(none)
230,100,9,Enterprise,3,affiliate,2026-06-11,2026-06-01,2026-11-16,2026-11-01,Discovery,0,0,120900.0,,,
231,101,13,SMB,5,email,2025-02-03,2025-02-01,2025-02-21,2025-02-01,Closed Lost,1,0,7300.0,18.0,Competitor,Northwind
232,101,13,SMB,5,email,2026-01-18,2026-01-01,2026-03-04,2026-03-01,Closed Lost,1,0,6700.0,45.0,Timing,(none)
235,102,4,SMB,2,paid_search,2025-11-25,2025-11-01,2025-12-19,2025-12-01,Closed Lost,1,0,13500.0,24.0,Competitor,Helioscope
236,103,4,SMB,2,display,2025-01-02,2025-01-01,2025-01-22,2025-01-01,Closed Won,1,1,5700.0,20.0,,
237,103,4,SMB,2,display,2025-10-06,2025-10-01,2025-11-04,2025-11-01,Closed Lost,1,0,8400.0,29.0,Timing,Helioscope
238,103,4,SMB,2,display,2026-05-14,2026-05-01,2026-06-20,2026-06-01,Closed Lost,1,0,15800.0,37.0,No decision,Kestrel
239,104,22,SMB,8,paid_search,2026-06-07,2026-06-01,2026-07-05,2026-07-01,Proposal,0,0,9200.0,,,
242,105,8,Mid-Market,3,display,2025-12-26,2025-12-01,2026-03-26,2026-03-01,Closed Lost,1,0,19200.0,90.0,Timing,Helioscope
243,106,22,SMB,8,display,2025-06-05,2025-06-01,2025-07-14,2025-07-01,Closed Lost,1,0,11500.0,39.0,Timing,(none)
244,106,22,SMB,8,display,2026-01-28,2026-01-01,2026-02-15,2026-02-01,Closed Lost,1,0,6200.0,18.0,No decision,Helioscope
247,107,20,Mid-Market,7,email,2026-05-19,2026-05-01,2026-07-19,2026-07-01,Negotiation,0,0,66500.0,,,
251,108,20,Mid-Market,7,paid_search,2026-01-29,2026-01-01,2026-04-07,2026-04-01,Closed Lost,1,0,29200.0,68.0,Price,Northwind
253,109,22,SMB,8,direct,2025-05-28,2025-05-01,2025-07-03,2025-07-01,Closed Lost,1,0,7700.0,36.0,Lost to status quo,(none)
254,109,22,SMB,8,direct,2026-05-18,2026-05-01,2026-06-09,2026-06-01,Closed Won,1,1,11800.0,22.0,,
258,110,8,Mid-Market,3,paid_search,2026-03-25,2026-03-01,2026-07-22,2026-07-01,Proposal,0,0,49500.0,,,
259,111,5,Mid-Market,2,paid_social,2026-03-11,2026-03-01,2026-06-19,2026-06-01,Closed Lost,1,0,74100.0,100.0,No decision,(none)
260,112,8,Mid-Market,3,paid_social,2026-02-13,2026-02-01,2026-03-27,2026-03-01,Closed Lost,1,0,38400.0,42.0,Timing,Northwind
263,114,2,Mid-Market,1,paid_search,2026-02-10,2026-02-01,2026-05-01,2026-05-01,Closed Lost,1,0,33500.0,80.0,No decision,Helioscope
266,115,23,Mid-Market,8,display,2025-11-06,2025-11-01,2026-01-28,2026-01-01,Closed Lost,1,0,44500.0,83.0,Competitor,Northwind
269,116,13,SMB,5,email,2025-05-19,2025-05-01,2025-06-27,2025-06-01,Closed Won,1,1,12900.0,39.0,,
270,116,13,SMB,5,email,2026-02-20,2026-02-01,2026-04-02,2026-04-01,Closed Won,1,1,10900.0,41.0,,
272,117,9,Enterprise,3,direct,2025-03-29,2025-03-01,2025-10-03,2025-10-01,Closed Won,1,1,324500.0,188.0,,
273,118,14,Mid-Market,5,paid_search,2025-02-05,2025-02-01,2025-04-14,2025-04-01,Closed Lost,1,0,52300.0,68.0,No decision,Helioscope
274,119,16,SMB,6,display,2026-04-03,2026-04-01,2026-04-21,2026-04-01,Closed Won,1,1,18100.0,18.0,,
277,120,4,SMB,2,display,2025-09-07,2025-09-01,2025-10-30,2025-10-01,Closed Lost,1,0,13500.0,53.0,Timing,(none)
282,121,16,SMB,6,direct,2025-11-06,2025-11-01,2025-12-12,2025-12-01,Closed Lost,1,0,8000.0,36.0,Lost to status quo,Kestrel
290,122,22,SMB,8,paid_search,2024-12-13,2024-12-01,2025-01-13,2025-01-01,Closed Won,1,1,15900.0,31.0,,
291,122,22,SMB,8,paid_search,2025-08-29,2025-08-01,2025-09-23,2025-09-01,Closed Won,1,1,16900.0,25.0,,
292,122,22,SMB,8,paid_search,2026-01-17,2026-01-01,2026-02-18,2026-02-01,Closed Lost,1,0,12100.0,32.0,Timing,Kestrel
293,123,7,SMB,3,affiliate,2025-05-28,2025-05-01,2025-07-23,2025-07-01,Closed Won,1,1,9500.0,56.0,,
294,124,2,Mid-Market,1,email,2026-06-14,2026-06-01,2026-09-02,2026-09-01,Negotiation,0,0,26700.0,,,
295,125,7,SMB,3,paid_search,2025-07-11,2025-07-01,2025-08-26,2025-08-01,Closed Lost,1,0,9900.0,46.0,Timing,Northwind
296,125,7,SMB,3,paid_search,2026-06-28,2026-06-01,2026-08-03,2026-08-01,Demo,0,0,14200.0,,,
297,126,14,Mid-Market,5,affiliate,2026-06-16,2026-06-01,2026-08-18,2026-08-01,Negotiation,0,0,82300.0,,,
302,127,13,SMB,5,paid_social,2024-09-24,2024-09-01,2024-10-29,2024-10-01,Closed Lost,1,0,10900.0,35.0,Competitor,Kestrel
303,127,13,SMB,5,paid_social,2025-08-18,2025-08-01,2025-09-17,2025-09-01,Closed Lost,1,0,31400.0,30.0,No decision,(none)
304,128,16,SMB,6,paid_social,2025-08-07,2025-08-01,2025-09-30,2025-09-01,Closed Lost,1,0,10700.0,54.0,Competitor,Northwind
309,129,4,SMB,2,affiliate,2025-07-25,2025-07-01,2025-09-03,2025-09-01,Closed Lost,1,0,10100.0,40.0,Timing,Helioscope
310,130,22,SMB,8,paid_social,2025-02-08,2025-02-01,2025-03-10,2025-03-01,Closed Lost,1,0,11400.0,30.0,Timing,Northwind
311,130,22,SMB,8,paid_social,2025-08-09,2025-08-01,2025-09-12,2025-09-01,Closed Lost,1,0,16100.0,34.0,No decision,Northwind
312,131,13,SMB,5,display,2025-11-28,2025-11-01,2025-12-24,2025-12-01,Closed Won,1,1,10300.0,26.0,,
314,132,4,SMB,2,direct,2026-05-11,2026-05-01,2026-06-16,2026-06-01,Closed Lost,1,0,11400.0,36.0,Price,Northwind
316,133,9,Enterprise,3,affiliate,2025-11-14,2025-11-01,2026-02-04,2026-02-01,Closed Lost,1,0,234600.0,82.0,Price,Kestrel
318,134,22,SMB,8,display,2025-08-12,2025-08-01,2025-09-27,2025-09-01,Closed Won,1,1,9300.0,46.0,,
319,134,22,SMB,8,display,2026-04-07,2026-04-01,2026-05-10,2026-05-01,Closed Won,1,1,14000.0,33.0,,
320,135,13,SMB,5,email,2025-10-22,2025-10-01,2025-12-01,2025-12-01,Closed Lost,1,0,8100.0,40.0,Competitor,Northwind
322,136,12,Enterprise,4,organic_search,2026-03-10,2026-03-01,2026-08-21,2026-08-01,Discovery,0,0,151000.0,,,
323,137,1,SMB,1,affiliate,2025-10-05,2025-10-01,2025-11-14,2025-11-01,Closed Lost,1,0,17600.0,40.0,Price,Helioscope
327,138,13,SMB,5,email,2025-11-21,2025-11-01,2026-01-12,2026-01-01,Closed Lost,1,0,15200.0,52.0,Price,Northwind
329,139,22,SMB,8,direct,2025-08-13,2025-08-01,2025-09-17,2025-09-01,Closed Lost,1,0,10600.0,35.0,Lost to status quo,Northwind
330,139,22,SMB,8,direct,2026-06-24,2026-06-01,2026-07-22,2026-07-01,Demo,0,0,9500.0,,,
332,140,10,SMB,4,paid_social,2025-03-27,2025-03-01,2025-05-16,2025-05-01,Closed Won,1,1,6600.0,50.0,,
333,141,1,SMB,1,direct,2025-08-01,2025-08-01,2025-09-08,2025-09-01,Closed Lost,1,0,11700.0,38.0,No decision,(none)
334,142,13,SMB,5,direct,2025-09-22,2025-09-01,2025-11-05,2025-11-01,Closed Lost,1,0,7200.0,44.0,Competitor,(none)
335,143,13,SMB,5,affiliate,2026-01-06,2026-01-01,2026-02-16,2026-02-01,Closed Won,1,1,9500.0,41.0,,
336,144,20,Mid-Market,7,display,2026-05-19,2026-05-01,2026-08-01,2026-08-01,Prospecting,0,0,59400.0,,,
337,145,17,Mid-Market,6,email,2025-06-24,2025-06-01,2025-08-28,2025-08-01,Closed Lost,1,0,48000.0,65.0,Price,Northwind
338,145,17,Mid-Market,6,email,2026-06-04,2026-06-01,2026-08-12,2026-08-01,Proposal,0,0,43700.0,,,
339,146,20,Mid-Market,7,paid_search,2025-11-17,2025-11-01,2026-01-18,2026-01-01,Closed Won,1,1,43000.0,62.0,,
340,147,17,Mid-Market,6,direct,2026-04-19,2026-04-01,2026-07-22,2026-07-01,Negotiation,0,0,26400.0,,,
343,148,11,Mid-Market,4,affiliate,2025-04-30,2025-04-01,2025-07-05,2025-07-01,Closed Lost,1,0,81300.0,66.0,Price,Helioscope
344,149,5,Mid-Market,2,organic_search,2026-02-20,2026-02-01,2026-05-24,2026-05-01,Closed Lost,1,0,89800.0,93.0,Lost to status quo,Kestrel
345,150,8,Mid-Market,3,paid_search,2025-07-15,2025-07-01,2025-10-25,2025-10-01,Closed Won,1,1,34200.0,102.0,,
346,151,1,SMB,1,email,2025-06-28,2025-06-01,2025-08-08,2025-08-01,Closed Won,1,1,13700.0,41.0,,
347,151,1,SMB,1,email,2026-05-20,2026-05-01,2026-06-15,2026-06-01,Closed Lost,1,0,16400.0,26.0,No decision,Helioscope
348,152,14,Mid-Market,5,display,2025-02-19,2025-02-01,2025-05-20,2025-05-01,Closed Lost,1,0,21000.0,90.0,Price,Northwind
349,152,14,Mid-Market,5,display,2025-10-25,2025-10-01,2025-12-08,2025-12-01,Closed Won,1,1,34100.0,44.0,,
350,152,14,Mid-Market,5,display,2026-04-19,2026-04-01,2026-08-05,2026-08-01,Negotiation,0,0,36900.0,,,
353,153,9,Enterprise,3,email,2025-07-18,2025-07-01,2026-02-17,2026-02-01,Closed Lost,1,0,262700.0,214.0,Price,(none)
354,154,17,Mid-Market,6,email,2026-05-11,2026-05-01,2026-08-31,2026-08-01,Prospecting,0,0,55000.0,,,
355,155,2,Mid-Market,1,paid_search,2026-04-18,2026-04-01,2026-05-25,2026-05-01,Closed Lost,1,0,69400.0,37.0,No decision,Kestrel
356,156,2,Mid-Market,1,paid_search,2025-04-17,2025-04-01,2025-07-25,2025-07-01,Closed Lost,1,0,21700.0,99.0,Price,(none)
357,156,2,Mid-Market,1,paid_search,2026-02-17,2026-02-01,2026-05-19,2026-05-01,Closed Lost,1,0,32200.0,91.0,Competitor,Northwind
358,157,19,SMB,7,paid_search,2026-04-23,2026-04-01,2026-05-10,2026-05-01,Closed Won,1,1,21000.0,17.0,,
363,158,1,SMB,1,organic_search,2025-08-23,2025-08-01,2025-09-22,2025-09-01,Closed Lost,1,0,17200.0,30.0,Lost to status quo,Kestrel
364,158,1,SMB,1,organic_search,2026-03-11,2026-03-01,2026-04-14,2026-04-01,Closed Won,1,1,6200.0,34.0,,
366,159,7,SMB,3,affiliate,2025-07-08,2025-07-01,2025-08-04,2025-08-01,Closed Won,1,1,6900.0,27.0,,
367,159,7,SMB,3,affiliate,2026-03-26,2026-03-01,2026-04-27,2026-04-01,Closed Won,1,1,9900.0,32.0,,
369,160,13,SMB,5,email,2025-07-21,2025-07-01,2025-08-21,2025-08-01,Closed Lost,1,0,11000.0,31.0,Competitor,Kestrel
370,160,13,SMB,5,email,2026-02-24,2026-02-01,2026-03-27,2026-03-01,Closed Lost,1,0,7500.0,31.0,Price,Kestrel
371,161,8,Mid-Market,3,display,2026-03-04,2026-03-01,2026-04-11,2026-04-01,Closed Lost,1,0,34000.0,38.0,Competitor,Kestrel
374,163,13,SMB,5,display,2026-01-27,2026-01-01,2026-02-11,2026-02-01,Closed Lost,1,0,15400.0,15.0,Price,Northwind
377,164,22,SMB,8,affiliate,2026-05-31,2026-05-01,2026-06-23,2026-06-01,Closed Lost,1,0,10500.0,23.0,No decision,Northwind
380,165,21,Enterprise,7,direct,2024-09-22,2024-09-01,2025-01-05,2025-01-01,Closed Lost,1,0,130000.0,105.0,Lost to status quo,(none)
381,166,13,SMB,5,display,2025-02-15,2025-02-01,2025-04-03,2025-04-01,Closed Won,1,1,8900.0,47.0,,
382,166,13,SMB,5,display,2026-01-16,2026-01-01,2026-02-10,2026-02-01,Closed Lost,1,0,5200.0,25.0,Timing,Helioscope
383,167,10,SMB,4,email,2025-09-18,2025-09-01,2025-10-09,2025-10-01,Closed Won,1,1,7900.0,21.0,,
384,167,10,SMB,4,email,2026-05-11,2026-05-01,2026-06-06,2026-06-01,Closed Won,1,1,11200.0,26.0,,
391,169,15,Enterprise,5,direct,2024-10-04,2024-10-01,2025-04-12,2025-04-01,Closed Lost,1,0,200200.0,190.0,Timing,Northwind
392,170,14,Mid-Market,5,affiliate,2026-03-28,2026-03-01,2026-05-18,2026-05-01,Closed Lost,1,0,46900.0,51.0,Timing,(none)
393,171,13,SMB,5,direct,2025-12-15,2025-12-01,2026-01-11,2026-01-01,Closed Lost,1,0,12400.0,27.0,No decision,(none)
395,172,22,SMB,8,display,2025-01-03,2025-01-01,2025-02-09,2025-02-01,Closed Won,1,1,15200.0,37.0,,
396,172,22,SMB,8,display,2025-10-23,2025-10-01,2025-11-25,2025-11-01,Closed Won,1,1,8400.0,33.0,,
397,172,22,SMB,8,display,2026-04-28,2026-04-01,2026-06-04,2026-06-01,Closed Won,1,1,7500.0,37.0,,
399,173,22,SMB,8,display,2026-01-20,2026-01-01,2026-02-24,2026-02-01,Closed Won,1,1,12000.0,35.0,,
403,174,4,SMB,2,organic_search,2026-06-21,2026-06-01,2026-08-12,2026-08-01,Prospecting,0,0,10800.0,,,
405,175,4,SMB,2,display,2025-07-31,2025-07-01,2025-09-07,2025-09-01,Closed Lost,1,0,14100.0,38.0,Price,Kestrel
407,176,16,SMB,6,email,2026-06-29,2026-06-01,2026-08-09,2026-08-01,Proposal,0,0,12400.0,,,
411,177,22,SMB,8,display,2026-02-18,2026-02-01,2026-04-06,2026-04-01,Closed Lost,1,0,12900.0,47.0,Price,Helioscope
412,178,22,SMB,8,paid_social,2026-03-21,2026-03-01,2026-04-15,2026-04-01,Closed Lost,1,0,5400.0,25.0,Lost to status quo,Northwind
414,179,23,Mid-Market,8,paid_search,2026-04-02,2026-04-01,2026-05-25,2026-05-01,Closed Won,1,1,29100.0,53.0,,
417,180,1,SMB,1,email,2025-02-26,2025-02-01,2025-04-14,2025-04-01,Closed Won,1,1,9200.0,47.0,,
418,181,5,Mid-Market,2,affiliate,2026-06-19,2026-06-01,2026-09-07,2026-09-01,Prospecting,0,0,36100.0,,,
420,182,11,Mid-Market,4,direct,2025-04-07,2025-04-01,2025-06-19,2025-06-01,Closed Won,1,1,45700.0,73.0,,
421,183,5,Mid-Market,2,direct,2026-04-24,2026-04-01,2026-07-03,2026-07-01,Discovery,0,0,24400.0,,,
429,185,21,Enterprise,7,paid_search,2025-04-24,2025-04-01,2025-10-16,2025-10-01,Closed Lost,1,0,152600.0,175.0,Competitor,Kestrel
430,186,7,SMB,3,email,2025-06-09,2025-06-01,2025-07-12,2025-07-01,Closed Lost,1,0,9400.0,33.0,Lost to status quo,(none)
431,186,7,SMB,3,email,2026-01-15,2026-01-01,2026-02-07,2026-02-01,Closed Won,1,1,9600.0,23.0,,
435,188,20,Mid-Market,7,display,2026-06-23,2026-06-01,2026-09-19,2026-09-01,Negotiation,0,0,58000.0,,,
436,189,12,Enterprise,4,display,2026-02-25,2026-02-01,2026-06-18,2026-06-01,Closed Lost,1,0,207600.0,113.0,Competitor,Kestrel
437,190,19,SMB,7,email,2026-01-13,2026-01-01,2026-03-01,2026-03-01,Closed Lost,1,0,10300.0,47.0,Competitor,Kestrel
438,191,17,Mid-Market,6,direct,2025-09-25,2025-09-01,2025-12-02,2025-12-01,Closed Lost,1,0,51700.0,68.0,Timing,Northwind
439,192,16,SMB,6,affiliate,2026-02-02,2026-02-01,2026-02-15,2026-02-01,Closed Lost,1,0,6900.0,13.0,Lost to status quo,Helioscope
445,193,2,Mid-Market,1,paid_search,2024-12-30,2024-12-01,2025-05-03,2025-05-01,Closed Lost,1,0,49000.0,124.0,Lost to status quo,(none)
446,194,10,SMB,4,paid_search,2026-01-25,2026-01-01,2026-03-28,2026-03-01,Closed Lost,1,0,9800.0,62.0,Price,Kestrel
448,195,1,SMB,1,paid_social,2026-02-15,2026-02-01,2026-03-22,2026-03-01,Closed Lost,1,0,6100.0,35.0,Timing,Helioscope
451,196,11,Mid-Market,4,email,2026-02-25,2026-02-01,2026-05-18,2026-05-01,Closed Won,1,1,50700.0,82.0,,
453,197,8,Mid-Market,3,organic_search,2026-06-05,2026-06-01,2026-07-25,2026-07-01,Demo,0,0,40500.0,,,
454,198,10,SMB,4,organic_search,2026-06-07,2026-06-01,2026-07-06,2026-07-01,Discovery,0,0,11300.0,,,
456,199,16,SMB,6,paid_search,2025-07-15,2025-07-01,2025-08-23,2025-08-01,Closed Lost,1,0,8600.0,39.0,Lost to status quo,Helioscope
457,199,16,SMB,6,paid_search,2026-04-01,2026-04-01,2026-04-20,2026-04-01,Closed Lost,1,0,7400.0,19.0,Price,Helioscope
458,200,5,Mid-Market,2,email,2025-04-17,2025-04-01,2025-06-08,2025-06-01,Closed Lost,1,0,39300.0,52.0,Lost to status quo,Helioscope
459,200,5,Mid-Market,2,email,2026-04-29,2026-04-01,2026-06-05,2026-06-01,Closed Lost,1,0,47300.0,37.0,Timing,Helioscope
461,202,14,Mid-Market,5,direct,2024-12-15,2024-12-01,2025-02-21,2025-02-01,Closed Lost,1,0,84300.0,68.0,Timing,Northwind
462,202,14,Mid-Market,5,direct,2025-10-01,2025-10-01,2025-12-09,2025-12-01,Closed Lost,1,0,57300.0,69.0,Timing,Helioscope
465,203,9,Enterprise,3,display,2024-10-03,2024-10-01,2025-04-14,2025-04-01,Closed Lost,1,0,93900.0,193.0,Price,Northwind
466,203,9,Enterprise,3,display,2025-06-06,2025-06-01,2025-11-17,2025-11-01,Closed Won,1,1,111500.0,164.0,,
467,203,9,Enterprise,3,display,2025-12-20,2025-12-01,2026-05-12,2026-05-01,Closed Lost,1,0,143300.0,143.0,Lost to status quo,Kestrel
468,204,14,Mid-Market,5,email,2026-05-23,2026-05-01,2026-08-13,2026-08-01,Prospecting,0,0,51400.0,,,
469,205,11,Mid-Market,4,affiliate,2025-12-30,2025-12-01,2026-03-07,2026-03-01,Closed Lost,1,0,17300.0,67.0,Timing,(none)
470,206,15,Enterprise,5,direct,2025-03-20,2025-03-01,2025-06-08,2025-06-01,Closed Lost,1,0,259000.0,80.0,Timing,Helioscope
471,207,1,SMB,1,affiliate,2026-05-30,2026-05-01,2026-07-05,2026-07-01,Discovery,0,0,7100.0,,,
472,208,17,Mid-Market,6,direct,2025-05-17,2025-05-01,2025-08-07,2025-08-01,Closed Won,1,1,36300.0,82.0,,
473,209,20,Mid-Market,7,organic_search,2026-01-10,2026-01-01,2026-04-08,2026-04-01,Closed Lost,1,0,45600.0,88.0,Timing,Northwind
474,210,1,SMB,1,affiliate,2026-03-15,2026-03-01,2026-04-22,2026-04-01,Closed Lost,1,0,18400.0,38.0,Competitor,Helioscope
476,211,24,Enterprise,8,organic_search,2026-04-10,2026-04-01,2026-08-10,2026-08-01,Prospecting,0,0,269100.0,,,
478,212,18,Enterprise,6,email,2025-08-27,2025-08-01,2026-04-11,2026-04-01,Closed Lost,1,0,260900.0,227.0,Price,Kestrel
479,212,18,Enterprise,6,email,2026-06-21,2026-06-01,2026-11-29,2026-11-01,Negotiation,0,0,297800.0,,,
480,213,11,Mid-Market,4,affiliate,2025-05-12,2025-05-01,2025-07-22,2025-07-01,Closed Lost,1,0,25100.0,71.0,No decision,Kestrel
481,213,11,Mid-Market,4,affiliate,2026-04-02,2026-04-01,2026-06-11,2026-06-01,Closed Won,1,1,39000.0,70.0,,
482,214,19,SMB,7,paid_social,2024-07-24,2024-07-01,2024-09-05,2024-09-01,Closed Lost,1,0,5600.0,43.0,Competitor,(none)
483,214,19,SMB,7,paid_social,2025-08-10,2025-08-01,2025-09-06,2025-09-01,Closed Lost,1,0,16600.0,27.0,Price,Helioscope
484,214,19,SMB,7,paid_social,2026-01-22,2026-01-01,2026-02-18,2026-02-01,Closed Lost,1,0,10400.0,27.0,Price,(none)
486,215,20,Mid-Market,7,display,2025-06-22,2025-06-01,2025-09-02,2025-09-01,Closed Lost,1,0,85200.0,72.0,Lost to status quo,Kestrel
487,215,20,Mid-Market,7,display,2026-04-27,2026-04-01,2026-07-29,2026-07-01,Prospecting,0,0,37900.0,,,
488,216,1,SMB,1,paid_social,2025-10-02,2025-10-01,2025-11-07,2025-11-01,Closed Lost,1,0,16200.0,36.0,Lost to status quo,Helioscope
489,216,1,SMB,1,paid_social,2026-06-27,2026-06-01,2026-07-11,2026-07-01,Prospecting,0,0,9800.0,,,
492,217,20,Mid-Market,7,organic_search,2024-12-17,2024-12-01,2025-02-07,2025-02-01,Closed Won,1,1,27400.0,52.0,,
493,217,20,Mid-Market,7,organic_search,2025-10-14,2025-10-01,2026-01-04,2026-01-01,Closed Lost,1,0,38800.0,82.0,Competitor,Helioscope
494,218,11,Mid-Market,4,display,2025-08-30,2025-08-01,2025-11-09,2025-11-01,Closed Lost,1,0,53800.0,71.0,Lost to status quo,Kestrel
497,220,2,Mid-Market,1,affiliate,2024-09-18,2024-09-01,2024-11-08,2024-11-01,Closed Won,1,1,33700.0,51.0,,
498,221,5,Mid-Market,2,organic_search,2025-12-22,2025-12-01,2026-03-18,2026-03-01,Closed Won,1,1,80500.0,86.0,,
502,222,15,Enterprise,5,paid_social,2026-02-04,2026-02-01,2026-04-29,2026-04-01,Closed Lost,1,0,215800.0,84.0,Lost to status quo,Northwind
503,223,8,Mid-Market,3,paid_search,2026-06-02,2026-06-01,2026-07-15,2026-07-01,Prospecting,0,0,53400.0,,,
504,224,7,SMB,3,display,2024-08-07,2024-08-01,2024-09-15,2024-09-01,Closed Lost,1,0,11300.0,39.0,Timing,(none)
505,224,7,SMB,3,display,2025-06-18,2025-06-01,2025-07-28,2025-07-01,Closed Lost,1,0,15300.0,40.0,Timing,Northwind
506,224,7,SMB,3,display,2026-03-09,2026-03-01,2026-04-14,2026-04-01,Closed Lost,1,0,11300.0,36.0,Timing,(none)
510,225,22,SMB,8,organic_search,2025-10-15,2025-10-01,2025-11-26,2025-11-01,Closed Lost,1,0,14300.0,42.0,Lost to status quo,Helioscope
511,226,23,Mid-Market,8,affiliate,2025-02-12,2025-02-01,2025-04-19,2025-04-01,Closed Won,1,1,50300.0,66.0,,
512,227,19,SMB,7,display,2025-07-03,2025-07-01,2025-08-09,2025-08-01,Closed Lost,1,0,14700.0,37.0,Lost to status quo,(none)
515,228,7,SMB,3,paid_search,2026-03-17,2026-03-01,2026-04-23,2026-04-01,Closed Lost,1,0,9000.0,37.0,Competitor,Northwind
518,229,4,SMB,2,direct,2025-03-20,2025-03-01,2025-04-25,2025-04-01,Closed Won,1,1,13600.0,36.0,,
519,229,4,SMB,2,direct,2026-02-08,2026-02-01,2026-03-10,2026-03-01,Closed Won,1,1,7100.0,30.0,,
521,230,2,Mid-Market,1,email,2026-01-29,2026-01-01,2026-06-13,2026-06-01,Closed Won,1,1,51700.0,135.0,,
523,231,11,Mid-Market,4,affiliate,2026-03-04,2026-03-01,2026-04-16,2026-04-01,Closed Lost,1,0,88000.0,43.0,Lost to status quo,Helioscope
527,232,1,SMB,1,email,2025-01-30,2025-01-01,2025-03-03,2025-03-01,Closed Won,1,1,14400.0,32.0,,
528,232,1,SMB,1,email,2026-01-18,2026-01-01,2026-02-21,2026-02-01,Closed Lost,1,0,17700.0,34.0,Competitor,(none)
530,233,13,SMB,5,display,2025-10-23,2025-10-01,2025-11-17,2025-11-01,Closed Lost,1,0,10200.0,25.0,Timing,Kestrel
531,233,13,SMB,5,display,2026-06-01,2026-06-01,2026-06-20,2026-06-01,Closed Won,1,1,20900.0,19.0,,
533,234,14,Mid-Market,5,paid_search,2025-05-30,2025-05-01,2025-06-19,2025-06-01,Closed Lost,1,0,45300.0,20.0,Competitor,Helioscope
534,235,16,SMB,6,display,2024-10-25,2024-10-01,2024-12-18,2024-12-01,Closed Won,1,1,22200.0,54.0,,
535,235,16,SMB,6,display,2025-08-07,2025-08-01,2025-09-12,2025-09-01,Closed Won,1,1,11800.0,36.0,,
538,237,4,SMB,2,organic_search,2025-02-21,2025-02-01,2025-03-31,2025-03-01,Closed Lost,1,0,5300.0,38.0,Competitor,(none)
539,237,4,SMB,2,organic_search,2025-10-01,2025-10-01,2025-11-19,2025-11-01,Closed Won,1,1,8700.0,49.0,,
540,238,18,Enterprise,6,paid_search,2026-01-26,2026-01-01,2026-05-30,2026-05-01,Closed Lost,1,0,153400.0,124.0,Price,Kestrel
541,239,4,SMB,2,display,2025-12-06,2025-12-01,2025-12-18,2025-12-01,Closed Won,1,1,12900.0,12.0,,
546,240,7,SMB,3,organic_search,2025-06-08,2025-06-01,2025-07-14,2025-07-01,Closed Lost,1,0,12600.0,36.0,Competitor,Northwind
547,240,7,SMB,3,organic_search,2026-03-03,2026-03-01,2026-03-24,2026-03-01,Closed Won,1,1,6200.0,21.0,,
549,241,7,SMB,3,paid_search,2026-01-22,2026-01-01,2026-02-25,2026-02-01,Closed Won,1,1,24600.0,34.0,,
552,242,22,SMB,8,paid_search,2025-12-10,2025-12-01,2026-01-02,2026-01-01,Closed Lost,1,0,12100.0,23.0,Lost to status quo,Kestrel
553,243,4,SMB,2,direct,2025-09-02,2025-09-01,2025-09-22,2025-09-01,Closed Lost,1,0,13800.0,20.0,Competitor,Helioscope
556,244,11,Mid-Market,4,direct,2026-06-22,2026-06-01,2026-09-21,2026-09-01,Prospecting,0,0,51600.0,,,
558,245,10,SMB,4,organic_search,2026-06-06,2026-06-01,2026-07-14,2026-07-01,Prospecting,0,0,4200.0,,,
562,246,19,SMB,7,direct,2026-01-14,2026-01-01,2026-02-12,2026-02-01,Closed Lost,1,0,16600.0,29.0,Competitor,(none)
565,247,2,Mid-Market,1,paid_search,2024-12-12,2024-12-01,2025-01-30,2025-01-01,Closed Lost,1,0,63800.0,49.0,Price,Northwind
566,248,17,Mid-Market,6,organic_search,2025-10-17,2025-10-01,2025-12-14,2025-12-01,Closed Lost,1,0,28100.0,58.0,Competitor,Kestrel
568,249,20,Mid-Market,7,organic_search,2025-04-15,2025-04-01,2025-06-13,2025-06-01,Closed Lost,1,0,55500.0,59.0,No decision,Northwind
569,250,15,Enterprise,5,display,2025-06-01,2025-06-01,2025-08-26,2025-08-01,Closed Lost,1,0,283700.0,86.0,Lost to status quo,Kestrel
570,251,11,Mid-Market,4,direct,2025-07-09,2025-07-01,2025-10-23,2025-10-01,Closed Won,1,1,48100.0,106.0,,
571,252,18,Enterprise,6,direct,2026-03-01,2026-03-01,2026-11-01,2026-11-01,Negotiation,0,0,116400.0,,,
572,253,17,Mid-Market,6,email,2025-10-17,2025-10-01,2026-01-17,2026-01-01,Closed Lost,1,0,35600.0,92.0,Timing,Helioscope
573,254,1,SMB,1,paid_social,2025-11-01,2025-11-01,2025-12-01,2025-12-01,Closed Lost,1,0,8000.0,30.0,Competitor,(none)
574,255,16,SMB,6,paid_search,2025-06-24,2025-06-01,2025-08-04,2025-08-01,Closed Lost,1,0,9200.0,41.0,Competitor,Northwind
575,255,16,SMB,6,paid_search,2026-04-20,2026-04-01,2026-05-22,2026-05-01,Closed Lost,1,0,32000.0,32.0,No decision,(none)
578,257,23,Mid-Market,8,paid_social,2026-02-13,2026-02-01,2026-05-18,2026-05-01,Closed Lost,1,0,43900.0,94.0,Price,(none)
579,258,2,Mid-Market,1,display,2025-10-03,2025-10-01,2025-11-15,2025-11-01,Closed Lost,1,0,47900.0,43.0,Price,Helioscope
580,259,15,Enterprise,5,paid_social,2025-06-29,2025-06-01,2025-10-01,2025-10-01,Closed Lost,1,0,121700.0,94.0,Lost to status quo,Northwind
581,260,12,Enterprise,4,direct,2025-06-23,2025-06-01,2026-02-18,2026-02-01,Closed Lost,1,0,110500.0,240.0,No decision,Northwind
582,261,22,SMB,8,affiliate,2025-10-23,2025-10-01,2025-11-29,2025-11-01,Closed Lost,1,0,6900.0,37.0,Competitor,Kestrel
585,262,19,SMB,7,paid_search,2025-05-19,2025-05-01,2025-06-12,2025-06-01,Closed Lost,1,0,11700.0,24.0,Lost to status quo,Kestrel
586,263,11,Mid-Market,4,affiliate,2026-06-08,2026-06-01,2026-08-28,2026-08-01,Demo,0,0,45200.0,,,
587,264,22,SMB,8,email,2026-06-05,2026-06-01,2026-07-18,2026-07-01,Negotiation,0,0,11700.0,,,
590,265,10,SMB,4,paid_search,2026-02-09,2026-02-01,2026-03-31,2026-03-01,Closed Won,1,1,14800.0,50.0,,
591,266,11,Mid-Market,4,affiliate,2025-12-16,2025-12-01,2026-01-31,2026-01-01,Closed Lost,1,0,66100.0,46.0,Price,Kestrel
592,267,22,SMB,8,paid_social,2024-12-21,2024-12-01,2025-01-01,2025-01-01,Closed Won,1,1,10000.0,11.0,,
593,267,22,SMB,8,paid_social,2025-10-02,2025-10-01,2025-10-09,2025-10-01,Closed Won,1,1,9000.0,7.0,,
597,268,22,SMB,8,organic_search,2024-10-27,2024-10-01,2024-12-03,2024-12-01,Closed Won,1,1,10100.0,37.0,,
598,268,22,SMB,8,organic_search,2025-08-02,2025-08-01,2025-08-24,2025-08-01,Closed Lost,1,0,8000.0,22.0,No decision,Kestrel
599,269,2,Mid-Market,1,organic_search,2025-02-05,2025-02-01,2025-04-28,2025-04-01,Closed Lost,1,0,27800.0,82.0,Price,Helioscope
600,269,2,Mid-Market,1,organic_search,2025-12-07,2025-12-01,2026-02-22,2026-02-01,Closed Lost,1,0,23500.0,77.0,Lost to status quo,Northwind
601,269,2,Mid-Market,1,organic_search,2026-05-22,2026-05-01,2026-07-24,2026-07-01,Demo,0,0,28700.0,,,
604,270,19,SMB,7,organic_search,2025-11-17,2025-11-01,2025-12-09,2025-12-01,Closed Lost,1,0,6700.0,22.0,Competitor,Helioscope
608,271,19,SMB,7,paid_search,2025-09-27,2025-09-01,2025-10-24,2025-10-01,Closed Won,1,1,13700.0,27.0,,
609,271,19,SMB,7,paid_search,2026-05-31,2026-05-01,2026-06-24,2026-06-01,Closed Lost,1,0,8600.0,24.0,Lost to status quo,(none)
611,272,8,Mid-Market,3,paid_social,2024-09-16,2024-09-01,2024-11-13,2024-11-01,Closed Lost,1,0,48700.0,58.0,No decision,Northwind
612,272,8,Mid-Market,3,paid_social,2025-07-10,2025-07-01,2025-10-26,2025-10-01,Closed Lost,1,0,30000.0,108.0,Competitor,Kestrel
613,273,22,SMB,8,paid_social,2025-01-03,2025-01-01,2025-02-17,2025-02-01,Closed Lost,1,0,16700.0,45.0,Competitor,(none)
616,275,20,Mid-Market,7,email,2025-12-28,2025-12-01,2026-03-11,2026-03-01,Closed Lost,1,0,20800.0,73.0,No decision,Helioscope
618,277,14,Mid-Market,5,paid_search,2026-02-03,2026-02-01,2026-05-18,2026-05-01,Closed Lost,1,0,54700.0,104.0,Competitor,Northwind
620,278,7,SMB,3,direct,2026-03-03,2026-03-01,2026-04-04,2026-04-01,Closed Lost,1,0,10200.0,32.0,Competitor,(none)
623,279,5,Mid-Market,2,email,2025-02-14,2025-02-01,2025-04-18,2025-04-01,Closed Won,1,1,44100.0,63.0,,
624,280,10,SMB,4,display,2025-11-11,2025-11-01,2025-12-13,2025-12-01,Closed Lost,1,0,15900.0,32.0,Timing,Kestrel
627,281,16,SMB,6,organic_search,2025-02-07,2025-02-01,2025-02-27,2025-02-01,Closed Lost,1,0,19100.0,20.0,Timing,Northwind
628,281,16,SMB,6,organic_search,2026-02-12,2026-02-01,2026-03-19,2026-03-01,Closed Won,1,1,9700.0,35.0,,
629,281,16,SMB,6,organic_search,2026-04-30,2026-04-01,2026-06-04,2026-06-01,Closed Lost,1,0,5100.0,35.0,Lost to status quo,Kestrel
630,282,19,SMB,7,direct,2026-05-09,2026-05-01,2026-06-17,2026-06-01,Closed Won,1,1,10200.0,39.0,,
634,283,1,SMB,1,paid_search,2024-09-24,2024-09-01,2024-10-18,2024-10-01,Closed Won,1,1,17600.0,24.0,,
635,283,1,SMB,1,paid_search,2025-05-03,2025-05-01,2025-06-07,2025-06-01,Closed Lost,1,0,14400.0,35.0,Competitor,Kestrel
636,283,1,SMB,1,paid_search,2025-12-05,2025-12-01,2026-01-28,2026-01-01,Closed Lost,1,0,8500.0,54.0,Lost to status quo,(none)
639,284,16,SMB,6,email,2026-01-18,2026-01-01,2026-02-25,2026-02-01,Closed Won,1,1,8900.0,38.0,,
642,285,22,SMB,8,display,2025-05-26,2025-05-01,2025-06-15,2025-06-01,Closed Lost,1,0,13100.0,20.0,No decision,Kestrel
643,286,20,Mid-Market,7,affiliate,2026-01-03,2026-01-01,2026-04-05,2026-04-01,Closed Lost,1,0,29800.0,92.0,Price,Kestrel
644,287,7,SMB,3,display,2025-06-20,2025-06-01,2025-07-16,2025-07-01,Closed Lost,1,0,21500.0,26.0,No decision,(none)
645,287,7,SMB,3,display,2026-04-09,2026-04-01,2026-05-14,2026-05-01,Closed Lost,1,0,13700.0,35.0,Price,Helioscope
648,288,16,SMB,6,paid_social,2026-03-11,2026-03-01,2026-04-20,2026-04-01,Closed Won,1,1,11200.0,40.0,,
653,289,4,SMB,2,paid_search,2024-12-22,2024-12-01,2025-01-19,2025-01-01,Closed Lost,1,0,8100.0,28.0,Price,Kestrel
654,289,4,SMB,2,paid_search,2026-01-10,2026-01-01,2026-02-05,2026-02-01,Closed Lost,1,0,16100.0,26.0,Timing,(none)
655,289,4,SMB,2,paid_search,2026-04-24,2026-04-01,2026-06-01,2026-06-01,Closed Lost,1,0,6400.0,38.0,No decision,Helioscope
657,290,19,SMB,7,email,2025-01-11,2025-01-01,2025-03-02,2025-03-01,Closed Lost,1,0,16800.0,50.0,Lost to status quo,Helioscope
658,290,19,SMB,7,email,2026-01-30,2026-01-01,2026-03-11,2026-03-01,Closed Lost,1,0,7500.0,40.0,Timing,Northwind
659,291,13,SMB,5,display,2026-03-14,2026-03-01,2026-04-14,2026-04-01,Closed Lost,1,0,18500.0,31.0,No decision,Helioscope
662,292,13,SMB,5,direct,2025-05-27,2025-05-01,2025-07-03,2025-07-01,Closed Won,1,1,9700.0,37.0,,
663,292,13,SMB,5,direct,2026-01-15,2026-01-01,2026-02-23,2026-02-01,Closed Lost,1,0,14100.0,39.0,Competitor,Helioscope
666,293,2,Mid-Market,1,organic_search,2026-01-09,2026-01-01,2026-03-14,2026-03-01,Closed Lost,1,0,31200.0,64.0,Lost to status quo,(none)
667,294,7,SMB,3,display,2026-02-16,2026-02-01,2026-03-15,2026-03-01,Closed Won,1,1,12400.0,27.0,,
671,295,19,SMB,7,display,2026-06-08,2026-06-01,2026-06-27,2026-06-01,Closed Lost,1,0,11400.0,19.0,No decision,Northwind
680,298,15,Enterprise,5,direct,2025-01-31,2025-01-01,2025-05-06,2025-05-01,Closed Lost,1,0,177800.0,95.0,Competitor,Helioscope
681,299,19,SMB,7,display,2025-10-30,2025-10-01,2025-11-27,2025-11-01,Closed Lost,1,0,9900.0,28.0,Price,(none)
686,300,23,Mid-Market,8,affiliate,2025-11-29,2025-11-01,2026-01-19,2026-01-01,Closed Lost,1,0,29900.0,51.0,Competitor,Kestrel
687,301,5,Mid-Market,2,paid_search,2025-12-24,2025-12-01,2026-04-04,2026-04-01,Closed Lost,1,0,35400.0,101.0,Price,Northwind
688,302,20,Mid-Market,7,paid_search,2025-09-08,2025-09-01,2025-11-28,2025-11-01,Closed Won,1,1,26600.0,81.0,,
689,303,10,SMB,4,paid_social,2026-03-31,2026-03-01,2026-04-07,2026-04-01,Closed Lost,1,0,12700.0,7.0,No decision,Northwind
690,304,22,SMB,8,paid_social,2026-03-24,2026-03-01,2026-04-30,2026-04-01,Closed Lost,1,0,14900.0,37.0,Price,Helioscope
695,305,4,SMB,2,email,2026-01-08,2026-01-01,2026-02-03,2026-02-01,Closed Won,1,1,23700.0,26.0,,
700,306,13,SMB,5,paid_search,2024-11-02,2024-11-01,2024-12-17,2024-12-01,Closed Lost,1,0,7900.0,45.0,Price,Northwind
701,307,22,SMB,8,affiliate,2025-08-02,2025-08-01,2025-09-10,2025-09-01,Closed Won,1,1,9500.0,39.0,,
702,307,22,SMB,8,affiliate,2026-04-17,2026-04-01,2026-05-11,2026-05-01,Closed Won,1,1,7900.0,24.0,,
703,308,13,SMB,5,paid_search,2024-10-02,2024-10-01,2024-10-23,2024-10-01,Closed Lost,1,0,8500.0,21.0,No decision,Northwind
704,308,13,SMB,5,paid_search,2025-05-03,2025-05-01,2025-06-09,2025-06-01,Closed Lost,1,0,15100.0,37.0,Price,Kestrel
710,309,4,SMB,2,email,2025-12-04,2025-12-01,2026-01-10,2026-01-01,Closed Lost,1,0,6200.0,37.0,Timing,Northwind
712,310,19,SMB,7,paid_social,2024-08-27,2024-08-01,2024-09-25,2024-09-01,Closed Lost,1,0,9200.0,29.0,Competitor,Kestrel
713,310,19,SMB,7,paid_social,2025-07-18,2025-07-01,2025-08-18,2025-08-01,Closed Lost,1,0,2800.0,31.0,Timing,Northwind
714,310,19,SMB,7,paid_social,2026-04-17,2026-04-01,2026-05-06,2026-05-01,Closed Lost,1,0,15900.0,19.0,No decision,Northwind
717,311,9,Enterprise,3,email,2025-04-14,2025-04-01,2025-07-17,2025-07-01,Closed Lost,1,0,214300.0,94.0,Timing,Kestrel
718,312,17,Mid-Market,6,affiliate,2026-01-25,2026-01-01,2026-05-01,2026-05-01,Closed Lost,1,0,42100.0,96.0,Lost to status quo,Helioscope
720,313,13,SMB,5,paid_search,2025-02-17,2025-02-01,2025-04-01,2025-04-01,Closed Lost,1,0,12500.0,43.0,Timing,Northwind
721,313,13,SMB,5,paid_search,2026-01-31,2026-01-01,2026-03-09,2026-03-01,Closed Lost,1,0,12200.0,37.0,Competitor,(none)
725,314,23,Mid-Market,8,paid_social,2025-07-01,2025-07-01,2025-09-21,2025-09-01,Closed Lost,1,0,28900.0,82.0,Timing,(none)
726,314,23,Mid-Market,8,paid_social,2026-02-23,2026-02-01,2026-04-23,2026-04-01,Closed Won,1,1,72300.0,59.0,,
727,315,3,Enterprise,1,affiliate,2024-10-30,2024-10-01,2025-02-13,2025-02-01,Closed Lost,1,0,112200.0,106.0,Timing,Helioscope
728,316,5,Mid-Market,2,paid_social,2025-03-06,2025-03-01,2025-06-13,2025-06-01,Closed Lost,1,0,65700.0,99.0,Competitor,(none)
729,316,5,Mid-Market,2,paid_social,2025-09-25,2025-09-01,2025-12-19,2025-12-01,Closed Lost,1,0,32400.0,85.0,Lost to status quo,(none)
730,317,1,SMB,1,email,2026-03-11,2026-03-01,2026-04-16,2026-04-01,Closed Won,1,1,9700.0,36.0,,
733,318,1,SMB,1,email,2026-05-31,2026-05-01,2026-06-25,2026-06-01,Closed Lost,1,0,13600.0,25.0,Price,Kestrel
734,319,2,Mid-Market,1,paid_search,2026-02-03,2026-02-01,2026-04-22,2026-04-01,Closed Won,1,1,52800.0,78.0,,
736,320,9,Enterprise,3,direct,2025-10-24,2025-10-01,2026-04-30,2026-04-01,Closed Lost,1,0,123900.0,188.0,Price,Northwind
742,322,19,SMB,7,email,2026-04-02,2026-04-01,2026-05-19,2026-05-01,Closed Lost,1,0,12300.0,47.0,Competitor,Helioscope
743,323,14,Mid-Market,5,affiliate,2025-07-01,2025-07-01,2025-08-31,2025-08-01,Closed Won,1,1,18300.0,61.0,,
744,324,1,SMB,1,display,2025-01-27,2025-01-01,2025-03-08,2025-03-01,Closed Lost,1,0,7200.0,40.0,Lost to status quo,Northwind
745,324,1,SMB,1,display,2025-11-07,2025-11-01,2025-12-04,2025-12-01,Closed Won,1,1,6900.0,27.0,,
746,325,20,Mid-Market,7,paid_search,2025-03-01,2025-03-01,2025-05-06,2025-05-01,Closed Lost,1,0,29200.0,66.0,No decision,Kestrel
747,326,22,SMB,8,direct,2026-03-11,2026-03-01,2026-03-30,2026-03-01,Closed Lost,1,0,9500.0,19.0,No decision,(none)
749,327,7,SMB,3,email,2025-11-18,2025-11-01,2025-12-21,2025-12-01,Closed Won,1,1,12700.0,33.0,,
757,328,2,Mid-Market,1,paid_search,2025-11-16,2025-11-01,2026-01-03,2026-01-01,Closed Lost,1,0,33700.0,48.0,No decision,Northwind
760,329,18,Enterprise,6,email,2024-11-10,2024-11-01,2025-04-11,2025-04-01,Closed Lost,1,0,273800.0,152.0,Timing,(none)
761,329,18,Enterprise,6,email,2025-08-06,2025-08-01,2026-01-16,2026-01-01,Closed Lost,1,0,84400.0,163.0,Competitor,Kestrel
762,330,10,SMB,4,direct,2025-12-18,2025-12-01,2026-02-02,2026-02-01,Closed Lost,1,0,6500.0,46.0,Timing,Kestrel
769,331,14,Mid-Market,5,email,2024-08-13,2024-08-01,2024-10-02,2024-10-01,Closed Won,1,1,65000.0,50.0,,
770,332,16,SMB,6,paid_social,2025-11-28,2025-11-01,2025-12-12,2025-12-01,Closed Lost,1,0,20000.0,14.0,No decision,Kestrel
771,333,13,SMB,5,organic_search,2025-04-12,2025-04-01,2025-05-16,2025-05-01,Closed Lost,1,0,8100.0,34.0,Price,Helioscope
772,333,13,SMB,5,organic_search,2025-12-26,2025-12-01,2026-01-27,2026-01-01,Closed Won,1,1,6300.0,32.0,,
775,334,4,SMB,2,email,2025-04-07,2025-04-01,2025-05-13,2025-05-01,Closed Won,1,1,15500.0,36.0,,
776,334,4,SMB,2,email,2026-02-20,2026-02-01,2026-04-08,2026-04-01,Closed Won,1,1,10100.0,47.0,,
779,335,20,Mid-Market,7,display,2025-04-14,2025-04-01,2025-06-19,2025-06-01,Closed Won,1,1,81900.0,66.0,,
780,335,20,Mid-Market,7,display,2026-02-17,2026-02-01,2026-04-14,2026-04-01,Closed Lost,1,0,50700.0,56.0,Competitor,Kestrel
784,336,8,Mid-Market,3,direct,2026-02-21,2026-02-01,2026-06-18,2026-06-01,Closed Lost,1,0,22600.0,117.0,Competitor,Kestrel
785,337,22,SMB,8,paid_social,2024-10-31,2024-10-01,2024-11-25,2024-11-01,Closed Won,1,1,18400.0,25.0,,
786,338,18,Enterprise,6,direct,2026-02-08,2026-02-01,2026-04-17,2026-04-01,Closed Lost,1,0,145100.0,68.0,Timing,Northwind
788,339,4,SMB,2,paid_social,2025-12-10,2025-12-01,2025-12-27,2025-12-01,Closed Lost,1,0,8000.0,17.0,No decision,(none)
796,341,19,SMB,7,email,2025-09-08,2025-09-01,2025-10-13,2025-10-01,Closed Lost,1,0,16900.0,35.0,Timing,Kestrel
797,341,19,SMB,7,email,2026-05-08,2026-05-01,2026-06-14,2026-06-01,Closed Lost,1,0,12000.0,37.0,Timing,Northwind
800,342,14,Mid-Market,5,email,2024-09-02,2024-09-01,2024-11-02,2024-11-01,Closed Won,1,1,23600.0,61.0,,
801,343,8,Mid-Market,3,organic_search,2024-11-19,2024-11-01,2025-03-20,2025-03-01,Closed Lost,1,0,114400.0,121.0,Timing,Helioscope
802,343,8,Mid-Market,3,organic_search,2025-06-23,2025-06-01,2025-09-01,2025-09-01,Closed Lost,1,0,48900.0,70.0,Competitor,Helioscope
803,343,8,Mid-Market,3,organic_search,2026-01-07,2026-01-01,2026-03-21,2026-03-01,Closed Lost,1,0,43400.0,73.0,No decision,Northwind
804,344,19,SMB,7,affiliate,2026-02-09,2026-02-01,2026-03-24,2026-03-01,Closed Won,1,1,11900.0,43.0,,
809,346,13,SMB,5,direct,2025-03-20,2025-03-01,2025-03-30,2025-03-01,Closed Lost,1,0,9100.0,10.0,Competitor,Helioscope
810,347,10,SMB,4,paid_social,2025-10-01,2025-10-01,2025-12-13,2025-12-01,Closed Lost,1,0,5800.0,73.0,Timing,(none)
812,348,7,SMB,3,organic_search,2025-01-25,2025-01-01,2025-02-01,2025-02-01,Closed Won,1,1,8500.0,7.0,,
813,348,7,SMB,3,organic_search,2025-09-15,2025-09-01,2025-10-26,2025-10-01,Closed Lost,1,0,11100.0,41.0,No decision,(none)
814,349,5,Mid-Market,2,email,2025-07-03,2025-07-01,2025-10-01,2025-10-01,Closed Won,1,1,30500.0,90.0,,
815,350,22,SMB,8,paid_social,2024-09-19,2024-09-01,2024-10-10,2024-10-01,Closed Lost,1,0,13300.0,21.0,Lost to status quo,Northwind
816,350,22,SMB,8,paid_social,2025-07-10,2025-07-01,2025-08-12,2025-08-01,Closed Won,1,1,9300.0,33.0,,
817,351,12,Enterprise,4,direct,2026-01-27,2026-01-01,2026-09-18,2026-09-01,Prospecting,0,0,174200.0,,,
818,352,6,Enterprise,2,direct,2026-03-16,2026-03-01,2026-08-22,2026-08-01,Prospecting,0,0,152800.0,,,
819,353,10,SMB,4,paid_search,2026-05-15,2026-05-01,2026-07-01,2026-07-01,Closed Won,1,1,4400.0,47.0,,
821,354,7,SMB,3,paid_search,2025-02-23,2025-02-01,2025-04-06,2025-04-01,Closed Lost,1,0,10800.0,42.0,Timing,Kestrel
822,354,7,SMB,3,paid_search,2026-02-21,2026-02-01,2026-04-13,2026-04-01,Closed Won,1,1,20200.0,51.0,,
823,355,13,SMB,5,paid_search,2025-08-13,2025-08-01,2025-09-25,2025-09-01,Closed Won,1,1,11600.0,43.0,,
824,355,13,SMB,5,paid_search,2026-04-24,2026-04-01,2026-06-02,2026-06-01,Closed Lost,1,0,11300.0,39.0,No decision,Helioscope
825,356,12,Enterprise,4,affiliate,2025-11-03,2025-11-01,2026-04-15,2026-04-01,Closed Lost,1,0,337900.0,163.0,No decision,Helioscope
828,357,21,Enterprise,7,affiliate,2025-11-24,2025-11-01,2026-04-18,2026-04-01,Closed Lost,1,0,192700.0,145.0,Competitor,(none)
829,358,19,SMB,7,direct,2025-04-05,2025-04-01,2025-05-14,2025-05-01,Closed Lost,1,0,12300.0,39.0,No decision,Northwind
830,359,19,SMB,7,email,2024-10-08,2024-10-01,2024-11-16,2024-11-01,Closed Lost,1,0,15700.0,39.0,Price,Northwind
831,359,19,SMB,7,email,2025-09-07,2025-09-01,2025-10-01,2025-10-01,Closed Lost,1,0,19500.0,24.0,Price,Northwind
836,361,12,Enterprise,4,display,2025-12-06,2025-12-01,2026-09-15,2026-09-01,Proposal,0,0,204800.0,,,
838,362,19,SMB,7,email,2026-02-02,2026-02-01,2026-02-25,2026-02-01,Closed Lost,1,0,9000.0,23.0,Timing,Northwind
840,363,5,Mid-Market,2,paid_social,2024-09-30,2024-09-01,2024-11-27,2024-11-01,Closed Lost,1,0,16800.0,58.0,Competitor,Kestrel
841,363,5,Mid-Market,2,paid_social,2025-08-17,2025-08-01,2025-11-26,2025-11-01,Closed Won,1,1,23200.0,101.0,,
842,364,8,Mid-Market,3,paid_search,2025-09-23,2025-09-01,2025-12-01,2025-12-01,Closed Lost,1,0,52900.0,69.0,Price,(none)
844,366,1,SMB,1,display,2026-03-12,2026-03-01,2026-04-08,2026-04-01,Closed Lost,1,0,10200.0,27.0,Timing,Northwind
846,367,4,SMB,2,organic_search,2026-02-24,2026-02-01,2026-05-02,2026-05-01,Closed Lost,1,0,6000.0,67.0,Timing,(none)
851,369,7,SMB,3,organic_search,2025-04-06,2025-04-01,2025-05-13,2025-05-01,Closed Lost,1,0,11300.0,37.0,Price,(none)
852,369,7,SMB,3,organic_search,2026-04-01,2026-04-01,2026-05-08,2026-05-01,Closed Lost,1,0,21200.0,37.0,Price,(none)
856,370,16,SMB,6,email,2025-02-10,2025-02-01,2025-03-10,2025-03-01,Closed Lost,1,0,26000.0,28.0,Price,(none)
857,370,16,SMB,6,email,2025-12-10,2025-12-01,2026-01-31,2026-01-01,Closed Lost,1,0,16200.0,52.0,Lost to status quo,Kestrel
858,370,16,SMB,6,email,2026-05-05,2026-05-01,2026-05-28,2026-05-01,Closed Won,1,1,5100.0,23.0,,
859,371,1,SMB,1,email,2025-09-17,2025-09-01,2025-10-21,2025-10-01,Closed Won,1,1,11700.0,34.0,,
864,372,22,SMB,8,direct,2025-06-24,2025-06-01,2025-08-03,2025-08-01,Closed Won,1,1,14700.0,40.0,,
865,372,22,SMB,8,direct,2025-12-28,2025-12-01,2026-01-21,2026-01-01,Closed Lost,1,0,10000.0,24.0,Price,Helioscope
868,373,14,Mid-Market,5,organic_search,2025-09-05,2025-09-01,2025-12-16,2025-12-01,Closed Lost,1,0,47600.0,102.0,Timing,Kestrel
869,374,1,SMB,1,paid_search,2025-10-01,2025-10-01,2025-10-29,2025-10-01,Closed Lost,1,0,9000.0,28.0,Timing,Kestrel
875,375,10,SMB,4,paid_social,2026-06-01,2026-06-01,2026-07-04,2026-07-01,Proposal,0,0,14400.0,,,
878,376,14,Mid-Market,5,affiliate,2024-09-24,2024-09-01,2024-11-13,2024-11-01,Closed Lost,1,0,103000.0,50.0,Lost to status quo,Northwind
879,376,14,Mid-Market,5,affiliate,2025-07-19,2025-07-01,2025-10-21,2025-10-01,Closed Lost,1,0,116400.0,94.0,No decision,Northwind
880,377,4,SMB,2,paid_social,2025-02-15,2025-02-01,2025-03-31,2025-03-01,Closed Won,1,1,3900.0,44.0,,
881,377,4,SMB,2,paid_social,2025-10-16,2025-10-01,2025-11-01,2025-11-01,Closed Won,1,1,14600.0,16.0,,
882,377,4,SMB,2,paid_social,2026-06-27,2026-06-01,2026-07-19,2026-07-01,Prospecting,0,0,7500.0,,,
885,378,19,SMB,7,affiliate,2024-08-17,2024-08-01,2024-09-29,2024-09-01,Closed Won,1,1,8900.0,43.0,,
886,378,19,SMB,7,affiliate,2025-06-07,2025-06-01,2025-06-24,2025-06-01,Closed Lost,1,0,5800.0,17.0,Competitor,Kestrel
887,378,19,SMB,7,affiliate,2026-03-03,2026-03-01,2026-04-23,2026-04-01,Closed Won,1,1,5200.0,51.0,,
888,379,7,SMB,3,display,2024-07-29,2024-07-01,2024-09-16,2024-09-01,Closed Won,1,1,7700.0,49.0,,
889,379,7,SMB,3,display,2025-07-20,2025-07-01,2025-09-07,2025-09-01,Closed Won,1,1,12200.0,49.0,,
890,379,7,SMB,3,display,2026-06-15,2026-06-01,2026-08-01,2026-08-01,Proposal,0,0,18600.0,,,
893,381,5,Mid-Market,2,paid_social,2025-09-08,2025-09-01,2025-10-25,2025-10-01,Closed Lost,1,0,24700.0,47.0,Competitor,Helioscope
896,382,4,SMB,2,organic_search,2025-07-05,2025-07-01,2025-07-20,2025-07-01,Closed Won,1,1,17100.0,15.0,,
898,383,23,Mid-Market,8,paid_search,2025-12-31,2025-12-01,2026-03-28,2026-03-01,Closed Lost,1,0,36300.0,87.0,Timing,Kestrel
899,384,14,Mid-Market,5,organic_search,2026-02-12,2026-02-01,2026-05-25,2026-05-01,Closed Won,1,1,34400.0,102.0,,
901,385,4,SMB,2,affiliate,2025-08-30,2025-08-01,2025-09-16,2025-09-01,Closed Won,1,1,7500.0,17.0,,
902,386,5,Mid-Market,2,paid_social,2026-06-30,2026-06-01,2026-09-03,2026-09-01,Proposal,0,0,40000.0,,,
906,387,22,SMB,8,paid_social,2025-10-31,2025-10-01,2025-12-07,2025-12-01,Closed Lost,1,0,12600.0,37.0,Price,Kestrel
909,388,8,Mid-Market,3,affiliate,2025-04-30,2025-04-01,2025-07-22,2025-07-01,Closed Won,1,1,62400.0,83.0,,
910,388,8,Mid-Market,3,affiliate,2026-04-04,2026-04-01,2026-05-19,2026-05-01,Closed Lost,1,0,48000.0,45.0,Price,Helioscope
911,389,10,SMB,4,email,2025-09-04,2025-09-01,2025-09-29,2025-09-01,Closed Lost,1,0,11300.0,25.0,Timing,(none)
912,389,10,SMB,4,email,2026-05-06,2026-05-01,2026-07-01,2026-07-01,Closed Won,1,1,6500.0,56.0,,
915,390,14,Mid-Market,5,display,2026-04-08,2026-04-01,2026-05-31,2026-05-01,Closed Won,1,1,40900.0,53.0,,
916,391,22,SMB,8,display,2026-04-20,2026-04-01,2026-06-10,2026-06-01,Closed Lost,1,0,18400.0,51.0,Timing,(none)
919,392,10,SMB,4,organic_search,2025-05-25,2025-05-01,2025-06-01,2025-06-01,Closed Won,1,1,17900.0,7.0,,
920,392,10,SMB,4,organic_search,2026-04-05,2026-04-01,2026-05-04,2026-05-01,Closed Won,1,1,9300.0,29.0,,
921,393,20,Mid-Market,7,organic_search,2025-07-24,2025-07-01,2025-11-05,2025-11-01,Closed Lost,1,0,48100.0,104.0,Competitor,Northwind
922,394,16,SMB,6,organic_search,2026-03-04,2026-03-01,2026-04-10,2026-04-01,Closed Lost,1,0,6200.0,37.0,Timing,Kestrel
928,396,17,Mid-Market,6,paid_social,2026-04-05,2026-04-01,2026-05-31,2026-05-01,Closed Lost,1,0,22300.0,56.0,Timing,Helioscope
929,397,3,Enterprise,1,display,2026-05-30,2026-05-01,2026-11-10,2026-11-01,Demo,0,0,214700.0,,,
932,398,10,SMB,4,email,2025-08-29,2025-08-01,2025-10-15,2025-10-01,Closed Won,1,1,16800.0,47.0,,
940,400,1,SMB,1,organic_search,2026-05-30,2026-05-01,2026-07-02,2026-07-01,Negotiation,0,0,15000.0,,,
944,401,12,Enterprise,4,paid_search,2026-05-26,2026-05-01,2026-09-21,2026-09-01,Proposal,0,0,122900.0,,,
947,402,22,SMB,8,affiliate,2025-03-08,2025-03-01,2025-04-11,2025-04-01,Closed Won,1,1,11500.0,34.0,,
949,404,3,Enterprise,1,paid_social,2025-06-27,2025-06-01,2026-01-24,2026-01-01,Closed Lost,1,0,251000.0,211.0,No decision,(none)
950,405,12,Enterprise,4,paid_social,2026-04-08,2026-04-01,2026-09-11,2026-09-01,Negotiation,0,0,163900.0,,,
951,406,13,SMB,5,organic_search,2025-10-01,2025-10-01,2025-10-11,2025-10-01,Closed Lost,1,0,13600.0,10.0,Timing,Helioscope
952,406,13,SMB,5,organic_search,2026-03-29,2026-03-01,2026-04-27,2026-04-01,Closed Won,1,1,10300.0,29.0,,
957,407,4,SMB,2,display,2025-05-01,2025-05-01,2025-06-25,2025-06-01,Closed Lost,1,0,6900.0,55.0,Price,Kestrel
958,407,4,SMB,2,display,2025-11-07,2025-11-01,2025-11-29,2025-11-01,Closed Lost,1,0,7700.0,22.0,Timing,Kestrel
959,408,10,SMB,4,affiliate,2025-01-08,2025-01-01,2025-02-26,2025-02-01,Closed Lost,1,0,15400.0,49.0,No decision,Northwind
960,408,10,SMB,4,affiliate,2026-01-11,2026-01-01,2026-02-05,2026-02-01,Closed Lost,1,0,9500.0,25.0,No decision,(none)
961,408,10,SMB,4,affiliate,2026-04-08,2026-04-01,2026-05-29,2026-05-01,Closed Lost,1,0,9900.0,51.0,Competitor,Northwind
963,409,4,SMB,2,paid_search,2025-08-04,2025-08-01,2025-08-21,2025-08-01,Closed Lost,1,0,8800.0,17.0,Price,Kestrel
969,410,9,Enterprise,3,display,2025-05-26,2025-05-01,2025-12-06,2025-12-01,Closed Lost,1,0,297600.0,194.0,Price,Helioscope
970,411,22,SMB,8,paid_social,2025-03-10,2025-03-01,2025-04-15,2025-04-01,Closed Won,1,1,7400.0,36.0,,
971,412,4,SMB,2,paid_social,2026-05-24,2026-05-01,2026-07-10,2026-07-01,Discovery,0,0,10500.0,,,
972,413,22,SMB,8,organic_search,2025-02-24,2025-02-01,2025-04-12,2025-04-01,Closed Lost,1,0,5300.0,47.0,Lost to status quo,(none)
973,413,22,SMB,8,organic_search,2026-03-03,2026-03-01,2026-04-03,2026-04-01,Closed Won,1,1,11100.0,31.0,,
974,413,22,SMB,8,organic_search,2026-05-09,2026-05-01,2026-06-28,2026-06-01,Closed Lost,1,0,10800.0,50.0,Competitor,Northwind
976,414,19,SMB,7,display,2026-04-01,2026-04-01,2026-05-16,2026-05-01,Closed Won,1,1,12000.0,45.0,,
980,415,17,Mid-Market,6,direct,2026-04-07,2026-04-01,2026-07-19,2026-07-01,Prospecting,0,0,40700.0,,,
983,416,19,SMB,7,paid_search,2024-12-17,2024-12-01,2025-02-01,2025-02-01,Closed Lost,1,0,25900.0,46.0,Timing,Kestrel
987,418,19,SMB,7,organic_search,2025-03-30,2025-03-01,2025-05-14,2025-05-01,Closed Lost,1,0,9400.0,45.0,Timing,Northwind
988,418,19,SMB,7,organic_search,2025-12-21,2025-12-01,2026-02-17,2026-02-01,Closed Lost,1,0,10200.0,58.0,Timing,Kestrel
989,419,13,SMB,5,display,2025-01-09,2025-01-01,2025-02-10,2025-02-01,Closed Won,1,1,8100.0,32.0,,
990,419,13,SMB,5,display,2025-08-22,2025-08-01,2025-10-01,2025-10-01,Closed Lost,1,0,6400.0,40.0,Timing,(none)
994,420,6,Enterprise,2,display,2025-03-17,2025-03-01,2025-10-08,2025-10-01,Closed Lost,1,0,168400.0,205.0,No decision,Northwind
995,421,13,SMB,5,paid_social,2025-01-18,2025-01-01,2025-03-08,2025-03-01,Closed Lost,1,0,11900.0,49.0,Price,Northwind
996,422,23,Mid-Market,8,email,2026-01-10,2026-01-01,2026-04-04,2026-04-01,Closed Lost,1,0,40000.0,84.0,Competitor,Northwind
998,423,20,Mid-Market,7,affiliate,2026-05-12,2026-05-01,2026-08-15,2026-08-01,Prospecting,0,0,35400.0,,,
1001,424,13,SMB,5,organic_search,2025-02-28,2025-02-01,2025-04-06,2025-04-01,Closed Won,1,1,18100.0,37.0,,
1002,424,13,SMB,5,organic_search,2025-10-22,2025-10-01,2025-12-05,2025-12-01,Closed Lost,1,0,25300.0,44.0,Timing,Northwind
1003,425,13,SMB,5,paid_search,2025-03-29,2025-03-01,2025-04-22,2025-04-01,Closed Lost,1,0,12400.0,24.0,No decision,(none)
1004,425,13,SMB,5,paid_search,2025-11-24,2025-11-01,2026-01-07,2026-01-01,Closed Lost,1,0,19700.0,44.0,Lost to status quo,Kestrel
1005,426,10,SMB,4,direct,2025-07-01,2025-07-01,2025-07-19,2025-07-01,Closed Lost,1,0,14000.0,18.0,Timing,Helioscope
1006,427,12,Enterprise,4,affiliate,2024-10-06,2024-10-01,2025-02-18,2025-02-01,Closed Lost,1,0,184000.0,135.0,No decision,Kestrel
1007,427,12,Enterprise,4,affiliate,2025-06-26,2025-06-01,2025-10-05,2025-10-01,Closed Lost,1,0,256500.0,101.0,Lost to status quo,(none)
1008,427,12,Enterprise,4,affiliate,2025-10-28,2025-10-01,2026-04-17,2026-04-01,Closed Lost,1,0,182800.0,171.0,Lost to status quo,Helioscope
1011,429,15,Enterprise,5,paid_social,2025-10-31,2025-10-01,2026-03-28,2026-03-01,Closed Lost,1,0,133800.0,148.0,Price,(none)
1012,430,22,SMB,8,organic_search,2025-11-15,2025-11-01,2025-12-02,2025-12-01,Closed Won,1,1,11300.0,17.0,,
1017,431,2,Mid-Market,1,direct,2025-11-14,2025-11-01,2026-01-16,2026-01-01,Closed Lost,1,0,42300.0,63.0,No decision,Helioscope
1018,431,2,Mid-Market,1,direct,2026-06-25,2026-06-01,2026-09-23,2026-09-01,Negotiation,0,0,37300.0,,,
1019,432,1,SMB,1,paid_social,2025-05-23,2025-05-01,2025-07-02,2025-07-01,Closed Lost,1,0,23000.0,40.0,Competitor,Helioscope
1020,432,1,SMB,1,paid_social,2026-02-22,2026-02-01,2026-03-11,2026-03-01,Closed Won,1,1,18800.0,17.0,,
1021,433,4,SMB,2,affiliate,2026-03-06,2026-03-01,2026-04-11,2026-04-01,Closed Lost,1,0,9800.0,36.0,No decision,Kestrel
1026,434,9,Enterprise,3,affiliate,2026-06-26,2026-06-01,2026-11-23,2026-11-01,Proposal,0,0,360200.0,,,
1027,435,10,SMB,4,direct,2025-09-22,2025-09-01,2025-10-21,2025-10-01,Closed Lost,1,0,10800.0,29.0,Price,Helioscope
1030,436,10,SMB,4,paid_social,2026-02-24,2026-02-01,2026-03-18,2026-03-01,Closed Won,1,1,11200.0,22.0,,
1033,437,19,SMB,7,direct,2024-12-13,2024-12-01,2025-01-08,2025-01-01,Closed Lost,1,0,10400.0,26.0,Lost to status quo,Kestrel
1034,437,19,SMB,7,direct,2026-01-03,2026-01-01,2026-02-24,2026-02-01,Closed Lost,1,0,15600.0,52.0,Competitor,Northwind
1035,438,20,Mid-Market,7,direct,2025-04-05,2025-04-01,2025-06-30,2025-06-01,Closed Won,1,1,69700.0,86.0,,
1036,438,20,Mid-Market,7,direct,2025-11-28,2025-11-01,2026-03-22,2026-03-01,Closed Lost,1,0,44400.0,114.0,Timing,Kestrel
1039,439,5,Mid-Market,2,direct,2025-07-21,2025-07-01,2025-11-06,2025-11-01,Closed Lost,1,0,51000.0,108.0,Price,Helioscope
1040,439,5,Mid-Market,2,direct,2026-06-20,2026-06-01,2026-08-08,2026-08-01,Proposal,0,0,19700.0,,,
1041,440,17,Mid-Market,6,display,2025-09-04,2025-09-01,2025-11-30,2025-11-01,Closed Lost,1,0,32800.0,87.0,Competitor,Helioscope
1042,441,20,Mid-Market,7,display,2025-01-11,2025-01-01,2025-05-18,2025-05-01,Closed Lost,1,0,37700.0,127.0,Price,Kestrel
1043,441,20,Mid-Market,7,display,2025-12-16,2025-12-01,2026-02-27,2026-02-01,Closed Lost,1,0,56400.0,73.0,Price,Kestrel
1044,442,16,SMB,6,email,2025-05-05,2025-05-01,2025-05-12,2025-05-01,Closed Lost,1,0,8600.0,7.0,Lost to status quo,Helioscope
1045,442,16,SMB,6,email,2026-03-28,2026-03-01,2026-05-23,2026-05-01,Closed Lost,1,0,13200.0,56.0,No decision,Northwind
1050,443,22,SMB,8,paid_search,2026-01-01,2026-01-01,2026-02-02,2026-02-01,Closed Lost,1,0,5000.0,32.0,Lost to status quo,Kestrel
1053,444,16,SMB,6,display,2026-06-13,2026-06-01,2026-07-09,2026-07-01,Proposal,0,0,20300.0,,,
1054,445,10,SMB,4,paid_search,2026-04-11,2026-04-01,2026-05-11,2026-05-01,Closed Lost,1,0,6500.0,30.0,Lost to status quo,Northwind
1057,446,1,SMB,1,organic_search,2025-02-13,2025-02-01,2025-03-20,2025-03-01,Closed Lost,1,0,22600.0,35.0,Timing,Northwind
1058,446,1,SMB,1,organic_search,2025-11-28,2025-11-01,2026-02-06,2026-02-01,Closed Lost,1,0,12400.0,70.0,Price,Northwind
1060,447,20,Mid-Market,7,affiliate,2026-04-10,2026-04-01,2026-06-16,2026-06-01,Closed Lost,1,0,59100.0,67.0,Timing,Northwind
1062,448,11,Mid-Market,4,paid_social,2025-10-29,2025-10-01,2026-01-21,2026-01-01,Closed Lost,1,0,45800.0,84.0,Timing,(none)
1066,450,22,SMB,8,display,2025-11-25,2025-11-01,2025-12-20,2025-12-01,Closed Lost,1,0,22000.0,25.0,Lost to status quo,Helioscope
1068,451,14,Mid-Market,5,paid_social,2025-09-12,2025-09-01,2025-10-25,2025-10-01,Closed Lost,1,0,29000.0,43.0,No decision,(none)
1069,452,19,SMB,7,paid_social,2026-02-14,2026-02-01,2026-03-29,2026-03-01,Closed Won,1,1,16300.0,43.0,,
1070,453,12,Enterprise,4,organic_search,2026-01-31,2026-01-01,2026-03-22,2026-03-01,Closed Lost,1,0,105800.0,50.0,Price,Kestrel
1071,454,19,SMB,7,affiliate,2026-06-13,2026-06-01,2026-07-25,2026-07-01,Proposal,0,0,22200.0,,,
1074,455,11,Mid-Market,4,email,2026-05-18,2026-05-01,2026-07-09,2026-07-01,Discovery,0,0,17100.0,,,
1075,456,10,SMB,4,affiliate,2025-09-23,2025-09-01,2025-11-11,2025-11-01,Closed Won,1,1,11700.0,49.0,,
1078,457,16,SMB,6,paid_social,2025-03-11,2025-03-01,2025-04-14,2025-04-01,Closed Won,1,1,13200.0,34.0,,
1079,458,7,SMB,3,paid_search,2025-03-10,2025-03-01,2025-04-22,2025-04-01,Closed Lost,1,0,9300.0,43.0,Timing,Helioscope
1080,458,7,SMB,3,paid_search,2025-11-30,2025-11-01,2025-12-29,2025-12-01,Closed Won,1,1,6800.0,29.0,,
1081,458,7,SMB,3,paid_search,2026-05-09,2026-05-01,2026-06-03,2026-06-01,Closed Lost,1,0,6100.0,25.0,Lost to status quo,Northwind
1085,459,19,SMB,7,email,2024-10-05,2024-10-01,2024-11-23,2024-11-01,Closed Won,1,1,21600.0,49.0,,
1086,459,19,SMB,7,email,2025-07-06,2025-07-01,2025-08-12,2025-08-01,Closed Won,1,1,12000.0,37.0,,
1087,459,19,SMB,7,email,2026-02-22,2026-02-01,2026-03-29,2026-03-01,Closed Lost,1,0,14400.0,35.0,No decision,Helioscope
1088,460,3,Enterprise,1,paid_social,2024-08-31,2024-08-01,2025-03-14,2025-03-01,Closed Won,1,1,109700.0,195.0,,
1089,461,1,SMB,1,paid_search,2026-05-22,2026-05-01,2026-06-24,2026-06-01,Closed Won,1,1,10900.0,33.0,,
1090,462,18,Enterprise,6,affiliate,2025-12-25,2025-12-01,2026-06-22,2026-06-01,Closed Lost,1,0,128000.0,179.0,Timing,(none)
1093,463,1,SMB,1,email,2025-09-21,2025-09-01,2025-10-22,2025-10-01,Closed Won,1,1,15300.0,31.0,,
1096,464,12,Enterprise,4,email,2025-04-05,2025-04-01,2025-09-05,2025-09-01,Closed Lost,1,0,320400.0,153.0,Price,Northwind
1097,465,5,Mid-Market,2,affiliate,2025-07-02,2025-07-01,2025-10-30,2025-10-01,Closed Lost,1,0,28400.0,120.0,Competitor,(none)
1098,465,5,Mid-Market,2,affiliate,2026-01-13,2026-01-01,2026-03-21,2026-03-01,Closed Won,1,1,95000.0,67.0,,
1099,466,12,Enterprise,4,email,2024-11-24,2024-11-01,2025-03-20,2025-03-01,Closed Won,1,1,122600.0,116.0,,
1100,467,20,Mid-Market,7,organic_search,2024-11-26,2024-11-01,2025-02-02,2025-02-01,Closed Lost,1,0,49400.0,68.0,Timing,Northwind
1101,468,7,SMB,3,display,2025-02-01,2025-02-01,2025-03-05,2025-03-01,Closed Lost,1,0,15000.0,32.0,Lost to status quo,Helioscope
1102,468,7,SMB,3,display,2026-02-23,2026-02-01,2026-03-21,2026-03-01,Closed Lost,1,0,7000.0,26.0,Lost to status quo,Northwind
1103,468,7,SMB,3,display,2026-05-09,2026-05-01,2026-06-09,2026-06-01,Closed Lost,1,0,5500.0,31.0,No decision,Helioscope
1105,469,7,SMB,3,email,2026-06-14,2026-06-01,2026-06-24,2026-06-01,Closed Won,1,1,10600.0,10.0,,
1108,470,16,SMB,6,affiliate,2025-03-18,2025-03-01,2025-04-27,2025-04-01,Closed Lost,1,0,14800.0,40.0,Lost to status quo,Northwind
1109,470,16,SMB,6,affiliate,2025-11-24,2025-11-01,2025-12-31,2025-12-01,Closed Lost,1,0,21300.0,37.0,Timing,Kestrel
1111,471,12,Enterprise,4,paid_search,2026-05-27,2026-05-01,2026-11-28,2026-11-01,Proposal,0,0,144800.0,,,
1112,472,11,Mid-Market,4,display,2025-11-05,2025-11-01,2026-02-09,2026-02-01,Closed Lost,1,0,35900.0,96.0,Competitor,(none)
1113,473,19,SMB,7,display,2025-08-13,2025-08-01,2025-09-21,2025-09-01,Closed Lost,1,0,12800.0,39.0,Timing,Helioscope
1114,473,19,SMB,7,display,2026-03-15,2026-03-01,2026-04-07,2026-04-01,Closed Won,1,1,7700.0,23.0,,
1117,474,4,SMB,2,paid_search,2024-10-02,2024-10-01,2024-10-21,2024-10-01,Closed Lost,1,0,16300.0,19.0,Competitor,Helioscope
1118,474,4,SMB,2,paid_search,2025-06-02,2025-06-01,2025-07-02,2025-07-01,Closed Lost,1,0,15100.0,30.0,No decision,(none)
1119,474,4,SMB,2,paid_search,2025-10-29,2025-10-01,2025-11-24,2025-11-01,Closed Lost,1,0,5600.0,26.0,Timing,Northwind
1121,475,17,Mid-Market,6,affiliate,2025-07-30,2025-07-01,2025-09-21,2025-09-01,Closed Lost,1,0,91500.0,53.0,No decision,Kestrel
1122,476,22,SMB,8,organic_search,2025-12-09,2025-12-01,2026-01-09,2026-01-01,Closed Lost,1,0,7600.0,31.0,Competitor,Kestrel
1125,477,4,SMB,2,organic_search,2025-09-20,2025-09-01,2025-10-07,2025-10-01,Closed Won,1,1,10200.0,17.0,,
1127,478,8,Mid-Market,3,direct,2026-04-27,2026-04-01,2026-08-03,2026-08-01,Discovery,0,0,78000.0,,,
1129,479,8,Mid-Market,3,display,2025-01-26,2025-01-01,2025-05-02,2025-05-01,Closed Lost,1,0,30100.0,96.0,Competitor,Northwind
1130,479,8,Mid-Market,3,display,2025-11-02,2025-11-01,2026-02-14,2026-02-01,Closed Lost,1,0,37800.0,104.0,No decision,Helioscope
1131,480,16,SMB,6,affiliate,2025-02-18,2025-02-01,2025-03-21,2025-03-01,Closed Lost,1,0,19200.0,31.0,Competitor,(none)
1132,480,16,SMB,6,affiliate,2025-10-07,2025-10-01,2025-11-12,2025-11-01,Closed Lost,1,0,12700.0,36.0,Timing,Kestrel
1133,481,7,SMB,3,paid_social,2026-01-27,2026-01-01,2026-02-15,2026-02-01,Closed Lost,1,0,12400.0,19.0,Lost to status quo,Helioscope
1136,482,19,SMB,7,paid_search,2025-05-05,2025-05-01,2025-05-29,2025-05-01,Closed Won,1,1,15000.0,24.0,,
1137,482,19,SMB,7,paid_search,2026-02-04,2026-02-01,2026-03-03,2026-03-01,Closed Won,1,1,10600.0,27.0,,
1139,483,13,SMB,5,email,2026-06-07,2026-06-01,2026-07-15,2026-07-01,Demo,0,0,9900.0,,,
1142,484,5,Mid-Market,2,email,2026-05-27,2026-05-01,2026-09-03,2026-09-01,Demo,0,0,35100.0,,,
1143,485,4,SMB,2,affiliate,2025-11-18,2025-11-01,2025-12-25,2025-12-01,Closed Lost,1,0,6800.0,37.0,No decision,Northwind
1144,485,4,SMB,2,affiliate,2026-06-19,2026-06-01,2026-07-30,2026-07-01,Negotiation,0,0,6600.0,,,
1148,486,14,Mid-Market,5,email,2026-02-07,2026-02-01,2026-04-11,2026-04-01,Closed Lost,1,0,86400.0,63.0,Price,(none)
1150,487,7,SMB,3,organic_search,2025-11-12,2025-11-01,2025-12-03,2025-12-01,Closed Lost,1,0,9100.0,21.0,Price,Helioscope
1151,488,17,Mid-Market,6,affiliate,2026-04-29,2026-04-01,2026-06-24,2026-06-01,Closed Lost,1,0,33700.0,56.0,Price,(none)
1152,489,20,Mid-Market,7,organic_search,2024-12-02,2024-12-01,2025-03-10,2025-03-01,Closed Won,1,1,16300.0,98.0,,
1153,489,20,Mid-Market,7,organic_search,2025-06-14,2025-06-01,2025-08-23,2025-08-01,Closed Lost,1,0,52300.0,70.0,Competitor,Helioscope
1154,490,1,SMB,1,affiliate,2026-03-17,2026-03-01,2026-04-19,2026-04-01,Closed Lost,1,0,8000.0,33.0,Lost to status quo,(none)
1155,491,13,SMB,5,paid_social,2024-07-25,2024-07-01,2024-09-01,2024-09-01,Closed Lost,1,0,20100.0,38.0,Competitor,Helioscope
1156,492,15,Enterprise,5,email,2026-02-18,2026-02-01,2026-09-05,2026-09-01,Demo,0,0,210700.0,,,
1158,493,13,SMB,5,display,2024-09-15,2024-09-01,2024-10-06,2024-10-01,Closed Lost,1,0,10500.0,21.0,Timing,Helioscope
1159,494,23,Mid-Market,8,affiliate,2025-02-18,2025-02-01,2025-04-02,2025-04-01,Closed Lost,1,0,63600.0,43.0,Lost to status quo,Helioscope
1160,494,23,Mid-Market,8,affiliate,2025-09-26,2025-09-01,2025-12-09,2025-12-01,Closed Lost,1,0,98000.0,74.0,Price,Helioscope
1163,496,15,Enterprise,5,paid_search,2026-03-26,2026-03-01,2026-10-13,2026-10-01,Discovery,0,0,169500.0,,,
1165,497,11,Mid-Market,4,paid_search,2026-04-16,2026-04-01,2026-07-09,2026-07-01,Prospecting,0,0,53800.0,,,
1168,498,22,SMB,8,paid_search,2025-02-03,2025-02-01,2025-03-07,2025-03-01,Closed Won,1,1,13800.0,32.0,,
1169,498,22,SMB,8,paid_search,2026-02-09,2026-02-01,2026-03-28,2026-03-01,Closed Lost,1,0,7400.0,47.0,Price,(none)
1173,499,5,Mid-Market,2,paid_search,2025-05-26,2025-05-01,2025-07-13,2025-07-01,Closed Lost,1,0,50900.0,48.0,Lost to status quo,Kestrel
1174,500,16,SMB,6,affiliate,2025-11-28,2025-11-01,2025-12-14,2025-12-01,Closed Lost,1,0,9700.0,16.0,No decision,(none)
1179,501,3,Enterprise,1,email,2025-10-30,2025-10-01,2026-04-22,2026-04-01,Closed Won,1,1,110400.0,174.0,,
1181,502,11,Mid-Market,4,paid_social,2026-06-24,2026-06-01,2026-07-19,2026-07-01,Proposal,0,0,36100.0,,,
1183,503,5,Mid-Market,2,email,2025-07-14,2025-07-01,2025-10-06,2025-10-01,Closed Lost,1,0,38000.0,84.0,Timing,(none)
1184,503,5,Mid-Market,2,email,2026-05-31,2026-05-01,2026-08-16,2026-08-01,Demo,0,0,40300.0,,,
1185,504,1,SMB,1,email,2025-05-17,2025-05-01,2025-06-28,2025-06-01,Closed Lost,1,0,11600.0,42.0,Lost to status quo,Kestrel
1186,504,1,SMB,1,email,2026-05-02,2026-05-01,2026-06-14,2026-06-01,Closed Won,1,1,20000.0,43.0,,
1190,505,10,SMB,4,paid_search,2025-07-05,2025-07-01,2025-07-18,2025-07-01,Closed Lost,1,0,5900.0,13.0,No decision,Kestrel
1191,506,19,SMB,7,paid_search,2025-10-20,2025-10-01,2025-12-01,2025-12-01,Closed Lost,1,0,14600.0,42.0,Lost to status quo,(none)
1195,507,23,Mid-Market,8,email,2025-10-05,2025-10-01,2025-12-04,2025-12-01,Closed Won,1,1,47500.0,60.0,,
1196,508,7,SMB,3,paid_search,2025-01-08,2025-01-01,2025-01-26,2025-01-01,Closed Lost,1,0,6900.0,18.0,Price,(none)
1197,508,7,SMB,3,paid_search,2025-07-25,2025-07-01,2025-09-21,2025-09-01,Closed Lost,1,0,17700.0,58.0,Lost to status quo,Kestrel
1198,509,19,SMB,7,affiliate,2026-04-29,2026-04-01,2026-05-27,2026-05-01,Closed Won,1,1,4100.0,28.0,,
1199,510,4,SMB,2,email,2025-06-09,2025-06-01,2025-07-23,2025-07-01,Closed Lost,1,0,15400.0,44.0,Timing,Helioscope
1200,510,4,SMB,2,email,2025-12-14,2025-12-01,2026-01-14,2026-01-01,Closed Lost,1,0,9000.0,31.0,Price,Kestrel
1201,511,8,Mid-Market,3,affiliate,2026-05-15,2026-05-01,2026-07-06,2026-07-01,Proposal,0,0,40700.0,,,
1202,512,13,SMB,5,email,2024-09-07,2024-09-01,2024-09-26,2024-09-01,Closed Lost,1,0,10600.0,19.0,Timing,Northwind
1203,513,14,Mid-Market,5,paid_social,2025-08-31,2025-08-01,2025-11-30,2025-11-01,Closed Lost,1,0,45600.0,91.0,Timing,Kestrel
1204,514,4,SMB,2,affiliate,2026-04-05,2026-04-01,2026-05-10,2026-05-01,Closed Lost,1,0,17200.0,35.0,Competitor,Helioscope
1206,515,11,Mid-Market,4,affiliate,2025-02-08,2025-02-01,2025-06-11,2025-06-01,Closed Lost,1,0,75100.0,123.0,No decision,Helioscope
1210,517,2,Mid-Market,1,display,2025-12-04,2025-12-01,2026-03-19,2026-03-01,Closed Lost,1,0,25000.0,105.0,Lost to status quo,Northwind
1211,518,1,SMB,1,paid_social,2026-05-06,2026-05-01,2026-06-06,2026-06-01,Closed Lost,1,0,7600.0,31.0,Lost to status quo,Northwind
1212,519,11,Mid-Market,4,email,2026-01-05,2026-01-01,2026-02-25,2026-02-01,Closed Lost,1,0,29600.0,51.0,Price,Helioscope
1215,520,19,SMB,7,email,2026-03-31,2026-03-01,2026-05-10,2026-05-01,Closed Lost,1,0,18300.0,40.0,No decision,Helioscope
1217,521,11,Mid-Market,4,organic_search,2025-03-09,2025-03-01,2025-06-13,2025-06-01,Closed Lost,1,0,54700.0,96.0,Price,Northwind
1218,521,11,Mid-Market,4,organic_search,2025-10-29,2025-10-01,2026-01-09,2026-01-01,Closed Won,1,1,20800.0,72.0,,
1220,522,9,Enterprise,3,organic_search,2026-01-17,2026-01-01,2026-07-31,2026-07-01,Proposal,0,0,160200.0,,,
1222,523,19,SMB,7,paid_social,2025-08-30,2025-08-01,2025-09-13,2025-09-01,Closed Lost,1,0,4200.0,14.0,Timing,(none)
1223,523,19,SMB,7,paid_social,2026-04-08,2026-04-01,2026-05-04,2026-05-01,Closed Won,1,1,10300.0,26.0,,
1226,525,21,Enterprise,7,direct,2026-02-27,2026-02-01,2026-04-19,2026-04-01,Closed Lost,1,0,64100.0,51.0,Competitor,(none)
1229,526,7,SMB,3,organic_search,2025-11-24,2025-11-01,2025-12-21,2025-12-01,Closed Won,1,1,19000.0,27.0,,
1232,527,24,Enterprise,8,email,2025-12-01,2025-12-01,2026-02-14,2026-02-01,Closed Won,1,1,185700.0,75.0,,
1235,528,7,SMB,3,display,2024-12-15,2024-12-01,2025-01-26,2025-01-01,Closed Lost,1,0,5800.0,42.0,No decision,(none)
1236,528,7,SMB,3,display,2026-01-05,2026-01-01,2026-02-12,2026-02-01,Closed Lost,1,0,6700.0,38.0,Competitor,Kestrel
1237,528,7,SMB,3,display,2026-03-30,2026-03-01,2026-05-02,2026-05-01,Closed Lost,1,0,14300.0,33.0,Price,(none)
1238,529,22,SMB,8,direct,2025-07-11,2025-07-01,2025-08-13,2025-08-01,Closed Won,1,1,15900.0,33.0,,
1239,530,17,Mid-Market,6,display,2025-09-11,2025-09-01,2025-11-10,2025-11-01,Closed Lost,1,0,42000.0,60.0,Lost to status quo,Northwind
1240,531,1,SMB,1,paid_search,2025-07-14,2025-07-01,2025-08-10,2025-08-01,Closed Lost,1,0,11000.0,27.0,No decision,Northwind
1241,531,1,SMB,1,paid_search,2026-02-15,2026-02-01,2026-03-16,2026-03-01,Closed Won,1,1,19900.0,29.0,,
1243,532,22,SMB,8,affiliate,2025-07-31,2025-07-01,2025-08-24,2025-08-01,Closed Lost,1,0,10900.0,24.0,Lost to status quo,(none)
1244,533,9,Enterprise,3,organic_search,2025-08-21,2025-08-01,2025-12-14,2025-12-01,Closed Lost,1,0,74900.0,115.0,Lost to status quo,(none)
1246,534,17,Mid-Market,6,direct,2026-02-01,2026-02-01,2026-04-23,2026-04-01,Closed Lost,1,0,30500.0,81.0,Competitor,Kestrel
1247,535,10,SMB,4,direct,2025-05-30,2025-05-01,2025-07-10,2025-07-01,Closed Won,1,1,8500.0,41.0,,
1248,535,10,SMB,4,direct,2026-04-10,2026-04-01,2026-05-10,2026-05-01,Closed Won,1,1,12400.0,30.0,,
1250,536,2,Mid-Market,1,affiliate,2025-07-11,2025-07-01,2025-07-18,2025-07-01,Closed Lost,1,0,29900.0,7.0,Timing,Kestrel
1251,537,4,SMB,2,affiliate,2026-06-28,2026-06-01,2026-08-05,2026-08-01,Discovery,0,0,10700.0,,,
1252,538,11,Mid-Market,4,email,2026-04-15,2026-04-01,2026-06-18,2026-06-01,Closed Lost,1,0,67800.0,64.0,Lost to status quo,(none)
1255,539,17,Mid-Market,6,display,2025-07-27,2025-07-01,2025-11-02,2025-11-01,Closed Lost,1,0,33600.0,98.0,Lost to status quo,Kestrel
1256,539,17,Mid-Market,6,display,2026-01-25,2026-01-01,2026-05-18,2026-05-01,Closed Lost,1,0,72700.0,113.0,Competitor,(none)
1257,540,23,Mid-Market,8,paid_social,2025-03-29,2025-03-01,2025-05-21,2025-05-01,Closed Lost,1,0,35600.0,53.0,Price,Helioscope
1258,541,21,Enterprise,7,direct,2026-03-24,2026-03-01,2026-11-07,2026-11-01,Proposal,0,0,96100.0,,,
1259,542,17,Mid-Market,6,organic_search,2026-04-28,2026-04-01,2026-06-19,2026-06-01,Closed Won,1,1,46800.0,52.0,,
1260,543,16,SMB,6,direct,2026-06-24,2026-06-01,2026-07-31,2026-07-01,Prospecting,0,0,22200.0,,,
1266,544,14,Mid-Market,5,email,2024-12-27,2024-12-01,2025-03-26,2025-03-01,Closed Lost,1,0,34400.0,89.0,No decision,Northwind
1267,544,14,Mid-Market,5,email,2026-02-09,2026-02-01,2026-04-04,2026-04-01,Closed Lost,1,0,57000.0,54.0,No decision,Kestrel
1268,545,2,Mid-Market,1,paid_search,2026-05-06,2026-05-01,2026-07-21,2026-07-01,Proposal,0,0,99600.0,,,
1269,546,7,SMB,3,affiliate,2025-05-08,2025-05-01,2025-06-05,2025-06-01,Closed Lost,1,0,6900.0,28.0,Lost to status quo,Kestrel
1270,546,7,SMB,3,affiliate,2025-12-27,2025-12-01,2026-01-29,2026-01-01,Closed Lost,1,0,10000.0,33.0,No decision,(none)
1274,547,7,SMB,3,email,2026-06-07,2026-06-01,2026-07-16,2026-07-01,Demo,0,0,9300.0,,,
1277,549,23,Mid-Market,8,affiliate,2025-05-22,2025-05-01,2025-08-10,2025-08-01,Closed Lost,1,0,55200.0,80.0,No decision,Kestrel
1278,550,17,Mid-Market,6,affiliate,2025-06-06,2025-06-01,2025-10-10,2025-10-01,Closed Lost,1,0,52700.0,126.0,Timing,Helioscope
1279,550,17,Mid-Market,6,affiliate,2025-12-29,2025-12-01,2026-03-11,2026-03-01,Closed Lost,1,0,35400.0,72.0,Competitor,Helioscope
1281,551,11,Mid-Market,4,email,2026-05-07,2026-05-01,2026-06-21,2026-06-01,Closed Lost,1,0,76900.0,45.0,Lost to status quo,Northwind
1282,552,1,SMB,1,paid_search,2026-06-05,2026-06-01,2026-07-18,2026-07-01,Prospecting,0,0,10800.0,,,
1285,553,7,SMB,3,direct,2026-02-05,2026-02-01,2026-03-22,2026-03-01,Closed Lost,1,0,8600.0,45.0,Timing,Helioscope
1286,554,16,SMB,6,direct,2025-08-06,2025-08-01,2025-08-16,2025-08-01,Closed Lost,1,0,9500.0,10.0,Competitor,Kestrel
1291,555,10,SMB,4,paid_social,2026-03-11,2026-03-01,2026-04-05,2026-04-01,Closed Lost,1,0,5800.0,25.0,Lost to status quo,Northwind
1296,557,10,SMB,4,paid_search,2026-05-24,2026-05-01,2026-06-30,2026-06-01,Closed Lost,1,0,11400.0,37.0,Competitor,Kestrel
1300,558,19,SMB,7,email,2025-12-13,2025-12-01,2026-01-09,2026-01-01,Closed Lost,1,0,8500.0,27.0,Timing,Kestrel
1301,559,13,SMB,5,affiliate,2026-06-22,2026-06-01,2026-07-18,2026-07-01,Demo,0,0,14100.0,,,
1302,560,11,Mid-Market,4,display,2025-09-01,2025-09-01,2025-11-26,2025-11-01,Closed Lost,1,0,65600.0,86.0,Lost to status quo,Northwind
1303,561,7,SMB,3,paid_social,2026-06-30,2026-06-01,2026-08-14,2026-08-01,Negotiation,0,0,9000.0,,,
1308,562,15,Enterprise,5,paid_social,2025-03-12,2025-03-01,2025-07-11,2025-07-01,Closed Lost,1,0,160400.0,121.0,Lost to status quo,Northwind
1309,562,15,Enterprise,5,paid_social,2025-12-14,2025-12-01,2026-04-29,2026-04-01,Closed Lost,1,0,154400.0,136.0,Timing,Helioscope
1310,563,19,SMB,7,paid_search,2025-02-01,2025-02-01,2025-02-14,2025-02-01,Closed Lost,1,0,18300.0,13.0,No decision,(none)
1314,565,4,SMB,2,organic_search,2024-09-07,2024-09-01,2024-10-08,2024-10-01,Closed Lost,1,0,10500.0,31.0,Price,Kestrel
1315,565,4,SMB,2,organic_search,2025-07-03,2025-07-01,2025-07-24,2025-07-01,Closed Lost,1,0,6000.0,21.0,No decision,Helioscope
1316,565,4,SMB,2,organic_search,2026-01-20,2026-01-01,2026-02-18,2026-02-01,Closed Won,1,1,13700.0,29.0,,
1317,565,4,SMB,2,organic_search,2026-06-14,2026-06-01,2026-07-09,2026-07-01,Discovery,0,0,8200.0,,,
1319,566,23,Mid-Market,8,direct,2025-04-22,2025-04-01,2025-06-24,2025-06-01,Closed Lost,1,0,49100.0,63.0,Timing,(none)
1320,567,19,SMB,7,affiliate,2025-12-24,2025-12-01,2026-01-26,2026-01-01,Closed Lost,1,0,6400.0,33.0,Timing,Helioscope
1324,568,7,SMB,3,paid_social,2025-01-24,2025-01-01,2025-02-27,2025-02-01,Closed Lost,1,0,4900.0,34.0,Price,(none)
1325,568,7,SMB,3,paid_social,2025-09-03,2025-09-01,2025-10-07,2025-10-01,Closed Lost,1,0,15600.0,34.0,Lost to status quo,Helioscope
1328,569,8,Mid-Market,3,affiliate,2025-05-29,2025-05-01,2025-09-06,2025-09-01,Closed Lost,1,0,35600.0,100.0,Competitor,(none)
1329,569,8,Mid-Market,3,affiliate,2026-03-24,2026-03-01,2026-08-01,2026-08-01,Prospecting,0,0,29400.0,,,
1330,570,11,Mid-Market,4,paid_social,2024-12-21,2024-12-01,2025-03-25,2025-03-01,Closed Lost,1,0,42000.0,94.0,No decision,Northwind
1331,570,11,Mid-Market,4,paid_social,2025-11-05,2025-11-01,2026-01-04,2026-01-01,Closed Lost,1,0,75000.0,60.0,Competitor,Kestrel
1334,571,23,Mid-Market,8,email,2025-11-02,2025-11-01,2025-12-22,2025-12-01,Closed Lost,1,0,30100.0,50.0,Competitor,Northwind
1336,572,16,SMB,6,email,2025-12-28,2025-12-01,2026-02-18,2026-02-01,Closed Lost,1,0,8900.0,52.0,No decision,Helioscope
1340,573,19,SMB,7,paid_search,2025-09-03,2025-09-01,2025-10-07,2025-10-01,Closed Lost,1,0,10300.0,34.0,Lost to status quo,Helioscope
1341,574,4,SMB,2,paid_social,2025-01-17,2025-01-01,2025-02-15,2025-02-01,Closed Lost,1,0,13100.0,29.0,Lost to status quo,Kestrel
1342,574,4,SMB,2,paid_social,2025-12-15,2025-12-01,2026-01-17,2026-01-01,Closed Lost,1,0,17100.0,33.0,No decision,(none)
1343,575,13,SMB,5,paid_search,2026-04-08,2026-04-01,2026-05-12,2026-05-01,Closed Lost,1,0,35800.0,34.0,Price,(none)
1344,576,3,Enterprise,1,affiliate,2025-10-15,2025-10-01,2026-03-28,2026-03-01,Closed Lost,1,0,201700.0,164.0,Lost to status quo,Kestrel
1345,577,16,SMB,6,paid_search,2025-03-31,2025-03-01,2025-04-25,2025-04-01,Closed Lost,1,0,5000.0,25.0,Lost to status quo,Kestrel
1346,577,16,SMB,6,paid_search,2026-01-03,2026-01-01,2026-02-27,2026-02-01,Closed Won,1,1,14000.0,55.0,,
1351,578,1,SMB,1,display,2026-03-09,2026-03-01,2026-04-05,2026-04-01,Closed Won,1,1,9000.0,27.0,,
1354,580,4,SMB,2,direct,2024-11-06,2024-11-01,2024-12-08,2024-12-01,Closed Won,1,1,11600.0,32.0,,
1355,580,4,SMB,2,direct,2025-07-27,2025-07-01,2025-08-26,2025-08-01,Closed Won,1,1,11900.0,30.0,,
1356,581,9,Enterprise,3,direct,2025-09-28,2025-09-01,2026-01-16,2026-01-01,Closed Lost,1,0,154000.0,110.0,Price,Kestrel
1358,582,4,SMB,2,direct,2026-06-18,2026-06-01,2026-07-18,2026-07-01,Negotiation,0,0,8500.0,,,
1359,583,21,Enterprise,7,email,2025-01-18,2025-01-01,2025-06-28,2025-06-01,Closed Lost,1,0,74100.0,161.0,Competitor,Northwind
1360,583,21,Enterprise,7,email,2025-09-11,2025-09-01,2026-03-18,2026-03-01,Closed Won,1,1,151800.0,188.0,,
1362,584,2,Mid-Market,1,paid_search,2026-02-22,2026-02-01,2026-05-05,2026-05-01,Closed Won,1,1,24300.0,72.0,,
1363,585,11,Mid-Market,4,organic_search,2025-10-18,2025-10-01,2026-01-01,2026-01-01,Closed Won,1,1,21500.0,75.0,,
1364,586,21,Enterprise,7,paid_social,2026-03-13,2026-03-01,2026-08-11,2026-08-01,Proposal,0,0,167700.0,,,
1366,587,4,SMB,2,display,2025-12-10,2025-12-01,2026-01-11,2026-01-01,Closed Lost,1,0,15100.0,32.0,Lost to status quo,(none)
1367,587,4,SMB,2,display,2026-06-29,2026-06-01,2026-07-30,2026-07-01,Demo,0,0,6400.0,,,
1368,588,4,SMB,2,email,2025-02-11,2025-02-01,2025-03-19,2025-03-01,Closed Won,1,1,9800.0,36.0,,
1369,588,4,SMB,2,email,2026-01-13,2026-01-01,2026-02-18,2026-02-01,Closed Won,1,1,20100.0,36.0,,
1370,589,1,SMB,1,email,2024-10-04,2024-10-01,2024-11-03,2024-11-01,Closed Lost,1,0,15100.0,30.0,Competitor,Northwind
1371,589,1,SMB,1,email,2025-09-18,2025-09-01,2025-10-17,2025-10-01,Closed Lost,1,0,8800.0,29.0,Competitor,(none)
1372,589,1,SMB,1,email,2025-10-05,2025-10-01,2025-10-31,2025-10-01,Closed Lost,1,0,8300.0,26.0,Lost to status quo,Northwind
1374,590,20,Mid-Market,7,paid_social,2026-05-21,2026-05-01,2026-07-31,2026-07-01,Discovery,0,0,33500.0,,,
1375,591,4,SMB,2,display,2025-01-21,2025-01-01,2025-03-04,2025-03-01,Closed Lost,1,0,5800.0,42.0,No decision,Northwind
1376,591,4,SMB,2,display,2025-10-04,2025-10-01,2025-11-10,2025-11-01,Closed Lost,1,0,14900.0,37.0,Competitor,Kestrel
1379,592,23,Mid-Market,8,email,2025-04-03,2025-04-01,2025-07-29,2025-07-01,Closed Lost,1,0,10800.0,117.0,Price,Kestrel
1380,593,10,SMB,4,paid_search,2024-08-16,2024-08-01,2024-09-22,2024-09-01,Closed Won,1,1,11400.0,37.0,,
1381,593,10,SMB,4,paid_search,2025-07-17,2025-07-01,2025-09-08,2025-09-01,Closed Lost,1,0,12800.0,53.0,No decision,Kestrel
1382,593,10,SMB,4,paid_search,2026-01-23,2026-01-01,2026-03-19,2026-03-01,Closed Won,1,1,7500.0,55.0,,
1384,594,9,Enterprise,3,paid_search,2026-05-04,2026-05-01,2026-09-07,2026-09-01,Demo,0,0,188000.0,,,
1386,595,4,SMB,2,paid_social,2026-05-08,2026-05-01,2026-06-09,2026-06-01,Closed Lost,1,0,8100.0,32.0,No decision,Kestrel
1389,596,5,Mid-Market,2,paid_search,2025-12-31,2025-12-01,2026-03-10,2026-03-01,Closed Lost,1,0,72700.0,69.0,Price,Kestrel
1390,597,2,Mid-Market,1,affiliate,2025-09-12,2025-09-01,2025-11-08,2025-11-01,Closed Won,1,1,23200.0,57.0,,
1391,597,2,Mid-Market,1,affiliate,2026-05-09,2026-05-01,2026-06-24,2026-06-01,Closed Lost,1,0,58800.0,46.0,Competitor,Kestrel
1392,598,17,Mid-Market,6,affiliate,2026-05-13,2026-05-01,2026-08-27,2026-08-01,Demo,0,0,31400.0,,,
1395,599,4,SMB,2,display,2026-03-30,2026-03-01,2026-04-23,2026-04-01,Closed Won,1,1,11800.0,24.0,,
1396,600,13,SMB,5,organic_search,2025-11-25,2025-11-01,2025-12-22,2025-12-01,Closed Lost,1,0,5100.0,27.0,Lost to status quo,Helioscope
1397,601,15,Enterprise,5,email,2025-03-15,2025-03-01,2025-08-11,2025-08-01,Closed Lost,1,0,90400.0,149.0,Competitor,Northwind
1398,602,7,SMB,3,paid_search,2025-06-24,2025-06-01,2025-07-14,2025-07-01,Closed Lost,1,0,8000.0,20.0,Timing,(none)
1399,603,7,SMB,3,email,2026-01-17,2026-01-01,2026-02-12,2026-02-01,Closed Lost,1,0,6200.0,26.0,Lost to status quo,Helioscope
1402,604,13,SMB,5,email,2026-03-20,2026-03-01,2026-05-13,2026-05-01,Closed Lost,1,0,16400.0,54.0,Competitor,Northwind
1403,605,2,Mid-Market,1,display,2024-11-26,2024-11-01,2025-01-14,2025-01-01,Closed Lost,1,0,30400.0,49.0,Timing,Helioscope
1404,606,17,Mid-Market,6,paid_social,2025-09-02,2025-09-01,2025-10-03,2025-10-01,Closed Lost,1,0,36400.0,31.0,Price,(none)
1405,607,8,Mid-Market,3,affiliate,2026-06-26,2026-06-01,2026-09-24,2026-09-01,Prospecting,0,0,44700.0,,,
1406,608,12,Enterprise,4,display,2025-12-21,2025-12-01,2026-01-30,2026-01-01,Closed Lost,1,0,284200.0,40.0,Price,Northwind
1407,609,4,SMB,2,organic_search,2026-02-25,2026-02-01,2026-03-27,2026-03-01,Closed Lost,1,0,7500.0,30.0,Competitor,Kestrel
1411,610,22,SMB,8,paid_search,2026-01-30,2026-01-01,2026-03-17,2026-03-01,Closed Lost,1,0,6600.0,46.0,Price,Northwind
1413,611,11,Mid-Market,4,email,2025-08-22,2025-08-01,2025-12-21,2025-12-01,Closed Lost,1,0,39600.0,121.0,Competitor,Northwind
1414,611,11,Mid-Market,4,email,2026-04-07,2026-04-01,2026-06-23,2026-06-01,Closed Lost,1,0,31600.0,77.0,Lost to status quo,(none)
1416,612,7,SMB,3,organic_search,2025-08-18,2025-08-01,2025-09-20,2025-09-01,Closed Lost,1,0,12400.0,33.0,Timing,Helioscope
1417,612,7,SMB,3,organic_search,2026-04-06,2026-04-01,2026-05-06,2026-05-01,Closed Lost,1,0,20100.0,30.0,No decision,Kestrel
1419,613,11,Mid-Market,4,direct,2026-04-26,2026-04-01,2026-08-24,2026-08-01,Discovery,0,0,31100.0,,,
1421,614,1,SMB,1,paid_social,2025-05-23,2025-05-01,2025-06-18,2025-06-01,Closed Won,1,1,9400.0,26.0,,
1422,615,22,SMB,8,affiliate,2026-04-21,2026-04-01,2026-05-31,2026-05-01,Closed Lost,1,0,16500.0,40.0,Lost to status quo,(none)
1423,616,13,SMB,5,display,2024-11-11,2024-11-01,2024-12-23,2024-12-01,Closed Lost,1,0,9200.0,42.0,Competitor,(none)
1424,617,19,SMB,7,organic_search,2026-04-17,2026-04-01,2026-05-23,2026-05-01,Closed Lost,1,0,28200.0,36.0,Timing,Northwind
1428,618,24,Enterprise,8,organic_search,2025-05-11,2025-05-01,2025-10-07,2025-10-01,Closed Lost,1,0,225300.0,149.0,Lost to status quo,Helioscope
1429,619,1,SMB,1,email,2025-08-02,2025-08-01,2025-09-11,2025-09-01,Closed Lost,1,0,11000.0,40.0,No decision,(none)
1430,620,19,SMB,7,affiliate,2025-03-24,2025-03-01,2025-04-22,2025-04-01,Closed Lost,1,0,9400.0,29.0,Timing,Kestrel
1431,620,19,SMB,7,affiliate,2026-03-29,2026-03-01,2026-04-21,2026-04-01,Closed Lost,1,0,7300.0,23.0,Lost to status quo,Helioscope
1435,621,1,SMB,1,direct,2025-05-11,2025-05-01,2025-06-17,2025-06-01,Closed Won,1,1,7900.0,37.0,,
1436,621,1,SMB,1,direct,2025-11-26,2025-11-01,2026-01-05,2026-01-01,Closed Lost,1,0,13000.0,40.0,Price,(none)
1437,622,1,SMB,1,affiliate,2025-06-25,2025-06-01,2025-07-09,2025-07-01,Closed Lost,1,0,11200.0,14.0,Competitor,Kestrel
1438,622,1,SMB,1,affiliate,2026-04-22,2026-04-01,2026-05-23,2026-05-01,Closed Lost,1,0,16000.0,31.0,Competitor,Northwind
1440,623,8,Mid-Market,3,paid_search,2024-11-02,2024-11-01,2025-01-07,2025-01-01,Closed Won,1,1,31300.0,66.0,,
1441,623,8,Mid-Market,3,paid_search,2025-06-27,2025-06-01,2025-08-03,2025-08-01,Closed Lost,1,0,32600.0,37.0,Timing,Helioscope
1442,624,20,Mid-Market,7,display,2026-05-28,2026-05-01,2026-07-23,2026-07-01,Demo,0,0,32200.0,,,
1443,625,22,SMB,8,direct,2026-01-28,2026-01-01,2026-03-25,2026-03-01,Closed Won,1,1,8400.0,56.0,,
1445,626,23,Mid-Market,8,paid_search,2024-10-02,2024-10-01,2024-12-24,2024-12-01,Closed Lost,1,0,52400.0,83.0,Lost to status quo,(none)
1446,627,22,SMB,8,display,2025-07-11,2025-07-01,2025-08-24,2025-08-01,Closed Won,1,1,8800.0,44.0,,
1447,627,22,SMB,8,display,2025-12-21,2025-12-01,2026-01-21,2026-01-01,Closed Lost,1,0,15200.0,31.0,No decision,Helioscope
1449,628,22,SMB,8,paid_social,2024-11-19,2024-11-01,2024-12-15,2024-12-01,Closed Lost,1,0,20400.0,26.0,Timing,Helioscope
1450,628,22,SMB,8,paid_social,2025-09-12,2025-09-01,2025-10-03,2025-10-01,Closed Won,1,1,15500.0,21.0,,
1452,629,4,SMB,2,display,2025-10-26,2025-10-01,2025-11-25,2025-11-01,Closed Lost,1,0,11000.0,30.0,Timing,Helioscope
1453,629,4,SMB,2,display,2026-06-10,2026-06-01,2026-07-17,2026-07-01,Prospecting,0,0,13400.0,,,
1454,630,7,SMB,3,paid_search,2026-01-02,2026-01-01,2026-02-08,2026-02-01,Closed Won,1,1,6700.0,37.0,,
1459,631,1,SMB,1,paid_search,2025-12-30,2025-12-01,2026-02-17,2026-02-01,Closed Lost,1,0,7000.0,49.0,Competitor,Northwind
1469,633,16,SMB,6,display,2024-11-18,2024-11-01,2025-01-03,2025-01-01,Closed Lost,1,0,20100.0,46.0,Timing,Northwind
1470,633,16,SMB,6,display,2025-08-09,2025-08-01,2025-09-10,2025-09-01,Closed Won,1,1,5000.0,32.0,,
1473,634,7,SMB,3,direct,2025-08-08,2025-08-01,2025-09-16,2025-09-01,Closed Won,1,1,13100.0,39.0,,
1474,634,7,SMB,3,direct,2026-02-08,2026-02-01,2026-03-09,2026-03-01,Closed Lost,1,0,7500.0,29.0,Lost to status quo,(none)
1480,636,13,SMB,5,email,2025-01-28,2025-01-01,2025-02-12,2025-02-01,Closed Lost,1,0,10500.0,15.0,Timing,Northwind
1481,636,13,SMB,5,email,2026-02-07,2026-02-01,2026-02-20,2026-02-01,Closed Lost,1,0,11000.0,13.0,Price,Helioscope
1482,636,13,SMB,5,email,2026-04-07,2026-04-01,2026-05-15,2026-05-01,Closed Lost,1,0,24200.0,38.0,Lost to status quo,Northwind
1483,637,4,SMB,2,organic_search,2025-02-06,2025-02-01,2025-03-05,2025-03-01,Closed Lost,1,0,11100.0,27.0,Timing,(none)
1484,637,4,SMB,2,organic_search,2025-09-28,2025-09-01,2025-10-13,2025-10-01,Closed Lost,1,0,14100.0,15.0,Price,Helioscope
1485,637,4,SMB,2,organic_search,2026-05-05,2026-05-01,2026-06-09,2026-06-01,Closed Lost,1,0,6200.0,35.0,Price,Kestrel
1486,638,19,SMB,7,paid_search,2024-11-12,2024-11-01,2024-12-19,2024-12-01,Closed Lost,1,0,11200.0,37.0,Timing,Kestrel
1487,639,24,Enterprise,8,affiliate,2026-04-08,2026-04-01,2026-07-01,2026-07-01,Closed Lost,1,0,202900.0,84.0,No decision,Helioscope
1488,640,22,SMB,8,affiliate,2024-10-27,2024-10-01,2024-11-29,2024-11-01,Closed Lost,1,0,6700.0,33.0,No decision,Northwind
1489,640,22,SMB,8,affiliate,2025-06-25,2025-06-01,2025-07-16,2025-07-01,Closed Lost,1,0,9500.0,21.0,Competitor,Northwind
1490,640,22,SMB,8,affiliate,2026-01-03,2026-01-01,2026-01-27,2026-01-01,Closed Won,1,1,10800.0,24.0,,
1491,641,22,SMB,8,direct,2025-12-28,2025-12-01,2026-02-06,2026-02-01,Closed Won,1,1,10400.0,40.0,,
1495,642,19,SMB,7,display,2026-02-04,2026-02-01,2026-03-10,2026-03-01,Closed Lost,1,0,9500.0,34.0,Competitor,Northwind
1499,643,20,Mid-Market,7,paid_search,2026-02-12,2026-02-01,2026-04-20,2026-04-01,Closed Lost,1,0,166200.0,67.0,Competitor,Kestrel
1500,644,5,Mid-Market,2,email,2025-12-13,2025-12-01,2026-03-22,2026-03-01,Closed Lost,1,0,48200.0,99.0,Price,Kestrel
1501,644,5,Mid-Market,2,email,2026-06-18,2026-06-01,2026-09-23,2026-09-01,Demo,0,0,46300.0,,,
1504,645,19,SMB,7,affiliate,2025-05-31,2025-05-01,2025-07-05,2025-07-01,Closed Lost,1,0,7500.0,35.0,Lost to status quo,Kestrel
1505,646,16,SMB,6,affiliate,2026-05-08,2026-05-01,2026-06-06,2026-06-01,Closed Lost,1,0,15400.0,29.0,No decision,(none)
1506,647,19,SMB,7,display,2025-12-20,2025-12-01,2026-01-26,2026-01-01,Closed Lost,1,0,19600.0,37.0,Price,Northwind
1513,648,10,SMB,4,paid_social,2025-12-21,2025-12-01,2026-01-19,2026-01-01,Closed Lost,1,0,14600.0,29.0,Timing,(none)
1517,649,4,SMB,2,affiliate,2025-04-06,2025-04-01,2025-04-26,2025-04-01,Closed Lost,1,0,17800.0,20.0,No decision,Kestrel
1518,650,20,Mid-Market,7,paid_social,2026-02-28,2026-02-01,2026-05-18,2026-05-01,Closed Lost,1,0,33400.0,79.0,No decision,Kestrel
1520,651,22,SMB,8,paid_search,2025-04-29,2025-04-01,2025-05-22,2025-05-01,Closed Lost,1,0,9100.0,23.0,Price,Helioscope
1521,651,22,SMB,8,paid_search,2026-01-19,2026-01-01,2026-02-27,2026-02-01,Closed Lost,1,0,12100.0,39.0,Timing,Helioscope
1522,651,22,SMB,8,paid_search,2026-06-20,2026-06-01,2026-07-17,2026-07-01,Demo,0,0,9600.0,,,
1524,652,7,SMB,3,paid_social,2026-03-27,2026-03-01,2026-05-04,2026-05-01,Closed Won,1,1,12700.0,38.0,,
1525,653,17,Mid-Market,6,email,2025-07-29,2025-07-01,2025-10-06,2025-10-01,Closed Lost,1,0,36800.0,69.0,Timing,Northwind
1526,654,10,SMB,4,organic_search,2025-12-30,2025-12-01,2026-01-17,2026-01-01,Closed Lost,1,0,6300.0,18.0,No decision,Kestrel
1527,655,1,SMB,1,display,2026-01-30,2026-01-01,2026-03-19,2026-03-01,Closed Lost,1,0,7400.0,48.0,Price,(none)
1529,656,19,SMB,7,paid_search,2024-12-30,2024-12-01,2025-01-21,2025-01-01,Closed Lost,1,0,9400.0,22.0,Price,Helioscope
1530,657,12,Enterprise,4,organic_search,2025-12-29,2025-12-01,2026-07-29,2026-07-01,Proposal,0,0,205000.0,,,
1531,658,4,SMB,2,display,2026-03-23,2026-03-01,2026-05-06,2026-05-01,Closed Won,1,1,18600.0,44.0,,
1533,659,1,SMB,1,display,2026-05-29,2026-05-01,2026-07-18,2026-07-01,Discovery,0,0,13300.0,,,
1537,660,1,SMB,1,email,2024-09-09,2024-09-01,2024-10-24,2024-10-01,Closed Lost,1,0,28900.0,45.0,No decision,Kestrel
1538,661,14,Mid-Market,5,direct,2026-06-29,2026-06-01,2026-09-12,2026-09-01,Demo,0,0,61000.0,,,
1539,662,5,Mid-Market,2,organic_search,2025-04-13,2025-04-01,2025-07-23,2025-07-01,Closed Lost,1,0,32900.0,101.0,Timing,(none)
1540,662,5,Mid-Market,2,organic_search,2026-04-07,2026-04-01,2026-06-19,2026-06-01,Closed Lost,1,0,43800.0,73.0,Lost to status quo,Helioscope
1541,663,2,Mid-Market,1,affiliate,2026-04-05,2026-04-01,2026-07-13,2026-07-01,Discovery,0,0,44800.0,,,
1542,664,18,Enterprise,6,display,2026-06-13,2026-06-01,2026-10-06,2026-10-01,Prospecting,0,0,273000.0,,,
1543,665,13,SMB,5,email,2024-07-29,2024-07-01,2024-09-03,2024-09-01,Closed Lost,1,0,10000.0,36.0,No decision,Helioscope
1544,665,13,SMB,5,email,2025-07-25,2025-07-01,2025-09-02,2025-09-01,Closed Lost,1,0,6200.0,39.0,Price,Kestrel
1545,665,13,SMB,5,email,2025-09-30,2025-09-01,2025-11-01,2025-11-01,Closed Lost,1,0,6100.0,32.0,Lost to status quo,Northwind
1546,666,5,Mid-Market,2,direct,2025-10-29,2025-10-01,2026-03-01,2026-03-01,Closed Won,1,1,46600.0,123.0,,
1547,667,23,Mid-Market,8,email,2025-11-19,2025-11-01,2026-02-02,2026-02-01,Closed Won,1,1,68000.0,75.0,,
1549,668,14,Mid-Market,5,paid_search,2026-03-29,2026-03-01,2026-06-12,2026-06-01,Closed Lost,1,0,57500.0,75.0,Competitor,Helioscope
1550,669,22,SMB,8,organic_search,2025-06-16,2025-06-01,2025-06-30,2025-06-01,Closed Lost,1,0,7300.0,14.0,Lost to status quo,Northwind
1551,669,22,SMB,8,organic_search,2026-02-20,2026-02-01,2026-03-13,2026-03-01,Closed Lost,1,0,7400.0,21.0,Lost to status quo,Northwind
1552,670,17,Mid-Market,6,display,2024-11-20,2024-11-01,2025-01-04,2025-01-01,Closed Won,1,1,22600.0,45.0,,
1553,670,17,Mid-Market,6,display,2025-12-05,2025-12-01,2026-02-09,2026-02-01,Closed Lost,1,0,83700.0,66.0,Lost to status quo,Kestrel
1554,670,17,Mid-Market,6,display,2026-01-05,2026-01-01,2026-03-27,2026-03-01,Closed Lost,1,0,40300.0,81.0,No decision,Kestrel
1555,671,23,Mid-Market,8,paid_social,2025-07-27,2025-07-01,2025-09-29,2025-09-01,Closed Lost,1,0,63700.0,64.0,Competitor,(none)
1556,672,3,Enterprise,1,display,2025-07-20,2025-07-01,2026-01-02,2026-01-01,Closed Lost,1,0,108200.0,166.0,Competitor,Kestrel
1557,672,3,Enterprise,1,display,2026-05-21,2026-05-01,2026-08-08,2026-08-01,Proposal,0,0,113100.0,,,
1558,673,10,SMB,4,display,2026-03-14,2026-03-01,2026-04-13,2026-04-01,Closed Won,1,1,5700.0,30.0,,
1560,674,4,SMB,2,affiliate,2025-01-19,2025-01-01,2025-02-16,2025-02-01,Closed Lost,1,0,15000.0,28.0,No decision,Northwind
1561,674,4,SMB,2,affiliate,2025-10-27,2025-10-01,2025-12-09,2025-12-01,Closed Lost,1,0,13900.0,43.0,Lost to status quo,Kestrel
1562,675,23,Mid-Market,8,organic_search,2026-01-30,2026-01-01,2026-05-02,2026-05-01,Closed Won,1,1,50600.0,92.0,,
1563,676,7,SMB,3,affiliate,2025-10-09,2025-10-01,2025-10-24,2025-10-01,Closed Lost,1,0,12100.0,15.0,Competitor,Kestrel
1564,676,7,SMB,3,affiliate,2026-05-11,2026-05-01,2026-06-09,2026-06-01,Closed Won,1,1,10900.0,29.0,,
1567,677,4,SMB,2,paid_social,2026-04-23,2026-04-01,2026-05-09,2026-05-01,Closed Lost,1,0,16700.0,16.0,Competitor,Kestrel
1568,678,21,Enterprise,7,display,2026-06-15,2026-06-01,2026-08-22,2026-08-01,Discovery,0,0,147000.0,,,
1569,679,10,SMB,4,direct,2025-09-07,2025-09-01,2025-09-30,2025-09-01,Closed Won,1,1,30300.0,23.0,,
1570,679,10,SMB,4,direct,2026-04-23,2026-04-01,2026-06-14,2026-06-01,Closed Lost,1,0,8000.0,52.0,Competitor,Northwind
1571,680,20,Mid-Market,7,paid_social,2026-05-22,2026-05-01,2026-08-14,2026-08-01,Prospecting,0,0,41800.0,,,
1572,681,22,SMB,8,organic_search,2025-01-16,2025-01-01,2025-02-10,2025-02-01,Closed Lost,1,0,6500.0,25.0,Timing,Helioscope
1573,681,22,SMB,8,organic_search,2025-07-12,2025-07-01,2025-08-09,2025-08-01,Closed Lost,1,0,16400.0,28.0,Competitor,Kestrel
1576,682,17,Mid-Market,6,email,2026-01-26,2026-01-01,2026-04-15,2026-04-01,Closed Won,1,1,94300.0,79.0,,
1578,683,13,SMB,5,paid_search,2025-11-23,2025-11-01,2025-12-23,2025-12-01,Closed Lost,1,0,13000.0,30.0,Competitor,Northwind
1581,684,8,Mid-Market,3,paid_social,2026-06-01,2026-06-01,2026-07-12,2026-07-01,Discovery,0,0,31000.0,,,
1582,685,4,SMB,2,affiliate,2025-07-26,2025-07-01,2025-08-24,2025-08-01,Closed Lost,1,0,5600.0,29.0,Timing,(none)
1583,685,4,SMB,2,affiliate,2026-06-02,2026-06-01,2026-07-06,2026-07-01,Demo,0,0,10700.0,,,
1586,686,23,Mid-Market,8,display,2026-01-22,2026-01-01,2026-03-09,2026-03-01,Closed Lost,1,0,48800.0,46.0,Price,(none)
1588,687,17,Mid-Market,6,paid_search,2025-06-26,2025-06-01,2025-10-02,2025-10-01,Closed Won,1,1,59800.0,98.0,,
1589,688,13,SMB,5,organic_search,2026-02-20,2026-02-01,2026-03-26,2026-03-01,Closed Lost,1,0,11600.0,34.0,Price,Kestrel
1590,689,11,Mid-Market,4,paid_social,2025-03-20,2025-03-01,2025-05-25,2025-05-01,Closed Lost,1,0,62000.0,66.0,Lost to status quo,(none)
1591,689,11,Mid-Market,4,paid_social,2026-02-18,2026-02-01,2026-05-01,2026-05-01,Closed Lost,1,0,43000.0,72.0,No decision,Northwind
1592,690,4,SMB,2,affiliate,2025-05-06,2025-05-01,2025-06-13,2025-06-01,Closed Won,1,1,7400.0,38.0,,
1593,690,4,SMB,2,affiliate,2026-04-22,2026-04-01,2026-04-29,2026-04-01,Closed Won,1,1,26300.0,7.0,,
1595,691,17,Mid-Market,6,paid_search,2026-05-20,2026-05-01,2026-08-12,2026-08-01,Discovery,0,0,55600.0,,,
1597,692,23,Mid-Market,8,paid_social,2025-03-28,2025-03-01,2025-05-31,2025-05-01,Closed Won,1,1,15100.0,64.0,,
1598,692,23,Mid-Market,8,paid_social,2026-05-04,2026-05-01,2026-05-29,2026-05-01,Closed Lost,1,0,47300.0,25.0,Price,Northwind
1600,693,3,Enterprise,1,email,2024-12-04,2024-12-01,2025-04-29,2025-04-01,Closed Won,1,1,157600.0,146.0,,
1601,694,19,SMB,7,display,2025-12-20,2025-12-01,2026-02-07,2026-02-01,Closed Lost,1,0,8900.0,49.0,Timing,Northwind
1606,695,19,SMB,7,affiliate,2024-10-11,2024-10-01,2024-11-19,2024-11-01,Closed Won,1,1,14600.0,39.0,,
1607,695,19,SMB,7,affiliate,2025-04-04,2025-04-01,2025-05-03,2025-05-01,Closed Lost,1,0,17900.0,29.0,Lost to status quo,Kestrel
1608,695,19,SMB,7,affiliate,2026-06-11,2026-06-01,2026-07-01,2026-07-01,Closed Lost,1,0,30700.0,20.0,Lost to status quo,Northwind
1609,696,17,Mid-Market,6,organic_search,2026-03-12,2026-03-01,2026-05-25,2026-05-01,Closed Lost,1,0,29100.0,74.0,Price,Helioscope
1610,697,23,Mid-Market,8,display,2025-10-23,2025-10-01,2026-01-24,2026-01-01,Closed Lost,1,0,13400.0,93.0,Lost to status quo,Helioscope
1611,698,16,SMB,6,paid_social,2025-12-17,2025-12-01,2026-01-21,2026-01-01,Closed Lost,1,0,8900.0,35.0,Timing,Northwind
1614,699,23,Mid-Market,8,email,2026-05-26,2026-05-01,2026-09-06,2026-09-01,Negotiation,0,0,34800.0,,,
1617,700,4,SMB,2,display,2026-03-18,2026-03-01,2026-05-14,2026-05-01,Closed Lost,1,0,9500.0,57.0,Competitor,Kestrel
1622,701,1,SMB,1,direct,2024-10-17,2024-10-01,2024-11-22,2024-11-01,Closed Won,1,1,8800.0,36.0,,
1623,701,1,SMB,1,direct,2025-10-31,2025-10-01,2025-12-10,2025-12-01,Closed Lost,1,0,9500.0,40.0,Timing,Northwind
1624,701,1,SMB,1,direct,2026-02-11,2026-02-01,2026-03-13,2026-03-01,Closed Lost,1,0,4900.0,30.0,No decision,Northwind
1627,702,4,SMB,2,direct,2025-07-01,2025-07-01,2025-08-11,2025-08-01,Closed Lost,1,0,12800.0,41.0,Lost to status quo,Kestrel
1628,702,4,SMB,2,direct,2026-06-01,2026-06-01,2026-06-26,2026-06-01,Closed Won,1,1,6000.0,25.0,,
1632,703,14,Mid-Market,5,organic_search,2026-01-26,2026-01-01,2026-05-18,2026-05-01,Closed Lost,1,0,68600.0,112.0,Competitor,Northwind
1634,704,22,SMB,8,affiliate,2026-05-13,2026-05-01,2026-06-10,2026-06-01,Closed Lost,1,0,12900.0,28.0,Price,Helioscope
1635,705,22,SMB,8,direct,2025-05-30,2025-05-01,2025-07-17,2025-07-01,Closed Lost,1,0,7900.0,48.0,Competitor,(none)
1636,706,17,Mid-Market,6,direct,2025-12-10,2025-12-01,2026-02-17,2026-02-01,Closed Lost,1,0,32300.0,69.0,No decision,Northwind
1638,707,19,SMB,7,email,2026-05-14,2026-05-01,2026-06-24,2026-06-01,Closed Lost,1,0,9700.0,41.0,Competitor,Helioscope
1639,708,8,Mid-Market,3,paid_social,2025-03-11,2025-03-01,2025-05-12,2025-05-01,Closed Lost,1,0,51900.0,62.0,Timing,Northwind
1640,708,8,Mid-Market,3,paid_social,2026-02-25,2026-02-01,2026-04-15,2026-04-01,Closed Lost,1,0,30400.0,49.0,Competitor,Kestrel
1641,709,16,SMB,6,paid_social,2025-04-05,2025-04-01,2025-05-11,2025-05-01,Closed Won,1,1,11500.0,36.0,,
1642,709,16,SMB,6,paid_social,2026-02-15,2026-02-01,2026-04-11,2026-04-01,Closed Lost,1,0,10300.0,55.0,No decision,Northwind
1643,710,2,Mid-Market,1,email,2025-03-13,2025-03-01,2025-05-30,2025-05-01,Closed Lost,1,0,108800.0,78.0,Timing,Kestrel
1644,711,8,Mid-Market,3,paid_search,2025-10-26,2025-10-01,2025-12-10,2025-12-01,Closed Lost,1,0,66800.0,45.0,Timing,Northwind
1645,712,2,Mid-Market,1,paid_social,2026-04-25,2026-04-01,2026-07-27,2026-07-01,Proposal,0,0,100900.0,,,
1646,713,4,SMB,2,paid_search,2025-10-19,2025-10-01,2025-11-25,2025-11-01,Closed Won,1,1,7900.0,37.0,,
1647,713,4,SMB,2,paid_search,2026-04-30,2026-04-01,2026-05-21,2026-05-01,Closed Lost,1,0,5100.0,21.0,No decision,Kestrel
1649,714,22,SMB,8,email,2026-05-14,2026-05-01,2026-06-04,2026-06-01,Closed Won,1,1,36600.0,21.0,,
1650,715,22,SMB,8,display,2026-01-11,2026-01-01,2026-01-29,2026-01-01,Closed Won,1,1,21600.0,18.0,,
1657,716,16,SMB,6,organic_search,2026-05-12,2026-05-01,2026-06-25,2026-06-01,Closed Won,1,1,52900.0,44.0,,
1659,717,19,SMB,7,email,2026-02-08,2026-02-01,2026-03-16,2026-03-01,Closed Lost,1,0,16900.0,36.0,Price,(none)
1660,718,17,Mid-Market,6,direct,2026-05-28,2026-05-01,2026-09-06,2026-09-01,Negotiation,0,0,51000.0,,,
1663,720,22,SMB,8,organic_search,2026-02-10,2026-02-01,2026-03-09,2026-03-01,Closed Lost,1,0,15700.0,27.0,No decision,(none)
1666,721,13,SMB,5,direct,2025-10-04,2025-10-01,2025-11-01,2025-11-01,Closed Lost,1,0,15200.0,28.0,Timing,(none)
1667,721,13,SMB,5,direct,2026-05-18,2026-05-01,2026-06-16,2026-06-01,Closed Won,1,1,11200.0,29.0,,
1669,722,16,SMB,6,email,2026-05-03,2026-05-01,2026-05-29,2026-05-01,Closed Won,1,1,7700.0,26.0,,
1673,723,5,Mid-Market,2,paid_search,2025-04-11,2025-04-01,2025-06-19,2025-06-01,Closed Lost,1,0,74300.0,69.0,No decision,Helioscope
1674,724,1,SMB,1,paid_social,2025-03-03,2025-03-01,2025-04-07,2025-04-01,Closed Lost,1,0,12700.0,35.0,Lost to status quo,(none)
1675,724,1,SMB,1,paid_social,2025-11-11,2025-11-01,2025-12-09,2025-12-01,Closed Lost,1,0,10700.0,28.0,Lost to status quo,Helioscope
1676,725,11,Mid-Market,4,paid_social,2026-01-25,2026-01-01,2026-04-11,2026-04-01,Closed Won,1,1,24400.0,76.0,,
1677,726,4,SMB,2,email,2025-05-13,2025-05-01,2025-06-06,2025-06-01,Closed Lost,1,0,8100.0,24.0,Competitor,Helioscope
1678,726,4,SMB,2,email,2026-06-07,2026-06-01,2026-06-29,2026-06-01,Closed Won,1,1,12700.0,22.0,,
1681,727,22,SMB,8,display,2025-09-29,2025-09-01,2025-11-13,2025-11-01,Closed Won,1,1,7400.0,45.0,,
1683,728,13,SMB,5,affiliate,2025-02-26,2025-02-01,2025-04-25,2025-04-01,Closed Won,1,1,9700.0,58.0,,
1684,728,13,SMB,5,affiliate,2026-01-31,2026-01-01,2026-02-21,2026-02-01,Closed Lost,1,0,9000.0,21.0,Competitor,(none)
1685,729,4,SMB,2,display,2026-06-08,2026-06-01,2026-07-30,2026-07-01,Negotiation,0,0,10700.0,,,
1687,730,11,Mid-Market,4,paid_search,2024-11-22,2024-11-01,2025-02-17,2025-02-01,Closed Lost,1,0,38400.0,87.0,Timing,Kestrel
1688,731,11,Mid-Market,4,organic_search,2025-05-24,2025-05-01,2025-08-07,2025-08-01,Closed Won,1,1,41500.0,75.0,,
1689,731,11,Mid-Market,4,organic_search,2026-01-26,2026-01-01,2026-05-21,2026-05-01,Closed Lost,1,0,39200.0,115.0,Competitor,Northwind
1690,732,22,SMB,8,paid_search,2024-10-15,2024-10-01,2024-11-05,2024-11-01,Closed Lost,1,0,7100.0,21.0,Lost to status quo,Kestrel
1691,732,22,SMB,8,paid_search,2025-07-01,2025-07-01,2025-08-21,2025-08-01,Closed Lost,1,0,42700.0,51.0,Lost to status quo,Northwind
1692,733,13,SMB,5,affiliate,2025-10-17,2025-10-01,2025-11-23,2025-11-01,Closed Won,1,1,18100.0,37.0,,
1693,734,12,Enterprise,4,organic_search,2025-05-11,2025-05-01,2025-10-19,2025-10-01,Closed Won,1,1,269200.0,161.0,,
1694,735,17,Mid-Market,6,email,2026-03-27,2026-03-01,2026-04-26,2026-04-01,Closed Lost,1,0,24400.0,30.0,No decision,Helioscope
1699,737,4,SMB,2,paid_social,2026-02-13,2026-02-01,2026-03-16,2026-03-01,Closed Lost,1,0,12300.0,31.0,Timing,Kestrel
1703,738,19,SMB,7,paid_search,2026-01-19,2026-01-01,2026-02-18,2026-02-01,Closed Lost,1,0,22900.0,30.0,Timing,Northwind
1704,739,1,SMB,1,organic_search,2025-08-16,2025-08-01,2025-10-04,2025-10-01,Closed Won,1,1,8800.0,49.0,,
1705,739,1,SMB,1,organic_search,2026-04-28,2026-04-01,2026-06-12,2026-06-01,Closed Lost,1,0,10400.0,45.0,Timing,(none)
1709,740,1,SMB,1,display,2025-06-07,2025-06-01,2025-07-12,2025-07-01,Closed Won,1,1,7800.0,35.0,,
1710,740,1,SMB,1,display,2025-12-30,2025-12-01,2026-01-20,2026-01-01,Closed Lost,1,0,13500.0,21.0,Lost to status quo,Helioscope
1714,741,2,Mid-Market,1,email,2025-10-28,2025-10-01,2026-01-26,2026-01-01,Closed Lost,1,0,39300.0,90.0,Price,(none)
1716,742,24,Enterprise,8,paid_social,2026-03-26,2026-03-01,2026-05-14,2026-05-01,Closed Won,1,1,136100.0,49.0,,
1717,743,11,Mid-Market,4,affiliate,2025-11-11,2025-11-01,2025-12-09,2025-12-01,Closed Lost,1,0,67600.0,28.0,Competitor,(none)
1719,744,7,SMB,3,paid_search,2025-04-21,2025-04-01,2025-04-30,2025-04-01,Closed Lost,1,0,15400.0,9.0,Competitor,(none)
1720,744,7,SMB,3,paid_search,2026-05-23,2026-05-01,2026-07-03,2026-07-01,Negotiation,0,0,16300.0,,,
1723,745,7,SMB,3,affiliate,2026-05-21,2026-05-01,2026-06-12,2026-06-01,Closed Lost,1,0,10700.0,22.0,Timing,Northwind
1726,746,20,Mid-Market,7,email,2024-10-22,2024-10-01,2025-02-13,2025-02-01,Closed Won,1,1,27900.0,114.0,,
1727,746,20,Mid-Market,7,email,2025-07-13,2025-07-01,2025-09-22,2025-09-01,Closed Lost,1,0,81000.0,71.0,Competitor,Helioscope
1728,746,20,Mid-Market,7,email,2026-02-16,2026-02-01,2026-03-30,2026-03-01,Closed Lost,1,0,31000.0,42.0,Timing,Northwind
1729,747,10,SMB,4,email,2024-10-13,2024-10-01,2024-11-19,2024-11-01,Closed Lost,1,0,12600.0,37.0,Competitor,Helioscope
1730,748,2,Mid-Market,1,organic_search,2026-04-06,2026-04-01,2026-05-16,2026-05-01,Closed Won,1,1,35700.0,40.0,,
1732,749,12,Enterprise,4,paid_social,2026-05-11,2026-05-01,2026-10-25,2026-10-01,Negotiation,0,0,133600.0,,,
1734,750,19,SMB,7,affiliate,2025-01-23,2025-01-01,2025-03-08,2025-03-01,Closed Lost,1,0,24500.0,44.0,Timing,(none)
1735,750,19,SMB,7,affiliate,2025-11-02,2025-11-01,2025-11-21,2025-11-01,Closed Lost,1,0,9600.0,19.0,Lost to status quo,Northwind
1736,750,19,SMB,7,affiliate,2026-05-25,2026-05-01,2026-07-04,2026-07-01,Demo,0,0,5000.0,,,
1738,751,20,Mid-Market,7,email,2025-11-03,2025-11-01,2026-02-05,2026-02-01,Closed Lost,1,0,44900.0,94.0,Competitor,(none)
1741,752,4,SMB,2,affiliate,2026-04-03,2026-04-01,2026-05-14,2026-05-01,Closed Lost,1,0,15300.0,41.0,Timing,Northwind
1743,753,17,Mid-Market,6,paid_search,2025-01-22,2025-01-01,2025-05-16,2025-05-01,Closed Won,1,1,30200.0,114.0,,
1744,753,17,Mid-Market,6,paid_search,2025-10-17,2025-10-01,2025-11-28,2025-11-01,Closed Lost,1,0,34000.0,42.0,Lost to status quo,Helioscope
1745,754,1,SMB,1,email,2025-07-11,2025-07-01,2025-08-04,2025-08-01,Closed Lost,1,0,18300.0,24.0,Price,Helioscope
1746,754,1,SMB,1,email,2026-04-26,2026-04-01,2026-05-25,2026-05-01,Closed Won,1,1,15500.0,29.0,,
1749,755,15,Enterprise,5,affiliate,2026-04-14,2026-04-01,2026-09-24,2026-09-01,Discovery,0,0,231500.0,,,
1751,756,22,SMB,8,affiliate,2026-05-05,2026-05-01,2026-06-20,2026-06-01,Closed Lost,1,0,6200.0,46.0,Competitor,Kestrel
1752,757,3,Enterprise,1,organic_search,2026-06-20,2026-06-01,2026-10-14,2026-10-01,Discovery,0,0,173800.0,,,
1754,758,1,SMB,1,organic_search,2026-02-09,2026-02-01,2026-03-22,2026-03-01,Closed Lost,1,0,17700.0,41.0,Competitor,(none)
1755,759,1,SMB,1,email,2025-06-07,2025-06-01,2025-07-24,2025-07-01,Closed Lost,1,0,13900.0,47.0,Competitor,Kestrel
1757,761,23,Mid-Market,8,direct,2025-11-30,2025-11-01,2026-01-23,2026-01-01,Closed Lost,1,0,63400.0,54.0,No decision,Northwind
1758,762,11,Mid-Market,4,display,2025-10-23,2025-10-01,2025-12-02,2025-12-01,Closed Won,1,1,35900.0,40.0,,
1759,763,12,Enterprise,4,paid_social,2024-10-26,2024-10-01,2025-04-14,2025-04-01,Closed Lost,1,0,114000.0,170.0,No decision,Northwind
1760,764,5,Mid-Market,2,paid_social,2025-10-27,2025-10-01,2026-01-23,2026-01-01,Closed Lost,1,0,35100.0,88.0,No decision,Kestrel
1761,765,13,SMB,5,email,2025-01-25,2025-01-01,2025-02-24,2025-02-01,Closed Lost,1,0,10900.0,30.0,Lost to status quo,(none)
1762,765,13,SMB,5,email,2026-01-06,2026-01-01,2026-02-27,2026-02-01,Closed Lost,1,0,12300.0,52.0,Competitor,Kestrel
1763,766,14,Mid-Market,5,paid_search,2026-05-27,2026-05-01,2026-08-22,2026-08-01,Proposal,0,0,35400.0,,,
1764,767,13,SMB,5,paid_search,2025-02-09,2025-02-01,2025-03-31,2025-03-01,Closed Lost,1,0,16400.0,50.0,Price,Kestrel
1765,767,13,SMB,5,paid_search,2025-09-08,2025-09-01,2025-10-18,2025-10-01,Closed Lost,1,0,5700.0,40.0,Price,Northwind
1768,768,14,Mid-Market,5,paid_social,2026-03-16,2026-03-01,2026-05-31,2026-05-01,Closed Lost,1,0,42300.0,76.0,Timing,Kestrel
1771,769,14,Mid-Market,5,direct,2026-04-29,2026-04-01,2026-07-15,2026-07-01,Prospecting,0,0,33600.0,,,
1772,770,8,Mid-Market,3,direct,2025-07-19,2025-07-01,2025-11-18,2025-11-01,Closed Won,1,1,39300.0,122.0,,
1773,770,8,Mid-Market,3,direct,2026-04-15,2026-04-01,2026-07-08,2026-07-01,Proposal,0,0,45900.0,,,
1774,771,13,SMB,5,paid_search,2025-08-09,2025-08-01,2025-09-03,2025-09-01,Closed Lost,1,0,6800.0,25.0,Lost to status quo,(none)
1779,772,12,Enterprise,4,affiliate,2025-07-04,2025-07-01,2025-11-10,2025-11-01,Closed Lost,1,0,139900.0,129.0,Lost to status quo,Northwind
1780,772,12,Enterprise,4,affiliate,2026-06-29,2026-06-01,2026-12-15,2026-12-01,Discovery,0,0,190000.0,,,
1781,773,22,SMB,8,paid_search,2026-02-21,2026-02-01,2026-04-06,2026-04-01,Closed Lost,1,0,18000.0,44.0,No decision,(none)
1782,774,19,SMB,7,organic_search,2025-01-27,2025-01-01,2025-03-04,2025-03-01,Closed Won,1,1,7900.0,36.0,,
1783,775,13,SMB,5,paid_search,2025-12-16,2025-12-01,2026-01-13,2026-01-01,Closed Won,1,1,9800.0,28.0,,
1789,776,16,SMB,6,email,2024-12-22,2024-12-01,2025-01-20,2025-01-01,Closed Lost,1,0,13300.0,29.0,Price,Northwind
1790,777,1,SMB,1,organic_search,2025-05-30,2025-05-01,2025-06-14,2025-06-01,Closed Won,1,1,17500.0,15.0,,
1791,778,23,Mid-Market,8,paid_search,2025-04-11,2025-04-01,2025-06-11,2025-06-01,Closed Lost,1,0,40300.0,61.0,Price,Northwind
1792,778,23,Mid-Market,8,paid_search,2025-12-24,2025-12-01,2026-04-02,2026-04-01,Closed Won,1,1,35400.0,99.0,,
1793,779,18,Enterprise,6,affiliate,2024-09-04,2024-09-01,2025-03-15,2025-03-01,Closed Lost,1,0,123400.0,192.0,Competitor,(none)
1794,780,13,SMB,5,paid_social,2026-04-23,2026-04-01,2026-06-01,2026-06-01,Closed Lost,1,0,32700.0,39.0,Competitor,Kestrel
1796,781,10,SMB,4,organic_search,2025-06-26,2025-06-01,2025-07-22,2025-07-01,Closed Lost,1,0,18500.0,26.0,Timing,Helioscope
1797,781,10,SMB,4,organic_search,2026-02-15,2026-02-01,2026-04-10,2026-04-01,Closed Lost,1,0,10300.0,54.0,No decision,Helioscope
1798,782,10,SMB,4,organic_search,2025-02-19,2025-02-01,2025-04-06,2025-04-01,Closed Lost,1,0,12100.0,46.0,Price,Kestrel
1799,782,10,SMB,4,organic_search,2025-09-02,2025-09-01,2025-10-23,2025-10-01,Closed Lost,1,0,6500.0,51.0,No decision,Kestrel
1801,783,4,SMB,2,affiliate,2025-11-14,2025-11-01,2026-01-06,2026-01-01,Closed Lost,1,0,11100.0,53.0,No decision,Helioscope
1803,784,1,SMB,1,paid_social,2025-10-12,2025-10-01,2025-11-09,2025-11-01,Closed Lost,1,0,13000.0,28.0,Timing,Kestrel
1807,785,7,SMB,3,affiliate,2025-12-14,2025-12-01,2026-01-09,2026-01-01,Closed Won,1,1,9800.0,26.0,,
1811,786,19,SMB,7,email,2026-06-21,2026-06-01,2026-07-20,2026-07-01,Proposal,0,0,8300.0,,,
1813,787,19,SMB,7,direct,2025-04-07,2025-04-01,2025-05-01,2025-05-01,Closed Lost,1,0,13200.0,24.0,Timing,(none)
1814,788,11,Mid-Market,4,email,2025-08-12,2025-08-01,2025-10-22,2025-10-01,Closed Lost,1,0,27200.0,71.0,Timing,Helioscope
1815,788,11,Mid-Market,4,email,2026-05-20,2026-05-01,2026-06-29,2026-06-01,Closed Lost,1,0,41400.0,40.0,Price,(none)
1816,789,4,SMB,2,paid_social,2025-03-09,2025-03-01,2025-04-25,2025-04-01,Closed Lost,1,0,14600.0,47.0,Price,Northwind
1817,789,4,SMB,2,paid_social,2025-09-24,2025-09-01,2025-10-11,2025-10-01,Closed Won,1,1,6500.0,17.0,,
1818,790,22,SMB,8,email,2026-03-04,2026-03-01,2026-03-31,2026-03-01,Closed Won,1,1,8200.0,27.0,,
1821,791,11,Mid-Market,4,organic_search,2025-10-04,2025-10-01,2025-12-21,2025-12-01,Closed Lost,1,0,54100.0,78.0,Lost to status quo,Helioscope
1823,792,24,Enterprise,8,organic_search,2025-05-09,2025-05-01,2025-10-15,2025-10-01,Closed Won,1,1,289700.0,159.0,,
1824,793,1,SMB,1,email,2025-09-20,2025-09-01,2025-10-22,2025-10-01,Closed Lost,1,0,32000.0,32.0,Competitor,(none)
1825,794,16,SMB,6,organic_search,2025-06-18,2025-06-01,2025-07-22,2025-07-01,Closed Won,1,1,9000.0,34.0,,
1826,795,23,Mid-Market,8,display,2026-03-04,2026-03-01,2026-06-13,2026-06-01,Closed Lost,1,0,36200.0,101.0,Timing,Northwind
1827,796,9,Enterprise,3,display,2025-03-02,2025-03-01,2025-08-15,2025-08-01,Closed Lost,1,0,252600.0,166.0,Price,(none)
1828,797,1,SMB,1,display,2026-06-11,2026-06-01,2026-07-10,2026-07-01,Demo,0,0,12500.0,,,
1831,798,11,Mid-Market,4,paid_search,2026-04-30,2026-04-01,2026-05-07,2026-05-01,Closed Won,1,1,47200.0,7.0,,
1833,799,20,Mid-Market,7,organic_search,2026-03-17,2026-03-01,2026-05-29,2026-05-01,Closed Won,1,1,48000.0,73.0,,
1834,800,10,SMB,4,paid_social,2026-03-23,2026-03-01,2026-05-09,2026-05-01,Closed Lost,1,0,13600.0,47.0,Competitor,(none)
1836,801,10,SMB,4,paid_search,2025-10-07,2025-10-01,2025-11-14,2025-11-01,Closed Won,1,1,16500.0,38.0,,
1837,801,10,SMB,4,paid_search,2026-06-25,2026-06-01,2026-08-11,2026-08-01,Proposal,0,0,14300.0,,,
1841,802,11,Mid-Market,4,organic_search,2025-12-04,2025-12-01,2026-02-25,2026-02-01,Closed Won,1,1,45900.0,83.0,,
1843,803,22,SMB,8,paid_search,2025-11-23,2025-11-01,2026-01-15,2026-01-01,Closed Won,1,1,21200.0,53.0,,
1846,804,1,SMB,1,paid_social,2026-05-12,2026-05-01,2026-06-21,2026-06-01,Closed Lost,1,0,4700.0,40.0,Competitor,(none)
1851,805,16,SMB,6,direct,2026-02-02,2026-02-01,2026-03-01,2026-03-01,Closed Lost,1,0,6100.0,27.0,No decision,Kestrel
1854,806,4,SMB,2,paid_social,2026-04-17,2026-04-01,2026-06-03,2026-06-01,Closed Lost,1,0,23100.0,47.0,No decision,Kestrel
1856,807,12,Enterprise,4,paid_search,2025-08-10,2025-08-01,2025-12-09,2025-12-01,Closed Lost,1,0,149100.0,121.0,Competitor,Kestrel
1857,807,12,Enterprise,4,paid_search,2026-04-06,2026-04-01,2026-09-26,2026-09-01,Proposal,0,0,143900.0,,,
1859,808,1,SMB,1,organic_search,2026-03-21,2026-03-01,2026-04-30,2026-04-01,Closed Lost,1,0,15500.0,40.0,No decision,(none)
1865,809,10,SMB,4,direct,2026-03-09,2026-03-01,2026-04-13,2026-04-01,Closed Lost,1,0,15900.0,35.0,Price,Helioscope
1866,810,16,SMB,6,affiliate,2025-10-24,2025-10-01,2025-12-01,2025-12-01,Closed Won,1,1,14700.0,38.0,,
1867,811,17,Mid-Market,6,organic_search,2025-12-25,2025-12-01,2026-02-11,2026-02-01,Closed Lost,1,0,54000.0,48.0,Competitor,Helioscope
1868,812,16,SMB,6,display,2025-03-01,2025-03-01,2025-04-05,2025-04-01,Closed Lost,1,0,9000.0,35.0,Price,(none)
1869,812,16,SMB,6,display,2026-02-21,2026-02-01,2026-03-19,2026-03-01,Closed Won,1,1,13500.0,26.0,,
1870,813,1,SMB,1,display,2025-10-02,2025-10-01,2025-11-14,2025-11-01,Closed Won,1,1,7600.0,43.0,,
1871,813,1,SMB,1,display,2026-06-19,2026-06-01,2026-07-29,2026-07-01,Negotiation,0,0,12500.0,,,
1876,814,2,Mid-Market,1,organic_search,2025-10-26,2025-10-01,2026-01-09,2026-01-01,Closed Lost,1,0,31700.0,75.0,No decision,Kestrel
1877,815,22,SMB,8,organic_search,2024-08-20,2024-08-01,2024-09-14,2024-09-01,Closed Lost,1,0,6900.0,25.0,Lost to status quo,Kestrel
1878,815,22,SMB,8,organic_search,2025-05-28,2025-05-01,2025-07-04,2025-07-01,Closed Lost,1,0,21400.0,37.0,No decision,Kestrel
1879,816,6,Enterprise,2,paid_search,2026-02-21,2026-02-01,2026-08-04,2026-08-01,Negotiation,0,0,178500.0,,,
1881,817,20,Mid-Market,7,direct,2025-12-07,2025-12-01,2026-02-15,2026-02-01,Closed Lost,1,0,39700.0,70.0,No decision,Kestrel
1885,818,12,Enterprise,4,paid_social,2026-04-24,2026-04-01,2026-09-01,2026-09-01,Negotiation,0,0,208100.0,,,
1886,819,20,Mid-Market,7,paid_social,2026-02-19,2026-02-01,2026-04-26,2026-04-01,Closed Lost,1,0,13100.0,66.0,No decision,Northwind
1889,820,13,SMB,5,email,2026-04-01,2026-04-01,2026-05-02,2026-05-01,Closed Won,1,1,27600.0,31.0,,
1892,821,13,SMB,5,direct,2025-12-04,2025-12-01,2026-01-09,2026-01-01,Closed Lost,1,0,12500.0,36.0,Lost to status quo,Kestrel
1893,822,16,SMB,6,affiliate,2025-04-15,2025-04-01,2025-05-20,2025-05-01,Closed Won,1,1,7200.0,35.0,,
1894,822,16,SMB,6,affiliate,2025-12-31,2025-12-01,2026-01-22,2026-01-01,Closed Won,1,1,7100.0,22.0,,
1897,823,19,SMB,7,organic_search,2025-12-27,2025-12-01,2026-02-03,2026-02-01,Closed Lost,1,0,5900.0,38.0,No decision,Kestrel
1899,824,4,SMB,2,paid_social,2025-05-15,2025-05-01,2025-06-17,2025-06-01,Closed Lost,1,0,17300.0,33.0,No decision,Northwind
1900,824,4,SMB,2,paid_social,2026-03-01,2026-03-01,2026-03-14,2026-03-01,Closed Lost,1,0,10500.0,13.0,Price,Helioscope
1905,825,11,Mid-Market,4,email,2025-04-25,2025-04-01,2025-06-21,2025-06-01,Closed Lost,1,0,64300.0,57.0,Competitor,Northwind
1906,826,17,Mid-Market,6,direct,2025-11-01,2025-11-01,2025-12-21,2025-12-01,Closed Lost,1,0,34000.0,50.0,Timing,(none)
1907,827,16,SMB,6,organic_search,2025-09-23,2025-09-01,2025-10-14,2025-10-01,Closed Lost,1,0,8000.0,21.0,Timing,Northwind
1911,828,7,SMB,3,organic_search,2025-06-28,2025-06-01,2025-07-21,2025-07-01,Closed Lost,1,0,8100.0,23.0,Timing,Helioscope
1912,828,7,SMB,3,organic_search,2026-02-18,2026-02-01,2026-04-10,2026-04-01,Closed Lost,1,0,15500.0,51.0,Timing,Northwind
1915,829,20,Mid-Market,7,paid_search,2025-11-29,2025-11-01,2026-01-06,2026-01-01,Closed Lost,1,0,73900.0,38.0,Lost to status quo,Northwind
1916,830,21,Enterprise,7,organic_search,2025-03-18,2025-03-01,2025-09-08,2025-09-01,Closed Lost,1,0,138100.0,174.0,Price,Kestrel
1917,831,22,SMB,8,email,2026-06-10,2026-06-01,2026-06-25,2026-06-01,Closed Lost,1,0,16700.0,15.0,Price,Northwind
1919,832,4,SMB,2,email,2025-12-23,2025-12-01,2026-02-04,2026-02-01,Closed Lost,1,0,12100.0,43.0,Lost to status quo,Kestrel
1921,833,16,SMB,6,organic_search,2026-02-24,2026-02-01,2026-03-29,2026-03-01,Closed Won,1,1,9500.0,33.0,,
1926,834,1,SMB,1,paid_social,2025-01-03,2025-01-01,2025-02-11,2025-02-01,Closed Lost,1,0,15200.0,39.0,Lost to status quo,Northwind
1927,834,1,SMB,1,paid_social,2025-11-15,2025-11-01,2025-12-23,2025-12-01,Closed Lost,1,0,10600.0,38.0,No decision,Helioscope
1928,834,1,SMB,1,paid_social,2026-04-14,2026-04-01,2026-05-18,2026-05-01,Closed Lost,1,0,14500.0,34.0,Timing,(none)
1929,835,1,SMB,1,organic_search,2025-03-14,2025-03-01,2025-04-28,2025-04-01,Closed Lost,1,0,20000.0,45.0,Lost to status quo,(none)
1930,835,1,SMB,1,organic_search,2026-01-03,2026-01-01,2026-02-06,2026-02-01,Closed Lost,1,0,11700.0,34.0,Competitor,Helioscope
1931,836,19,SMB,7,direct,2025-11-10,2025-11-01,2025-12-07,2025-12-01,Closed Won,1,1,23400.0,27.0,,
1933,837,16,SMB,6,paid_search,2026-02-04,2026-02-01,2026-03-16,2026-03-01,Closed Lost,1,0,17100.0,40.0,Competitor,Kestrel
1941,839,11,Mid-Market,4,organic_search,2025-04-07,2025-04-01,2025-05-17,2025-05-01,Closed Won,1,1,62800.0,40.0,,
1942,839,11,Mid-Market,4,organic_search,2026-02-13,2026-02-01,2026-05-31,2026-05-01,Closed Lost,1,0,29800.0,107.0,Competitor,Northwind
1943,840,2,Mid-Market,1,affiliate,2025-02-27,2025-02-01,2025-04-06,2025-04-01,Closed Won,1,1,31300.0,38.0,,
1944,840,2,Mid-Market,1,affiliate,2026-04-11,2026-04-01,2026-07-12,2026-07-01,Discovery,0,0,35700.0,,,
1945,840,2,Mid-Market,1,affiliate,2026-05-28,2026-05-01,2026-07-31,2026-07-01,Prospecting,0,0,23400.0,,,
1949,842,22,SMB,8,paid_search,2025-10-09,2025-10-01,2025-11-10,2025-11-01,Closed Lost,1,0,20000.0,32.0,Competitor,(none)
1950,843,13,SMB,5,paid_search,2025-02-05,2025-02-01,2025-03-05,2025-03-01,Closed Lost,1,0,10300.0,28.0,Price,(none)
1951,843,13,SMB,5,paid_search,2025-11-05,2025-11-01,2025-12-20,2025-12-01,Closed Won,1,1,8100.0,45.0,,
1954,844,20,Mid-Market,7,paid_social,2026-04-22,2026-04-01,2026-07-18,2026-07-01,Demo,0,0,23700.0,,,
1956,845,23,Mid-Market,8,affiliate,2025-02-19,2025-02-01,2025-04-11,2025-04-01,Closed Won,1,1,30600.0,51.0,,
1957,845,23,Mid-Market,8,affiliate,2025-11-01,2025-11-01,2026-02-02,2026-02-01,Closed Lost,1,0,50200.0,93.0,Competitor,Northwind
1960,846,15,Enterprise,5,paid_search,2026-04-23,2026-04-01,2026-11-24,2026-11-01,Prospecting,0,0,108700.0,,,
1961,847,22,SMB,8,organic_search,2025-10-18,2025-10-01,2025-11-25,2025-11-01,Closed Won,1,1,7600.0,38.0,,
1962,847,22,SMB,8,organic_search,2026-04-21,2026-04-01,2026-05-22,2026-05-01,Closed Lost,1,0,13800.0,31.0,Competitor,Kestrel
1965,848,21,Enterprise,7,direct,2025-10-18,2025-10-01,2026-03-17,2026-03-01,Closed Lost,1,0,123000.0,150.0,Timing,(none)
1966,848,21,Enterprise,7,direct,2026-06-06,2026-06-01,2026-07-28,2026-07-01,Proposal,0,0,138400.0,,,
1967,849,11,Mid-Market,4,paid_search,2025-07-02,2025-07-01,2025-10-01,2025-10-01,Closed Lost,1,0,75200.0,91.0,Price,Northwind
1968,850,15,Enterprise,5,organic_search,2025-11-07,2025-11-01,2026-04-07,2026-04-01,Closed Lost,1,0,233000.0,151.0,Timing,Northwind
1970,852,7,SMB,3,direct,2025-04-25,2025-04-01,2025-05-22,2025-05-01,Closed Lost,1,0,9000.0,27.0,Price,Northwind
1971,852,7,SMB,3,direct,2025-12-04,2025-12-01,2026-02-03,2026-02-01,Closed Lost,1,0,15800.0,61.0,Lost to status quo,Kestrel
1973,853,11,Mid-Market,4,direct,2025-08-06,2025-08-01,2025-10-02,2025-10-01,Closed Won,1,1,48800.0,57.0,,
1974,854,11,Mid-Market,4,paid_social,2026-03-03,2026-03-01,2026-03-23,2026-03-01,Closed Won,1,1,70800.0,20.0,,
1976,855,5,Mid-Market,2,display,2025-09-04,2025-09-01,2025-11-05,2025-11-01,Closed Lost,1,0,29400.0,62.0,Price,(none)
1977,856,12,Enterprise,4,paid_search,2025-09-05,2025-09-01,2026-03-14,2026-03-01,Closed Lost,1,0,306400.0,190.0,No decision,(none)
1979,857,8,Mid-Market,3,direct,2026-06-15,2026-06-01,2026-07-18,2026-07-01,Prospecting,0,0,38900.0,,,
1984,859,3,Enterprise,1,email,2025-01-10,2025-01-01,2025-06-03,2025-06-01,Closed Lost,1,0,146000.0,144.0,Lost to status quo,Kestrel
1985,860,19,SMB,7,organic_search,2025-01-25,2025-01-01,2025-03-16,2025-03-01,Closed Lost,1,0,16000.0,50.0,Competitor,(none)
1986,860,19,SMB,7,organic_search,2025-10-12,2025-10-01,2025-11-25,2025-11-01,Closed Lost,1,0,7300.0,44.0,Competitor,Helioscope
1987,860,19,SMB,7,organic_search,2026-02-27,2026-02-01,2026-04-05,2026-04-01,Closed Lost,1,0,39000.0,37.0,Lost to status quo,(none)
1989,861,4,SMB,2,display,2025-07-22,2025-07-01,2025-09-07,2025-09-01,Closed Won,1,1,12000.0,47.0,,
1990,861,4,SMB,2,display,2026-06-05,2026-06-01,2026-07-24,2026-07-01,Proposal,0,0,8900.0,,,
1991,862,22,SMB,8,email,2024-11-04,2024-11-01,2024-12-14,2024-12-01,Closed Lost,1,0,10000.0,40.0,Timing,(none)
1992,863,19,SMB,7,email,2024-09-16,2024-09-01,2024-10-18,2024-10-01,Closed Lost,1,0,9400.0,32.0,Timing,Helioscope
1993,863,19,SMB,7,email,2025-10-16,2025-10-01,2025-11-08,2025-11-01,Closed Lost,1,0,8200.0,23.0,Competitor,Helioscope
1995,864,5,Mid-Market,2,organic_search,2025-02-02,2025-02-01,2025-04-08,2025-04-01,Closed Won,1,1,28700.0,65.0,,
1996,865,16,SMB,6,display,2026-04-20,2026-04-01,2026-06-06,2026-06-01,Closed Lost,1,0,24300.0,47.0,Lost to status quo,Northwind
1999,866,11,Mid-Market,4,email,2026-01-28,2026-01-01,2026-04-10,2026-04-01,Closed Won,1,1,52900.0,72.0,,
2000,867,21,Enterprise,7,display,2026-04-11,2026-04-01,2026-06-16,2026-06-01,Closed Lost,1,0,99500.0,66.0,Lost to status quo,Northwind
2006,869,17,Mid-Market,6,affiliate,2024-09-26,2024-09-01,2024-11-25,2024-11-01,Closed Won,1,1,28900.0,60.0,,
2007,870,13,SMB,5,affiliate,2025-09-15,2025-09-01,2025-10-13,2025-10-01,Closed Lost,1,0,17400.0,28.0,Lost to status quo,Kestrel
2008,870,13,SMB,5,affiliate,2026-04-20,2026-04-01,2026-04-28,2026-04-01,Closed Lost,1,0,6400.0,8.0,Price,Kestrel
2009,871,4,SMB,2,organic_search,2024-08-03,2024-08-01,2024-08-30,2024-08-01,Closed Won,1,1,11600.0,27.0,,
2010,871,4,SMB,2,organic_search,2025-06-14,2025-06-01,2025-07-22,2025-07-01,Closed Won,1,1,11600.0,38.0,,
2011,871,4,SMB,2,organic_search,2026-01-25,2026-01-01,2026-02-11,2026-02-01,Closed Lost,1,0,9900.0,17.0,Timing,(none)
2013,872,17,Mid-Market,6,display,2025-02-22,2025-02-01,2025-04-21,2025-04-01,Closed Lost,1,0,30900.0,58.0,Timing,Kestrel
2014,873,10,SMB,4,paid_search,2026-03-18,2026-03-01,2026-04-16,2026-04-01,Closed Lost,1,0,23700.0,29.0,Competitor,Kestrel
2017,874,11,Mid-Market,4,affiliate,2026-04-02,2026-04-01,2026-06-20,2026-06-01,Closed Lost,1,0,43000.0,79.0,Lost to status quo,Helioscope
2018,875,14,Mid-Market,5,email,2026-05-11,2026-05-01,2026-06-29,2026-06-01,Closed Lost,1,0,55000.0,49.0,No decision,Helioscope
2020,876,22,SMB,8,affiliate,2026-03-09,2026-03-01,2026-04-05,2026-04-01,Closed Lost,1,0,17900.0,27.0,Competitor,Helioscope
2023,877,20,Mid-Market,7,organic_search,2026-01-08,2026-01-01,2026-03-10,2026-03-01,Closed Won,1,1,102600.0,61.0,,
2024,878,24,Enterprise,8,paid_search,2026-05-02,2026-05-01,2026-08-15,2026-08-01,Discovery,0,0,191200.0,,,
2027,879,22,SMB,8,paid_social,2026-03-30,2026-03-01,2026-05-26,2026-05-01,Closed Lost,1,0,13600.0,57.0,No decision,Northwind
2028,880,22,SMB,8,organic_search,2026-01-24,2026-01-01,2026-02-26,2026-02-01,Closed Lost,1,0,17400.0,33.0,Competitor,(none)
2030,881,10,SMB,4,affiliate,2026-06-25,2026-06-01,2026-08-04,2026-08-01,Discovery,0,0,7100.0,,,
2035,882,22,SMB,8,email,2025-09-21,2025-09-01,2025-10-26,2025-10-01,Closed Lost,1,0,9300.0,35.0,Timing,Helioscope
2037,883,7,SMB,3,paid_search,2025-04-07,2025-04-01,2025-06-11,2025-06-01,Closed Lost,1,0,7100.0,65.0,Competitor,Northwind
2038,883,7,SMB,3,paid_search,2026-04-18,2026-04-01,2026-05-30,2026-05-01,Closed Won,1,1,16500.0,42.0,,
2039,884,7,SMB,3,display,2025-12-09,2025-12-01,2026-01-29,2026-01-01,Closed Lost,1,0,9600.0,51.0,Competitor,(none)
2040,885,10,SMB,4,organic_search,2026-03-02,2026-03-01,2026-04-16,2026-04-01,Closed Lost,1,0,13300.0,45.0,Price,Helioscope
2046,886,7,SMB,3,organic_search,2025-09-25,2025-09-01,2025-11-05,2025-11-01,Closed Lost,1,0,18900.0,41.0,No decision,Kestrel
2049,887,7,SMB,3,paid_social,2024-10-22,2024-10-01,2024-11-12,2024-11-01,Closed Lost,1,0,22300.0,21.0,Competitor,Kestrel
2050,887,7,SMB,3,paid_social,2025-07-17,2025-07-01,2025-09-03,2025-09-01,Closed Lost,1,0,18000.0,48.0,Competitor,(none)
2051,888,22,SMB,8,direct,2025-08-16,2025-08-01,2025-09-23,2025-09-01,Closed Lost,1,0,6200.0,38.0,Timing,Northwind
2052,888,22,SMB,8,direct,2026-06-17,2026-06-01,2026-07-25,2026-07-01,Negotiation,0,0,4600.0,,,
2053,889,23,Mid-Market,8,paid_search,2025-04-11,2025-04-01,2025-06-30,2025-06-01,Closed Lost,1,0,30100.0,80.0,No decision,(none)
2054,889,23,Mid-Market,8,paid_search,2026-05-07,2026-05-01,2026-07-12,2026-07-01,Prospecting,0,0,77400.0,,,
2055,890,8,Mid-Market,3,email,2026-04-14,2026-04-01,2026-06-26,2026-06-01,Closed Lost,1,0,78600.0,73.0,Timing,Northwind
2057,891,1,SMB,1,paid_social,2025-10-08,2025-10-01,2025-11-05,2025-11-01,Closed Lost,1,0,6800.0,28.0,Competitor,(none)
2058,891,1,SMB,1,paid_social,2026-05-17,2026-05-01,2026-06-11,2026-06-01,Closed Lost,1,0,12800.0,25.0,Lost to status quo,Helioscope
2061,892,17,Mid-Market,6,paid_social,2024-10-11,2024-10-01,2024-11-20,2024-11-01,Closed Lost,1,0,69300.0,40.0,No decision,(none)
2062,892,17,Mid-Market,6,paid_social,2025-08-18,2025-08-01,2025-11-02,2025-11-01,Closed Won,1,1,29600.0,76.0,,
2063,893,2,Mid-Market,1,affiliate,2025-08-08,2025-08-01,2025-11-16,2025-11-01,Closed Lost,1,0,46600.0,100.0,Competitor,Helioscope
2064,893,2,Mid-Market,1,affiliate,2026-03-16,2026-03-01,2026-06-16,2026-06-01,Closed Lost,1,0,33500.0,92.0,Price,(none)
2065,894,16,SMB,6,paid_social,2026-06-14,2026-06-01,2026-06-30,2026-06-01,Closed Lost,1,0,7300.0,16.0,No decision,Kestrel
2068,895,7,SMB,3,affiliate,2026-03-15,2026-03-01,2026-03-30,2026-03-01,Closed Won,1,1,12200.0,15.0,,
2071,896,9,Enterprise,3,display,2026-06-14,2026-06-01,2026-12-16,2026-12-01,Demo,0,0,252300.0,,,
2074,897,4,SMB,2,paid_social,2026-04-20,2026-04-01,2026-05-30,2026-05-01,Closed Won,1,1,11400.0,40.0,,
2079,898,7,SMB,3,email,2025-07-20,2025-07-01,2025-08-12,2025-08-01,Closed Won,1,1,9300.0,23.0,,
2080,899,3,Enterprise,1,affiliate,2026-06-28,2026-06-01,2026-12-01,2026-12-01,Prospecting,0,0,175100.0,,,
2081,900,14,Mid-Market,5,organic_search,2025-03-17,2025-03-01,2025-05-28,2025-05-01,Closed Lost,1,0,24000.0,72.0,Lost to status quo,Northwind
2082,900,14,Mid-Market,5,organic_search,2026-03-03,2026-03-01,2026-04-30,2026-04-01,Closed Won,1,1,66700.0,58.0,,
2083,901,6,Enterprise,2,affiliate,2026-05-07,2026-05-01,2026-10-14,2026-10-01,Discovery,0,0,49900.0,,,
2084,902,7,SMB,3,email,2026-04-02,2026-04-01,2026-05-15,2026-05-01,Closed Lost,1,0,5000.0,43.0,Competitor,Northwind
2087,903,14,Mid-Market,5,organic_search,2025-05-07,2025-05-01,2025-07-26,2025-07-01,Closed Lost,1,0,72200.0,80.0,Price,Kestrel
2088,903,14,Mid-Market,5,organic_search,2026-01-04,2026-01-01,2026-05-04,2026-05-01,Closed Lost,1,0,24200.0,120.0,Competitor,Northwind
2089,904,17,Mid-Market,6,paid_search,2026-04-17,2026-04-01,2026-06-26,2026-06-01,Closed Lost,1,0,43300.0,70.0,No decision,Helioscope
2091,905,7,SMB,3,paid_search,2026-05-13,2026-05-01,2026-06-17,2026-06-01,Closed Won,1,1,11000.0,35.0,,
2095,907,21,Enterprise,7,paid_search,2024-10-03,2024-10-01,2025-01-07,2025-01-01,Closed Lost,1,0,204600.0,96.0,Lost to status quo,Helioscope
2096,907,21,Enterprise,7,paid_search,2025-08-04,2025-08-01,2025-12-18,2025-12-01,Closed Lost,1,0,233600.0,136.0,No decision,Kestrel
2097,908,23,Mid-Market,8,paid_social,2024-12-19,2024-12-01,2025-02-17,2025-02-01,Closed Lost,1,0,21600.0,60.0,Lost to status quo,Kestrel
2104,910,6,Enterprise,2,email,2026-06-28,2026-06-01,2027-01-09,2027-01-01,Negotiation,0,0,107300.0,,,
2105,911,1,SMB,1,affiliate,2024-11-18,2024-11-01,2025-01-11,2025-01-01,Closed Lost,1,0,22700.0,54.0,Lost to status quo,Kestrel
2106,911,1,SMB,1,affiliate,2025-09-03,2025-09-01,2025-09-18,2025-09-01,Closed Won,1,1,10300.0,15.0,,
2107,912,14,Mid-Market,5,organic_search,2026-05-05,2026-05-01,2026-07-09,2026-07-01,Demo,0,0,55200.0,,,
2108,913,4,SMB,2,affiliate,2025-09-17,2025-09-01,2025-11-01,2025-11-01,Closed Lost,1,0,4400.0,45.0,Price,Kestrel
2109,913,4,SMB,2,affiliate,2026-03-18,2026-03-01,2026-04-19,2026-04-01,Closed Won,1,1,6600.0,32.0,,
2111,914,7,SMB,3,direct,2025-10-18,2025-10-01,2025-11-22,2025-11-01,Closed Won,1,1,17000.0,35.0,,
2117,915,20,Mid-Market,7,display,2024-09-29,2024-09-01,2024-12-08,2024-12-01,Closed Lost,1,0,76200.0,70.0,Price,(none)
2118,915,20,Mid-Market,7,display,2025-06-25,2025-06-01,2025-09-22,2025-09-01,Closed Lost,1,0,49600.0,89.0,Lost to status quo,Northwind
2119,915,20,Mid-Market,7,display,2026-02-17,2026-02-01,2026-04-14,2026-04-01,Closed Won,1,1,29800.0,56.0,,
2123,917,15,Enterprise,5,affiliate,2024-11-09,2024-11-01,2025-02-25,2025-02-01,Closed Lost,1,0,287300.0,108.0,Timing,(none)
2124,918,1,SMB,1,direct,2026-06-30,2026-06-01,2026-08-08,2026-08-01,Discovery,0,0,9800.0,,,
2125,919,4,SMB,2,email,2025-05-19,2025-05-01,2025-06-05,2025-06-01,Closed Lost,1,0,7400.0,17.0,Competitor,Helioscope
2126,919,4,SMB,2,email,2026-04-28,2026-04-01,2026-05-31,2026-05-01,Closed Lost,1,0,15000.0,33.0,No decision,Kestrel
2127,919,4,SMB,2,email,2026-06-15,2026-06-01,2026-06-29,2026-06-01,Closed Won,1,1,7700.0,14.0,,
2128,920,4,SMB,2,display,2025-09-11,2025-09-01,2025-11-02,2025-11-01,Closed Lost,1,0,18100.0,52.0,No decision,(none)
2129,920,4,SMB,2,display,2026-04-23,2026-04-01,2026-05-27,2026-05-01,Closed Lost,1,0,15500.0,34.0,No decision,Kestrel
2131,921,19,SMB,7,affiliate,2025-04-02,2025-04-01,2025-04-27,2025-04-01,Closed Lost,1,0,11700.0,25.0,Timing,(none)
2132,922,11,Mid-Market,4,paid_social,2025-04-07,2025-04-01,2025-07-11,2025-07-01,Closed Lost,1,0,42100.0,95.0,Price,Northwind
2133,922,11,Mid-Market,4,paid_social,2026-03-18,2026-03-01,2026-06-03,2026-06-01,Closed Lost,1,0,65800.0,77.0,No decision,(none)
2134,923,4,SMB,2,email,2026-06-29,2026-06-01,2026-07-24,2026-07-01,Discovery,0,0,8400.0,,,
2136,924,10,SMB,4,organic_search,2024-10-14,2024-10-01,2024-11-23,2024-11-01,Closed Won,1,1,31600.0,40.0,,
2137,924,10,SMB,4,organic_search,2025-05-12,2025-05-01,2025-07-04,2025-07-01,Closed Won,1,1,12700.0,53.0,,
2138,925,5,Mid-Market,2,display,2025-09-01,2025-09-01,2026-01-08,2026-01-01,Closed Won,1,1,30800.0,129.0,,
2140,927,3,Enterprise,1,affiliate,2025-06-25,2025-06-01,2025-07-02,2025-07-01,Closed Lost,1,0,85300.0,7.0,Competitor,Northwind
2141,928,13,SMB,5,affiliate,2026-05-05,2026-05-01,2026-05-26,2026-05-01,Closed Lost,1,0,7000.0,21.0,Lost to status quo,Helioscope
2143,929,5,Mid-Market,2,email,2025-04-08,2025-04-01,2025-06-10,2025-06-01,Closed Lost,1,0,45600.0,63.0,Lost to status quo,Northwind
2144,929,5,Mid-Market,2,email,2025-10-19,2025-10-01,2026-01-09,2026-01-01,Closed Lost,1,0,47500.0,82.0,Competitor,Helioscope
2145,930,13,SMB,5,organic_search,2025-11-19,2025-11-01,2025-12-22,2025-12-01,Closed Won,1,1,13900.0,33.0,,
2146,930,13,SMB,5,organic_search,2026-05-27,2026-05-01,2026-06-16,2026-06-01,Closed Lost,1,0,9500.0,20.0,Lost to status quo,(none)
2147,931,19,SMB,7,organic_search,2026-01-10,2026-01-01,2026-02-21,2026-02-01,Closed Won,1,1,18100.0,42.0,,
2153,932,10,SMB,4,organic_search,2025-04-07,2025-04-01,2025-05-06,2025-05-01,Closed Won,1,1,6100.0,29.0,,
2154,932,10,SMB,4,organic_search,2026-03-14,2026-03-01,2026-03-27,2026-03-01,Closed Lost,1,0,8500.0,13.0,Price,(none)
2155,933,2,Mid-Market,1,display,2025-02-22,2025-02-01,2025-05-12,2025-05-01,Closed Lost,1,0,63400.0,79.0,Lost to status quo,(none)
2156,934,16,SMB,6,paid_social,2025-07-14,2025-07-01,2025-08-06,2025-08-01,Closed Lost,1,0,12600.0,23.0,No decision,Helioscope
2157,935,5,Mid-Market,2,paid_search,2024-10-22,2024-10-01,2025-02-12,2025-02-01,Closed Won,1,1,43300.0,113.0,,
2158,936,4,SMB,2,affiliate,2024-10-09,2024-10-01,2024-11-13,2024-11-01,Closed Lost,1,0,7200.0,35.0,Timing,Kestrel
2159,936,4,SMB,2,affiliate,2025-07-17,2025-07-01,2025-08-28,2025-08-01,Closed Won,1,1,7100.0,42.0,,
2160,937,20,Mid-Market,7,organic_search,2024-09-23,2024-09-01,2024-12-29,2024-12-01,Closed Lost,1,0,75900.0,97.0,Lost to status quo,(none)
2161,937,20,Mid-Market,7,organic_search,2025-04-20,2025-04-01,2025-07-20,2025-07-01,Closed Lost,1,0,37900.0,91.0,Competitor,Kestrel
2162,937,20,Mid-Market,7,organic_search,2026-03-07,2026-03-01,2026-06-16,2026-06-01,Closed Won,1,1,60600.0,101.0,,
2164,938,5,Mid-Market,2,display,2025-12-14,2025-12-01,2026-02-16,2026-02-01,Closed Won,1,1,30500.0,64.0,,
2165,939,16,SMB,6,paid_social,2025-07-08,2025-07-01,2025-08-07,2025-08-01,Closed Lost,1,0,13700.0,30.0,No decision,Kestrel
2166,940,4,SMB,2,organic_search,2026-02-20,2026-02-01,2026-03-19,2026-03-01,Closed Won,1,1,7500.0,27.0,,
2167,941,13,SMB,5,direct,2025-04-02,2025-04-01,2025-05-08,2025-05-01,Closed Lost,1,0,9600.0,36.0,Lost to status quo,(none)
2168,941,13,SMB,5,direct,2025-10-28,2025-10-01,2025-11-12,2025-11-01,Closed Lost,1,0,7200.0,15.0,Lost to status quo,Helioscope
2169,942,23,Mid-Market,8,paid_search,2026-05-30,2026-05-01,2026-07-31,2026-07-01,Discovery,0,0,21700.0,,,
2171,943,11,Mid-Market,4,direct,2024-12-17,2024-12-01,2025-01-29,2025-01-01,Closed Lost,1,0,43000.0,43.0,Timing,(none)
2172,943,11,Mid-Market,4,direct,2025-08-07,2025-08-01,2025-10-15,2025-10-01,Closed Lost,1,0,26900.0,69.0,Competitor,Kestrel
2178,945,4,SMB,2,display,2026-04-22,2026-04-01,2026-05-29,2026-05-01,Closed Won,1,1,10900.0,37.0,,
2180,946,16,SMB,6,organic_search,2026-01-27,2026-01-01,2026-02-19,2026-02-01,Closed Lost,1,0,11800.0,23.0,No decision,(none)
2182,947,10,SMB,4,email,2025-07-22,2025-07-01,2025-08-20,2025-08-01,Closed Lost,1,0,14700.0,29.0,Timing,Kestrel
2185,948,1,SMB,1,affiliate,2025-11-12,2025-11-01,2025-12-08,2025-12-01,Closed Lost,1,0,28100.0,26.0,Lost to status quo,Kestrel
2192,949,4,SMB,2,paid_search,2025-09-11,2025-09-01,2025-10-20,2025-10-01,Closed Lost,1,0,10100.0,39.0,No decision,Helioscope
2193,950,1,SMB,1,direct,2025-09-16,2025-09-01,2025-10-19,2025-10-01,Closed Lost,1,0,12600.0,33.0,Lost to status quo,Kestrel
2194,951,4,SMB,2,affiliate,2025-04-06,2025-04-01,2025-05-03,2025-05-01,Closed Lost,1,0,6900.0,27.0,Lost to status quo,Northwind
2195,951,4,SMB,2,affiliate,2026-01-30,2026-01-01,2026-02-08,2026-02-01,Closed Lost,1,0,15400.0,9.0,Price,Kestrel
2196,952,2,Mid-Market,1,display,2025-08-25,2025-08-01,2025-11-14,2025-11-01,Closed Lost,1,0,25100.0,81.0,Price,Kestrel
2201,954,11,Mid-Market,4,direct,2026-04-24,2026-04-01,2026-08-10,2026-08-01,Proposal,0,0,32000.0,,,
2202,955,17,Mid-Market,6,paid_search,2025-08-22,2025-08-01,2025-10-21,2025-10-01,Closed Lost,1,0,60900.0,60.0,Lost to status quo,Kestrel
2203,956,11,Mid-Market,4,affiliate,2026-03-19,2026-03-01,2026-05-24,2026-05-01,Closed Lost,1,0,54500.0,66.0,No decision,Helioscope
2204,957,22,SMB,8,email,2025-08-26,2025-08-01,2025-09-22,2025-09-01,Closed Lost,1,0,8600.0,27.0,Price,(none)
2205,958,5,Mid-Market,2,paid_search,2026-04-29,2026-04-01,2026-08-01,2026-08-01,Demo,0,0,72400.0,,,
2206,959,19,SMB,7,organic_search,2026-03-19,2026-03-01,2026-03-26,2026-03-01,Closed Won,1,1,13000.0,7.0,,
2213,960,13,SMB,5,direct,2025-02-10,2025-02-01,2025-03-20,2025-03-01,Closed Lost,1,0,20900.0,38.0,Timing,Helioscope
2214,960,13,SMB,5,direct,2025-11-13,2025-11-01,2025-12-13,2025-12-01,Closed Lost,1,0,12300.0,30.0,No decision,Helioscope
2216,961,1,SMB,1,paid_social,2026-02-28,2026-02-01,2026-04-28,2026-04-01,Closed Lost,1,0,7700.0,59.0,Competitor,Northwind
2218,962,10,SMB,4,display,2025-10-04,2025-10-01,2025-10-15,2025-10-01,Closed Lost,1,0,15200.0,11.0,Competitor,Kestrel
2219,963,23,Mid-Market,8,direct,2025-03-24,2025-03-01,2025-06-25,2025-06-01,Closed Won,1,1,20500.0,93.0,,
2222,965,8,Mid-Market,3,paid_social,2025-06-02,2025-06-01,2025-07-25,2025-07-01,Closed Won,1,1,37500.0,53.0,,
2224,966,11,Mid-Market,4,paid_social,2025-09-26,2025-09-01,2025-11-14,2025-11-01,Closed Lost,1,0,40900.0,49.0,Timing,Northwind
2225,967,1,SMB,1,organic_search,2026-02-23,2026-02-01,2026-03-15,2026-03-01,Closed Lost,1,0,4500.0,20.0,Timing,(none)
2228,968,13,SMB,5,direct,2025-11-25,2025-11-01,2025-12-30,2025-12-01,Closed Lost,1,0,12600.0,35.0,No decision,Northwind
2230,969,13,SMB,5,email,2026-04-14,2026-04-01,2026-05-15,2026-05-01,Closed Lost,1,0,15300.0,31.0,No decision,Helioscope
2233,970,17,Mid-Market,6,organic_search,2025-03-07,2025-03-01,2025-05-13,2025-05-01,Closed Lost,1,0,44700.0,67.0,Price,Northwind
2234,971,9,Enterprise,3,paid_search,2025-09-16,2025-09-01,2026-01-30,2026-01-01,Closed Lost,1,0,149700.0,136.0,Price,Kestrel
2235,972,1,SMB,1,direct,2026-05-22,2026-05-01,2026-06-18,2026-06-01,Closed Won,1,1,21100.0,27.0,,
2236,973,16,SMB,6,affiliate,2026-06-12,2026-06-01,2026-06-24,2026-06-01,Closed Won,1,1,13800.0,12.0,,
2238,974,10,SMB,4,paid_social,2025-03-08,2025-03-01,2025-04-22,2025-04-01,Closed Lost,1,0,20300.0,45.0,Price,(none)
2239,974,10,SMB,4,paid_social,2026-02-05,2026-02-01,2026-03-19,2026-03-01,Closed Won,1,1,12700.0,42.0,,
2240,974,10,SMB,4,paid_social,2026-05-06,2026-05-01,2026-06-17,2026-06-01,Closed Lost,1,0,12400.0,42.0,Timing,Helioscope
2244,975,5,Mid-Market,2,paid_social,2025-09-21,2025-09-01,2025-11-20,2025-11-01,Closed Lost,1,0,76200.0,60.0,No decision,(none)
2245,976,8,Mid-Market,3,paid_social,2025-10-26,2025-10-01,2026-01-06,2026-01-01,Closed Lost,1,0,40500.0,72.0,Timing,Kestrel
2246,977,1,SMB,1,direct,2025-07-28,2025-07-01,2025-09-20,2025-09-01,Closed Lost,1,0,15400.0,54.0,Price,Kestrel
2247,977,1,SMB,1,direct,2026-03-22,2026-03-01,2026-04-26,2026-04-01,Closed Lost,1,0,13800.0,35.0,Lost to status quo,Helioscope
2248,978,14,Mid-Market,5,organic_search,2026-02-26,2026-02-01,2026-04-29,2026-04-01,Closed Lost,1,0,31400.0,62.0,No decision,(none)
2250,979,22,SMB,8,paid_search,2026-06-02,2026-06-01,2026-07-20,2026-07-01,Negotiation,0,0,10100.0,,,
2256,980,10,SMB,4,organic_search,2025-07-16,2025-07-01,2025-09-07,2025-09-01,Closed Lost,1,0,9800.0,53.0,Competitor,Kestrel
2257,981,20,Mid-Market,7,affiliate,2025-08-09,2025-08-01,2025-09-30,2025-09-01,Closed Lost,1,0,24800.0,52.0,Timing,Helioscope
2260,982,6,Enterprise,2,display,2026-05-24,2026-05-01,2026-09-16,2026-09-01,Demo,0,0,209300.0,,,
2263,983,19,SMB,7,direct,2025-11-20,2025-11-01,2025-12-19,2025-12-01,Closed Won,1,1,11900.0,29.0,,
2266,984,20,Mid-Market,7,display,2025-04-07,2025-04-01,2025-07-12,2025-07-01,Closed Lost,1,0,37100.0,96.0,Lost to status quo,Helioscope
2267,985,5,Mid-Market,2,direct,2024-10-29,2024-10-01,2025-01-28,2025-01-01,Closed Lost,1,0,36600.0,91.0,Lost to status quo,Helioscope
2268,985,5,Mid-Market,2,direct,2025-10-06,2025-10-01,2025-12-26,2025-12-01,Closed Lost,1,0,78000.0,81.0,No decision,Northwind
2269,986,23,Mid-Market,8,paid_social,2026-04-17,2026-04-01,2026-07-21,2026-07-01,Demo,0,0,94400.0,,,
2271,987,22,SMB,8,organic_search,2025-10-06,2025-10-01,2025-10-19,2025-10-01,Closed Lost,1,0,10400.0,13.0,Timing,Kestrel
2275,988,9,Enterprise,3,display,2024-08-30,2024-08-01,2025-01-15,2025-01-01,Closed Lost,1,0,237200.0,138.0,Price,(none)
2276,989,5,Mid-Market,2,paid_search,2026-04-27,2026-04-01,2026-07-03,2026-07-01,Proposal,0,0,96400.0,,,
2279,990,14,Mid-Market,5,paid_search,2025-12-15,2025-12-01,2026-03-13,2026-03-01,Closed Won,1,1,64000.0,88.0,,
2281,991,19,SMB,7,affiliate,2026-03-12,2026-03-01,2026-04-03,2026-04-01,Closed Won,1,1,21600.0,22.0,,
2284,993,19,SMB,7,email,2025-11-14,2025-11-01,2025-12-02,2025-12-01,Closed Won,1,1,5700.0,18.0,,
2288,994,16,SMB,6,direct,2025-12-18,2025-12-01,2026-01-01,2026-01-01,Closed Lost,1,0,10400.0,14.0,No decision,(none)
2293,995,19,SMB,7,organic_search,2026-03-03,2026-03-01,2026-03-31,2026-03-01,Closed Lost,1,0,13600.0,28.0,No decision,Helioscope
2294,996,16,SMB,6,organic_search,2026-06-27,2026-06-01,2026-08-11,2026-08-01,Prospecting,0,0,11400.0,,,
2297,997,19,SMB,7,paid_search,2025-05-01,2025-05-01,2025-05-30,2025-05-01,Closed Lost,1,0,11100.0,29.0,No decision,Kestrel
2298,997,19,SMB,7,paid_search,2025-11-04,2025-11-01,2025-12-20,2025-12-01,Closed Lost,1,0,26900.0,46.0,Timing,Helioscope
2300,998,1,SMB,1,paid_search,2025-09-15,2025-09-01,2025-10-22,2025-10-01,Closed Won,1,1,4900.0,37.0,,
2301,999,8,Mid-Market,3,paid_social,2025-02-20,2025-02-01,2025-05-06,2025-05-01,Closed Lost,1,0,42900.0,75.0,Price,(none)
2302,1000,22,SMB,8,display,2026-02-13,2026-02-01,2026-03-08,2026-03-01,Closed Won,1,1,9100.0,23.0,,
2306,1001,12,Enterprise,4,display,2025-08-01,2025-08-01,2026-01-09,2026-01-01,Closed Lost,1,0,94600.0,161.0,Timing,Northwind
2307,1002,24,Enterprise,8,affiliate,2025-04-29,2025-04-01,2025-11-11,2025-11-01,Closed Won,1,1,375400.0,196.0,,
2308,1003,20,Mid-Market,7,paid_search,2025-12-15,2025-12-01,2026-03-13,2026-03-01,Closed Won,1,1,44700.0,88.0,,
2313,1005,22,SMB,8,paid_social,2026-04-17,2026-04-01,2026-05-16,2026-05-01,Closed Lost,1,0,7500.0,29.0,Timing,Northwind
2314,1006,4,SMB,2,direct,2026-06-30,2026-06-01,2026-07-30,2026-07-01,Prospecting,0,0,9800.0,,,
2319,1007,15,Enterprise,5,display,2024-11-25,2024-11-01,2025-06-04,2025-06-01,Closed Lost,1,0,187700.0,191.0,Lost to status quo,Northwind
2320,1008,5,Mid-Market,2,affiliate,2026-01-13,2026-01-01,2026-04-09,2026-04-01,Closed Lost,1,0,30700.0,86.0,Timing,(none)
2321,1009,4,SMB,2,display,2026-05-31,2026-05-01,2026-07-16,2026-07-01,Prospecting,0,0,7300.0,,,
2323,1010,23,Mid-Market,8,affiliate,2026-06-11,2026-06-01,2026-08-13,2026-08-01,Demo,0,0,63000.0,,,
2326,1011,16,SMB,6,paid_search,2025-08-23,2025-08-01,2025-09-22,2025-09-01,Closed Lost,1,0,7500.0,30.0,Price,(none)
2327,1011,16,SMB,6,paid_search,2026-05-03,2026-05-01,2026-06-01,2026-06-01,Closed Lost,1,0,21600.0,29.0,No decision,Northwind
2329,1012,3,Enterprise,1,organic_search,2026-06-19,2026-06-01,2026-12-04,2026-12-01,Negotiation,0,0,252100.0,,,
2331,1013,23,Mid-Market,8,paid_social,2025-02-15,2025-02-01,2025-04-07,2025-04-01,Closed Lost,1,0,41600.0,51.0,Timing,Northwind
2332,1013,23,Mid-Market,8,paid_social,2025-11-06,2025-11-01,2025-12-27,2025-12-01,Closed Lost,1,0,47700.0,51.0,Competitor,Kestrel
2333,1014,14,Mid-Market,5,paid_search,2024-10-04,2024-10-01,2024-12-04,2024-12-01,Closed Lost,1,0,39800.0,61.0,Lost to status quo,Kestrel
2334,1015,16,SMB,6,paid_search,2025-07-04,2025-07-01,2025-07-30,2025-07-01,Closed Lost,1,0,10500.0,26.0,No decision,Helioscope
2335,1015,16,SMB,6,paid_search,2026-02-16,2026-02-01,2026-03-13,2026-03-01,Closed Won,1,1,8500.0,25.0,,
2336,1016,13,SMB,5,paid_search,2025-10-09,2025-10-01,2025-11-28,2025-11-01,Closed Lost,1,0,8900.0,50.0,Lost to status quo,Kestrel
2340,1017,1,SMB,1,display,2025-12-16,2025-12-01,2026-01-05,2026-01-01,Closed Won,1,1,10800.0,20.0,,
2342,1018,7,SMB,3,organic_search,2025-05-11,2025-05-01,2025-06-03,2025-06-01,Closed Won,1,1,8100.0,23.0,,
2343,1018,7,SMB,3,organic_search,2026-02-20,2026-02-01,2026-04-07,2026-04-01,Closed Lost,1,0,8100.0,46.0,Timing,Kestrel
2345,1019,3,Enterprise,1,direct,2026-02-08,2026-02-01,2026-07-09,2026-07-01,Demo,0,0,102700.0,,,
2346,1020,1,SMB,1,organic_search,2026-01-16,2026-01-01,2026-02-18,2026-02-01,Closed Lost,1,0,16700.0,33.0,No decision,Kestrel
2349,1021,6,Enterprise,2,email,2025-11-28,2025-11-01,2026-04-29,2026-04-01,Closed Lost,1,0,130200.0,152.0,Competitor,(none)
2350,1022,5,Mid-Market,2,paid_social,2025-03-03,2025-03-01,2025-06-08,2025-06-01,Closed Lost,1,0,69800.0,97.0,No decision,Kestrel
2351,1023,17,Mid-Market,6,organic_search,2026-01-23,2026-01-01,2026-04-05,2026-04-01,Closed Won,1,1,65700.0,72.0,,
2353,1024,20,Mid-Market,7,affiliate,2026-04-16,2026-04-01,2026-08-07,2026-08-01,Discovery,0,0,52300.0,,,
2354,1025,13,SMB,5,affiliate,2024-10-18,2024-10-01,2024-11-28,2024-11-01,Closed Lost,1,0,8200.0,41.0,No decision,Helioscope
2355,1025,13,SMB,5,affiliate,2025-09-02,2025-09-01,2025-09-16,2025-09-01,Closed Lost,1,0,10100.0,14.0,No decision,(none)
2356,1025,13,SMB,5,affiliate,2026-06-04,2026-06-01,2026-07-24,2026-07-01,Prospecting,0,0,6400.0,,,
2357,1026,13,SMB,5,display,2024-08-27,2024-08-01,2024-09-27,2024-09-01,Closed Lost,1,0,10500.0,31.0,Price,(none)
2358,1026,13,SMB,5,display,2025-05-15,2025-05-01,2025-06-01,2025-06-01,Closed Won,1,1,7900.0,17.0,,
2360,1027,10,SMB,4,paid_search,2025-12-20,2025-12-01,2026-01-30,2026-01-01,Closed Lost,1,0,6200.0,41.0,Timing,Helioscope
2363,1028,2,Mid-Market,1,email,2026-02-06,2026-02-01,2026-05-10,2026-05-01,Closed Won,1,1,45100.0,93.0,,
2365,1029,8,Mid-Market,3,email,2024-09-05,2024-09-01,2024-10-17,2024-10-01,Closed Lost,1,0,38900.0,42.0,Lost to status quo,Helioscope
2366,1029,8,Mid-Market,3,email,2025-05-14,2025-05-01,2025-08-21,2025-08-01,Closed Lost,1,0,51700.0,99.0,Lost to status quo,Kestrel
2367,1030,1,SMB,1,paid_social,2025-04-29,2025-04-01,2025-06-05,2025-06-01,Closed Lost,1,0,20200.0,37.0,Competitor,Northwind
2368,1030,1,SMB,1,paid_social,2026-01-06,2026-01-01,2026-02-20,2026-02-01,Closed Lost,1,0,9100.0,45.0,Timing,Helioscope
2369,1031,19,SMB,7,direct,2025-04-11,2025-04-01,2025-06-10,2025-06-01,Closed Lost,1,0,7500.0,60.0,Competitor,Helioscope
2370,1031,19,SMB,7,direct,2026-01-08,2026-01-01,2026-02-21,2026-02-01,Closed Lost,1,0,7500.0,44.0,Price,(none)
2371,1032,4,SMB,2,paid_search,2026-06-18,2026-06-01,2026-07-21,2026-07-01,Demo,0,0,7700.0,,,
2372,1033,17,Mid-Market,6,organic_search,2026-02-02,2026-02-01,2026-04-13,2026-04-01,Closed Lost,1,0,25000.0,70.0,Price,Helioscope
2373,1034,7,SMB,3,direct,2026-04-20,2026-04-01,2026-06-03,2026-06-01,Closed Won,1,1,22400.0,44.0,,
2375,1035,4,SMB,2,display,2024-12-30,2024-12-01,2025-02-06,2025-02-01,Closed Lost,1,0,6000.0,38.0,Timing,Northwind
2376,1036,20,Mid-Market,7,organic_search,2026-04-12,2026-04-01,2026-07-13,2026-07-01,Discovery,0,0,47100.0,,,
2378,1037,19,SMB,7,paid_search,2025-05-11,2025-05-01,2025-06-21,2025-06-01,Closed Lost,1,0,9800.0,41.0,Price,Northwind
2379,1038,13,SMB,5,paid_social,2025-02-17,2025-02-01,2025-03-31,2025-03-01,Closed Lost,1,0,15200.0,42.0,No decision,Helioscope
2380,1038,13,SMB,5,paid_social,2026-01-14,2026-01-01,2026-02-16,2026-02-01,Closed Lost,1,0,13600.0,33.0,Price,Kestrel
2383,1039,2,Mid-Market,1,direct,2025-01-20,2025-01-01,2025-03-09,2025-03-01,Closed Lost,1,0,19000.0,48.0,Price,Helioscope
2384,1040,7,SMB,3,display,2025-10-20,2025-10-01,2025-12-21,2025-12-01,Closed Lost,1,0,12700.0,62.0,Timing,Kestrel
2386,1041,10,SMB,4,affiliate,2024-10-13,2024-10-01,2024-11-16,2024-11-01,Closed Won,1,1,6800.0,34.0,,
2387,1041,10,SMB,4,affiliate,2025-10-19,2025-10-01,2025-12-10,2025-12-01,Closed Lost,1,0,7300.0,52.0,Price,(none)
2388,1042,2,Mid-Market,1,email,2026-05-16,2026-05-01,2026-08-19,2026-08-01,Negotiation,0,0,85600.0,,,
2390,1043,24,Enterprise,8,direct,2026-01-09,2026-01-01,2026-05-24,2026-05-01,Closed Won,1,1,122800.0,135.0,,
2391,1044,15,Enterprise,5,email,2024-10-23,2024-10-01,2025-03-16,2025-03-01,Closed Lost,1,0,201300.0,144.0,No decision,Kestrel
2392,1045,12,Enterprise,4,direct,2024-11-30,2024-11-01,2025-05-16,2025-05-01,Closed Lost,1,0,177900.0,167.0,Timing,Kestrel
2393,1045,12,Enterprise,4,direct,2025-05-08,2025-05-01,2025-12-27,2025-12-01,Closed Lost,1,0,126800.0,233.0,No decision,Northwind
2394,1045,12,Enterprise,4,direct,2026-03-17,2026-03-01,2026-08-06,2026-08-01,Prospecting,0,0,190300.0,,,
2396,1046,14,Mid-Market,5,email,2024-08-29,2024-08-01,2024-10-21,2024-10-01,Closed Lost,1,0,35000.0,53.0,Timing,Northwind
2397,1047,20,Mid-Market,7,display,2024-10-19,2024-10-01,2025-03-01,2025-03-01,Closed Lost,1,0,46000.0,133.0,Timing,Kestrel
2398,1048,22,SMB,8,organic_search,2025-08-24,2025-08-01,2025-09-30,2025-09-01,Closed Won,1,1,11800.0,37.0,,
2399,1048,22,SMB,8,organic_search,2026-06-01,2026-06-01,2026-07-14,2026-07-01,Prospecting,0,0,11000.0,,,
2403,1049,2,Mid-Market,1,email,2025-06-01,2025-06-01,2025-08-13,2025-08-01,Closed Won,1,1,44700.0,73.0,,
2404,1050,13,SMB,5,organic_search,2025-05-13,2025-05-01,2025-06-09,2025-06-01,Closed Won,1,1,8900.0,27.0,,
2405,1050,13,SMB,5,organic_search,2026-05-06,2026-05-01,2026-06-09,2026-06-01,Closed Lost,1,0,13900.0,34.0,Price,Northwind
2408,1051,22,SMB,8,direct,2026-02-21,2026-02-01,2026-04-02,2026-04-01,Closed Lost,1,0,8400.0,40.0,Timing,Helioscope
2409,1052,10,SMB,4,paid_search,2024-10-20,2024-10-01,2024-11-17,2024-11-01,Closed Lost,1,0,13600.0,28.0,Lost to status quo,(none)
2410,1052,10,SMB,4,paid_search,2025-11-03,2025-11-01,2025-12-01,2025-12-01,Closed Won,1,1,13300.0,28.0,,
2412,1053,7,SMB,3,affiliate,2025-11-15,2025-11-01,2026-01-04,2026-01-01,Closed Lost,1,0,22300.0,50.0,No decision,Northwind
2413,1053,7,SMB,3,affiliate,2026-06-04,2026-06-01,2026-06-27,2026-06-01,Closed Lost,1,0,7600.0,23.0,Price,Kestrel
2415,1054,1,SMB,1,direct,2026-02-12,2026-02-01,2026-03-09,2026-03-01,Closed Won,1,1,14800.0,25.0,,
2416,1055,6,Enterprise,2,direct,2026-02-02,2026-02-01,2026-08-23,2026-08-01,Proposal,0,0,242700.0,,,
2417,1056,14,Mid-Market,5,affiliate,2026-02-22,2026-02-01,2026-05-16,2026-05-01,Closed Lost,1,0,43600.0,83.0,Competitor,Helioscope
2418,1057,1,SMB,1,display,2025-11-30,2025-11-01,2026-01-13,2026-01-01,Closed Lost,1,0,9800.0,44.0,Competitor,Kestrel
2420,1058,22,SMB,8,paid_social,2025-01-02,2025-01-01,2025-02-02,2025-02-01,Closed Won,1,1,20700.0,31.0,,
2421,1058,22,SMB,8,paid_social,2025-07-15,2025-07-01,2025-08-13,2025-08-01,Closed Lost,1,0,9400.0,29.0,Lost to status quo,Northwind
2422,1058,22,SMB,8,paid_social,2026-04-23,2026-04-01,2026-05-20,2026-05-01,Closed Lost,1,0,15200.0,27.0,Timing,Kestrel
2425,1059,15,Enterprise,5,email,2025-12-04,2025-12-01,2026-04-15,2026-04-01,Closed Lost,1,0,224500.0,132.0,Lost to status quo,Helioscope
2429,1061,16,SMB,6,paid_social,2025-02-19,2025-02-01,2025-03-26,2025-03-01,Closed Lost,1,0,14300.0,35.0,Competitor,(none)
2430,1061,16,SMB,6,paid_social,2025-10-04,2025-10-01,2025-11-11,2025-11-01,Closed Lost,1,0,25700.0,38.0,Competitor,Helioscope
2439,1064,1,SMB,1,affiliate,2025-05-29,2025-05-01,2025-06-21,2025-06-01,Closed Won,1,1,9000.0,23.0,,
2440,1064,1,SMB,1,affiliate,2025-11-13,2025-11-01,2025-12-25,2025-12-01,Closed Lost,1,0,10600.0,42.0,Lost to status quo,Kestrel
2443,1065,11,Mid-Market,4,paid_social,2024-10-16,2024-10-01,2024-11-25,2024-11-01,Closed Lost,1,0,37000.0,40.0,Price,Kestrel
2444,1066,6,Enterprise,2,display,2025-09-16,2025-09-01,2025-12-08,2025-12-01,Closed Won,1,1,148900.0,83.0,,
2445,1066,6,Enterprise,2,display,2026-06-04,2026-06-01,2026-10-08,2026-10-01,Demo,0,0,413000.0,,,
2446,1067,12,Enterprise,4,direct,2025-08-29,2025-08-01,2026-01-10,2026-01-01,Closed Lost,1,0,391800.0,134.0,Timing,(none)
2447,1068,7,SMB,3,direct,2026-05-08,2026-05-01,2026-06-24,2026-06-01,Closed Lost,1,0,10800.0,47.0,Price,Helioscope
2449,1069,16,SMB,6,paid_social,2025-08-02,2025-08-01,2025-09-07,2025-09-01,Closed Won,1,1,5600.0,36.0,,
2450,1069,16,SMB,6,paid_social,2026-03-14,2026-03-01,2026-04-29,2026-04-01,Closed Lost,1,0,7100.0,46.0,No decision,Northwind
2453,1070,20,Mid-Market,7,direct,2024-09-01,2024-09-01,2024-11-25,2024-11-01,Closed Won,1,1,87000.0,85.0,,
2454,1070,20,Mid-Market,7,direct,2025-07-31,2025-07-01,2025-08-30,2025-08-01,Closed Lost,1,0,55400.0,30.0,Competitor,Northwind
2455,1071,4,SMB,2,organic_search,2026-06-26,2026-06-01,2026-07-29,2026-07-01,Proposal,0,0,9000.0,,,
2456,1072,20,Mid-Market,7,display,2026-04-09,2026-04-01,2026-06-25,2026-06-01,Closed Lost,1,0,61000.0,77.0,Timing,Northwind
2459,1073,4,SMB,2,paid_social,2025-10-31,2025-10-01,2025-11-08,2025-11-01,Closed Won,1,1,7800.0,8.0,,
2465,1075,24,Enterprise,8,paid_search,2026-06-19,2026-06-01,2026-10-30,2026-10-01,Proposal,0,0,131500.0,,,
2466,1076,7,SMB,3,organic_search,2026-01-16,2026-01-01,2026-02-13,2026-02-01,Closed Lost,1,0,11900.0,28.0,Price,Northwind
2467,1077,13,SMB,5,email,2024-10-20,2024-10-01,2024-11-11,2024-11-01,Closed Won,1,1,12400.0,22.0,,
2468,1077,13,SMB,5,email,2025-07-19,2025-07-01,2025-08-23,2025-08-01,Closed Won,1,1,9400.0,35.0,,
2469,1077,13,SMB,5,email,2026-06-16,2026-06-01,2026-06-27,2026-06-01,Closed Won,1,1,7500.0,11.0,,
2471,1078,6,Enterprise,2,affiliate,2025-07-01,2025-07-01,2025-10-17,2025-10-01,Closed Won,1,1,171200.0,108.0,,
2472,1079,4,SMB,2,direct,2025-01-12,2025-01-01,2025-02-02,2025-02-01,Closed Lost,1,0,9900.0,21.0,Timing,Helioscope
2473,1080,8,Mid-Market,3,paid_search,2026-05-18,2026-05-01,2026-08-21,2026-08-01,Negotiation,0,0,29400.0,,,
2474,1081,16,SMB,6,display,2025-10-11,2025-10-01,2025-11-15,2025-11-01,Closed Lost,1,0,10700.0,35.0,Timing,Helioscope
2476,1082,4,SMB,2,direct,2026-01-11,2026-01-01,2026-02-08,2026-02-01,Closed Lost,1,0,17400.0,28.0,Timing,Northwind
2478,1083,14,Mid-Market,5,affiliate,2024-10-29,2024-10-01,2025-02-06,2025-02-01,Closed Lost,1,0,51700.0,100.0,Lost to status quo,Northwind
2479,1084,22,SMB,8,affiliate,2025-09-30,2025-09-01,2025-10-23,2025-10-01,Closed Lost,1,0,28200.0,23.0,Timing,Kestrel
2480,1084,22,SMB,8,affiliate,2026-04-07,2026-04-01,2026-05-17,2026-05-01,Closed Won,1,1,5700.0,40.0,,
2482,1085,23,Mid-Market,8,paid_search,2026-06-25,2026-06-01,2026-08-24,2026-08-01,Prospecting,0,0,30300.0,,,
2484,1086,18,Enterprise,6,affiliate,2024-12-28,2024-12-01,2025-06-21,2025-06-01,Closed Lost,1,0,276200.0,175.0,Timing,Helioscope
2485,1086,18,Enterprise,6,affiliate,2025-08-21,2025-08-01,2025-12-09,2025-12-01,Closed Lost,1,0,210200.0,110.0,Competitor,Helioscope
2488,1088,10,SMB,4,affiliate,2025-04-15,2025-04-01,2025-05-24,2025-05-01,Closed Won,1,1,23600.0,39.0,,
2489,1088,10,SMB,4,affiliate,2026-01-17,2026-01-01,2026-02-12,2026-02-01,Closed Lost,1,0,8400.0,26.0,Lost to status quo,(none)
2491,1089,20,Mid-Market,7,paid_social,2026-05-17,2026-05-01,2026-08-13,2026-08-01,Discovery,0,0,37500.0,,,
2493,1090,22,SMB,8,organic_search,2025-01-12,2025-01-01,2025-02-11,2025-02-01,Closed Lost,1,0,12300.0,30.0,Competitor,Northwind
2494,1090,22,SMB,8,organic_search,2025-08-12,2025-08-01,2025-08-31,2025-08-01,Closed Lost,1,0,6800.0,19.0,No decision,Kestrel
2495,1091,12,Enterprise,4,email,2025-02-26,2025-02-01,2025-06-20,2025-06-01,Closed Lost,1,0,122200.0,114.0,Price,Northwind
2496,1092,1,SMB,1,email,2024-09-21,2024-09-01,2024-10-17,2024-10-01,Closed Lost,1,0,16500.0,26.0,Lost to status quo,Northwind
2497,1093,21,Enterprise,7,affiliate,2024-11-23,2024-11-01,2025-04-01,2025-04-01,Closed Lost,1,0,273600.0,129.0,No decision,Helioscope
2498,1093,21,Enterprise,7,affiliate,2025-07-30,2025-07-01,2025-11-01,2025-11-01,Closed Lost,1,0,147900.0,94.0,Price,Northwind
2499,1094,4,SMB,2,organic_search,2025-10-02,2025-10-01,2025-11-12,2025-11-01,Closed Lost,1,0,22200.0,41.0,Price,Northwind
2500,1095,7,SMB,3,organic_search,2026-04-13,2026-04-01,2026-05-09,2026-05-01,Closed Won,1,1,9200.0,26.0,,
2504,1096,2,Mid-Market,1,paid_search,2024-08-03,2024-08-01,2024-09-03,2024-09-01,Closed Lost,1,0,33300.0,31.0,Competitor,Kestrel
2505,1096,2,Mid-Market,1,paid_search,2025-09-21,2025-09-01,2025-11-12,2025-11-01,Closed Won,1,1,57000.0,52.0,,
2506,1096,2,Mid-Market,1,paid_search,2026-03-30,2026-03-01,2026-06-15,2026-06-01,Closed Lost,1,0,37700.0,77.0,Timing,Helioscope
2507,1097,17,Mid-Market,6,display,2025-01-26,2025-01-01,2025-03-13,2025-03-01,Closed Lost,1,0,48700.0,46.0,Timing,Northwind
2508,1097,17,Mid-Market,6,display,2025-10-21,2025-10-01,2026-01-14,2026-01-01,Closed Won,1,1,38200.0,85.0,,
2510,1098,10,SMB,4,email,2026-01-17,2026-01-01,2026-02-25,2026-02-01,Closed Won,1,1,6500.0,39.0,,
2511,1099,7,SMB,3,email,2026-02-28,2026-02-01,2026-04-17,2026-04-01,Closed Won,1,1,10600.0,48.0,,
2516,1103,23,Mid-Market,8,display,2024-10-03,2024-10-01,2025-01-26,2025-01-01,Closed Lost,1,0,25800.0,115.0,Price,Northwind
2517,1104,16,SMB,6,organic_search,2026-06-01,2026-06-01,2026-07-12,2026-07-01,Proposal,0,0,24000.0,,,
2522,1105,17,Mid-Market,6,email,2026-02-11,2026-02-01,2026-04-28,2026-04-01,Closed Won,1,1,44500.0,76.0,,
2525,1106,4,SMB,2,organic_search,2025-09-19,2025-09-01,2025-10-12,2025-10-01,Closed Lost,1,0,17100.0,23.0,Competitor,Kestrel
2530,1107,10,SMB,4,affiliate,2025-08-14,2025-08-01,2025-09-09,2025-09-01,Closed Won,1,1,9900.0,26.0,,
2533,1108,18,Enterprise,6,paid_search,2025-11-06,2025-11-01,2026-03-22,2026-03-01,Closed Lost,1,0,169900.0,136.0,Lost to status quo,Helioscope
2534,1108,18,Enterprise,6,paid_search,2026-06-10,2026-06-01,2026-11-09,2026-11-01,Negotiation,0,0,171700.0,,,
2535,1109,2,Mid-Market,1,email,2026-06-16,2026-06-01,2026-07-28,2026-07-01,Demo,0,0,23500.0,,,
2537,1111,23,Mid-Market,8,organic_search,2026-05-18,2026-05-01,2026-07-23,2026-07-01,Demo,0,0,26300.0,,,
2538,1112,17,Mid-Market,6,email,2026-06-20,2026-06-01,2026-08-14,2026-08-01,Prospecting,0,0,66500.0,,,
2539,1113,16,SMB,6,organic_search,2025-07-20,2025-07-01,2025-08-20,2025-08-01,Closed Lost,1,0,11300.0,31.0,Competitor,Helioscope
2540,1113,16,SMB,6,organic_search,2026-05-18,2026-05-01,2026-07-06,2026-07-01,Prospecting,0,0,9800.0,,,
2541,1114,22,SMB,8,paid_search,2025-09-08,2025-09-01,2025-10-12,2025-10-01,Closed Lost,1,0,18300.0,34.0,Price,Northwind
2542,1114,22,SMB,8,paid_search,2026-06-26,2026-06-01,2026-07-18,2026-07-01,Proposal,0,0,18600.0,,,
2548,1115,4,SMB,2,display,2025-12-15,2025-12-01,2026-01-23,2026-01-01,Closed Lost,1,0,14000.0,39.0,Price,Kestrel
2549,1116,14,Mid-Market,5,email,2025-12-08,2025-12-01,2026-02-14,2026-02-01,Closed Lost,1,0,30000.0,68.0,Price,(none)
2550,1117,11,Mid-Market,4,organic_search,2025-11-21,2025-11-01,2026-03-22,2026-03-01,Closed Lost,1,0,35000.0,121.0,Competitor,Helioscope
2551,1118,8,Mid-Market,3,email,2026-06-11,2026-06-01,2026-09-30,2026-09-01,Proposal,0,0,30500.0,,,
2556,1119,8,Mid-Market,3,paid_social,2026-05-21,2026-05-01,2026-08-15,2026-08-01,Prospecting,0,0,45200.0,,,
2557,1120,22,SMB,8,organic_search,2026-04-24,2026-04-01,2026-05-25,2026-05-01,Closed Won,1,1,12200.0,31.0,,
2560,1121,20,Mid-Market,7,organic_search,2025-12-31,2025-12-01,2026-02-15,2026-02-01,Closed Won,1,1,14500.0,46.0,,
2561,1122,13,SMB,5,display,2025-11-12,2025-11-01,2025-12-14,2025-12-01,Closed Lost,1,0,23200.0,32.0,No decision,Helioscope
2568,1124,10,SMB,4,paid_social,2025-08-12,2025-08-01,2025-09-08,2025-09-01,Closed Won,1,1,8700.0,27.0,,
2569,1125,13,SMB,5,email,2026-02-17,2026-02-01,2026-04-04,2026-04-01,Closed Won,1,1,19500.0,46.0,,
2573,1126,11,Mid-Market,4,email,2026-05-15,2026-05-01,2026-07-27,2026-07-01,Negotiation,0,0,29800.0,,,
2574,1127,4,SMB,2,email,2026-06-11,2026-06-01,2026-07-03,2026-07-01,Discovery,0,0,11400.0,,,
2577,1128,14,Mid-Market,5,direct,2026-06-01,2026-06-01,2026-07-20,2026-07-01,Proposal,0,0,45900.0,,,
2579,1130,19,SMB,7,paid_search,2025-01-13,2025-01-01,2025-02-24,2025-02-01,Closed Lost,1,0,15500.0,42.0,Lost to status quo,Helioscope
2580,1130,19,SMB,7,paid_search,2025-10-12,2025-10-01,2025-11-09,2025-11-01,Closed Lost,1,0,12500.0,28.0,Timing,Helioscope
2581,1130,19,SMB,7,paid_search,2026-04-14,2026-04-01,2026-05-07,2026-05-01,Closed Won,1,1,11100.0,23.0,,
2584,1131,22,SMB,8,email,2025-01-05,2025-01-01,2025-01-26,2025-01-01,Closed Lost,1,0,10500.0,21.0,Lost to status quo,Kestrel
2585,1131,22,SMB,8,email,2025-09-03,2025-09-01,2025-10-18,2025-10-01,Closed Lost,1,0,10900.0,45.0,Competitor,Northwind
2586,1132,2,Mid-Market,1,organic_search,2024-11-11,2024-11-01,2024-12-27,2024-12-01,Closed Lost,1,0,83300.0,46.0,Lost to status quo,Helioscope
2587,1132,2,Mid-Market,1,organic_search,2025-06-10,2025-06-01,2025-08-11,2025-08-01,Closed Lost,1,0,60300.0,62.0,Timing,Kestrel
2588,1133,5,Mid-Market,2,email,2026-06-17,2026-06-01,2026-08-12,2026-08-01,Discovery,0,0,61200.0,,,
2590,1134,10,SMB,4,affiliate,2025-04-28,2025-04-01,2025-06-16,2025-06-01,Closed Lost,1,0,10300.0,49.0,Lost to status quo,Kestrel
2591,1135,15,Enterprise,5,direct,2024-12-12,2024-12-01,2025-07-12,2025-07-01,Closed Lost,1,0,84900.0,212.0,Competitor,Northwind
2592,1136,16,SMB,6,organic_search,2026-06-14,2026-06-01,2026-07-29,2026-07-01,Demo,0,0,11900.0,,,
2594,1137,22,SMB,8,paid_search,2026-03-01,2026-03-01,2026-04-02,2026-04-01,Closed Lost,1,0,10300.0,32.0,Competitor,(none)
2597,1138,3,Enterprise,1,paid_social,2025-10-31,2025-10-01,2026-05-06,2026-05-01,Closed Lost,1,0,204900.0,187.0,Price,(none)
2599,1139,21,Enterprise,7,direct,2025-01-19,2025-01-01,2025-06-12,2025-06-01,Closed Lost,1,0,141100.0,144.0,Price,Northwind
2600,1139,21,Enterprise,7,direct,2025-10-21,2025-10-01,2026-02-11,2026-02-01,Closed Lost,1,0,90500.0,113.0,Competitor,Northwind
2601,1140,11,Mid-Market,4,email,2026-03-27,2026-03-01,2026-07-08,2026-07-01,Proposal,0,0,57900.0,,,
2602,1141,6,Enterprise,2,paid_social,2024-11-03,2024-11-01,2025-01-07,2025-01-01,Closed Lost,1,0,160200.0,65.0,Price,Helioscope
2603,1142,7,SMB,3,affiliate,2025-01-16,2025-01-01,2025-02-05,2025-02-01,Closed Lost,1,0,8900.0,20.0,Competitor,Kestrel
2604,1142,7,SMB,3,affiliate,2026-01-29,2026-01-01,2026-03-06,2026-03-01,Closed Won,1,1,10400.0,36.0,,
2609,1144,4,SMB,2,organic_search,2024-10-30,2024-10-01,2024-11-17,2024-11-01,Closed Lost,1,0,10000.0,18.0,Timing,Kestrel
2610,1144,4,SMB,2,organic_search,2025-07-16,2025-07-01,2025-08-27,2025-08-01,Closed Lost,1,0,8000.0,42.0,Price,Northwind
2611,1145,7,SMB,3,display,2025-09-05,2025-09-01,2025-10-18,2025-10-01,Closed Lost,1,0,8900.0,43.0,Lost to status quo,Helioscope
2612,1146,14,Mid-Market,5,paid_social,2026-04-06,2026-04-01,2026-07-18,2026-07-01,Discovery,0,0,80900.0,,,
2613,1147,2,Mid-Market,1,organic_search,2026-04-09,2026-04-01,2026-07-07,2026-07-01,Prospecting,0,0,32400.0,,,
2614,1148,13,SMB,5,direct,2025-01-01,2025-01-01,2025-01-22,2025-01-01,Closed Lost,1,0,13000.0,21.0,No decision,Helioscope
2615,1149,22,SMB,8,paid_search,2026-03-14,2026-03-01,2026-04-13,2026-04-01,Closed Lost,1,0,8600.0,30.0,Lost to status quo,(none)
2616,1150,22,SMB,8,organic_search,2025-07-01,2025-07-01,2025-07-25,2025-07-01,Closed Lost,1,0,12900.0,24.0,No decision,Northwind
2617,1151,23,Mid-Market,8,paid_search,2024-12-30,2024-12-01,2025-03-11,2025-03-01,Closed Lost,1,0,56100.0,71.0,Timing,(none)
2618,1152,16,SMB,6,organic_search,2025-03-01,2025-03-01,2025-04-10,2025-04-01,Closed Lost,1,0,11600.0,40.0,Competitor,(none)
2619,1152,16,SMB,6,organic_search,2025-11-10,2025-11-01,2025-12-22,2025-12-01,Closed Won,1,1,6900.0,42.0,,
2623,1153,12,Enterprise,4,direct,2025-03-17,2025-03-01,2025-04-22,2025-04-01,Closed Lost,1,0,280400.0,36.0,No decision,(none)
2624,1153,12,Enterprise,4,direct,2026-02-27,2026-02-01,2026-06-29,2026-06-01,Closed Lost,1,0,209700.0,122.0,Price,Helioscope
2625,1154,10,SMB,4,paid_social,2026-06-12,2026-06-01,2026-07-20,2026-07-01,Discovery,0,0,15600.0,,,
2630,1155,19,SMB,7,organic_search,2026-06-15,2026-06-01,2026-07-18,2026-07-01,Demo,0,0,7900.0,,,
2633,1156,1,SMB,1,paid_search,2025-05-08,2025-05-01,2025-05-24,2025-05-01,Closed Won,1,1,8400.0,16.0,,
2634,1157,7,SMB,3,email,2026-03-17,2026-03-01,2026-04-29,2026-04-01,Closed Lost,1,0,13600.0,43.0,No decision,(none)
2635,1158,20,Mid-Market,7,display,2024-11-10,2024-11-01,2025-01-26,2025-01-01,Closed Lost,1,0,35900.0,77.0,Lost to status quo,(none)
2636,1158,20,Mid-Market,7,display,2025-08-28,2025-08-01,2025-09-27,2025-09-01,Closed Lost,1,0,48400.0,30.0,No decision,Northwind
2637,1159,22,SMB,8,direct,2024-11-05,2024-11-01,2024-12-06,2024-12-01,Closed Lost,1,0,9700.0,31.0,Price,Northwind
2638,1159,22,SMB,8,direct,2025-09-25,2025-09-01,2025-10-20,2025-10-01,Closed Lost,1,0,5900.0,25.0,Lost to status quo,Kestrel
2639,1160,5,Mid-Market,2,display,2025-03-08,2025-03-01,2025-06-04,2025-06-01,Closed Lost,1,0,61100.0,88.0,Timing,(none)
2640,1160,5,Mid-Market,2,display,2025-12-31,2025-12-01,2026-04-25,2026-04-01,Closed Lost,1,0,82500.0,115.0,Competitor,Northwind
2642,1162,13,SMB,5,organic_search,2025-03-24,2025-03-01,2025-04-28,2025-04-01,Closed Lost,1,0,8600.0,35.0,Competitor,Northwind
2643,1162,13,SMB,5,organic_search,2025-09-27,2025-09-01,2025-10-23,2025-10-01,Closed Lost,1,0,11700.0,26.0,No decision,Kestrel
2646,1163,8,Mid-Market,3,direct,2024-11-23,2024-11-01,2025-01-31,2025-01-01,Closed Lost,1,0,27700.0,69.0,Lost to status quo,Kestrel
2647,1164,22,SMB,8,email,2025-02-11,2025-02-01,2025-03-13,2025-03-01,Closed Lost,1,0,5700.0,30.0,Price,Helioscope
2648,1165,22,SMB,8,paid_search,2024-09-17,2024-09-01,2024-10-02,2024-10-01,Closed Won,1,1,4000.0,15.0,,
2649,1165,22,SMB,8,paid_search,2025-07-01,2025-07-01,2025-08-11,2025-08-01,Closed Lost,1,0,16900.0,41.0,No decision,Northwind
2651,1166,10,SMB,4,direct,2024-08-31,2024-08-01,2024-10-01,2024-10-01,Closed Lost,1,0,8500.0,31.0,Price,Kestrel
2652,1167,8,Mid-Market,3,display,2026-06-30,2026-06-01,2026-08-07,2026-08-01,Demo,0,0,26000.0,,,
2654,1168,8,Mid-Market,3,email,2025-04-30,2025-04-01,2025-07-20,2025-07-01,Closed Lost,1,0,46000.0,81.0,Lost to status quo,Northwind
2655,1169,14,Mid-Market,5,display,2026-01-29,2026-01-01,2026-06-14,2026-06-01,Closed Lost,1,0,70200.0,136.0,Competitor,(none)
2657,1170,2,Mid-Market,1,display,2025-10-07,2025-10-01,2025-11-21,2025-11-01,Closed Lost,1,0,63300.0,45.0,Lost to status quo,Kestrel
2658,1171,16,SMB,6,organic_search,2026-01-04,2026-01-01,2026-02-11,2026-02-01,Closed Won,1,1,9900.0,38.0,,
2659,1172,24,Enterprise,8,paid_social,2026-03-11,2026-03-01,2026-10-03,2026-10-01,Proposal,0,0,116400.0,,,
2660,1173,24,Enterprise,8,paid_social,2025-12-08,2025-12-01,2026-06-07,2026-06-01,Closed Lost,1,0,95100.0,181.0,Timing,Northwind
2661,1174,18,Enterprise,6,affiliate,2026-06-21,2026-06-01,2026-12-03,2026-12-01,Discovery,0,0,125500.0,,,
2662,1175,20,Mid-Market,7,display,2026-04-01,2026-04-01,2026-07-04,2026-07-01,Prospecting,0,0,38700.0,,,
2664,1176,16,SMB,6,direct,2026-03-11,2026-03-01,2026-04-19,2026-04-01,Closed Lost,1,0,14500.0,39.0,Competitor,(none)
2669,1177,4,SMB,2,paid_search,2025-08-14,2025-08-01,2025-09-23,2025-09-01,Closed Won,1,1,7600.0,40.0,,
2670,1177,4,SMB,2,paid_search,2026-04-14,2026-04-01,2026-05-18,2026-05-01,Closed Lost,1,0,11900.0,34.0,Price,Helioscope
2671,1178,1,SMB,1,email,2025-12-15,2025-12-01,2026-01-25,2026-01-01,Closed Lost,1,0,8400.0,41.0,No decision,(none)
2672,1179,22,SMB,8,email,2025-11-13,2025-11-01,2025-12-07,2025-12-01,Closed Lost,1,0,7700.0,24.0,No decision,(none)
2674,1180,12,Enterprise,4,paid_social,2025-09-02,2025-09-01,2026-01-11,2026-01-01,Closed Lost,1,0,147800.0,131.0,Timing,Northwind
2675,1181,3,Enterprise,1,affiliate,2025-06-25,2025-06-01,2025-10-05,2025-10-01,Closed Won,1,1,184100.0,102.0,,
2676,1182,10,SMB,4,organic_search,2025-08-28,2025-08-01,2025-10-09,2025-10-01,Closed Lost,1,0,10800.0,42.0,Price,Northwind
2677,1182,10,SMB,4,organic_search,2026-05-25,2026-05-01,2026-07-02,2026-07-01,Demo,0,0,4800.0,,,
2681,1183,22,SMB,8,organic_search,2026-06-30,2026-06-01,2026-07-30,2026-07-01,Negotiation,0,0,9400.0,,,
2683,1185,20,Mid-Market,7,affiliate,2024-11-28,2024-11-01,2025-02-05,2025-02-01,Closed Lost,1,0,43000.0,69.0,Price,Northwind
2684,1185,20,Mid-Market,7,affiliate,2025-10-02,2025-10-01,2025-12-01,2025-12-01,Closed Lost,1,0,43600.0,60.0,Lost to status quo,(none)
2685,1186,4,SMB,2,paid_social,2026-03-26,2026-03-01,2026-05-12,2026-05-01,Closed Lost,1,0,4800.0,47.0,Timing,Helioscope
2690,1187,8,Mid-Market,3,display,2026-06-25,2026-06-01,2026-10-09,2026-10-01,Negotiation,0,0,31000.0,,,
2691,1188,10,SMB,4,display,2025-09-01,2025-09-01,2025-09-18,2025-09-01,Closed Won,1,1,10300.0,17.0,,
2692,1188,10,SMB,4,display,2026-05-26,2026-05-01,2026-06-27,2026-06-01,Closed Lost,1,0,9100.0,32.0,Timing,Kestrel
2696,1189,1,SMB,1,email,2025-09-22,2025-09-01,2025-10-25,2025-10-01,Closed Lost,1,0,8300.0,33.0,No decision,Kestrel
2697,1190,20,Mid-Market,7,affiliate,2024-12-23,2024-12-01,2025-03-15,2025-03-01,Closed Lost,1,0,25800.0,82.0,Lost to status quo,Northwind
2698,1190,20,Mid-Market,7,affiliate,2025-08-05,2025-08-01,2025-09-08,2025-09-01,Closed Lost,1,0,63600.0,34.0,Competitor,Helioscope
2699,1190,20,Mid-Market,7,affiliate,2026-02-26,2026-02-01,2026-06-03,2026-06-01,Closed Lost,1,0,41600.0,97.0,Competitor,(none)
2701,1191,11,Mid-Market,4,paid_search,2025-08-29,2025-08-01,2025-10-13,2025-10-01,Closed Lost,1,0,38000.0,45.0,Timing,Northwind
2702,1192,20,Mid-Market,7,paid_social,2025-01-09,2025-01-01,2025-02-28,2025-02-01,Closed Lost,1,0,35400.0,50.0,No decision,Helioscope
2703,1193,15,Enterprise,5,affiliate,2025-02-11,2025-02-01,2025-06-19,2025-06-01,Closed Lost,1,0,190300.0,128.0,Competitor,Kestrel
2704,1194,13,SMB,5,affiliate,2025-12-12,2025-12-01,2026-01-28,2026-01-01,Closed Lost,1,0,12400.0,47.0,Timing,Northwind
2706,1195,8,Mid-Market,3,paid_social,2026-05-13,2026-05-01,2026-06-21,2026-06-01,Closed Lost,1,0,31800.0,39.0,Competitor,Helioscope
2709,1196,22,SMB,8,direct,2025-06-14,2025-06-01,2025-07-07,2025-07-01,Closed Won,1,1,10100.0,23.0,,
2710,1196,22,SMB,8,direct,2026-02-21,2026-02-01,2026-03-21,2026-03-01,Closed Lost,1,0,9100.0,28.0,Timing,Kestrel
2711,1197,11,Mid-Market,4,direct,2025-08-30,2025-08-01,2025-11-27,2025-11-01,Closed Lost,1,0,49900.0,89.0,Competitor,(none)
2713,1198,10,SMB,4,display,2025-08-28,2025-08-01,2025-09-26,2025-09-01,Closed Won,1,1,8700.0,29.0,,
2714,1199,19,SMB,7,paid_search,2024-12-10,2024-12-01,2025-01-11,2025-01-01,Closed Won,1,1,6900.0,32.0,,
2715,1200,7,SMB,3,display,2024-10-13,2024-10-01,2024-11-14,2024-11-01,Closed Lost,1,0,19600.0,32.0,Lost to status quo,Helioscope
2716,1201,24,Enterprise,8,display,2025-12-13,2025-12-01,2026-02-03,2026-02-01,Closed Won,1,1,281600.0,52.0,,
2719,1202,5,Mid-Market,2,direct,2025-12-09,2025-12-01,2026-02-19,2026-02-01,Closed Won,1,1,22300.0,72.0,,
2722,1203,6,Enterprise,2,email,2026-02-15,2026-02-01,2026-08-22,2026-08-01,Prospecting,0,0,182100.0,,,
2724,1204,2,Mid-Market,1,paid_social,2025-02-23,2025-02-01,2025-05-18,2025-05-01,Closed Lost,1,0,45100.0,84.0,Price,Helioscope
2725,1204,2,Mid-Market,1,paid_social,2025-12-18,2025-12-01,2026-04-11,2026-04-01,Closed Lost,1,0,26300.0,114.0,Timing,Helioscope
2726,1205,11,Mid-Market,4,direct,2025-04-13,2025-04-01,2025-06-23,2025-06-01,Closed Lost,1,0,47200.0,71.0,No decision,Kestrel
2727,1205,11,Mid-Market,4,direct,2026-01-07,2026-01-01,2026-03-14,2026-03-01,Closed Lost,1,0,25900.0,66.0,No decision,Helioscope
2729,1206,22,SMB,8,direct,2025-07-17,2025-07-01,2025-08-28,2025-08-01,Closed Won,1,1,10200.0,42.0,,
2730,1206,22,SMB,8,direct,2026-02-23,2026-02-01,2026-04-07,2026-04-01,Closed Lost,1,0,8000.0,43.0,No decision,(none)
2732,1207,20,Mid-Market,7,organic_search,2024-11-17,2024-11-01,2025-01-23,2025-01-01,Closed Lost,1,0,43500.0,67.0,Competitor,Northwind
2733,1208,11,Mid-Market,4,direct,2025-07-29,2025-07-01,2025-09-30,2025-09-01,Closed Lost,1,0,56100.0,63.0,Competitor,Kestrel
2734,1208,11,Mid-Market,4,direct,2026-03-25,2026-03-01,2026-06-06,2026-06-01,Closed Lost,1,0,28800.0,73.0,Competitor,Northwind
2735,1209,23,Mid-Market,8,affiliate,2026-04-16,2026-04-01,2026-07-07,2026-07-01,Prospecting,0,0,81000.0,,,
2736,1210,16,SMB,6,paid_social,2025-11-04,2025-11-01,2025-12-07,2025-12-01,Closed Lost,1,0,14100.0,33.0,Competitor,Kestrel
2737,1211,7,SMB,3,direct,2025-04-14,2025-04-01,2025-05-28,2025-05-01,Closed Lost,1,0,5900.0,44.0,Lost to status quo,Kestrel
2738,1211,7,SMB,3,direct,2026-01-13,2026-01-01,2026-02-03,2026-02-01,Closed Lost,1,0,14100.0,21.0,Competitor,Kestrel
2742,1212,1,SMB,1,paid_search,2025-10-07,2025-10-01,2025-11-08,2025-11-01,Closed Lost,1,0,4500.0,32.0,Timing,(none)
2743,1212,1,SMB,1,paid_search,2026-06-04,2026-06-01,2026-07-11,2026-07-01,Demo,0,0,14100.0,,,
2747,1213,15,Enterprise,5,display,2026-02-11,2026-02-01,2026-06-19,2026-06-01,Closed Lost,1,0,153900.0,128.0,Competitor,(none)
2748,1214,11,Mid-Market,4,affiliate,2025-11-10,2025-11-01,2026-01-23,2026-01-01,Closed Lost,1,0,26600.0,74.0,Lost to status quo,(none)
2749,1215,8,Mid-Market,3,organic_search,2024-12-29,2024-12-01,2025-03-30,2025-03-01,Closed Won,1,1,18200.0,91.0,,
2750,1216,13,SMB,5,direct,2025-07-31,2025-07-01,2025-09-11,2025-09-01,Closed Won,1,1,24800.0,42.0,,
2751,1216,13,SMB,5,direct,2026-05-26,2026-05-01,2026-06-25,2026-06-01,Closed Lost,1,0,4600.0,30.0,Lost to status quo,Kestrel
2752,1217,18,Enterprise,6,affiliate,2026-04-04,2026-04-01,2026-10-09,2026-10-01,Demo,0,0,284500.0,,,
2755,1218,10,SMB,4,display,2025-11-25,2025-11-01,2025-12-30,2025-12-01,Closed Won,1,1,19200.0,35.0,,
2756,1219,22,SMB,8,email,2025-05-05,2025-05-01,2025-06-03,2025-06-01,Closed Won,1,1,24500.0,29.0,,
2757,1219,22,SMB,8,email,2026-01-18,2026-01-01,2026-02-22,2026-02-01,Closed Lost,1,0,9900.0,35.0,Competitor,Northwind
2759,1220,21,Enterprise,7,email,2026-04-15,2026-04-01,2026-07-30,2026-07-01,Negotiation,0,0,181600.0,,,
2760,1221,7,SMB,3,email,2026-06-17,2026-06-01,2026-08-13,2026-08-01,Negotiation,0,0,16400.0,,,
2764,1222,4,SMB,2,paid_social,2024-11-05,2024-11-01,2024-12-07,2024-12-01,Closed Lost,1,0,4900.0,32.0,Lost to status quo,Northwind
2765,1222,4,SMB,2,paid_social,2025-09-20,2025-09-01,2025-10-28,2025-10-01,Closed Lost,1,0,15800.0,38.0,Price,Kestrel
2766,1223,17,Mid-Market,6,affiliate,2026-05-13,2026-05-01,2026-07-31,2026-07-01,Prospecting,0,0,30500.0,,,
2767,1224,4,SMB,2,paid_social,2025-12-13,2025-12-01,2026-01-25,2026-01-01,Closed Lost,1,0,13600.0,43.0,No decision,Northwind
2770,1226,10,SMB,4,affiliate,2025-10-09,2025-10-01,2025-11-06,2025-11-01,Closed Lost,1,0,22300.0,28.0,Price,Northwind
2773,1227,16,SMB,6,paid_search,2026-06-14,2026-06-01,2026-07-15,2026-07-01,Prospecting,0,0,8100.0,,,
2775,1228,22,SMB,8,direct,2024-09-28,2024-09-01,2024-11-01,2024-11-01,Closed Won,1,1,4600.0,34.0,,
2776,1228,22,SMB,8,direct,2025-05-19,2025-05-01,2025-06-28,2025-06-01,Closed Lost,1,0,6900.0,40.0,No decision,Northwind
2777,1229,9,Enterprise,3,paid_social,2025-05-02,2025-05-01,2025-08-22,2025-08-01,Closed Lost,1,0,271000.0,112.0,Price,Northwind
2778,1230,16,SMB,6,paid_search,2025-03-31,2025-03-01,2025-05-17,2025-05-01,Closed Lost,1,0,8000.0,47.0,Lost to status quo,Kestrel
2780,1232,5,Mid-Market,2,email,2026-02-22,2026-02-01,2026-03-21,2026-03-01,Closed Lost,1,0,44700.0,27.0,No decision,Northwind
2782,1233,10,SMB,4,affiliate,2025-12-05,2025-12-01,2025-12-30,2025-12-01,Closed Won,1,1,4400.0,25.0,,
2783,1234,7,SMB,3,direct,2026-02-20,2026-02-01,2026-04-06,2026-04-01,Closed Lost,1,0,8900.0,45.0,Timing,Northwind
2785,1235,22,SMB,8,display,2025-10-25,2025-10-01,2025-11-22,2025-11-01,Closed Won,1,1,11800.0,28.0,,
2786,1236,10,SMB,4,email,2024-12-08,2024-12-01,2025-01-25,2025-01-01,Closed Won,1,1,11000.0,48.0,,
2787,1237,9,Enterprise,3,paid_social,2025-12-16,2025-12-01,2026-05-17,2026-05-01,Closed Lost,1,0,226700.0,152.0,Lost to status quo,Kestrel
2788,1238,24,Enterprise,8,organic_search,2025-09-15,2025-09-01,2025-11-25,2025-11-01,Closed Won,1,1,350000.0,71.0,,
2789,1239,6,Enterprise,2,paid_search,2025-02-16,2025-02-01,2025-06-23,2025-06-01,Closed Lost,1,0,93800.0,127.0,Lost to status quo,Helioscope
2790,1240,2,Mid-Market,1,paid_social,2025-10-13,2025-10-01,2026-01-18,2026-01-01,Closed Lost,1,0,74400.0,97.0,Price,Helioscope
2791,1241,22,SMB,8,paid_search,2024-08-02,2024-08-01,2024-09-25,2024-09-01,Closed Lost,1,0,6500.0,54.0,Timing,Northwind
2792,1241,22,SMB,8,paid_search,2025-05-21,2025-05-01,2025-06-26,2025-06-01,Closed Won,1,1,14200.0,36.0,,
2793,1241,22,SMB,8,paid_search,2025-11-27,2025-11-01,2025-12-24,2025-12-01,Closed Lost,1,0,8000.0,27.0,No decision,(none)
2794,1241,22,SMB,8,paid_search,2026-06-26,2026-06-01,2026-07-27,2026-07-01,Negotiation,0,0,14100.0,,,
2796,1242,5,Mid-Market,2,display,2025-06-09,2025-06-01,2025-07-09,2025-07-01,Closed Lost,1,0,35600.0,30.0,Timing,(none)
2797,1242,5,Mid-Market,2,display,2026-02-08,2026-02-01,2026-04-26,2026-04-01,Closed Lost,1,0,90200.0,77.0,Lost to status quo,Kestrel
2801,1244,4,SMB,2,paid_search,2025-10-05,2025-10-01,2025-11-17,2025-11-01,Closed Won,1,1,6000.0,43.0,,
2803,1245,19,SMB,7,paid_social,2025-11-14,2025-11-01,2025-12-23,2025-12-01,Closed Won,1,1,17200.0,39.0,,
2804,1246,16,SMB,6,email,2025-09-28,2025-09-01,2025-10-27,2025-10-01,Closed Lost,1,0,12100.0,29.0,Timing,Northwind
2805,1246,16,SMB,6,email,2026-05-28,2026-05-01,2026-06-28,2026-06-01,Closed Lost,1,0,13800.0,31.0,Timing,Helioscope
2808,1247,1,SMB,1,display,2026-05-28,2026-05-01,2026-07-18,2026-07-01,Prospecting,0,0,5700.0,,,
2811,1248,16,SMB,6,paid_search,2026-06-15,2026-06-01,2026-07-14,2026-07-01,Negotiation,0,0,9500.0,,,
2813,1249,17,Mid-Market,6,paid_social,2026-02-09,2026-02-01,2026-04-26,2026-04-01,Closed Lost,1,0,64900.0,76.0,Price,Northwind
2814,1250,2,Mid-Market,1,email,2026-02-17,2026-02-01,2026-05-11,2026-05-01,Closed Lost,1,0,48500.0,83.0,Competitor,Kestrel
2816,1251,3,Enterprise,1,display,2025-10-31,2025-10-01,2026-04-15,2026-04-01,Closed Lost,1,0,329700.0,166.0,Lost to status quo,Helioscope
2817,1252,24,Enterprise,8,affiliate,2026-04-29,2026-04-01,2026-11-12,2026-11-01,Prospecting,0,0,101600.0,,,
2818,1253,20,Mid-Market,7,direct,2025-02-18,2025-02-01,2025-05-04,2025-05-01,Closed Won,1,1,40800.0,75.0,,
2819,1254,4,SMB,2,direct,2024-10-21,2024-10-01,2024-12-03,2024-12-01,Closed Lost,1,0,5300.0,43.0,Timing,(none)
2820,1254,4,SMB,2,direct,2025-07-20,2025-07-01,2025-08-07,2025-08-01,Closed Lost,1,0,12000.0,18.0,Price,(none)
2824,1256,10,SMB,4,paid_search,2026-03-03,2026-03-01,2026-04-05,2026-04-01,Closed Lost,1,0,11800.0,33.0,No decision,Helioscope
2826,1257,1,SMB,1,affiliate,2025-12-10,2025-12-01,2026-01-11,2026-01-01,Closed Lost,1,0,8100.0,32.0,Lost to status quo,Northwind
2832,1258,23,Mid-Market,8,affiliate,2025-05-05,2025-05-01,2025-08-02,2025-08-01,Closed Lost,1,0,31600.0,89.0,No decision,Helioscope
2833,1259,20,Mid-Market,7,affiliate,2026-06-10,2026-06-01,2026-09-09,2026-09-01,Proposal,0,0,33100.0,,,
2835,1260,11,Mid-Market,4,direct,2024-09-06,2024-09-01,2024-11-14,2024-11-01,Closed Lost,1,0,48400.0,69.0,No decision,(none)
2836,1261,3,Enterprise,1,paid_search,2026-02-12,2026-02-01,2026-05-12,2026-05-01,Closed Lost,1,0,127700.0,89.0,Lost to status quo,Helioscope
2837,1262,14,Mid-Market,5,affiliate,2024-09-10,2024-09-01,2024-12-21,2024-12-01,Closed Won,1,1,34100.0,102.0,,
2838,1262,14,Mid-Market,5,affiliate,2025-05-23,2025-05-01,2025-06-28,2025-06-01,Closed Won,1,1,31300.0,36.0,,
2839,1263,16,SMB,6,paid_search,2024-10-26,2024-10-01,2024-12-03,2024-12-01,Closed Won,1,1,9200.0,38.0,,
2840,1264,19,SMB,7,display,2025-02-26,2025-02-01,2025-04-05,2025-04-01,Closed Lost,1,0,12300.0,38.0,Lost to status quo,Kestrel
2841,1264,19,SMB,7,display,2026-02-08,2026-02-01,2026-03-19,2026-03-01,Closed Lost,1,0,14900.0,39.0,Price,(none)
2847,1265,23,Mid-Market,8,paid_search,2025-08-17,2025-08-01,2025-11-06,2025-11-01,Closed Lost,1,0,54200.0,81.0,Price,Helioscope
2848,1266,4,SMB,2,affiliate,2025-09-24,2025-09-01,2025-10-26,2025-10-01,Closed Lost,1,0,24100.0,32.0,Price,Helioscope
2851,1267,19,SMB,7,paid_search,2025-12-25,2025-12-01,2026-01-30,2026-01-01,Closed Won,1,1,3700.0,36.0,,
2856,1268,13,SMB,5,display,2025-11-14,2025-11-01,2025-12-05,2025-12-01,Closed Won,1,1,10400.0,21.0,,
2857,1269,4,SMB,2,affiliate,2024-11-13,2024-11-01,2024-12-23,2024-12-01,Closed Lost,1,0,10000.0,40.0,Price,Northwind
2860,1271,13,SMB,5,direct,2025-03-09,2025-03-01,2025-04-23,2025-04-01,Closed Won,1,1,6700.0,45.0,,
2861,1271,13,SMB,5,direct,2025-12-05,2025-12-01,2026-01-18,2026-01-01,Closed Lost,1,0,10400.0,44.0,Competitor,Kestrel
2863,1272,7,SMB,3,email,2025-06-11,2025-06-01,2025-07-08,2025-07-01,Closed Lost,1,0,10000.0,27.0,No decision,(none)
2864,1272,7,SMB,3,email,2026-05-10,2026-05-01,2026-06-15,2026-06-01,Closed Lost,1,0,6000.0,36.0,No decision,(none)
2866,1273,22,SMB,8,affiliate,2024-10-30,2024-10-01,2024-11-21,2024-11-01,Closed Won,1,1,14200.0,22.0,,
2867,1273,22,SMB,8,affiliate,2025-11-13,2025-11-01,2025-12-11,2025-12-01,Closed Won,1,1,19800.0,28.0,,
2868,1273,22,SMB,8,affiliate,2026-02-21,2026-02-01,2026-03-30,2026-03-01,Closed Won,1,1,13300.0,37.0,,
2872,1274,8,Mid-Market,3,email,2024-10-26,2024-10-01,2025-01-07,2025-01-01,Closed Won,1,1,58500.0,73.0,,
2873,1275,4,SMB,2,paid_search,2025-03-27,2025-03-01,2025-04-07,2025-04-01,Closed Lost,1,0,9800.0,11.0,Timing,Helioscope
2874,1275,4,SMB,2,paid_search,2026-02-07,2026-02-01,2026-03-05,2026-03-01,Closed Lost,1,0,21200.0,26.0,Competitor,Helioscope
2875,1276,11,Mid-Market,4,paid_search,2024-07-31,2024-07-01,2024-12-12,2024-12-01,Closed Lost,1,0,71100.0,134.0,Timing,Northwind
2876,1276,11,Mid-Market,4,paid_search,2025-06-21,2025-06-01,2025-09-17,2025-09-01,Closed Lost,1,0,26200.0,88.0,No decision,(none)
2877,1276,11,Mid-Market,4,paid_search,2026-05-26,2026-05-01,2026-08-02,2026-08-01,Demo,0,0,73000.0,,,
2879,1277,17,Mid-Market,6,organic_search,2025-01-08,2025-01-01,2025-04-16,2025-04-01,Closed Lost,1,0,36600.0,98.0,Lost to status quo,Northwind
2880,1278,17,Mid-Market,6,paid_search,2024-12-15,2024-12-01,2025-04-01,2025-04-01,Closed Lost,1,0,56200.0,107.0,No decision,Helioscope
2881,1279,10,SMB,4,paid_social,2025-01-27,2025-01-01,2025-03-18,2025-03-01,Closed Lost,1,0,6400.0,50.0,Lost to status quo,Helioscope
2890,1281,13,SMB,5,affiliate,2025-01-08,2025-01-01,2025-02-07,2025-02-01,Closed Lost,1,0,10500.0,30.0,Lost to status quo,(none)
2891,1281,13,SMB,5,affiliate,2025-09-04,2025-09-01,2025-09-24,2025-09-01,Closed Lost,1,0,10900.0,20.0,Competitor,(none)
2893,1282,1,SMB,1,paid_social,2025-10-20,2025-10-01,2025-11-19,2025-11-01,Closed Lost,1,0,6600.0,30.0,Timing,Helioscope
2894,1283,13,SMB,5,display,2026-02-15,2026-02-01,2026-03-01,2026-03-01,Closed Won,1,1,10600.0,14.0,,
2896,1284,8,Mid-Market,3,email,2026-06-01,2026-06-01,2026-09-28,2026-09-01,Demo,0,0,62300.0,,,
2898,1285,20,Mid-Market,7,direct,2025-02-14,2025-02-01,2025-05-01,2025-05-01,Closed Won,1,1,51400.0,76.0,,
2899,1286,8,Mid-Market,3,direct,2026-05-02,2026-05-01,2026-07-03,2026-07-01,Discovery,0,0,29700.0,,,
2906,1288,3,Enterprise,1,organic_search,2024-11-21,2024-11-01,2025-04-06,2025-04-01,Closed Lost,1,0,269300.0,136.0,Price,Helioscope
2907,1289,1,SMB,1,paid_social,2025-03-18,2025-03-01,2025-05-04,2025-05-01,Closed Lost,1,0,7300.0,47.0,No decision,Northwind
2908,1289,1,SMB,1,paid_social,2025-11-26,2025-11-01,2025-12-15,2025-12-01,Closed Lost,1,0,9800.0,19.0,Price,Northwind
2909,1290,22,SMB,8,direct,2025-04-07,2025-04-01,2025-04-25,2025-04-01,Closed Won,1,1,7100.0,18.0,,
2910,1290,22,SMB,8,direct,2026-03-24,2026-03-01,2026-04-08,2026-04-01,Closed Lost,1,0,11200.0,15.0,Lost to status quo,Northwind
2915,1291,18,Enterprise,6,email,2025-03-06,2025-03-01,2025-06-22,2025-06-01,Closed Lost,1,0,148400.0,108.0,No decision,(none)
2916,1292,4,SMB,2,paid_social,2025-12-14,2025-12-01,2026-01-06,2026-01-01,Closed Lost,1,0,10400.0,23.0,Price,(none)
2918,1293,21,Enterprise,7,affiliate,2026-02-14,2026-02-01,2026-07-13,2026-07-01,Proposal,0,0,93000.0,,,
2920,1294,20,Mid-Market,7,email,2024-09-16,2024-09-01,2024-11-04,2024-11-01,Closed Lost,1,0,43300.0,49.0,No decision,Helioscope
2921,1294,20,Mid-Market,7,email,2025-05-25,2025-05-01,2025-08-15,2025-08-01,Closed Lost,1,0,48600.0,82.0,Competitor,Kestrel
2922,1294,20,Mid-Market,7,email,2025-11-28,2025-11-01,2026-01-29,2026-01-01,Closed Lost,1,0,51200.0,62.0,Timing,(none)
2923,1295,7,SMB,3,email,2026-06-29,2026-06-01,2026-07-29,2026-07-01,Negotiation,0,0,11700.0,,,
2924,1296,7,SMB,3,email,2025-04-20,2025-04-01,2025-06-06,2025-06-01,Closed Lost,1,0,12800.0,47.0,Price,Helioscope
2925,1297,4,SMB,2,organic_search,2025-09-09,2025-09-01,2025-10-04,2025-10-01,Closed Lost,1,0,17200.0,25.0,Timing,Helioscope
2927,1298,12,Enterprise,4,affiliate,2026-02-16,2026-02-01,2026-02-23,2026-02-01,Closed Lost,1,0,80300.0,7.0,Timing,(none)
2928,1299,4,SMB,2,organic_search,2025-06-21,2025-06-01,2025-07-22,2025-07-01,Closed Lost,1,0,11800.0,31.0,Competitor,(none)
2929,1299,4,SMB,2,organic_search,2026-01-19,2026-01-01,2026-02-17,2026-02-01,Closed Won,1,1,5800.0,29.0,,
2932,1300,16,SMB,6,email,2026-01-14,2026-01-01,2026-02-05,2026-02-01,Closed Won,1,1,11200.0,22.0,,
2934,1301,4,SMB,2,direct,2025-11-29,2025-11-01,2026-01-08,2026-01-01,Closed Won,1,1,9600.0,40.0,,
2936,1302,5,Mid-Market,2,affiliate,2025-10-26,2025-10-01,2026-01-31,2026-01-01,Closed Won,1,1,22300.0,97.0,,
2939,1303,16,SMB,6,affiliate,2025-08-03,2025-08-01,2025-09-11,2025-09-01,Closed Lost,1,0,11000.0,39.0,Lost to status quo,Northwind
2940,1303,16,SMB,6,affiliate,2026-03-05,2026-03-01,2026-03-19,2026-03-01,Closed Lost,1,0,5900.0,14.0,Competitor,(none)
2944,1304,9,Enterprise,3,affiliate,2025-05-24,2025-05-01,2025-09-27,2025-09-01,Closed Won,1,1,166000.0,126.0,,
2945,1304,9,Enterprise,3,affiliate,2026-03-29,2026-03-01,2026-10-16,2026-10-01,Prospecting,0,0,147200.0,,,
2947,1305,7,SMB,3,paid_social,2025-12-21,2025-12-01,2026-01-17,2026-01-01,Closed Lost,1,0,14800.0,27.0,No decision,(none)
2948,1306,11,Mid-Market,4,display,2025-07-31,2025-07-01,2025-09-02,2025-09-01,Closed Won,1,1,82500.0,33.0,,
2949,1307,17,Mid-Market,6,organic_search,2026-04-04,2026-04-01,2026-05-06,2026-05-01,Closed Won,1,1,32000.0,32.0,,
2950,1308,1,SMB,1,paid_search,2025-12-24,2025-12-01,2026-01-29,2026-01-01,Closed Lost,1,0,20800.0,36.0,Lost to status quo,Kestrel
2951,1309,2,Mid-Market,1,affiliate,2024-12-16,2024-12-01,2025-03-18,2025-03-01,Closed Lost,1,0,30100.0,92.0,Lost to status quo,Northwind
2952,1310,1,SMB,1,paid_social,2024-10-29,2024-10-01,2024-11-21,2024-11-01,Closed Lost,1,0,19000.0,23.0,Timing,Northwind
2953,1310,1,SMB,1,paid_social,2025-07-14,2025-07-01,2025-08-31,2025-08-01,Closed Lost,1,0,24900.0,48.0,No decision,Helioscope
2954,1311,2,Mid-Market,1,affiliate,2024-09-24,2024-09-01,2025-02-17,2025-02-01,Closed Lost,1,0,35000.0,146.0,Competitor,Kestrel
2955,1311,2,Mid-Market,1,affiliate,2025-08-25,2025-08-01,2025-10-28,2025-10-01,Closed Lost,1,0,23200.0,64.0,Timing,Helioscope
2956,1311,2,Mid-Market,1,affiliate,2026-01-12,2026-01-01,2026-03-30,2026-03-01,Closed Lost,1,0,38600.0,77.0,Competitor,Northwind
2957,1312,14,Mid-Market,5,paid_search,2025-06-19,2025-06-01,2025-09-13,2025-09-01,Closed Won,1,1,31300.0,86.0,,
2958,1312,14,Mid-Market,5,paid_search,2026-03-06,2026-03-01,2026-04-10,2026-04-01,Closed Lost,1,0,35900.0,35.0,Price,Helioscope
2959,1313,13,SMB,5,affiliate,2025-10-13,2025-10-01,2025-11-09,2025-11-01,Closed Won,1,1,27100.0,27.0,,
2960,1313,13,SMB,5,affiliate,2026-06-24,2026-06-01,2026-07-09,2026-07-01,Proposal,0,0,7700.0,,,
2961,1314,8,Mid-Market,3,paid_social,2026-05-07,2026-05-01,2026-08-08,2026-08-01,Discovery,0,0,46400.0,,,
2962,1315,4,SMB,2,organic_search,2025-01-30,2025-01-01,2025-03-28,2025-03-01,Closed Lost,1,0,7800.0,57.0,No decision,Kestrel
2963,1316,2,Mid-Market,1,direct,2025-07-22,2025-07-01,2025-09-26,2025-09-01,Closed Lost,1,0,27000.0,66.0,No decision,Northwind
2964,1317,13,SMB,5,affiliate,2025-06-14,2025-06-01,2025-07-09,2025-07-01,Closed Lost,1,0,10200.0,25.0,No decision,Kestrel
2965,1318,4,SMB,2,direct,2024-11-23,2024-11-01,2024-12-28,2024-12-01,Closed Lost,1,0,8100.0,35.0,Price,Northwind
2966,1318,4,SMB,2,direct,2025-10-14,2025-10-01,2025-11-07,2025-11-01,Closed Won,1,1,15200.0,24.0,,
2968,1319,20,Mid-Market,7,paid_social,2024-09-22,2024-09-01,2024-12-07,2024-12-01,Closed Lost,1,0,35800.0,76.0,Lost to status quo,Helioscope
2969,1319,20,Mid-Market,7,paid_social,2025-09-23,2025-09-01,2026-01-12,2026-01-01,Closed Lost,1,0,85300.0,111.0,Timing,Kestrel
2970,1320,19,SMB,7,direct,2025-08-26,2025-08-01,2025-10-15,2025-10-01,Closed Won,1,1,11300.0,50.0,,
2971,1321,1,SMB,1,paid_social,2026-04-24,2026-04-01,2026-05-18,2026-05-01,Closed Won,1,1,6100.0,24.0,,
2976,1322,23,Mid-Market,8,organic_search,2025-10-21,2025-10-01,2025-12-21,2025-12-01,Closed Lost,1,0,70900.0,61.0,Price,Northwind
2978,1323,22,SMB,8,email,2026-06-29,2026-06-01,2026-08-13,2026-08-01,Proposal,0,0,13500.0,,,
2979,1324,1,SMB,1,email,2025-04-28,2025-04-01,2025-06-03,2025-06-01,Closed Lost,1,0,9800.0,36.0,No decision,Northwind
2980,1324,1,SMB,1,email,2026-03-14,2026-03-01,2026-04-23,2026-04-01,Closed Won,1,1,14000.0,40.0,,
2981,1325,17,Mid-Market,6,organic_search,2025-08-28,2025-08-01,2025-10-23,2025-10-01,Closed Lost,1,0,19300.0,56.0,Timing,Northwind
2982,1326,22,SMB,8,direct,2025-03-05,2025-03-01,2025-04-15,2025-04-01,Closed Won,1,1,10100.0,41.0,,
2983,1327,7,SMB,3,organic_search,2025-10-16,2025-10-01,2025-11-21,2025-11-01,Closed Lost,1,0,10500.0,36.0,Price,Kestrel
2985,1328,10,SMB,4,display,2025-10-13,2025-10-01,2025-11-23,2025-11-01,Closed Lost,1,0,12100.0,41.0,Competitor,Kestrel
2989,1329,10,SMB,4,email,2025-06-12,2025-06-01,2025-07-23,2025-07-01,Closed Lost,1,0,14100.0,41.0,Competitor,Helioscope
2990,1329,10,SMB,4,email,2026-03-10,2026-03-01,2026-04-04,2026-04-01,Closed Lost,1,0,12600.0,25.0,Price,Northwind
2994,1330,19,SMB,7,paid_social,2025-05-04,2025-05-01,2025-06-09,2025-06-01,Closed Lost,1,0,9800.0,36.0,Lost to status quo,Northwind
2995,1331,8,Mid-Market,3,affiliate,2026-05-14,2026-05-01,2026-07-06,2026-07-01,Prospecting,0,0,26600.0,,,
2997,1332,21,Enterprise,7,display,2025-06-07,2025-06-01,2025-11-05,2025-11-01,Closed Lost,1,0,367200.0,151.0,Price,(none)
2998,1333,11,Mid-Market,4,paid_search,2026-06-23,2026-06-01,2026-10-09,2026-10-01,Negotiation,0,0,77400.0,,,
2999,1334,19,SMB,7,email,2026-02-16,2026-02-01,2026-03-25,2026-03-01,Closed Lost,1,0,29200.0,37.0,Timing,(none)
3000,1335,16,SMB,6,organic_search,2026-06-05,2026-06-01,2026-07-11,2026-07-01,Negotiation,0,0,18900.0,,,
3002,1336,11,Mid-Market,4,paid_social,2025-09-21,2025-09-01,2025-12-02,2025-12-01,Closed Lost,1,0,83900.0,72.0,Competitor,Helioscope
3003,1337,7,SMB,3,display,2026-04-12,2026-04-01,2026-05-20,2026-05-01,Closed Won,1,1,6900.0,38.0,,
3007,1338,20,Mid-Market,7,direct,2026-01-29,2026-01-01,2026-03-04,2026-03-01,Closed Won,1,1,33600.0,34.0,,
3008,1339,13,SMB,5,affiliate,2025-06-14,2025-06-01,2025-08-19,2025-08-01,Closed Lost,1,0,16900.0,66.0,Timing,Northwind
3009,1339,13,SMB,5,affiliate,2026-05-17,2026-05-01,2026-06-28,2026-06-01,Closed Lost,1,0,13400.0,42.0,No decision,Kestrel
3012,1340,4,SMB,2,organic_search,2025-09-04,2025-09-01,2025-10-12,2025-10-01,Closed Lost,1,0,22900.0,38.0,No decision,Northwind
3018,1341,20,Mid-Market,7,display,2026-05-18,2026-05-01,2026-08-31,2026-08-01,Discovery,0,0,68200.0,,,
3019,1342,13,SMB,5,paid_social,2024-08-18,2024-08-01,2024-09-19,2024-09-01,Closed Lost,1,0,15000.0,32.0,No decision,Kestrel
3020,1343,10,SMB,4,paid_social,2025-05-29,2025-05-01,2025-07-01,2025-07-01,Closed Lost,1,0,11400.0,33.0,Competitor,(none)
3021,1344,23,Mid-Market,8,organic_search,2025-08-18,2025-08-01,2025-09-25,2025-09-01,Closed Lost,1,0,36100.0,38.0,Lost to status quo,Helioscope
3022,1345,23,Mid-Market,8,organic_search,2024-11-04,2024-11-01,2024-11-30,2024-11-01,Closed Lost,1,0,33500.0,26.0,Price,Kestrel
3023,1346,11,Mid-Market,4,email,2024-10-09,2024-10-01,2024-12-20,2024-12-01,Closed Lost,1,0,34300.0,72.0,Timing,Northwind
3024,1346,11,Mid-Market,4,email,2025-09-18,2025-09-01,2025-12-11,2025-12-01,Closed Lost,1,0,25000.0,84.0,No decision,(none)
3025,1347,23,Mid-Market,8,display,2025-01-31,2025-01-01,2025-03-28,2025-03-01,Closed Lost,1,0,30000.0,56.0,Competitor,Northwind
3026,1348,14,Mid-Market,5,direct,2026-04-16,2026-04-01,2026-07-19,2026-07-01,Discovery,0,0,82700.0,,,
3027,1349,16,SMB,6,email,2024-12-30,2024-12-01,2025-01-19,2025-01-01,Closed Lost,1,0,8600.0,20.0,Lost to status quo,Kestrel
3028,1350,13,SMB,5,paid_search,2025-11-13,2025-11-01,2025-12-21,2025-12-01,Closed Lost,1,0,10100.0,38.0,Lost to status quo,(none)
3029,1351,10,SMB,4,affiliate,2026-06-02,2026-06-01,2026-07-13,2026-07-01,Negotiation,0,0,13200.0,,,
3032,1352,1,SMB,1,paid_social,2026-03-16,2026-03-01,2026-05-02,2026-05-01,Closed Won,1,1,18700.0,47.0,,
3035,1353,7,SMB,3,organic_search,2025-05-26,2025-05-01,2025-07-06,2025-07-01,Closed Won,1,1,10600.0,41.0,,
3036,1353,7,SMB,3,organic_search,2026-03-16,2026-03-01,2026-04-17,2026-04-01,Closed Lost,1,0,24100.0,32.0,No decision,(none)
3040,1354,18,Enterprise,6,paid_search,2025-12-29,2025-12-01,2026-05-14,2026-05-01,Closed Won,1,1,172400.0,136.0,,
3045,1356,13,SMB,5,paid_social,2026-06-05,2026-06-01,2026-07-13,2026-07-01,Proposal,0,0,14000.0,,,
3048,1357,14,Mid-Market,5,organic_search,2026-01-14,2026-01-01,2026-03-30,2026-03-01,Closed Won,1,1,53700.0,75.0,,
3050,1358,3,Enterprise,1,display,2024-09-19,2024-09-01,2024-12-31,2024-12-01,Closed Lost,1,0,134600.0,103.0,Timing,Northwind
3051,1359,21,Enterprise,7,email,2024-10-08,2024-10-01,2025-02-08,2025-02-01,Closed Lost,1,0,281200.0,123.0,Competitor,Helioscope
3052,1360,10,SMB,4,organic_search,2025-10-29,2025-10-01,2025-12-10,2025-12-01,Closed Lost,1,0,9300.0,42.0,Timing,Helioscope
3053,1361,16,SMB,6,display,2025-12-28,2025-12-01,2026-01-06,2026-01-01,Closed Won,1,1,5400.0,9.0,,
3057,1363,10,SMB,4,email,2025-04-23,2025-04-01,2025-05-21,2025-05-01,Closed Lost,1,0,17700.0,28.0,Lost to status quo,(none)
3058,1363,10,SMB,4,email,2025-12-01,2025-12-01,2026-01-15,2026-01-01,Closed Lost,1,0,13900.0,45.0,Competitor,Northwind
3059,1364,18,Enterprise,6,paid_search,2025-01-06,2025-01-01,2025-06-24,2025-06-01,Closed Lost,1,0,289200.0,169.0,Competitor,Northwind
3060,1364,18,Enterprise,6,paid_search,2025-12-04,2025-12-01,2026-06-18,2026-06-01,Closed Lost,1,0,134800.0,196.0,Price,Northwind
3061,1365,13,SMB,5,affiliate,2026-06-02,2026-06-01,2026-06-23,2026-06-01,Closed Won,1,1,6400.0,21.0,,
3064,1366,7,SMB,3,paid_search,2026-05-04,2026-05-01,2026-06-10,2026-06-01,Closed Lost,1,0,14200.0,37.0,Lost to status quo,Kestrel
3067,1367,17,Mid-Market,6,direct,2026-05-11,2026-05-01,2026-07-28,2026-07-01,Prospecting,0,0,15600.0,,,
3069,1368,10,SMB,4,display,2026-04-07,2026-04-01,2026-04-24,2026-04-01,Closed Won,1,1,17600.0,17.0,,
3071,1369,7,SMB,3,affiliate,2026-06-02,2026-06-01,2026-06-25,2026-06-01,Closed Lost,1,0,6100.0,23.0,Lost to status quo,Helioscope
3073,1370,12,Enterprise,4,affiliate,2025-06-21,2025-06-01,2025-10-28,2025-10-01,Closed Won,1,1,315700.0,129.0,,
3074,1371,16,SMB,6,paid_social,2026-04-27,2026-04-01,2026-06-03,2026-06-01,Closed Lost,1,0,4300.0,37.0,Timing,Northwind
3079,1372,11,Mid-Market,4,direct,2024-10-16,2024-10-01,2025-01-10,2025-01-01,Closed Lost,1,0,32600.0,86.0,Price,Northwind
3080,1372,11,Mid-Market,4,direct,2025-07-30,2025-07-01,2025-09-30,2025-09-01,Closed Won,1,1,38700.0,62.0,,
3083,1374,22,SMB,8,direct,2026-05-21,2026-05-01,2026-07-12,2026-07-01,Prospecting,0,0,6700.0,,,
3085,1375,22,SMB,8,paid_search,2025-02-07,2025-02-01,2025-03-13,2025-03-01,Closed Won,1,1,15500.0,34.0,,
3086,1376,22,SMB,8,direct,2026-01-10,2026-01-01,2026-02-14,2026-02-01,Closed Won,1,1,10000.0,35.0,,
3088,1377,22,SMB,8,paid_social,2026-05-04,2026-05-01,2026-06-16,2026-06-01,Closed Lost,1,0,7600.0,43.0,No decision,Northwind
3091,1378,7,SMB,3,display,2026-06-26,2026-06-01,2026-07-19,2026-07-01,Prospecting,0,0,4900.0,,,
3093,1379,20,Mid-Market,7,affiliate,2025-07-12,2025-07-01,2025-10-13,2025-10-01,Closed Won,1,1,29600.0,93.0,,
3094,1380,16,SMB,6,paid_search,2025-10-24,2025-10-01,2025-11-24,2025-11-01,Closed Lost,1,0,5900.0,31.0,Lost to status quo,Helioscope
3103,1382,2,Mid-Market,1,affiliate,2025-03-23,2025-03-01,2025-05-26,2025-05-01,Closed Lost,1,0,53600.0,64.0,Lost to status quo,Kestrel
3104,1382,2,Mid-Market,1,affiliate,2025-12-09,2025-12-01,2026-02-26,2026-02-01,Closed Won,1,1,36500.0,79.0,,
3105,1383,23,Mid-Market,8,paid_social,2026-02-18,2026-02-01,2026-04-26,2026-04-01,Closed Lost,1,0,28100.0,67.0,Price,Helioscope
3108,1384,2,Mid-Market,1,paid_social,2026-02-18,2026-02-01,2026-03-23,2026-03-01,Closed Lost,1,0,28300.0,33.0,No decision,Helioscope
3110,1385,7,SMB,3,direct,2025-01-15,2025-01-01,2025-01-22,2025-01-01,Closed Won,1,1,12700.0,7.0,,
3111,1386,20,Mid-Market,7,display,2025-01-22,2025-01-01,2025-04-09,2025-04-01,Closed Won,1,1,22700.0,77.0,,
3112,1386,20,Mid-Market,7,display,2025-09-22,2025-09-01,2026-01-25,2026-01-01,Closed Won,1,1,27400.0,125.0,,
3113,1387,4,SMB,2,paid_search,2026-04-07,2026-04-01,2026-05-04,2026-05-01,Closed Lost,1,0,13600.0,27.0,No decision,Helioscope
3114,1388,20,Mid-Market,7,affiliate,2025-01-21,2025-01-01,2025-05-04,2025-05-01,Closed Lost,1,0,51500.0,103.0,Price,Helioscope
3115,1389,16,SMB,6,affiliate,2026-06-15,2026-06-01,2026-06-26,2026-06-01,Closed Won,1,1,4900.0,11.0,,
3117,1390,17,Mid-Market,6,direct,2025-04-20,2025-04-01,2025-06-27,2025-06-01,Closed Lost,1,0,44300.0,68.0,Lost to status quo,(none)
3118,1390,17,Mid-Market,6,direct,2026-02-14,2026-02-01,2026-05-06,2026-05-01,Closed Lost,1,0,68300.0,81.0,Timing,Northwind
3119,1390,17,Mid-Market,6,direct,2026-04-09,2026-04-01,2026-04-23,2026-04-01,Closed Lost,1,0,26000.0,14.0,Timing,Kestrel
3120,1391,13,SMB,5,direct,2026-02-28,2026-02-01,2026-03-30,2026-03-01,Closed Lost,1,0,11500.0,30.0,Competitor,Helioscope
3122,1392,11,Mid-Market,4,paid_search,2026-03-17,2026-03-01,2026-06-22,2026-06-01,Closed Lost,1,0,33000.0,97.0,Timing,Helioscope
3123,1393,4,SMB,2,paid_social,2026-02-22,2026-02-01,2026-03-15,2026-03-01,Closed Won,1,1,10200.0,21.0,,
3124,1394,1,SMB,1,paid_social,2024-09-02,2024-09-01,2024-10-13,2024-10-01,Closed Lost,1,0,10300.0,41.0,Price,Northwind
3125,1394,1,SMB,1,paid_social,2025-07-10,2025-07-01,2025-08-13,2025-08-01,Closed Won,1,1,7100.0,34.0,,
3126,1394,1,SMB,1,paid_social,2025-11-10,2025-11-01,2025-12-22,2025-12-01,Closed Lost,1,0,13300.0,42.0,No decision,Helioscope
3127,1395,16,SMB,6,organic_search,2026-05-30,2026-05-01,2026-07-25,2026-07-01,Prospecting,0,0,13100.0,,,
3128,1396,22,SMB,8,affiliate,2026-02-14,2026-02-01,2026-03-23,2026-03-01,Closed Won,1,1,13200.0,37.0,,
3132,1397,16,SMB,6,paid_search,2025-10-10,2025-10-01,2025-11-09,2025-11-01,Closed Lost,1,0,8700.0,30.0,Price,(none)
3134,1399,1,SMB,1,display,2026-02-06,2026-02-01,2026-04-03,2026-04-01,Closed Lost,1,0,11300.0,56.0,No decision,Helioscope
3136,1400,17,Mid-Market,6,affiliate,2025-11-11,2025-11-01,2026-01-28,2026-01-01,Closed Won,1,1,30200.0,78.0,,
3138,1401,17,Mid-Market,6,direct,2025-10-25,2025-10-01,2026-01-18,2026-01-01,Closed Won,1,1,82300.0,85.0,,
3140,1402,18,Enterprise,6,paid_social,2025-10-06,2025-10-01,2026-02-23,2026-02-01,Closed Lost,1,0,156400.0,140.0,No decision,Helioscope
3141,1403,16,SMB,6,email,2026-01-28,2026-01-01,2026-03-10,2026-03-01,Closed Lost,1,0,6300.0,41.0,Timing,(none)
3143,1404,13,SMB,5,email,2026-04-30,2026-04-01,2026-06-11,2026-06-01,Closed Won,1,1,7900.0,42.0,,
3149,1406,13,SMB,5,direct,2026-06-06,2026-06-01,2026-06-17,2026-06-01,Closed Won,1,1,10500.0,11.0,,
3151,1407,17,Mid-Market,6,email,2025-09-09,2025-09-01,2025-11-14,2025-11-01,Closed Lost,1,0,54100.0,66.0,No decision,Kestrel
3155,1409,19,SMB,7,direct,2024-09-03,2024-09-01,2024-09-25,2024-09-01,Closed Lost,1,0,11700.0,22.0,Competitor,Northwind
3156,1409,19,SMB,7,direct,2025-04-21,2025-04-01,2025-06-02,2025-06-01,Closed Lost,1,0,14700.0,42.0,Competitor,(none)
3157,1409,19,SMB,7,direct,2026-05-18,2026-05-01,2026-06-06,2026-06-01,Closed Won,1,1,12400.0,19.0,,
3158,1410,4,SMB,2,affiliate,2026-03-14,2026-03-01,2026-04-13,2026-04-01,Closed Lost,1,0,19900.0,30.0,No decision,(none)
3161,1411,19,SMB,7,display,2026-02-10,2026-02-01,2026-03-09,2026-03-01,Closed Won,1,1,14200.0,27.0,,
3163,1412,15,Enterprise,5,display,2025-06-05,2025-06-01,2025-12-17,2025-12-01,Closed Lost,1,0,155700.0,195.0,Lost to status quo,Kestrel
3164,1413,14,Mid-Market,5,paid_social,2025-08-03,2025-08-01,2025-11-21,2025-11-01,Closed Lost,1,0,52300.0,110.0,Competitor,Kestrel
3165,1414,11,Mid-Market,4,email,2025-08-16,2025-08-01,2025-11-03,2025-11-01,Closed Lost,1,0,27000.0,79.0,Competitor,Northwind
3166,1415,13,SMB,5,paid_social,2026-01-23,2026-01-01,2026-02-18,2026-02-01,Closed Lost,1,0,6700.0,26.0,Timing,Helioscope
3171,1416,17,Mid-Market,6,paid_search,2026-03-07,2026-03-01,2026-04-24,2026-04-01,Closed Won,1,1,36400.0,48.0,,
3172,1417,18,Enterprise,6,paid_search,2025-09-30,2025-09-01,2026-02-24,2026-02-01,Closed Lost,1,0,330300.0,147.0,Price,Helioscope
3173,1418,1,SMB,1,direct,2025-06-20,2025-06-01,2025-07-21,2025-07-01,Closed Lost,1,0,14300.0,31.0,Lost to status quo,Helioscope
3174,1418,1,SMB,1,direct,2026-02-10,2026-02-01,2026-02-28,2026-02-01,Closed Lost,1,0,10200.0,18.0,Timing,Kestrel
3175,1419,6,Enterprise,2,organic_search,2025-11-18,2025-11-01,2026-04-24,2026-04-01,Closed Lost,1,0,295800.0,157.0,Competitor,Northwind
3178,1420,8,Mid-Market,3,email,2025-05-10,2025-05-01,2025-07-11,2025-07-01,Closed Lost,1,0,30900.0,62.0,Lost to status quo,Helioscope
3179,1421,4,SMB,2,display,2025-06-03,2025-06-01,2025-07-05,2025-07-01,Closed Lost,1,0,9700.0,32.0,Lost to status quo,(none)
3180,1421,4,SMB,2,display,2026-05-18,2026-05-01,2026-06-23,2026-06-01,Closed Lost,1,0,17600.0,36.0,Price,Helioscope
3182,1422,5,Mid-Market,2,affiliate,2025-03-08,2025-03-01,2025-04-25,2025-04-01,Closed Won,1,1,27700.0,48.0,,
3183,1423,13,SMB,5,display,2026-05-24,2026-05-01,2026-07-06,2026-07-01,Discovery,0,0,9000.0,,,
3188,1424,13,SMB,5,email,2024-11-25,2024-11-01,2024-12-30,2024-12-01,Closed Won,1,1,10800.0,35.0,,
3189,1424,13,SMB,5,email,2025-06-30,2025-06-01,2025-08-04,2025-08-01,Closed Lost,1,0,12400.0,35.0,No decision,Kestrel
3190,1425,16,SMB,6,display,2026-06-25,2026-06-01,2026-07-25,2026-07-01,Demo,0,0,5700.0,,,
3192,1426,4,SMB,2,paid_social,2025-10-17,2025-10-01,2025-11-11,2025-11-01,Closed Lost,1,0,12000.0,25.0,Lost to status quo,Helioscope
3194,1427,22,SMB,8,direct,2025-09-20,2025-09-01,2025-10-19,2025-10-01,Closed Lost,1,0,16400.0,29.0,Lost to status quo,(none)
3195,1427,22,SMB,8,direct,2026-06-15,2026-06-01,2026-07-01,2026-07-01,Closed Lost,1,0,15500.0,16.0,Timing,Kestrel
3196,1428,18,Enterprise,6,paid_search,2025-11-08,2025-11-01,2026-03-11,2026-03-01,Closed Lost,1,0,97100.0,123.0,No decision,Northwind
3199,1430,7,SMB,3,email,2026-04-22,2026-04-01,2026-05-14,2026-05-01,Closed Lost,1,0,7400.0,22.0,Timing,Northwind
3203,1431,13,SMB,5,email,2025-05-24,2025-05-01,2025-07-19,2025-07-01,Closed Won,1,1,8100.0,56.0,,
3204,1431,13,SMB,5,email,2026-02-17,2026-02-01,2026-03-24,2026-03-01,Closed Lost,1,0,15500.0,35.0,Lost to status quo,Kestrel
3205,1432,5,Mid-Market,2,organic_search,2025-05-27,2025-05-01,2025-09-10,2025-09-01,Closed Lost,1,0,68900.0,106.0,Lost to status quo,Helioscope
3206,1432,5,Mid-Market,2,organic_search,2026-01-15,2026-01-01,2026-04-17,2026-04-01,Closed Lost,1,0,50000.0,92.0,No decision,Helioscope
3209,1433,7,SMB,3,paid_social,2025-08-13,2025-08-01,2025-10-04,2025-10-01,Closed Won,1,1,11400.0,52.0,,
3210,1433,7,SMB,3,paid_social,2026-05-13,2026-05-01,2026-06-05,2026-06-01,Closed Won,1,1,10100.0,23.0,,
3211,1434,1,SMB,1,organic_search,2026-02-13,2026-02-01,2026-03-23,2026-03-01,Closed Lost,1,0,17900.0,38.0,Price,(none)
3212,1435,19,SMB,7,paid_search,2026-04-16,2026-04-01,2026-05-12,2026-05-01,Closed Lost,1,0,6700.0,26.0,Price,Helioscope
3218,1437,3,Enterprise,1,paid_social,2025-03-02,2025-03-01,2025-08-29,2025-08-01,Closed Lost,1,0,84800.0,180.0,Competitor,(none)
3219,1438,2,Mid-Market,1,organic_search,2026-02-28,2026-02-01,2026-06-20,2026-06-01,Closed Lost,1,0,60600.0,112.0,Price,Kestrel
3220,1439,10,SMB,4,paid_social,2025-04-15,2025-04-01,2025-05-21,2025-05-01,Closed Lost,1,0,9600.0,36.0,Timing,Helioscope
3221,1439,10,SMB,4,paid_social,2025-10-08,2025-10-01,2025-11-16,2025-11-01,Closed Won,1,1,20100.0,39.0,,
3222,1440,19,SMB,7,direct,2025-10-21,2025-10-01,2025-12-11,2025-12-01,Closed Lost,1,0,8700.0,51.0,Competitor,Northwind
3223,1440,19,SMB,7,direct,2026-04-18,2026-04-01,2026-05-18,2026-05-01,Closed Lost,1,0,12100.0,30.0,Lost to status quo,Northwind
3224,1441,7,SMB,3,affiliate,2026-05-21,2026-05-01,2026-07-10,2026-07-01,Demo,0,0,10300.0,,,
3225,1442,2,Mid-Market,1,organic_search,2025-07-15,2025-07-01,2025-09-18,2025-09-01,Closed Won,1,1,35400.0,65.0,,
3226,1443,1,SMB,1,email,2025-07-22,2025-07-01,2025-08-27,2025-08-01,Closed Lost,1,0,9000.0,36.0,Lost to status quo,Northwind
3227,1443,1,SMB,1,email,2026-03-03,2026-03-01,2026-04-10,2026-04-01,Closed Lost,1,0,19900.0,38.0,Timing,Helioscope
3228,1444,3,Enterprise,1,display,2025-08-28,2025-08-01,2026-02-06,2026-02-01,Closed Won,1,1,134400.0,162.0,,
3229,1445,18,Enterprise,6,direct,2026-04-21,2026-04-01,2026-08-17,2026-08-01,Negotiation,0,0,373000.0,,,
3230,1446,16,SMB,6,direct,2024-10-08,2024-10-01,2024-10-26,2024-10-01,Closed Lost,1,0,19300.0,18.0,Timing,Helioscope
3231,1447,7,SMB,3,display,2025-04-11,2025-04-01,2025-05-14,2025-05-01,Closed Lost,1,0,10500.0,33.0,No decision,Helioscope
3232,1447,7,SMB,3,display,2025-12-21,2025-12-01,2026-01-02,2026-01-01,Closed Won,1,1,6800.0,12.0,,
3236,1448,20,Mid-Market,7,direct,2026-06-13,2026-06-01,2026-08-30,2026-08-01,Prospecting,0,0,52200.0,,,
3237,1449,20,Mid-Market,7,email,2026-06-30,2026-06-01,2026-08-29,2026-08-01,Prospecting,0,0,41400.0,,,
3239,1451,7,SMB,3,direct,2025-09-07,2025-09-01,2025-10-17,2025-10-01,Closed Lost,1,0,5600.0,40.0,Price,Northwind
3242,1452,10,SMB,4,display,2025-05-28,2025-05-01,2025-07-06,2025-07-01,Closed Won,1,1,14300.0,39.0,,
3243,1452,10,SMB,4,display,2025-11-17,2025-11-01,2025-12-21,2025-12-01,Closed Lost,1,0,8300.0,34.0,Price,Northwind
3245,1453,22,SMB,8,organic_search,2025-04-19,2025-04-01,2025-05-21,2025-05-01,Closed Lost,1,0,21000.0,32.0,Timing,(none)
3246,1453,22,SMB,8,organic_search,2026-02-28,2026-02-01,2026-04-07,2026-04-01,Closed Lost,1,0,10000.0,38.0,Price,(none)
3247,1454,10,SMB,4,direct,2024-12-10,2024-12-01,2025-01-15,2025-01-01,Closed Won,1,1,7800.0,36.0,,
3248,1455,18,Enterprise,6,paid_search,2025-04-28,2025-04-01,2025-09-11,2025-09-01,Closed Lost,1,0,934000.0,136.0,Timing,Helioscope
3249,1456,5,Mid-Market,2,paid_search,2026-03-02,2026-03-01,2026-07-04,2026-07-01,Demo,0,0,42000.0,,,
3250,1457,23,Mid-Market,8,direct,2025-03-29,2025-03-01,2025-05-10,2025-05-01,Closed Lost,1,0,72300.0,42.0,Price,Helioscope
3251,1458,7,SMB,3,email,2025-10-11,2025-10-01,2025-12-03,2025-12-01,Closed Won,1,1,4500.0,53.0,,
3254,1459,8,Mid-Market,3,organic_search,2025-09-06,2025-09-01,2025-10-22,2025-10-01,Closed Lost,1,0,46100.0,46.0,Timing,Kestrel
3255,1460,11,Mid-Market,4,organic_search,2026-06-18,2026-06-01,2026-08-15,2026-08-01,Prospecting,0,0,38800.0,,,
3258,1461,19,SMB,7,paid_social,2025-12-15,2025-12-01,2026-01-09,2026-01-01,Closed Lost,1,0,19000.0,25.0,Price,Kestrel
3264,1462,21,Enterprise,7,affiliate,2026-02-03,2026-02-01,2026-09-01,2026-09-01,Proposal,0,0,152800.0,,,
3266,1463,8,Mid-Market,3,organic_search,2025-07-18,2025-07-01,2025-09-19,2025-09-01,Closed Lost,1,0,42700.0,63.0,No decision,Kestrel
3267,1464,10,SMB,4,affiliate,2025-05-13,2025-05-01,2025-06-07,2025-06-01,Closed Lost,1,0,5000.0,25.0,Lost to status quo,(none)
3268,1464,10,SMB,4,affiliate,2026-03-14,2026-03-01,2026-04-09,2026-04-01,Closed Lost,1,0,27200.0,26.0,No decision,Helioscope
3270,1465,1,SMB,1,display,2025-05-22,2025-05-01,2025-06-23,2025-06-01,Closed Lost,1,0,10900.0,32.0,No decision,Kestrel
3271,1465,1,SMB,1,display,2026-05-23,2026-05-01,2026-07-12,2026-07-01,Discovery,0,0,6200.0,,,
3273,1466,16,SMB,6,display,2025-02-23,2025-02-01,2025-04-06,2025-04-01,Closed Lost,1,0,4800.0,42.0,No decision,Kestrel
3274,1466,16,SMB,6,display,2025-09-01,2025-09-01,2025-09-26,2025-09-01,Closed Lost,1,0,14700.0,25.0,No decision,Helioscope
3276,1467,23,Mid-Market,8,organic_search,2025-09-10,2025-09-01,2025-11-19,2025-11-01,Closed Lost,1,0,42200.0,70.0,No decision,Kestrel
3277,1468,4,SMB,2,email,2025-03-29,2025-03-01,2025-05-18,2025-05-01,Closed Lost,1,0,11600.0,50.0,Competitor,(none)
3278,1469,13,SMB,5,organic_search,2026-05-16,2026-05-01,2026-06-14,2026-06-01,Closed Lost,1,0,23100.0,29.0,Competitor,(none)
3280,1470,13,SMB,5,paid_social,2024-12-18,2024-12-01,2025-01-28,2025-01-01,Closed Lost,1,0,21100.0,41.0,Competitor,Helioscope
3281,1471,13,SMB,5,affiliate,2024-09-11,2024-09-01,2024-10-12,2024-10-01,Closed Won,1,1,12000.0,31.0,,
3282,1472,23,Mid-Market,8,email,2025-02-09,2025-02-01,2025-04-27,2025-04-01,Closed Lost,1,0,44600.0,77.0,Competitor,Northwind
3283,1472,23,Mid-Market,8,email,2026-01-13,2026-01-01,2026-03-12,2026-03-01,Closed Won,1,1,15500.0,58.0,,
3284,1472,23,Mid-Market,8,email,2026-04-19,2026-04-01,2026-07-15,2026-07-01,Demo,0,0,118600.0,,,
3286,1473,7,SMB,3,email,2026-05-05,2026-05-01,2026-06-18,2026-06-01,Closed Won,1,1,12300.0,44.0,,
3288,1474,19,SMB,7,organic_search,2025-11-20,2025-11-01,2025-12-22,2025-12-01,Closed Lost,1,0,23700.0,32.0,No decision,Helioscope
3290,1475,23,Mid-Market,8,direct,2026-06-21,2026-06-01,2026-07-23,2026-07-01,Demo,0,0,27100.0,,,
3291,1476,20,Mid-Market,7,email,2025-03-17,2025-03-01,2025-06-10,2025-06-01,Closed Lost,1,0,71600.0,85.0,Competitor,Helioscope
3292,1476,20,Mid-Market,7,email,2026-01-17,2026-01-01,2026-03-18,2026-03-01,Closed Lost,1,0,35500.0,60.0,Competitor,Kestrel
3295,1477,19,SMB,7,direct,2026-05-26,2026-05-01,2026-07-07,2026-07-01,Discovery,0,0,14200.0,,,
3296,1478,16,SMB,6,display,2026-02-26,2026-02-01,2026-03-20,2026-03-01,Closed Won,1,1,8300.0,22.0,,
3297,1479,14,Mid-Market,5,organic_search,2025-02-07,2025-02-01,2025-04-26,2025-04-01,Closed Lost,1,0,18500.0,78.0,No decision,Northwind
3298,1480,8,Mid-Market,3,email,2026-04-19,2026-04-01,2026-08-02,2026-08-01,Demo,0,0,35100.0,,,
3300,1481,5,Mid-Market,2,affiliate,2025-06-03,2025-06-01,2025-07-26,2025-07-01,Closed Won,1,1,31900.0,53.0,,
3301,1482,5,Mid-Market,2,email,2026-04-09,2026-04-01,2026-06-10,2026-06-01,Closed Lost,1,0,25000.0,62.0,No decision,Northwind
3303,1483,17,Mid-Market,6,display,2025-10-29,2025-10-01,2026-01-09,2026-01-01,Closed Lost,1,0,39500.0,72.0,No decision,Kestrel
3305,1484,22,SMB,8,email,2025-06-22,2025-06-01,2025-07-17,2025-07-01,Closed Lost,1,0,24500.0,25.0,No decision,Northwind
3306,1484,22,SMB,8,email,2026-03-25,2026-03-01,2026-04-14,2026-04-01,Closed Lost,1,0,5600.0,20.0,Competitor,Helioscope
3307,1485,7,SMB,3,direct,2025-06-13,2025-06-01,2025-08-11,2025-08-01,Closed Lost,1,0,23000.0,59.0,Competitor,(none)
3308,1485,7,SMB,3,direct,2026-02-12,2026-02-01,2026-03-18,2026-03-01,Closed Lost,1,0,20900.0,34.0,Competitor,(none)
3320,1487,7,SMB,3,paid_social,2025-02-10,2025-02-01,2025-02-26,2025-02-01,Closed Lost,1,0,9500.0,16.0,Lost to status quo,Helioscope
3321,1487,7,SMB,3,paid_social,2025-12-03,2025-12-01,2026-01-11,2026-01-01,Closed Lost,1,0,13700.0,39.0,Lost to status quo,Helioscope
3322,1487,7,SMB,3,paid_social,2026-05-13,2026-05-01,2026-06-03,2026-06-01,Closed Lost,1,0,7700.0,21.0,Lost to status quo,(none)
3325,1488,17,Mid-Market,6,paid_search,2026-05-22,2026-05-01,2026-07-25,2026-07-01,Proposal,0,0,28100.0,,,
3326,1489,4,SMB,2,direct,2026-03-27,2026-03-01,2026-05-10,2026-05-01,Closed Lost,1,0,8300.0,44.0,No decision,Northwind
3329,1490,8,Mid-Market,3,email,2026-04-02,2026-04-01,2026-06-07,2026-06-01,Closed Lost,1,0,82900.0,66.0,Price,Helioscope
3330,1491,4,SMB,2,affiliate,2025-07-19,2025-07-01,2025-08-16,2025-08-01,Closed Lost,1,0,13000.0,28.0,Lost to status quo,Northwind
3331,1491,4,SMB,2,affiliate,2026-05-16,2026-05-01,2026-06-13,2026-06-01,Closed Won,1,1,15200.0,28.0,,
3332,1492,7,SMB,3,email,2026-05-28,2026-05-01,2026-07-06,2026-07-01,Prospecting,0,0,6700.0,,,
3333,1493,4,SMB,2,affiliate,2025-12-17,2025-12-01,2026-01-14,2026-01-01,Closed Lost,1,0,11300.0,28.0,Competitor,Kestrel
3334,1494,1,SMB,1,affiliate,2026-04-28,2026-04-01,2026-05-29,2026-05-01,Closed Lost,1,0,20700.0,31.0,No decision,Northwind
3337,1496,10,SMB,4,email,2025-11-19,2025-11-01,2025-12-11,2025-12-01,Closed Lost,1,0,22300.0,22.0,Price,Northwind
3338,1497,22,SMB,8,paid_search,2024-10-30,2024-10-01,2024-12-14,2024-12-01,Closed Lost,1,0,7900.0,45.0,Lost to status quo,(none)
3339,1498,16,SMB,6,display,2025-09-18,2025-09-01,2025-10-26,2025-10-01,Closed Lost,1,0,18800.0,38.0,Lost to status quo,Kestrel
3341,1500,11,Mid-Market,4,organic_search,2025-02-15,2025-02-01,2025-04-18,2025-04-01,Closed Won,1,1,44400.0,62.0,,
3342,1500,11,Mid-Market,4,organic_search,2026-02-09,2026-02-01,2026-03-31,2026-03-01,Closed Lost,1,0,46000.0,50.0,Competitor,Helioscope
3343,1501,14,Mid-Market,5,organic_search,2024-12-29,2024-12-01,2025-02-24,2025-02-01,Closed Lost,1,0,35300.0,57.0,Lost to status quo,Northwind
3344,1501,14,Mid-Market,5,organic_search,2025-09-19,2025-09-01,2025-12-19,2025-12-01,Closed Lost,1,0,82600.0,91.0,Timing,Helioscope
3345,1502,1,SMB,1,organic_search,2026-04-12,2026-04-01,2026-05-19,2026-05-01,Closed Lost,1,0,13700.0,37.0,Price,(none)
3349,1503,5,Mid-Market,2,paid_search,2025-09-04,2025-09-01,2025-11-29,2025-11-01,Closed Lost,1,0,40900.0,86.0,Lost to status quo,(none)
3350,1504,2,Mid-Market,1,paid_search,2025-12-30,2025-12-01,2026-02-24,2026-02-01,Closed Lost,1,0,37300.0,56.0,No decision,Northwind
3351,1505,13,SMB,5,paid_social,2025-04-22,2025-04-01,2025-05-12,2025-05-01,Closed Won,1,1,6600.0,20.0,,
3352,1505,13,SMB,5,paid_social,2026-02-20,2026-02-01,2026-03-16,2026-03-01,Closed Lost,1,0,6400.0,24.0,Price,Kestrel
3353,1506,13,SMB,5,email,2026-01-13,2026-01-01,2026-02-03,2026-02-01,Closed Won,1,1,8800.0,21.0,,
3355,1507,22,SMB,8,affiliate,2026-03-31,2026-03-01,2026-05-09,2026-05-01,Closed Won,1,1,9800.0,39.0,,
3356,1508,5,Mid-Market,2,organic_search,2026-06-17,2026-06-01,2026-10-18,2026-10-01,Prospecting,0,0,84900.0,,,
3358,1509,13,SMB,5,direct,2026-03-31,2026-03-01,2026-04-20,2026-04-01,Closed Lost,1,0,15100.0,20.0,Lost to status quo,Kestrel
3364,1511,5,Mid-Market,2,email,2025-02-17,2025-02-01,2025-05-11,2025-05-01,Closed Lost,1,0,30100.0,83.0,Lost to status quo,Kestrel
3365,1512,4,SMB,2,paid_search,2026-05-01,2026-05-01,2026-05-31,2026-05-01,Closed Lost,1,0,13100.0,30.0,Price,Helioscope
3367,1513,20,Mid-Market,7,paid_social,2025-11-28,2025-11-01,2026-01-05,2026-01-01,Closed Won,1,1,34100.0,38.0,,
3369,1514,4,SMB,2,affiliate,2026-04-15,2026-04-01,2026-05-27,2026-05-01,Closed Lost,1,0,7400.0,42.0,No decision,(none)
3371,1515,17,Mid-Market,6,affiliate,2025-11-28,2025-11-01,2026-02-15,2026-02-01,Closed Lost,1,0,23800.0,79.0,Price,Northwind
3374,1516,7,SMB,3,direct,2026-03-07,2026-03-01,2026-04-28,2026-04-01,Closed Won,1,1,12100.0,52.0,,
3375,1517,7,SMB,3,direct,2025-05-15,2025-05-01,2025-06-13,2025-06-01,Closed Lost,1,0,12300.0,29.0,Competitor,Kestrel
3376,1517,7,SMB,3,direct,2026-01-20,2026-01-01,2026-03-01,2026-03-01,Closed Lost,1,0,19300.0,40.0,No decision,Helioscope
3379,1518,1,SMB,1,organic_search,2025-08-28,2025-08-01,2025-10-09,2025-10-01,Closed Lost,1,0,11300.0,42.0,No decision,Kestrel
3380,1518,1,SMB,1,organic_search,2026-04-18,2026-04-01,2026-05-18,2026-05-01,Closed Lost,1,0,14300.0,30.0,Timing,Kestrel
3386,1519,14,Mid-Market,5,direct,2025-07-07,2025-07-01,2025-09-23,2025-09-01,Closed Won,1,1,63100.0,78.0,,
3387,1520,22,SMB,8,organic_search,2026-03-12,2026-03-01,2026-04-16,2026-04-01,Closed Won,1,1,9900.0,35.0,,
3389,1521,13,SMB,5,organic_search,2025-07-15,2025-07-01,2025-08-13,2025-08-01,Closed Lost,1,0,16000.0,29.0,Lost to status quo,(none)
3390,1521,13,SMB,5,organic_search,2026-04-30,2026-04-01,2026-06-03,2026-06-01,Closed Won,1,1,16600.0,34.0,,
3394,1523,15,Enterprise,5,display,2025-06-14,2025-06-01,2025-12-29,2025-12-01,Closed Lost,1,0,239500.0,198.0,No decision,Northwind
3395,1524,14,Mid-Market,5,organic_search,2025-11-20,2025-11-01,2026-01-25,2026-01-01,Closed Won,1,1,36900.0,66.0,,
3396,1525,1,SMB,1,paid_search,2025-02-15,2025-02-01,2025-04-01,2025-04-01,Closed Won,1,1,19700.0,45.0,,
3397,1525,1,SMB,1,paid_search,2025-11-26,2025-11-01,2026-01-05,2026-01-01,Closed Lost,1,0,7900.0,40.0,Lost to status quo,(none)
3401,1526,9,Enterprise,3,affiliate,2025-08-25,2025-08-01,2026-03-27,2026-03-01,Closed Lost,1,0,181400.0,214.0,Lost to status quo,Helioscope
3402,1526,9,Enterprise,3,affiliate,2026-05-07,2026-05-01,2026-12-01,2026-12-01,Proposal,0,0,202300.0,,,
3406,1527,4,SMB,2,paid_search,2026-01-29,2026-01-01,2026-03-21,2026-03-01,Closed Lost,1,0,14500.0,51.0,No decision,Helioscope
3411,1528,6,Enterprise,2,display,2025-11-06,2025-11-01,2026-03-23,2026-03-01,Closed Lost,1,0,131200.0,137.0,Lost to status quo,(none)
3412,1529,22,SMB,8,email,2026-03-28,2026-03-01,2026-04-18,2026-04-01,Closed Lost,1,0,3400.0,21.0,Price,Northwind
3413,1530,19,SMB,7,email,2025-12-13,2025-12-01,2026-01-15,2026-01-01,Closed Lost,1,0,14000.0,33.0,Price,Northwind
3417,1531,4,SMB,2,direct,2025-04-20,2025-04-01,2025-05-28,2025-05-01,Closed Lost,1,0,10600.0,38.0,Competitor,Helioscope
3418,1531,4,SMB,2,direct,2026-05-27,2026-05-01,2026-06-26,2026-06-01,Closed Lost,1,0,14800.0,30.0,No decision,Northwind
3422,1533,17,Mid-Market,6,paid_social,2024-10-27,2024-10-01,2025-01-13,2025-01-01,Closed Lost,1,0,49500.0,78.0,Timing,Northwind
3423,1534,11,Mid-Market,4,affiliate,2026-06-27,2026-06-01,2026-07-30,2026-07-01,Discovery,0,0,67800.0,,,
3427,1535,9,Enterprise,3,paid_social,2025-07-13,2025-07-01,2025-11-24,2025-11-01,Closed Lost,1,0,180200.0,134.0,Timing,Kestrel
3428,1535,9,Enterprise,3,paid_social,2026-02-14,2026-02-01,2026-06-23,2026-06-01,Closed Won,1,1,219200.0,129.0,,
3429,1536,14,Mid-Market,5,paid_search,2026-02-11,2026-02-01,2026-05-14,2026-05-01,Closed Lost,1,0,62800.0,92.0,Competitor,Kestrel
3430,1537,22,SMB,8,direct,2025-09-18,2025-09-01,2025-10-17,2025-10-01,Closed Lost,1,0,8200.0,29.0,Lost to status quo,(none)
3431,1537,22,SMB,8,direct,2026-06-20,2026-06-01,2026-07-14,2026-07-01,Prospecting,0,0,12600.0,,,
3433,1538,8,Mid-Market,3,organic_search,2025-04-08,2025-04-01,2025-07-21,2025-07-01,Closed Lost,1,0,35600.0,104.0,Lost to status quo,Kestrel
3434,1538,8,Mid-Market,3,organic_search,2026-04-12,2026-04-01,2026-07-28,2026-07-01,Demo,0,0,46600.0,,,
3436,1539,12,Enterprise,4,paid_search,2025-09-05,2025-09-01,2026-01-09,2026-01-01,Closed Lost,1,0,205500.0,126.0,Lost to status quo,(none)
3437,1540,16,SMB,6,direct,2024-09-23,2024-09-01,2024-10-29,2024-10-01,Closed Lost,1,0,14200.0,36.0,Price,(none)
3438,1541,16,SMB,6,organic_search,2026-02-26,2026-02-01,2026-03-27,2026-03-01,Closed Lost,1,0,16700.0,29.0,Competitor,Helioscope
3442,1542,13,SMB,5,paid_search,2025-04-19,2025-04-01,2025-05-08,2025-05-01,Closed Lost,1,0,7400.0,19.0,Timing,Helioscope
3443,1542,13,SMB,5,paid_search,2026-02-02,2026-02-01,2026-03-02,2026-03-01,Closed Lost,1,0,34400.0,28.0,Timing,Kestrel
3446,1543,21,Enterprise,7,email,2025-02-20,2025-02-01,2025-06-28,2025-06-01,Closed Lost,1,0,201700.0,128.0,Price,Kestrel
3447,1543,21,Enterprise,7,email,2026-02-08,2026-02-01,2026-06-07,2026-06-01,Closed Lost,1,0,175200.0,119.0,Price,Kestrel
3448,1544,13,SMB,5,paid_social,2025-05-19,2025-05-01,2025-06-05,2025-06-01,Closed Lost,1,0,5300.0,17.0,Timing,Northwind
3449,1545,7,SMB,3,organic_search,2024-10-11,2024-10-01,2024-11-11,2024-11-01,Closed Lost,1,0,15900.0,31.0,Lost to status quo,Helioscope
3450,1546,13,SMB,5,paid_search,2025-06-04,2025-06-01,2025-06-29,2025-06-01,Closed Won,1,1,27900.0,25.0,,
3451,1546,13,SMB,5,paid_search,2026-06-19,2026-06-01,2026-07-19,2026-07-01,Demo,0,0,9500.0,,,
3452,1547,8,Mid-Market,3,paid_search,2026-02-13,2026-02-01,2026-06-11,2026-06-01,Closed Won,1,1,58800.0,118.0,,
3455,1548,4,SMB,2,email,2026-06-25,2026-06-01,2026-07-22,2026-07-01,Demo,0,0,7800.0,,,
3457,1549,22,SMB,8,email,2026-04-03,2026-04-01,2026-04-26,2026-04-01,Closed Lost,1,0,9000.0,23.0,Timing,Kestrel
3460,1550,16,SMB,6,email,2025-01-14,2025-01-01,2025-02-17,2025-02-01,Closed Lost,1,0,4600.0,34.0,Lost to status quo,(none)
3461,1551,16,SMB,6,affiliate,2026-06-14,2026-06-01,2026-07-08,2026-07-01,Proposal,0,0,10900.0,,,
3464,1552,22,SMB,8,paid_social,2026-03-02,2026-03-01,2026-04-08,2026-04-01,Closed Won,1,1,8500.0,37.0,,
3465,1553,11,Mid-Market,4,organic_search,2024-11-15,2024-11-01,2025-01-07,2025-01-01,Closed Won,1,1,26500.0,53.0,,
3466,1554,1,SMB,1,organic_search,2026-05-28,2026-05-01,2026-07-09,2026-07-01,Negotiation,0,0,11700.0,,,
3467,1555,6,Enterprise,2,organic_search,2025-03-20,2025-03-01,2025-09-06,2025-09-01,Closed Lost,1,0,224200.0,170.0,Price,Kestrel
3468,1556,9,Enterprise,3,display,2026-02-03,2026-02-01,2026-10-18,2026-10-01,Demo,0,0,129400.0,,,
3469,1557,24,Enterprise,8,display,2026-06-24,2026-06-01,2026-08-11,2026-08-01,Proposal,0,0,227900.0,,,
3470,1558,11,Mid-Market,4,organic_search,2025-04-15,2025-04-01,2025-05-07,2025-05-01,Closed Lost,1,0,52200.0,22.0,Price,(none)
3471,1558,11,Mid-Market,4,organic_search,2026-04-02,2026-04-01,2026-07-06,2026-07-01,Negotiation,0,0,42400.0,,,
3472,1559,19,SMB,7,affiliate,2026-01-04,2026-01-01,2026-02-13,2026-02-01,Closed Won,1,1,9400.0,40.0,,
3474,1560,1,SMB,1,direct,2025-06-17,2025-06-01,2025-07-25,2025-07-01,Closed Won,1,1,10500.0,38.0,,
3475,1561,23,Mid-Market,8,paid_social,2026-04-24,2026-04-01,2026-06-07,2026-06-01,Closed Lost,1,0,33900.0,44.0,Competitor,Northwind
3476,1562,19,SMB,7,affiliate,2025-11-20,2025-11-01,2025-12-29,2025-12-01,Closed Lost,1,0,6500.0,39.0,Competitor,(none)
3482,1564,7,SMB,3,display,2025-05-26,2025-05-01,2025-06-09,2025-06-01,Closed Lost,1,0,16600.0,14.0,Lost to status quo,Helioscope
3483,1564,7,SMB,3,display,2026-03-08,2026-03-01,2026-04-03,2026-04-01,Closed Lost,1,0,11100.0,26.0,No decision,Northwind
3485,1565,21,Enterprise,7,affiliate,2025-07-12,2025-07-01,2025-12-10,2025-12-01,Closed Lost,1,0,185500.0,151.0,Timing,Helioscope
3486,1566,7,SMB,3,direct,2025-10-03,2025-10-01,2025-11-07,2025-11-01,Closed Lost,1,0,12200.0,35.0,Timing,Helioscope
3487,1566,7,SMB,3,direct,2026-03-31,2026-03-01,2026-05-16,2026-05-01,Closed Won,1,1,17000.0,46.0,,
3488,1567,13,SMB,5,organic_search,2026-03-01,2026-03-01,2026-04-19,2026-04-01,Closed Lost,1,0,9600.0,49.0,Competitor,Northwind
3489,1568,7,SMB,3,paid_search,2025-01-20,2025-01-01,2025-03-20,2025-03-01,Closed Lost,1,0,16000.0,59.0,No decision,Helioscope
3490,1568,7,SMB,3,paid_search,2026-01-18,2026-01-01,2026-03-01,2026-03-01,Closed Won,1,1,7400.0,42.0,,
3493,1569,12,Enterprise,4,display,2026-02-05,2026-02-01,2026-08-11,2026-08-01,Prospecting,0,0,168700.0,,,
3494,1570,14,Mid-Market,5,affiliate,2025-07-24,2025-07-01,2025-09-19,2025-09-01,Closed Lost,1,0,23000.0,57.0,No decision,Northwind
3495,1571,21,Enterprise,7,email,2025-09-09,2025-09-01,2026-03-02,2026-03-01,Closed Lost,1,0,234900.0,174.0,Timing,Helioscope
3496,1572,23,Mid-Market,8,affiliate,2025-01-05,2025-01-01,2025-03-17,2025-03-01,Closed Lost,1,0,23000.0,71.0,Price,(none)
3497,1573,22,SMB,8,organic_search,2025-08-29,2025-08-01,2025-09-29,2025-09-01,Closed Won,1,1,16500.0,31.0,,
3498,1574,8,Mid-Market,3,display,2025-06-10,2025-06-01,2025-07-14,2025-07-01,Closed Lost,1,0,56900.0,34.0,Timing,Kestrel
3499,1575,14,Mid-Market,5,paid_social,2025-10-22,2025-10-01,2026-02-04,2026-02-01,Closed Won,1,1,42600.0,105.0,,
3500,1576,4,SMB,2,display,2025-07-30,2025-07-01,2025-09-17,2025-09-01,Closed Lost,1,0,12000.0,49.0,Timing,Helioscope
3503,1577,7,SMB,3,affiliate,2025-08-17,2025-08-01,2025-09-23,2025-09-01,Closed Lost,1,0,7500.0,37.0,Price,Northwind
3504,1578,10,SMB,4,paid_search,2026-02-09,2026-02-01,2026-03-20,2026-03-01,Closed Lost,1,0,11500.0,39.0,Timing,Kestrel
3511,1580,12,Enterprise,4,paid_social,2025-10-04,2025-10-01,2026-02-18,2026-02-01,Closed Lost,1,0,169600.0,137.0,Price,Helioscope
3515,1581,18,Enterprise,6,email,2024-10-17,2024-10-01,2024-12-29,2024-12-01,Closed Won,1,1,198500.0,73.0,,
3516,1582,19,SMB,7,display,2025-11-22,2025-11-01,2025-12-12,2025-12-01,Closed Lost,1,0,10400.0,20.0,Lost to status quo,Helioscope
3517,1583,11,Mid-Market,4,paid_search,2026-01-07,2026-01-01,2026-05-01,2026-05-01,Closed Lost,1,0,38900.0,114.0,Price,Kestrel
3519,1584,4,SMB,2,paid_social,2024-11-19,2024-11-01,2025-01-09,2025-01-01,Closed Lost,1,0,9400.0,51.0,Competitor,(none)
3520,1585,17,Mid-Market,6,paid_search,2024-08-26,2024-08-01,2024-11-19,2024-11-01,Closed Lost,1,0,66700.0,85.0,Lost to status quo,Kestrel
3521,1586,11,Mid-Market,4,paid_search,2026-02-11,2026-02-01,2026-06-10,2026-06-01,Closed Lost,1,0,62200.0,119.0,Competitor,(none)
3523,1587,19,SMB,7,affiliate,2026-03-24,2026-03-01,2026-04-16,2026-04-01,Closed Lost,1,0,10000.0,23.0,Timing,Kestrel
3526,1588,4,SMB,2,paid_search,2025-08-31,2025-08-01,2025-10-14,2025-10-01,Closed Lost,1,0,6600.0,44.0,No decision,Northwind
3527,1588,4,SMB,2,paid_search,2026-04-14,2026-04-01,2026-05-17,2026-05-01,Closed Lost,1,0,11200.0,33.0,No decision,Northwind
3530,1589,4,SMB,2,email,2024-11-21,2024-11-01,2024-12-17,2024-12-01,Closed Won,1,1,16500.0,26.0,,
3531,1590,21,Enterprise,7,direct,2025-11-30,2025-11-01,2026-05-24,2026-05-01,Closed Lost,1,0,154100.0,175.0,Competitor,Helioscope
3534,1591,19,SMB,7,paid_social,2026-03-13,2026-03-01,2026-04-15,2026-04-01,Closed Lost,1,0,8600.0,33.0,Timing,Northwind
3536,1592,23,Mid-Market,8,paid_social,2026-03-29,2026-03-01,2026-05-31,2026-05-01,Closed Lost,1,0,46000.0,63.0,Lost to status quo,Kestrel
3542,1593,10,SMB,4,paid_social,2025-03-31,2025-03-01,2025-05-14,2025-05-01,Closed Lost,1,0,14400.0,44.0,Competitor,Helioscope
3543,1593,10,SMB,4,paid_social,2026-03-30,2026-03-01,2026-04-19,2026-04-01,Closed Lost,1,0,9300.0,20.0,No decision,(none)
3546,1594,10,SMB,4,display,2026-02-18,2026-02-01,2026-04-10,2026-04-01,Closed Won,1,1,10900.0,51.0,,
3551,1595,4,SMB,2,organic_search,2025-05-06,2025-05-01,2025-06-03,2025-06-01,Closed Won,1,1,23500.0,28.0,,
3552,1596,19,SMB,7,organic_search,2025-01-28,2025-01-01,2025-02-16,2025-02-01,Closed Lost,1,0,12100.0,19.0,Timing,Northwind
3553,1597,8,Mid-Market,3,direct,2026-05-14,2026-05-01,2026-09-10,2026-09-01,Negotiation,0,0,44500.0,,,
3555,1598,8,Mid-Market,3,email,2025-09-24,2025-09-01,2025-11-12,2025-11-01,Closed Lost,1,0,17700.0,49.0,Competitor,Kestrel
3556,1599,10,SMB,4,organic_search,2025-02-09,2025-02-01,2025-03-12,2025-03-01,Closed Lost,1,0,23100.0,31.0,Competitor,Kestrel
3557,1599,10,SMB,4,organic_search,2025-09-30,2025-09-01,2025-10-07,2025-10-01,Closed Lost,1,0,10500.0,7.0,Competitor,(none)
3558,1599,10,SMB,4,organic_search,2026-05-21,2026-05-01,2026-06-10,2026-06-01,Closed Lost,1,0,6700.0,20.0,Price,Northwind
3559,1600,15,Enterprise,5,direct,2025-01-04,2025-01-01,2025-05-05,2025-05-01,Closed Lost,1,0,131400.0,121.0,Timing,(none)
3560,1601,4,SMB,2,email,2024-12-31,2024-12-01,2025-01-28,2025-01-01,Closed Won,1,1,11800.0,28.0,,
3561,1601,4,SMB,2,email,2025-09-26,2025-09-01,2025-10-29,2025-10-01,Closed Lost,1,0,7100.0,33.0,Lost to status quo,Kestrel
3562,1601,4,SMB,2,email,2026-04-27,2026-04-01,2026-06-02,2026-06-01,Closed Won,1,1,19400.0,36.0,,
3563,1602,19,SMB,7,direct,2026-06-08,2026-06-01,2026-07-17,2026-07-01,Demo,0,0,11500.0,,,
3569,1603,19,SMB,7,display,2026-04-17,2026-04-01,2026-05-15,2026-05-01,Closed Lost,1,0,23300.0,28.0,Timing,Helioscope
3575,1604,23,Mid-Market,8,direct,2026-01-02,2026-01-01,2026-03-13,2026-03-01,Closed Lost,1,0,48400.0,70.0,No decision,Helioscope
3577,1605,6,Enterprise,2,display,2025-12-06,2025-12-01,2026-04-09,2026-04-01,Closed Won,1,1,235100.0,124.0,,
3578,1606,24,Enterprise,8,direct,2026-06-22,2026-06-01,2026-11-15,2026-11-01,Discovery,0,0,206400.0,,,
3580,1607,21,Enterprise,7,direct,2025-05-19,2025-05-01,2025-12-07,2025-12-01,Closed Lost,1,0,342700.0,202.0,Timing,Kestrel
3581,1608,19,SMB,7,email,2024-12-12,2024-12-01,2025-01-19,2025-01-01,Closed Lost,1,0,11500.0,38.0,No decision,Kestrel
3582,1609,13,SMB,5,affiliate,2025-10-08,2025-10-01,2025-11-11,2025-11-01,Closed Lost,1,0,19800.0,34.0,Lost to status quo,(none)
3585,1610,3,Enterprise,1,organic_search,2026-06-03,2026-06-01,2026-10-14,2026-10-01,Negotiation,0,0,164700.0,,,
3587,1611,22,SMB,8,direct,2025-07-08,2025-07-01,2025-08-07,2025-08-01,Closed Lost,1,0,18500.0,30.0,No decision,(none)
3588,1611,22,SMB,8,direct,2026-03-13,2026-03-01,2026-04-28,2026-04-01,Closed Lost,1,0,12700.0,46.0,Competitor,Kestrel
3590,1612,17,Mid-Market,6,display,2025-09-09,2025-09-01,2025-12-26,2025-12-01,Closed Won,1,1,33700.0,108.0,,
3591,1612,17,Mid-Market,6,display,2026-05-21,2026-05-01,2026-07-27,2026-07-01,Negotiation,0,0,21400.0,,,
3592,1613,19,SMB,7,affiliate,2026-06-16,2026-06-01,2026-07-16,2026-07-01,Demo,0,0,11600.0,,,
3593,1614,16,SMB,6,email,2026-03-11,2026-03-01,2026-04-24,2026-04-01,Closed Lost,1,0,8300.0,44.0,Lost to status quo,Northwind
3595,1615,14,Mid-Market,5,direct,2025-08-05,2025-08-01,2025-10-04,2025-10-01,Closed Lost,1,0,51200.0,60.0,Competitor,Kestrel
3596,1616,13,SMB,5,direct,2026-03-01,2026-03-01,2026-04-03,2026-04-01,Closed Lost,1,0,6200.0,33.0,Price,Helioscope
3597,1617,6,Enterprise,2,organic_search,2024-10-16,2024-10-01,2025-01-24,2025-01-01,Closed Lost,1,0,294900.0,100.0,No decision,Northwind
3598,1618,6,Enterprise,2,paid_search,2025-03-12,2025-03-01,2025-08-21,2025-08-01,Closed Lost,1,0,258900.0,162.0,Competitor,Kestrel
3599,1619,13,SMB,5,display,2025-10-31,2025-10-01,2025-11-24,2025-11-01,Closed Lost,1,0,12000.0,24.0,Lost to status quo,Northwind
3604,1620,23,Mid-Market,8,paid_search,2025-09-19,2025-09-01,2025-11-12,2025-11-01,Closed Lost,1,0,93400.0,54.0,Competitor,(none)
3605,1621,4,SMB,2,paid_search,2025-12-01,2025-12-01,2025-12-29,2025-12-01,Closed Lost,1,0,8100.0,28.0,Lost to status quo,Kestrel
3606,1622,10,SMB,4,email,2025-10-03,2025-10-01,2025-10-15,2025-10-01,Closed Won,1,1,5300.0,12.0,,
3609,1623,19,SMB,7,paid_social,2025-02-25,2025-02-01,2025-04-07,2025-04-01,Closed Lost,1,0,5000.0,41.0,Price,(none)
3610,1624,10,SMB,4,paid_social,2026-06-12,2026-06-01,2026-08-01,2026-08-01,Prospecting,0,0,10800.0,,,
3613,1625,10,SMB,4,paid_search,2025-12-11,2025-12-01,2026-01-11,2026-01-01,Closed Lost,1,0,9800.0,31.0,Lost to status quo,(none)
3614,1626,7,SMB,3,organic_search,2025-08-23,2025-08-01,2025-09-29,2025-09-01,Closed Won,1,1,10100.0,37.0,,
3615,1626,7,SMB,3,organic_search,2026-05-01,2026-05-01,2026-05-27,2026-05-01,Closed Won,1,1,8200.0,26.0,,
3616,1627,13,SMB,5,affiliate,2026-03-15,2026-03-01,2026-04-14,2026-04-01,Closed Lost,1,0,6000.0,30.0,Timing,Kestrel
3617,1628,8,Mid-Market,3,paid_search,2026-03-18,2026-03-01,2026-05-29,2026-05-01,Closed Lost,1,0,49700.0,72.0,No decision,Northwind
3622,1629,20,Mid-Market,7,display,2024-10-13,2024-10-01,2025-02-05,2025-02-01,Closed Lost,1,0,50600.0,115.0,No decision,Kestrel
3623,1630,4,SMB,2,direct,2025-02-04,2025-02-01,2025-03-21,2025-03-01,Closed Won,1,1,4400.0,45.0,,
3624,1630,4,SMB,2,direct,2026-01-09,2026-01-01,2026-02-03,2026-02-01,Closed Won,1,1,13800.0,25.0,,
3625,1630,4,SMB,2,direct,2026-04-05,2026-04-01,2026-05-08,2026-05-01,Closed Won,1,1,3000.0,33.0,,
3627,1631,5,Mid-Market,2,affiliate,2025-10-20,2025-10-01,2026-01-26,2026-01-01,Closed Lost,1,0,79500.0,98.0,Lost to status quo,(none)
3628,1631,5,Mid-Market,2,affiliate,2026-04-12,2026-04-01,2026-07-22,2026-07-01,Prospecting,0,0,52800.0,,,
3629,1632,16,SMB,6,paid_social,2026-01-05,2026-01-01,2026-01-25,2026-01-01,Closed Won,1,1,13400.0,20.0,,
3633,1633,17,Mid-Market,6,paid_search,2025-10-13,2025-10-01,2025-12-13,2025-12-01,Closed Lost,1,0,100500.0,61.0,No decision,(none)
3634,1634,11,Mid-Market,4,organic_search,2026-05-24,2026-05-01,2026-08-11,2026-08-01,Prospecting,0,0,33900.0,,,
3635,1635,4,SMB,2,display,2025-12-18,2025-12-01,2026-01-20,2026-01-01,Closed Lost,1,0,7800.0,33.0,Price,Northwind
3637,1636,7,SMB,3,email,2026-06-15,2026-06-01,2026-08-26,2026-08-01,Negotiation,0,0,4100.0,,,
3643,1637,13,SMB,5,email,2025-01-10,2025-01-01,2025-02-16,2025-02-01,Closed Won,1,1,11500.0,37.0,,
3644,1638,19,SMB,7,paid_search,2024-09-11,2024-09-01,2024-11-05,2024-11-01,Closed Lost,1,0,8900.0,55.0,Timing,Kestrel
3645,1638,19,SMB,7,paid_search,2025-05-21,2025-05-01,2025-06-26,2025-06-01,Closed Lost,1,0,11600.0,36.0,No decision,Kestrel
3646,1638,19,SMB,7,paid_search,2026-05-23,2026-05-01,2026-06-18,2026-06-01,Closed Lost,1,0,20900.0,26.0,Timing,(none)
3649,1639,16,SMB,6,paid_social,2025-05-13,2025-05-01,2025-06-01,2025-06-01,Closed Lost,1,0,7500.0,19.0,Timing,Kestrel
3650,1639,16,SMB,6,paid_social,2026-04-21,2026-04-01,2026-05-19,2026-05-01,Closed Lost,1,0,12100.0,28.0,Competitor,(none)
3653,1640,2,Mid-Market,1,email,2026-03-13,2026-03-01,2026-06-05,2026-06-01,Closed Lost,1,0,36900.0,84.0,Competitor,Helioscope
3654,1641,17,Mid-Market,6,email,2026-06-27,2026-06-01,2026-08-15,2026-08-01,Negotiation,0,0,36800.0,,,
3657,1642,10,SMB,4,paid_social,2025-06-29,2025-06-01,2025-07-19,2025-07-01,Closed Lost,1,0,13700.0,20.0,Price,Helioscope
3658,1642,10,SMB,4,paid_social,2026-05-18,2026-05-01,2026-06-24,2026-06-01,Closed Lost,1,0,22600.0,37.0,Lost to status quo,Northwind
3659,1643,23,Mid-Market,8,display,2025-12-15,2025-12-01,2026-02-28,2026-02-01,Closed Lost,1,0,58300.0,75.0,No decision,Northwind
3664,1645,16,SMB,6,organic_search,2025-01-25,2025-01-01,2025-02-24,2025-02-01,Closed Lost,1,0,8100.0,30.0,Timing,Northwind
3665,1645,16,SMB,6,organic_search,2025-10-06,2025-10-01,2025-11-05,2025-11-01,Closed Lost,1,0,8700.0,30.0,Competitor,Kestrel
3668,1646,14,Mid-Market,5,paid_social,2025-02-04,2025-02-01,2025-03-18,2025-03-01,Closed Lost,1,0,34400.0,42.0,Lost to status quo,Kestrel
3669,1647,7,SMB,3,organic_search,2025-05-31,2025-05-01,2025-06-17,2025-06-01,Closed Lost,1,0,20500.0,17.0,Lost to status quo,Helioscope
3670,1647,7,SMB,3,organic_search,2026-06-20,2026-06-01,2026-07-06,2026-07-01,Prospecting,0,0,11300.0,,,
3674,1648,3,Enterprise,1,affiliate,2025-08-14,2025-08-01,2026-03-08,2026-03-01,Closed Lost,1,0,165500.0,206.0,Competitor,Northwind
3675,1649,22,SMB,8,paid_social,2024-08-20,2024-08-01,2024-10-10,2024-10-01,Closed Lost,1,0,13600.0,51.0,Lost to status quo,(none)
3676,1649,22,SMB,8,paid_social,2025-04-20,2025-04-01,2025-06-03,2025-06-01,Closed Lost,1,0,9600.0,44.0,No decision,Northwind
3677,1649,22,SMB,8,paid_social,2026-05-14,2026-05-01,2026-06-14,2026-06-01,Closed Lost,1,0,23500.0,31.0,Competitor,Northwind
3679,1650,11,Mid-Market,4,display,2025-03-05,2025-03-01,2025-04-26,2025-04-01,Closed Lost,1,0,31200.0,52.0,Lost to status quo,(none)
3680,1651,4,SMB,2,display,2026-04-09,2026-04-01,2026-05-15,2026-05-01,Closed Lost,1,0,18000.0,36.0,Lost to status quo,Helioscope
3681,1652,1,SMB,1,direct,2026-03-06,2026-03-01,2026-04-23,2026-04-01,Closed Won,1,1,10500.0,48.0,,
3683,1653,15,Enterprise,5,paid_social,2025-07-15,2025-07-01,2025-12-29,2025-12-01,Closed Lost,1,0,234800.0,167.0,Price,Kestrel
3684,1654,1,SMB,1,affiliate,2025-11-04,2025-11-01,2025-12-06,2025-12-01,Closed Lost,1,0,14500.0,32.0,Timing,Northwind
3685,1655,10,SMB,4,paid_search,2025-09-17,2025-09-01,2025-09-27,2025-09-01,Closed Lost,1,0,9100.0,10.0,Lost to status quo,(none)
3686,1656,19,SMB,7,organic_search,2026-04-21,2026-04-01,2026-05-09,2026-05-01,Closed Lost,1,0,9800.0,18.0,Price,Kestrel
3687,1657,20,Mid-Market,7,direct,2025-11-26,2025-11-01,2026-03-04,2026-03-01,Closed Lost,1,0,62300.0,98.0,No decision,Helioscope
3688,1658,22,SMB,8,organic_search,2025-11-20,2025-11-01,2025-12-18,2025-12-01,Closed Lost,1,0,10900.0,28.0,Competitor,Kestrel
3694,1659,8,Mid-Market,3,paid_search,2026-02-04,2026-02-01,2026-04-05,2026-04-01,Closed Lost,1,0,51700.0,60.0,Competitor,Northwind
3696,1660,4,SMB,2,affiliate,2025-09-06,2025-09-01,2025-09-29,2025-09-01,Closed Won,1,1,7700.0,23.0,,
3697,1661,13,SMB,5,paid_social,2026-04-21,2026-04-01,2026-04-29,2026-04-01,Closed Lost,1,0,8700.0,8.0,Lost to status quo,Kestrel
3704,1662,20,Mid-Market,7,paid_search,2025-09-18,2025-09-01,2026-01-15,2026-01-01,Closed Lost,1,0,64800.0,119.0,Price,Helioscope
3705,1662,20,Mid-Market,7,paid_search,2026-06-23,2026-06-01,2026-10-04,2026-10-01,Discovery,0,0,49200.0,,,
3706,1663,1,SMB,1,organic_search,2025-11-07,2025-11-01,2025-12-16,2025-12-01,Closed Lost,1,0,7100.0,39.0,Price,Kestrel
3710,1664,13,SMB,5,email,2026-06-30,2026-06-01,2026-08-15,2026-08-01,Demo,0,0,10500.0,,,
3711,1665,12,Enterprise,4,display,2025-06-05,2025-06-01,2025-10-08,2025-10-01,Closed Lost,1,0,223600.0,125.0,No decision,Northwind
3712,1665,12,Enterprise,4,display,2025-12-21,2025-12-01,2026-06-01,2026-06-01,Closed Lost,1,0,222000.0,162.0,Competitor,Kestrel
3713,1666,8,Mid-Market,3,display,2026-03-28,2026-03-01,2026-06-01,2026-06-01,Closed Lost,1,0,42800.0,65.0,Price,Helioscope
3714,1667,16,SMB,6,organic_search,2026-02-20,2026-02-01,2026-03-26,2026-03-01,Closed Lost,1,0,8200.0,34.0,Competitor,(none)
3718,1668,17,Mid-Market,6,organic_search,2025-05-21,2025-05-01,2025-06-24,2025-06-01,Closed Won,1,1,33200.0,34.0,,
3719,1668,17,Mid-Market,6,organic_search,2025-11-30,2025-11-01,2026-03-07,2026-03-01,Closed Won,1,1,21000.0,97.0,,
3720,1669,19,SMB,7,affiliate,2025-03-21,2025-03-01,2025-04-16,2025-04-01,Closed Lost,1,0,24400.0,26.0,Timing,Northwind
3721,1669,19,SMB,7,affiliate,2025-12-07,2025-12-01,2025-12-21,2025-12-01,Closed Lost,1,0,21000.0,14.0,No decision,Helioscope
3730,1671,16,SMB,6,affiliate,2025-10-04,2025-10-01,2025-11-03,2025-11-01,Closed Won,1,1,14200.0,30.0,,
3731,1671,16,SMB,6,affiliate,2026-06-09,2026-06-01,2026-07-15,2026-07-01,Discovery,0,0,4900.0,,,
3737,1673,2,Mid-Market,1,direct,2026-02-24,2026-02-01,2026-04-09,2026-04-01,Closed Won,1,1,46600.0,44.0,,
3738,1674,8,Mid-Market,3,direct,2026-01-29,2026-01-01,2026-03-23,2026-03-01,Closed Won,1,1,38200.0,53.0,,
3741,1675,1,SMB,1,affiliate,2025-11-28,2025-11-01,2025-12-13,2025-12-01,Closed Lost,1,0,7800.0,15.0,Timing,Kestrel
3742,1676,1,SMB,1,organic_search,2025-06-01,2025-06-01,2025-07-07,2025-07-01,Closed Won,1,1,13100.0,36.0,,
3743,1676,1,SMB,1,organic_search,2026-04-16,2026-04-01,2026-05-07,2026-05-01,Closed Won,1,1,13700.0,21.0,,
3748,1677,10,SMB,4,direct,2025-06-21,2025-06-01,2025-07-05,2025-07-01,Closed Lost,1,0,12700.0,14.0,Lost to status quo,(none)
3749,1677,10,SMB,4,direct,2026-06-17,2026-06-01,2026-07-25,2026-07-01,Discovery,0,0,8400.0,,,
3752,1678,4,SMB,2,paid_search,2025-02-15,2025-02-01,2025-02-27,2025-02-01,Closed Lost,1,0,4600.0,12.0,Competitor,Kestrel
3753,1678,4,SMB,2,paid_search,2026-02-17,2026-02-01,2026-03-25,2026-03-01,Closed Won,1,1,15400.0,36.0,,
3754,1678,4,SMB,2,paid_search,2026-05-25,2026-05-01,2026-07-10,2026-07-01,Demo,0,0,9100.0,,,
3756,1679,7,SMB,3,direct,2025-07-01,2025-07-01,2025-07-27,2025-07-01,Closed Lost,1,0,28500.0,26.0,Timing,Northwind
3757,1680,7,SMB,3,paid_social,2024-10-27,2024-10-01,2024-12-04,2024-12-01,Closed Lost,1,0,10600.0,38.0,Competitor,(none)
3758,1681,23,Mid-Market,8,email,2025-04-02,2025-04-01,2025-07-06,2025-07-01,Closed Lost,1,0,79700.0,95.0,Timing,Northwind
3759,1682,16,SMB,6,paid_social,2025-06-01,2025-06-01,2025-07-13,2025-07-01,Closed Lost,1,0,20700.0,42.0,No decision,Helioscope
3760,1682,16,SMB,6,paid_social,2026-02-13,2026-02-01,2026-03-01,2026-03-01,Closed Lost,1,0,7200.0,16.0,Price,(none)
3764,1683,4,SMB,2,email,2026-03-15,2026-03-01,2026-04-12,2026-04-01,Closed Won,1,1,9100.0,28.0,,
3769,1684,22,SMB,8,paid_social,2025-03-06,2025-03-01,2025-04-17,2025-04-01,Closed Lost,1,0,7800.0,42.0,No decision,Northwind
3770,1684,22,SMB,8,paid_social,2025-12-14,2025-12-01,2026-01-10,2026-01-01,Closed Lost,1,0,10300.0,27.0,Price,(none)
3771,1685,20,Mid-Market,7,email,2024-12-10,2024-12-01,2025-02-28,2025-02-01,Closed Lost,1,0,41300.0,80.0,No decision,Northwind
3772,1686,5,Mid-Market,2,paid_search,2025-06-07,2025-06-01,2025-08-18,2025-08-01,Closed Lost,1,0,55900.0,72.0,Price,(none)
3773,1687,1,SMB,1,paid_social,2024-11-15,2024-11-01,2024-12-10,2024-12-01,Closed Lost,1,0,10100.0,25.0,Competitor,Helioscope
3774,1687,1,SMB,1,paid_social,2025-09-13,2025-09-01,2025-10-10,2025-10-01,Closed Lost,1,0,13500.0,27.0,Timing,Northwind
3775,1687,1,SMB,1,paid_social,2026-04-11,2026-04-01,2026-04-27,2026-04-01,Closed Lost,1,0,14100.0,16.0,Price,Helioscope
3777,1688,7,SMB,3,display,2025-01-27,2025-01-01,2025-03-15,2025-03-01,Closed Won,1,1,12800.0,47.0,,
3779,1690,2,Mid-Market,1,paid_search,2025-09-25,2025-09-01,2025-12-06,2025-12-01,Closed Lost,1,0,41600.0,72.0,Price,Kestrel
3780,1690,2,Mid-Market,1,paid_search,2026-05-28,2026-05-01,2026-06-22,2026-06-01,Closed Lost,1,0,36200.0,25.0,Price,Kestrel
3781,1691,16,SMB,6,direct,2026-03-30,2026-03-01,2026-04-21,2026-04-01,Closed Lost,1,0,6100.0,22.0,Competitor,(none)
3783,1692,17,Mid-Market,6,email,2026-05-24,2026-05-01,2026-08-02,2026-08-01,Negotiation,0,0,27100.0,,,
3784,1693,19,SMB,7,paid_search,2025-03-03,2025-03-01,2025-04-12,2025-04-01,Closed Won,1,1,8000.0,40.0,,
3785,1694,4,SMB,2,direct,2025-12-31,2025-12-01,2026-01-27,2026-01-01,Closed Lost,1,0,15700.0,27.0,Competitor,Helioscope
3786,1695,13,SMB,5,display,2024-10-23,2024-10-01,2024-11-14,2024-11-01,Closed Lost,1,0,11800.0,22.0,Timing,(none)
3787,1696,8,Mid-Market,3,paid_search,2026-06-29,2026-06-01,2026-09-22,2026-09-01,Discovery,0,0,42000.0,,,
3788,1697,1,SMB,1,paid_search,2024-11-21,2024-11-01,2024-12-22,2024-12-01,Closed Won,1,1,15700.0,31.0,,
3789,1697,1,SMB,1,paid_search,2025-09-03,2025-09-01,2025-10-08,2025-10-01,Closed Lost,1,0,12900.0,35.0,Price,(none)
3790,1697,1,SMB,1,paid_search,2026-06-13,2026-06-01,2026-07-14,2026-07-01,Prospecting,0,0,10900.0,,,
3791,1698,7,SMB,3,display,2026-05-01,2026-05-01,2026-06-08,2026-06-01,Closed Lost,1,0,18300.0,38.0,Competitor,Northwind
3794,1699,14,Mid-Market,5,paid_search,2025-08-17,2025-08-01,2025-10-05,2025-10-01,Closed Lost,1,0,54500.0,49.0,Timing,Kestrel
3795,1700,7,SMB,3,paid_social,2026-03-25,2026-03-01,2026-04-29,2026-04-01,Closed Lost,1,0,37200.0,35.0,Timing,Northwind
3797,1701,7,SMB,3,paid_search,2026-01-08,2026-01-01,2026-02-09,2026-02-01,Closed Won,1,1,6700.0,32.0,,
3803,1704,13,SMB,5,organic_search,2026-01-14,2026-01-01,2026-01-21,2026-01-01,Closed Won,1,1,6800.0,7.0,,
3804,1705,8,Mid-Market,3,paid_search,2026-05-24,2026-05-01,2026-08-17,2026-08-01,Negotiation,0,0,24200.0,,,
3806,1706,16,SMB,6,organic_search,2025-10-02,2025-10-01,2025-11-13,2025-11-01,Closed Lost,1,0,12500.0,42.0,Lost to status quo,Northwind
3807,1707,2,Mid-Market,1,paid_social,2024-11-26,2024-11-01,2025-01-23,2025-01-01,Closed Won,1,1,74200.0,58.0,,
3809,1709,23,Mid-Market,8,direct,2026-04-18,2026-04-01,2026-08-08,2026-08-01,Discovery,0,0,40800.0,,,
3810,1710,16,SMB,6,direct,2026-02-06,2026-02-01,2026-03-13,2026-03-01,Closed Won,1,1,18500.0,35.0,,
3811,1711,4,SMB,2,email,2024-11-28,2024-11-01,2024-12-13,2024-12-01,Closed Won,1,1,4400.0,15.0,,
3812,1711,4,SMB,2,email,2025-07-10,2025-07-01,2025-08-26,2025-08-01,Closed Lost,1,0,8100.0,47.0,Lost to status quo,(none)
3814,1713,4,SMB,2,direct,2024-09-05,2024-09-01,2024-09-25,2024-09-01,Closed Lost,1,0,11600.0,20.0,No decision,Northwind
3815,1713,4,SMB,2,direct,2025-08-06,2025-08-01,2025-10-06,2025-10-01,Closed Lost,1,0,4900.0,61.0,Lost to status quo,Kestrel
3816,1713,4,SMB,2,direct,2026-06-23,2026-06-01,2026-08-10,2026-08-01,Prospecting,0,0,6500.0,,,
3817,1714,22,SMB,8,display,2024-11-17,2024-11-01,2024-12-14,2024-12-01,Closed Won,1,1,16400.0,27.0,,
3818,1715,10,SMB,4,direct,2026-05-14,2026-05-01,2026-06-01,2026-06-01,Closed Lost,1,0,24000.0,18.0,Lost to status quo,Northwind
3820,1716,13,SMB,5,affiliate,2025-12-24,2025-12-01,2025-12-31,2025-12-01,Closed Won,1,1,5400.0,7.0,,
3824,1717,5,Mid-Market,2,affiliate,2026-01-15,2026-01-01,2026-04-19,2026-04-01,Closed Lost,1,0,50600.0,94.0,Timing,Helioscope
3825,1718,11,Mid-Market,4,paid_social,2025-03-13,2025-03-01,2025-04-15,2025-04-01,Closed Lost,1,0,25100.0,33.0,Competitor,Kestrel
3826,1718,11,Mid-Market,4,paid_social,2025-11-24,2025-11-01,2026-02-14,2026-02-01,Closed Lost,1,0,32100.0,82.0,No decision,Kestrel
3828,1719,13,SMB,5,direct,2025-12-11,2025-12-01,2026-01-08,2026-01-01,Closed Lost,1,0,15500.0,28.0,Competitor,Northwind
3832,1720,17,Mid-Market,6,direct,2025-09-16,2025-09-01,2025-11-24,2025-11-01,Closed Lost,1,0,21100.0,69.0,Competitor,Northwind
3833,1721,4,SMB,2,display,2026-06-13,2026-06-01,2026-07-01,2026-07-01,Closed Lost,1,0,3900.0,18.0,Price,Northwind
3836,1722,6,Enterprise,2,email,2026-06-28,2026-06-01,2026-11-02,2026-11-01,Proposal,0,0,237100.0,,,
3837,1723,2,Mid-Market,1,direct,2025-08-31,2025-08-01,2025-11-08,2025-11-01,Closed Won,1,1,42700.0,69.0,,
3839,1724,19,SMB,7,affiliate,2025-08-14,2025-08-01,2025-09-03,2025-09-01,Closed Lost,1,0,15200.0,20.0,Price,Helioscope
3840,1725,1,SMB,1,direct,2026-03-21,2026-03-01,2026-04-07,2026-04-01,Closed Lost,1,0,12400.0,17.0,Timing,(none)
3844,1726,23,Mid-Market,8,paid_social,2026-06-09,2026-06-01,2026-08-30,2026-08-01,Discovery,0,0,40500.0,,,
3845,1727,8,Mid-Market,3,email,2026-02-03,2026-02-01,2026-04-07,2026-04-01,Closed Lost,1,0,24100.0,63.0,Lost to status quo,Helioscope
3847,1729,19,SMB,7,organic_search,2026-03-10,2026-03-01,2026-04-02,2026-04-01,Closed Lost,1,0,16200.0,23.0,Lost to status quo,Northwind
3850,1730,5,Mid-Market,2,paid_search,2026-02-18,2026-02-01,2026-05-10,2026-05-01,Closed Lost,1,0,44400.0,81.0,Price,Northwind
3851,1731,22,SMB,8,email,2025-07-28,2025-07-01,2025-09-12,2025-09-01,Closed Lost,1,0,10200.0,46.0,Price,(none)
3852,1731,22,SMB,8,email,2026-02-23,2026-02-01,2026-03-18,2026-03-01,Closed Lost,1,0,5100.0,23.0,No decision,Northwind
3853,1732,14,Mid-Market,5,paid_search,2026-03-03,2026-03-01,2026-04-30,2026-04-01,Closed Lost,1,0,43000.0,58.0,Timing,(none)
3854,1733,14,Mid-Market,5,organic_search,2026-06-13,2026-06-01,2026-08-17,2026-08-01,Proposal,0,0,22100.0,,,
3855,1734,21,Enterprise,7,display,2026-01-31,2026-01-01,2026-03-31,2026-03-01,Closed Lost,1,0,169600.0,59.0,Timing,Kestrel
3856,1735,19,SMB,7,direct,2026-03-24,2026-03-01,2026-04-26,2026-04-01,Closed Lost,1,0,9100.0,33.0,Competitor,(none)
3858,1736,23,Mid-Market,8,paid_search,2024-08-31,2024-08-01,2024-11-07,2024-11-01,Closed Won,1,1,118900.0,68.0,,
3859,1736,23,Mid-Market,8,paid_search,2025-06-11,2025-06-01,2025-08-24,2025-08-01,Closed Lost,1,0,16700.0,74.0,Competitor,(none)
3864,1738,20,Mid-Market,7,display,2024-11-27,2024-11-01,2025-02-09,2025-02-01,Closed Lost,1,0,30100.0,74.0,Lost to status quo,(none)
3865,1739,3,Enterprise,1,paid_social,2026-06-21,2026-06-01,2026-11-22,2026-11-01,Proposal,0,0,204000.0,,,
3866,1740,20,Mid-Market,7,display,2026-04-27,2026-04-01,2026-06-09,2026-06-01,Closed Lost,1,0,42500.0,43.0,Timing,Northwind
3869,1741,23,Mid-Market,8,display,2026-01-27,2026-01-01,2026-03-25,2026-03-01,Closed Won,1,1,59700.0,57.0,,
3875,1743,1,SMB,1,affiliate,2025-07-18,2025-07-01,2025-08-07,2025-08-01,Closed Won,1,1,12000.0,20.0,,
3878,1745,5,Mid-Market,2,direct,2025-05-24,2025-05-01,2025-08-09,2025-08-01,Closed Lost,1,0,81200.0,77.0,Timing,Helioscope
3879,1746,11,Mid-Market,4,display,2026-04-04,2026-04-01,2026-07-29,2026-07-01,Discovery,0,0,59200.0,,,
3880,1747,17,Mid-Market,6,email,2024-12-15,2024-12-01,2025-03-31,2025-03-01,Closed Lost,1,0,36200.0,106.0,Price,Northwind
3881,1748,22,SMB,8,affiliate,2026-01-22,2026-01-01,2026-02-03,2026-02-01,Closed Won,1,1,9300.0,12.0,,
3883,1749,1,SMB,1,email,2024-08-21,2024-08-01,2024-09-28,2024-09-01,Closed Lost,1,0,8700.0,38.0,Timing,Helioscope
3884,1749,1,SMB,1,email,2025-06-24,2025-06-01,2025-07-15,2025-07-01,Closed Won,1,1,8300.0,21.0,,
3885,1749,1,SMB,1,email,2026-04-10,2026-04-01,2026-05-30,2026-05-01,Closed Lost,1,0,10000.0,50.0,Timing,(none)
3887,1750,1,SMB,1,display,2025-02-13,2025-02-01,2025-03-08,2025-03-01,Closed Lost,1,0,7700.0,23.0,Lost to status quo,Kestrel
3888,1750,1,SMB,1,display,2025-10-30,2025-10-01,2025-12-03,2025-12-01,Closed Lost,1,0,15600.0,34.0,No decision,(none)
3890,1751,16,SMB,6,display,2025-04-24,2025-04-01,2025-05-24,2025-05-01,Closed Won,1,1,35500.0,30.0,,
3891,1751,16,SMB,6,display,2025-12-15,2025-12-01,2026-01-30,2026-01-01,Closed Lost,1,0,11900.0,46.0,Price,Helioscope
3893,1752,1,SMB,1,display,2025-11-07,2025-11-01,2025-12-06,2025-12-01,Closed Lost,1,0,6500.0,29.0,No decision,(none)
3895,1754,7,SMB,3,organic_search,2026-01-18,2026-01-01,2026-03-01,2026-03-01,Closed Won,1,1,16900.0,42.0,,
3898,1755,16,SMB,6,affiliate,2025-10-17,2025-10-01,2025-11-25,2025-11-01,Closed Lost,1,0,15600.0,39.0,Lost to status quo,Northwind
3901,1756,1,SMB,1,organic_search,2025-12-16,2025-12-01,2026-01-04,2026-01-01,Closed Lost,1,0,11200.0,19.0,Timing,(none)
3902,1757,13,SMB,5,organic_search,2026-04-14,2026-04-01,2026-05-14,2026-05-01,Closed Lost,1,0,26600.0,30.0,No decision,Kestrel
3906,1758,16,SMB,6,email,2025-08-28,2025-08-01,2025-09-28,2025-09-01,Closed Won,1,1,9400.0,31.0,,
3909,1759,7,SMB,3,email,2025-05-07,2025-05-01,2025-06-03,2025-06-01,Closed Won,1,1,12700.0,27.0,,
3910,1759,7,SMB,3,email,2026-02-07,2026-02-01,2026-03-18,2026-03-01,Closed Lost,1,0,15100.0,39.0,Timing,(none)
3912,1760,22,SMB,8,organic_search,2025-07-19,2025-07-01,2025-08-11,2025-08-01,Closed Lost,1,0,12700.0,23.0,Competitor,(none)
3913,1760,22,SMB,8,organic_search,2026-02-04,2026-02-01,2026-02-25,2026-02-01,Closed Won,1,1,11800.0,21.0,,
3915,1761,7,SMB,3,display,2025-09-16,2025-09-01,2025-09-25,2025-09-01,Closed Lost,1,0,6400.0,9.0,Timing,Northwind
3916,1761,7,SMB,3,display,2026-04-09,2026-04-01,2026-05-08,2026-05-01,Closed Lost,1,0,21600.0,29.0,No decision,Helioscope
3920,1762,2,Mid-Market,1,display,2026-01-25,2026-01-01,2026-04-30,2026-04-01,Closed Lost,1,0,49500.0,95.0,Timing,(none)
3923,1763,22,SMB,8,paid_search,2026-05-11,2026-05-01,2026-06-02,2026-06-01,Closed Lost,1,0,22900.0,22.0,Timing,Kestrel
3924,1764,15,Enterprise,5,paid_search,2024-10-30,2024-10-01,2025-04-17,2025-04-01,Closed Lost,1,0,114000.0,169.0,Lost to status quo,Kestrel
3925,1765,8,Mid-Market,3,paid_search,2025-03-19,2025-03-01,2025-06-12,2025-06-01,Closed Lost,1,0,42000.0,85.0,Price,Helioscope
3926,1765,8,Mid-Market,3,paid_search,2025-11-06,2025-11-01,2026-02-01,2026-02-01,Closed Lost,1,0,44500.0,87.0,No decision,Helioscope
3929,1766,4,SMB,2,display,2026-05-02,2026-05-01,2026-06-08,2026-06-01,Closed Lost,1,0,8800.0,37.0,No decision,Kestrel
3933,1767,16,SMB,6,affiliate,2026-03-27,2026-03-01,2026-04-10,2026-04-01,Closed Lost,1,0,7500.0,14.0,Competitor,(none)
3935,1768,20,Mid-Market,7,affiliate,2026-01-08,2026-01-01,2026-03-06,2026-03-01,Closed Lost,1,0,25300.0,57.0,Competitor,Kestrel
3937,1769,10,SMB,4,organic_search,2025-08-02,2025-08-01,2025-08-20,2025-08-01,Closed Lost,1,0,6800.0,18.0,No decision,Northwind
3938,1770,23,Mid-Market,8,affiliate,2025-03-15,2025-03-01,2025-06-22,2025-06-01,Closed Lost,1,0,48000.0,99.0,Timing,(none)
3939,1770,23,Mid-Market,8,affiliate,2025-10-11,2025-10-01,2026-01-06,2026-01-01,Closed Won,1,1,65200.0,87.0,,
3940,1771,5,Mid-Market,2,organic_search,2024-10-25,2024-10-01,2024-12-30,2024-12-01,Closed Won,1,1,18600.0,66.0,,
3941,1771,5,Mid-Market,2,organic_search,2025-09-17,2025-09-01,2025-12-24,2025-12-01,Closed Won,1,1,14400.0,98.0,,
3942,1772,22,SMB,8,paid_search,2026-01-02,2026-01-01,2026-02-03,2026-02-01,Closed Lost,1,0,8100.0,32.0,Price,(none)
3944,1773,1,SMB,1,email,2025-05-08,2025-05-01,2025-06-03,2025-06-01,Closed Lost,1,0,7200.0,26.0,Lost to status quo,Kestrel
3945,1774,8,Mid-Market,3,paid_search,2025-04-22,2025-04-01,2025-07-04,2025-07-01,Closed Won,1,1,33500.0,73.0,,
3946,1774,8,Mid-Market,3,paid_search,2026-05-03,2026-05-01,2026-07-05,2026-07-01,Prospecting,0,0,47600.0,,,
3949,1775,14,Mid-Market,5,affiliate,2026-05-04,2026-05-01,2026-07-10,2026-07-01,Prospecting,0,0,50300.0,,,
3952,1776,19,SMB,7,paid_search,2025-02-03,2025-02-01,2025-03-01,2025-03-01,Closed Won,1,1,9500.0,26.0,,
3953,1776,19,SMB,7,paid_search,2025-12-13,2025-12-01,2026-01-14,2026-01-01,Closed Won,1,1,14600.0,32.0,,
3954,1777,11,Mid-Market,4,paid_search,2026-02-20,2026-02-01,2026-05-24,2026-05-01,Closed Lost,1,0,24100.0,93.0,Competitor,Helioscope
3955,1778,2,Mid-Market,1,direct,2024-10-02,2024-10-01,2024-12-18,2024-12-01,Closed Lost,1,0,43100.0,77.0,Competitor,(none)
3956,1778,2,Mid-Market,1,direct,2025-09-01,2025-09-01,2025-11-25,2025-11-01,Closed Lost,1,0,63900.0,85.0,Timing,Northwind
3957,1779,13,SMB,5,paid_social,2026-01-03,2026-01-01,2026-02-08,2026-02-01,Closed Lost,1,0,26600.0,36.0,No decision,(none)
3961,1780,22,SMB,8,organic_search,2024-08-23,2024-08-01,2024-10-20,2024-10-01,Closed Lost,1,0,5900.0,58.0,No decision,Northwind
3962,1780,22,SMB,8,organic_search,2025-07-29,2025-07-01,2025-08-22,2025-08-01,Closed Lost,1,0,13900.0,24.0,No decision,Kestrel
3963,1781,22,SMB,8,affiliate,2025-10-06,2025-10-01,2025-11-08,2025-11-01,Closed Lost,1,0,7100.0,33.0,Lost to status quo,(none)
3964,1782,1,SMB,1,display,2025-06-30,2025-06-01,2025-08-05,2025-08-01,Closed Lost,1,0,9400.0,36.0,No decision,Kestrel
3965,1782,1,SMB,1,display,2026-01-17,2026-01-01,2026-03-01,2026-03-01,Closed Lost,1,0,13800.0,43.0,Price,Kestrel
3968,1783,1,SMB,1,organic_search,2025-09-06,2025-09-01,2025-09-25,2025-09-01,Closed Won,1,1,8700.0,19.0,,
3969,1783,1,SMB,1,organic_search,2026-03-18,2026-03-01,2026-05-08,2026-05-01,Closed Lost,1,0,13600.0,51.0,Competitor,Helioscope
3972,1784,19,SMB,7,display,2025-06-09,2025-06-01,2025-08-03,2025-08-01,Closed Lost,1,0,12400.0,55.0,Price,Helioscope
3973,1785,7,SMB,3,affiliate,2024-08-20,2024-08-01,2024-10-03,2024-10-01,Closed Lost,1,0,9000.0,44.0,Price,(none)
3974,1785,7,SMB,3,affiliate,2025-09-07,2025-09-01,2025-10-16,2025-10-01,Closed Won,1,1,15000.0,39.0,,
3975,1785,7,SMB,3,affiliate,2026-01-03,2026-01-01,2026-01-20,2026-01-01,Closed Won,1,1,19500.0,17.0,,
3976,1785,7,SMB,3,affiliate,2026-05-11,2026-05-01,2026-06-25,2026-06-01,Closed Lost,1,0,15500.0,45.0,Competitor,(none)
3980,1786,16,SMB,6,paid_search,2025-06-13,2025-06-01,2025-07-11,2025-07-01,Closed Lost,1,0,11300.0,28.0,Competitor,Helioscope
3981,1786,16,SMB,6,paid_search,2026-04-06,2026-04-01,2026-05-19,2026-05-01,Closed Lost,1,0,12300.0,43.0,No decision,(none)
3983,1787,2,Mid-Market,1,direct,2025-09-08,2025-09-01,2025-12-30,2025-12-01,Closed Lost,1,0,75700.0,113.0,Price,Northwind
3984,1788,23,Mid-Market,8,display,2026-06-21,2026-06-01,2026-09-09,2026-09-01,Proposal,0,0,76500.0,,,
3986,1789,13,SMB,5,paid_social,2026-03-19,2026-03-01,2026-04-03,2026-04-01,Closed Lost,1,0,11300.0,15.0,Timing,(none)
3989,1790,2,Mid-Market,1,affiliate,2026-06-17,2026-06-01,2026-08-19,2026-08-01,Prospecting,0,0,54700.0,,,
3991,1791,20,Mid-Market,7,email,2025-01-18,2025-01-01,2025-04-09,2025-04-01,Closed Won,1,1,31900.0,81.0,,
3992,1792,22,SMB,8,affiliate,2026-04-18,2026-04-01,2026-06-10,2026-06-01,Closed Lost,1,0,9700.0,53.0,Price,Northwind
3998,1794,6,Enterprise,2,direct,2024-10-19,2024-10-01,2025-03-30,2025-03-01,Closed Lost,1,0,118200.0,162.0,Competitor,Kestrel
3999,1794,6,Enterprise,2,direct,2025-08-03,2025-08-01,2025-12-13,2025-12-01,Closed Lost,1,0,147100.0,132.0,No decision,(none)
4000,1795,5,Mid-Market,2,affiliate,2025-07-05,2025-07-01,2025-09-25,2025-09-01,Closed Lost,1,0,42900.0,82.0,Price,Kestrel
4001,1795,5,Mid-Market,2,affiliate,2026-06-01,2026-06-01,2026-09-16,2026-09-01,Proposal,0,0,63300.0,,,
4003,1796,4,SMB,2,paid_search,2025-09-06,2025-09-01,2025-10-06,2025-10-01,Closed Lost,1,0,10700.0,30.0,Competitor,Helioscope
4007,1797,24,Enterprise,8,paid_social,2025-11-27,2025-11-01,2026-02-14,2026-02-01,Closed Won,1,1,218200.0,79.0,,
4008,1798,22,SMB,8,paid_social,2025-09-09,2025-09-01,2025-10-15,2025-10-01,Closed Lost,1,0,9900.0,36.0,No decision,Helioscope
4011,1799,13,SMB,5,email,2026-01-08,2026-01-01,2026-03-01,2026-03-01,Closed Won,1,1,11000.0,52.0,,
4015,1800,12,Enterprise,4,affiliate,2026-02-02,2026-02-01,2026-08-03,2026-08-01,Negotiation,0,0,125100.0,,,
4017,1801,18,Enterprise,6,organic_search,2026-03-15,2026-03-01,2026-08-07,2026-08-01,Proposal,0,0,245200.0,,,
4020,1802,7,SMB,3,email,2025-12-31,2025-12-01,2026-02-08,2026-02-01,Closed Won,1,1,10100.0,39.0,,
4024,1803,1,SMB,1,paid_social,2025-08-28,2025-08-01,2025-10-11,2025-10-01,Closed Lost,1,0,4500.0,44.0,Price,Kestrel
4026,1805,16,SMB,6,email,2025-10-11,2025-10-01,2025-11-12,2025-11-01,Closed Lost,1,0,9000.0,32.0,Lost to status quo,Kestrel
4028,1806,17,Mid-Market,6,paid_search,2026-02-14,2026-02-01,2026-04-05,2026-04-01,Closed Lost,1,0,35000.0,50.0,Timing,Helioscope
4029,1807,17,Mid-Market,6,paid_social,2025-10-20,2025-10-01,2026-01-15,2026-01-01,Closed Lost,1,0,41300.0,87.0,Timing,Helioscope
4032,1808,18,Enterprise,6,paid_social,2026-06-12,2026-06-01,2026-10-21,2026-10-01,Prospecting,0,0,82700.0,,,
4034,1809,19,SMB,7,paid_search,2024-12-04,2024-12-01,2025-01-17,2025-01-01,Closed Lost,1,0,15400.0,44.0,No decision,(none)
4035,1810,18,Enterprise,6,organic_search,2025-12-16,2025-12-01,2026-04-29,2026-04-01,Closed Lost,1,0,279800.0,134.0,Lost to status quo,Kestrel
4036,1811,16,SMB,6,direct,2025-02-16,2025-02-01,2025-03-19,2025-03-01,Closed Won,1,1,13500.0,31.0,,
4037,1811,16,SMB,6,direct,2026-03-10,2026-03-01,2026-04-01,2026-04-01,Closed Won,1,1,12100.0,22.0,,
4038,1811,16,SMB,6,direct,2026-04-18,2026-04-01,2026-05-31,2026-05-01,Closed Won,1,1,12700.0,43.0,,
4041,1812,7,SMB,3,affiliate,2026-04-25,2026-04-01,2026-05-21,2026-05-01,Closed Lost,1,0,11900.0,26.0,No decision,Kestrel
4043,1813,17,Mid-Market,6,direct,2026-04-27,2026-04-01,2026-07-25,2026-07-01,Discovery,0,0,37700.0,,,
4044,1814,11,Mid-Market,4,direct,2025-12-04,2025-12-01,2026-02-22,2026-02-01,Closed Lost,1,0,108000.0,80.0,Competitor,Kestrel
4046,1815,13,SMB,5,display,2026-02-28,2026-02-01,2026-03-11,2026-03-01,Closed Lost,1,0,10700.0,11.0,Price,(none)
4051,1816,20,Mid-Market,7,display,2026-03-08,2026-03-01,2026-05-08,2026-05-01,Closed Lost,1,0,19400.0,61.0,Price,Kestrel
4053,1817,5,Mid-Market,2,paid_search,2026-05-30,2026-05-01,2026-06-27,2026-06-01,Closed Won,1,1,45500.0,28.0,,
4055,1818,22,SMB,8,organic_search,2025-11-26,2025-11-01,2025-12-15,2025-12-01,Closed Lost,1,0,10800.0,19.0,Price,Kestrel
4056,1819,10,SMB,4,display,2026-02-20,2026-02-01,2026-03-10,2026-03-01,Closed Lost,1,0,11000.0,18.0,No decision,Helioscope
4064,1821,10,SMB,4,affiliate,2026-03-29,2026-03-01,2026-05-08,2026-05-01,Closed Lost,1,0,16100.0,40.0,Competitor,Helioscope
4065,1822,21,Enterprise,7,direct,2025-01-19,2025-01-01,2025-05-15,2025-05-01,Closed Lost,1,0,279000.0,116.0,No decision,Kestrel
4066,1822,21,Enterprise,7,direct,2025-10-07,2025-10-01,2025-12-20,2025-12-01,Closed Lost,1,0,192900.0,74.0,Lost to status quo,Kestrel
4067,1822,21,Enterprise,7,direct,2026-03-27,2026-03-01,2026-11-16,2026-11-01,Prospecting,0,0,159800.0,,,
4069,1823,4,SMB,2,email,2024-10-19,2024-10-01,2024-11-27,2024-11-01,Closed Won,1,1,10400.0,39.0,,
4070,1823,4,SMB,2,email,2025-05-04,2025-05-01,2025-06-14,2025-06-01,Closed Won,1,1,14000.0,41.0,,
4072,1824,1,SMB,1,organic_search,2025-12-20,2025-12-01,2026-01-17,2026-01-01,Closed Lost,1,0,8200.0,28.0,Lost to status quo,(none)
4074,1825,5,Mid-Market,2,affiliate,2025-06-22,2025-06-01,2025-09-17,2025-09-01,Closed Lost,1,0,32700.0,87.0,Timing,(none)
4075,1826,10,SMB,4,email,2025-06-08,2025-06-01,2025-06-29,2025-06-01,Closed Lost,1,0,16400.0,21.0,Timing,(none)
4076,1826,10,SMB,4,email,2026-03-15,2026-03-01,2026-05-03,2026-05-01,Closed Lost,1,0,12500.0,49.0,Timing,Helioscope
4077,1827,4,SMB,2,display,2026-05-01,2026-05-01,2026-06-14,2026-06-01,Closed Won,1,1,12700.0,44.0,,
4080,1828,8,Mid-Market,3,paid_search,2025-06-11,2025-06-01,2025-09-06,2025-09-01,Closed Lost,1,0,54400.0,87.0,Price,(none)
4081,1828,8,Mid-Market,3,paid_search,2026-02-09,2026-02-01,2026-04-19,2026-04-01,Closed Lost,1,0,46900.0,69.0,Price,Helioscope
4082,1829,22,SMB,8,affiliate,2024-09-22,2024-09-01,2024-09-29,2024-09-01,Closed Lost,1,0,19100.0,7.0,No decision,Helioscope
4083,1830,2,Mid-Market,1,email,2026-06-10,2026-06-01,2026-08-14,2026-08-01,Demo,0,0,35100.0,,,
4084,1831,2,Mid-Market,1,paid_social,2026-06-20,2026-06-01,2026-08-25,2026-08-01,Negotiation,0,0,42800.0,,,
4085,1832,2,Mid-Market,1,email,2024-12-14,2024-12-01,2025-01-21,2025-01-01,Closed Won,1,1,31900.0,38.0,,
4086,1832,2,Mid-Market,1,email,2025-12-21,2025-12-01,2026-01-29,2026-01-01,Closed Lost,1,0,42900.0,39.0,Competitor,Helioscope
4087,1833,14,Mid-Market,5,organic_search,2026-06-17,2026-06-01,2026-08-09,2026-08-01,Proposal,0,0,66000.0,,,
4088,1834,7,SMB,3,display,2025-05-10,2025-05-01,2025-05-27,2025-05-01,Closed Lost,1,0,16800.0,17.0,Price,Northwind
4089,1835,4,SMB,2,paid_social,2025-10-23,2025-10-01,2025-11-23,2025-11-01,Closed Lost,1,0,15600.0,31.0,Lost to status quo,Northwind
4090,1836,10,SMB,4,display,2025-11-22,2025-11-01,2025-12-04,2025-12-01,Closed Lost,1,0,13200.0,12.0,Competitor,Kestrel
4091,1837,19,SMB,7,affiliate,2026-04-07,2026-04-01,2026-05-26,2026-05-01,Closed Lost,1,0,16600.0,49.0,Timing,Northwind
4092,1838,4,SMB,2,display,2026-01-26,2026-01-01,2026-02-24,2026-02-01,Closed Lost,1,0,10800.0,29.0,Price,Kestrel
4093,1839,13,SMB,5,paid_search,2026-04-03,2026-04-01,2026-04-27,2026-04-01,Closed Won,1,1,21800.0,24.0,,
4095,1840,4,SMB,2,display,2024-09-23,2024-09-01,2024-10-30,2024-10-01,Closed Won,1,1,4300.0,37.0,,
4097,1842,2,Mid-Market,1,direct,2025-06-16,2025-06-01,2025-08-15,2025-08-01,Closed Lost,1,0,47300.0,60.0,Price,Kestrel
4098,1842,2,Mid-Market,1,direct,2026-04-02,2026-04-01,2026-07-19,2026-07-01,Demo,0,0,99400.0,,,
4100,1843,4,SMB,2,affiliate,2026-05-31,2026-05-01,2026-06-28,2026-06-01,Closed Lost,1,0,7600.0,28.0,Competitor,Northwind
4106,1844,5,Mid-Market,2,affiliate,2024-09-09,2024-09-01,2024-12-02,2024-12-01,Closed Lost,1,0,32000.0,84.0,No decision,Kestrel
4107,1844,5,Mid-Market,2,affiliate,2025-07-06,2025-07-01,2025-09-13,2025-09-01,Closed Lost,1,0,17300.0,69.0,Lost to status quo,(none)
4108,1845,7,SMB,3,email,2026-04-15,2026-04-01,2026-05-19,2026-05-01,Closed Won,1,1,19500.0,34.0,,
4109,1846,17,Mid-Market,6,display,2025-04-22,2025-04-01,2025-07-14,2025-07-01,Closed Won,1,1,43900.0,83.0,,
4110,1847,7,SMB,3,email,2025-04-22,2025-04-01,2025-05-29,2025-05-01,Closed Lost,1,0,8600.0,37.0,Competitor,(none)
4111,1847,7,SMB,3,email,2026-02-27,2026-02-01,2026-04-04,2026-04-01,Closed Won,1,1,12900.0,36.0,,
4114,1848,5,Mid-Market,2,display,2026-03-16,2026-03-01,2026-06-06,2026-06-01,Closed Lost,1,0,64800.0,82.0,Lost to status quo,Kestrel
4117,1849,19,SMB,7,paid_search,2026-02-13,2026-02-01,2026-03-05,2026-03-01,Closed Lost,1,0,8300.0,20.0,Competitor,Kestrel
4118,1850,4,SMB,2,email,2026-01-31,2026-01-01,2026-03-14,2026-03-01,Closed Lost,1,0,5500.0,42.0,Competitor,Kestrel
4124,1851,7,SMB,3,paid_search,2026-06-22,2026-06-01,2026-07-20,2026-07-01,Discovery,0,0,10000.0,,,
4126,1852,8,Mid-Market,3,affiliate,2026-05-02,2026-05-01,2026-07-06,2026-07-01,Prospecting,0,0,106300.0,,,
4127,1853,7,SMB,3,email,2025-10-31,2025-10-01,2025-12-14,2025-12-01,Closed Lost,1,0,9500.0,44.0,Lost to status quo,Northwind
4128,1854,6,Enterprise,2,affiliate,2024-12-25,2024-12-01,2025-03-26,2025-03-01,Closed Lost,1,0,189200.0,91.0,Price,Kestrel
4129,1855,22,SMB,8,paid_social,2026-03-29,2026-03-01,2026-05-10,2026-05-01,Closed Lost,1,0,12800.0,42.0,Price,Helioscope
4130,1856,16,SMB,6,display,2024-12-18,2024-12-01,2025-01-16,2025-01-01,Closed Lost,1,0,8100.0,29.0,Timing,Northwind
4131,1856,16,SMB,6,display,2025-08-03,2025-08-01,2025-09-06,2025-09-01,Closed Lost,1,0,22000.0,34.0,Lost to status quo,Helioscope
4132,1856,16,SMB,6,display,2026-02-14,2026-02-01,2026-03-26,2026-03-01,Closed Lost,1,0,19600.0,40.0,Lost to status quo,Kestrel
4135,1857,7,SMB,3,email,2026-04-28,2026-04-01,2026-05-24,2026-05-01,Closed Won,1,1,16500.0,26.0,,
4136,1858,16,SMB,6,paid_search,2026-02-10,2026-02-01,2026-03-20,2026-03-01,Closed Lost,1,0,9400.0,38.0,Lost to status quo,(none)
4141,1859,16,SMB,6,display,2025-09-04,2025-09-01,2025-10-11,2025-10-01,Closed Lost,1,0,5600.0,37.0,Lost to status quo,Kestrel
4142,1859,16,SMB,6,display,2026-02-08,2026-02-01,2026-03-06,2026-03-01,Closed Lost,1,0,11700.0,26.0,Timing,Kestrel
4144,1860,10,SMB,4,email,2026-03-15,2026-03-01,2026-04-22,2026-04-01,Closed Lost,1,0,11000.0,38.0,No decision,Helioscope
4146,1861,20,Mid-Market,7,paid_social,2026-05-22,2026-05-01,2026-07-23,2026-07-01,Demo,0,0,83300.0,,,
4148,1862,22,SMB,8,organic_search,2025-02-08,2025-02-01,2025-02-26,2025-02-01,Closed Won,1,1,18000.0,18.0,,
4149,1862,22,SMB,8,organic_search,2025-10-07,2025-10-01,2025-11-18,2025-11-01,Closed Lost,1,0,5800.0,42.0,Competitor,(none)
4153,1864,12,Enterprise,4,email,2024-11-19,2024-11-01,2025-04-24,2025-04-01,Closed Lost,1,0,99300.0,156.0,Competitor,(none)
4154,1865,10,SMB,4,direct,2025-01-25,2025-01-01,2025-03-06,2025-03-01,Closed Won,1,1,9200.0,40.0,,
4155,1866,8,Mid-Market,3,email,2026-03-11,2026-03-01,2026-05-25,2026-05-01,Closed Won,1,1,54500.0,75.0,,
4156,1867,23,Mid-Market,8,paid_social,2025-03-18,2025-03-01,2025-06-04,2025-06-01,Closed Lost,1,0,52000.0,78.0,Timing,Northwind
4157,1868,13,SMB,5,paid_search,2025-10-19,2025-10-01,2025-11-04,2025-11-01,Closed Lost,1,0,9300.0,16.0,Timing,(none)
4161,1869,13,SMB,5,email,2025-03-16,2025-03-01,2025-04-03,2025-04-01,Closed Lost,1,0,7800.0,18.0,No decision,(none)
4163,1871,4,SMB,2,display,2026-05-21,2026-05-01,2026-06-29,2026-06-01,Closed Lost,1,0,8800.0,39.0,Timing,(none)
4168,1872,20,Mid-Market,7,email,2025-08-12,2025-08-01,2025-11-03,2025-11-01,Closed Lost,1,0,63200.0,83.0,Timing,Kestrel
4169,1872,20,Mid-Market,7,email,2026-04-15,2026-04-01,2026-06-23,2026-06-01,Closed Won,1,1,111600.0,69.0,,
4170,1873,5,Mid-Market,2,paid_search,2025-04-05,2025-04-01,2025-05-29,2025-05-01,Closed Lost,1,0,63600.0,54.0,Lost to status quo,Helioscope
4171,1874,13,SMB,5,email,2025-06-30,2025-06-01,2025-08-20,2025-08-01,Closed Lost,1,0,15100.0,51.0,No decision,Kestrel
4172,1874,13,SMB,5,email,2026-06-06,2026-06-01,2026-07-03,2026-07-01,Discovery,0,0,11800.0,,,
4175,1875,20,Mid-Market,7,email,2024-11-06,2024-11-01,2024-12-17,2024-12-01,Closed Lost,1,0,39800.0,41.0,Timing,Northwind
4176,1875,20,Mid-Market,7,email,2025-10-31,2025-10-01,2026-01-26,2026-01-01,Closed Lost,1,0,54600.0,87.0,Competitor,Kestrel
4177,1875,20,Mid-Market,7,email,2026-06-06,2026-06-01,2026-08-15,2026-08-01,Proposal,0,0,35300.0,,,
4178,1876,17,Mid-Market,6,display,2025-11-20,2025-11-01,2026-02-18,2026-02-01,Closed Lost,1,0,33000.0,90.0,No decision,Northwind
4180,1877,22,SMB,8,display,2026-06-16,2026-06-01,2026-07-25,2026-07-01,Prospecting,0,0,18400.0,,,
4184,1878,17,Mid-Market,6,paid_social,2026-01-05,2026-01-01,2026-03-22,2026-03-01,Closed Lost,1,0,52300.0,76.0,Lost to status quo,Kestrel
4187,1879,16,SMB,6,affiliate,2024-08-25,2024-08-01,2024-09-24,2024-09-01,Closed Lost,1,0,5500.0,30.0,No decision,Kestrel
4188,1879,16,SMB,6,affiliate,2025-05-21,2025-05-01,2025-06-16,2025-06-01,Closed Lost,1,0,15800.0,26.0,Competitor,Kestrel
4189,1880,4,SMB,2,paid_social,2026-03-25,2026-03-01,2026-04-30,2026-04-01,Closed Lost,1,0,10300.0,36.0,Timing,Helioscope
4194,1881,24,Enterprise,8,display,2026-02-23,2026-02-01,2026-08-17,2026-08-01,Proposal,0,0,192200.0,,,
4195,1882,2,Mid-Market,1,direct,2026-03-03,2026-03-01,2026-06-23,2026-06-01,Closed Lost,1,0,19800.0,112.0,No decision,Helioscope
4196,1883,1,SMB,1,paid_search,2026-04-12,2026-04-01,2026-05-29,2026-05-01,Closed Lost,1,0,7900.0,47.0,Price,Northwind
4197,1884,20,Mid-Market,7,paid_search,2025-05-20,2025-05-01,2025-08-08,2025-08-01,Closed Lost,1,0,43400.0,80.0,No decision,(none)
4198,1884,20,Mid-Market,7,paid_search,2026-06-01,2026-06-01,2026-08-04,2026-08-01,Negotiation,0,0,83400.0,,,
4199,1885,5,Mid-Market,2,paid_search,2025-03-07,2025-03-01,2025-05-06,2025-05-01,Closed Lost,1,0,26100.0,60.0,Competitor,(none)
4200,1885,5,Mid-Market,2,paid_search,2026-01-31,2026-01-01,2026-04-04,2026-04-01,Closed Lost,1,0,33400.0,63.0,Competitor,Northwind
4201,1886,5,Mid-Market,2,organic_search,2025-09-01,2025-09-01,2025-11-04,2025-11-01,Closed Won,1,1,44700.0,64.0,,
4202,1886,5,Mid-Market,2,organic_search,2026-06-07,2026-06-01,2026-08-08,2026-08-01,Proposal,0,0,34300.0,,,
4205,1887,17,Mid-Market,6,email,2024-11-27,2024-11-01,2025-01-22,2025-01-01,Closed Lost,1,0,17600.0,56.0,Price,(none)
4206,1887,17,Mid-Market,6,email,2025-07-27,2025-07-01,2025-09-14,2025-09-01,Closed Won,1,1,46200.0,49.0,,
4208,1888,20,Mid-Market,7,paid_social,2025-12-22,2025-12-01,2026-02-04,2026-02-01,Closed Lost,1,0,43400.0,44.0,Lost to status quo,Northwind
4211,1889,23,Mid-Market,8,email,2026-05-03,2026-05-01,2026-07-20,2026-07-01,Demo,0,0,48300.0,,,
4212,1890,1,SMB,1,email,2025-07-30,2025-07-01,2025-08-13,2025-08-01,Closed Won,1,1,7000.0,14.0,,
4213,1890,1,SMB,1,email,2026-03-04,2026-03-01,2026-03-21,2026-03-01,Closed Lost,1,0,18000.0,17.0,Lost to status quo,Kestrel
4215,1891,4,SMB,2,display,2024-10-05,2024-10-01,2024-11-11,2024-11-01,Closed Lost,1,0,9300.0,37.0,Timing,Helioscope
4216,1891,4,SMB,2,display,2025-05-20,2025-05-01,2025-06-07,2025-06-01,Closed Won,1,1,12300.0,18.0,,
4217,1891,4,SMB,2,display,2025-12-12,2025-12-01,2026-01-25,2026-01-01,Closed Won,1,1,19100.0,44.0,,
4220,1892,10,SMB,4,email,2025-05-25,2025-05-01,2025-07-04,2025-07-01,Closed Lost,1,0,8000.0,40.0,Lost to status quo,Northwind
4221,1892,10,SMB,4,email,2026-03-13,2026-03-01,2026-04-06,2026-04-01,Closed Lost,1,0,9000.0,24.0,Price,Helioscope
4226,1894,10,SMB,4,display,2025-03-13,2025-03-01,2025-04-18,2025-04-01,Closed Lost,1,0,8100.0,36.0,Competitor,Helioscope
4227,1894,10,SMB,4,display,2025-10-09,2025-10-01,2025-11-15,2025-11-01,Closed Won,1,1,17800.0,37.0,,
4228,1895,5,Mid-Market,2,paid_search,2026-06-08,2026-06-01,2026-08-27,2026-08-01,Discovery,0,0,42100.0,,,
4230,1896,11,Mid-Market,4,paid_social,2026-04-13,2026-04-01,2026-06-08,2026-06-01,Closed Lost,1,0,25000.0,56.0,Competitor,(none)
4233,1897,14,Mid-Market,5,paid_social,2025-08-06,2025-08-01,2025-09-21,2025-09-01,Closed Won,1,1,68900.0,46.0,,
4234,1898,2,Mid-Market,1,affiliate,2024-10-30,2024-10-01,2025-01-14,2025-01-01,Closed Lost,1,0,57000.0,76.0,Lost to status quo,Northwind
4235,1898,2,Mid-Market,1,affiliate,2025-10-13,2025-10-01,2026-01-24,2026-01-01,Closed Lost,1,0,17400.0,103.0,Competitor,Northwind
4236,1899,7,SMB,3,paid_social,2025-06-12,2025-06-01,2025-06-19,2025-06-01,Closed Won,1,1,17400.0,7.0,,
4240,1900,5,Mid-Market,2,paid_social,2025-03-03,2025-03-01,2025-03-11,2025-03-01,Closed Lost,1,0,34800.0,8.0,No decision,Northwind
4241,1900,5,Mid-Market,2,paid_social,2025-10-28,2025-10-01,2025-12-22,2025-12-01,Closed Won,1,1,47100.0,55.0,,
4242,1901,19,SMB,7,email,2026-03-31,2026-03-01,2026-04-20,2026-04-01,Closed Lost,1,0,6100.0,20.0,No decision,Kestrel
4243,1902,17,Mid-Market,6,organic_search,2025-11-12,2025-11-01,2026-02-20,2026-02-01,Closed Lost,1,0,26500.0,100.0,Price,(none)
4244,1903,3,Enterprise,1,organic_search,2024-10-22,2024-10-01,2025-05-02,2025-05-01,Closed Lost,1,0,206600.0,192.0,Lost to status quo,Northwind
4245,1903,3,Enterprise,1,organic_search,2025-07-09,2025-07-01,2026-01-21,2026-01-01,Closed Lost,1,0,154600.0,196.0,Lost to status quo,(none)
4246,1904,10,SMB,4,paid_search,2026-01-20,2026-01-01,2026-03-02,2026-03-01,Closed Lost,1,0,17700.0,41.0,Lost to status quo,Northwind
4248,1905,13,SMB,5,display,2026-01-11,2026-01-01,2026-01-23,2026-01-01,Closed Lost,1,0,5600.0,12.0,No decision,Kestrel
4251,1906,1,SMB,1,email,2025-01-31,2025-01-01,2025-03-28,2025-03-01,Closed Won,1,1,14300.0,56.0,,
4252,1907,20,Mid-Market,7,affiliate,2026-04-27,2026-04-01,2026-07-30,2026-07-01,Demo,0,0,33300.0,,,
4253,1908,19,SMB,7,paid_search,2024-10-12,2024-10-01,2024-11-12,2024-11-01,Closed Lost,1,0,9900.0,31.0,Competitor,Kestrel
4254,1909,24,Enterprise,8,email,2025-02-15,2025-02-01,2025-09-05,2025-09-01,Closed Lost,1,0,132700.0,202.0,Price,Northwind
4255,1910,19,SMB,7,direct,2025-09-06,2025-09-01,2025-10-19,2025-10-01,Closed Lost,1,0,11900.0,43.0,Price,Kestrel
4257,1911,16,SMB,6,affiliate,2026-04-27,2026-04-01,2026-06-08,2026-06-01,Closed Lost,1,0,16300.0,42.0,Competitor,Helioscope
4259,1912,19,SMB,7,paid_social,2025-12-08,2025-12-01,2026-01-21,2026-01-01,Closed Won,1,1,8500.0,44.0,,
4261,1913,24,Enterprise,8,display,2025-05-14,2025-05-01,2025-12-03,2025-12-01,Closed Lost,1,0,91000.0,203.0,Price,Helioscope
4262,1914,2,Mid-Market,1,display,2025-07-23,2025-07-01,2025-09-18,2025-09-01,Closed Won,1,1,40300.0,57.0,,
4263,1914,2,Mid-Market,1,display,2026-02-06,2026-02-01,2026-05-27,2026-05-01,Closed Won,1,1,27300.0,110.0,,
4267,1916,2,Mid-Market,1,paid_search,2025-11-01,2025-11-01,2025-12-04,2025-12-01,Closed Won,1,1,39900.0,33.0,,
4268,1917,14,Mid-Market,5,paid_social,2025-07-16,2025-07-01,2025-11-20,2025-11-01,Closed Won,1,1,29000.0,127.0,,
4271,1918,19,SMB,7,organic_search,2025-06-02,2025-06-01,2025-06-18,2025-06-01,Closed Lost,1,0,2900.0,16.0,Price,(none)
4272,1918,19,SMB,7,organic_search,2026-05-24,2026-05-01,2026-06-18,2026-06-01,Closed Lost,1,0,18500.0,25.0,Competitor,(none)
4273,1919,7,SMB,3,paid_social,2024-10-12,2024-10-01,2024-11-15,2024-11-01,Closed Lost,1,0,12200.0,34.0,Price,(none)
4274,1920,22,SMB,8,email,2025-12-13,2025-12-01,2026-01-13,2026-01-01,Closed Lost,1,0,9500.0,31.0,Lost to status quo,Helioscope
4280,1921,11,Mid-Market,4,organic_search,2024-12-23,2024-12-01,2025-03-16,2025-03-01,Closed Lost,1,0,25500.0,83.0,Lost to status quo,Kestrel
4281,1922,17,Mid-Market,6,display,2026-01-02,2026-01-01,2026-03-24,2026-03-01,Closed Lost,1,0,47400.0,81.0,No decision,Helioscope
4282,1923,22,SMB,8,direct,2026-01-03,2026-01-01,2026-01-17,2026-01-01,Closed Lost,1,0,23900.0,14.0,Timing,Northwind
4283,1924,2,Mid-Market,1,paid_social,2025-09-28,2025-09-01,2025-11-23,2025-11-01,Closed Lost,1,0,46900.0,56.0,Lost to status quo,(none)
4285,1925,2,Mid-Market,1,email,2024-11-10,2024-11-01,2025-03-04,2025-03-01,Closed Lost,1,0,69200.0,114.0,Timing,Northwind
4286,1925,2,Mid-Market,1,email,2025-10-05,2025-10-01,2025-12-29,2025-12-01,Closed Lost,1,0,84200.0,85.0,Lost to status quo,Kestrel
4287,1925,2,Mid-Market,1,email,2026-03-09,2026-03-01,2026-05-03,2026-05-01,Closed Lost,1,0,29900.0,55.0,Lost to status quo,Kestrel
4288,1926,23,Mid-Market,8,paid_search,2025-05-30,2025-05-01,2025-08-26,2025-08-01,Closed Lost,1,0,29500.0,88.0,Timing,Helioscope
4289,1926,23,Mid-Market,8,paid_search,2026-01-18,2026-01-01,2026-03-31,2026-03-01,Closed Lost,1,0,37200.0,72.0,Timing,Kestrel
4291,1927,22,SMB,8,email,2025-07-02,2025-07-01,2025-08-14,2025-08-01,Closed Lost,1,0,12500.0,43.0,Lost to status quo,Helioscope
4295,1928,14,Mid-Market,5,paid_social,2025-05-08,2025-05-01,2025-06-18,2025-06-01,Closed Lost,1,0,51100.0,41.0,No decision,Kestrel
4296,1928,14,Mid-Market,5,paid_social,2025-10-13,2025-10-01,2025-12-27,2025-12-01,Closed Lost,1,0,33800.0,75.0,No decision,Northwind
4298,1929,23,Mid-Market,8,affiliate,2025-09-11,2025-09-01,2025-12-18,2025-12-01,Closed Lost,1,0,62100.0,98.0,Competitor,Northwind
4299,1929,23,Mid-Market,8,affiliate,2026-04-22,2026-04-01,2026-07-07,2026-07-01,Discovery,0,0,74800.0,,,
4300,1930,7,SMB,3,direct,2025-01-16,2025-01-01,2025-01-25,2025-01-01,Closed Lost,1,0,30500.0,9.0,Price,Kestrel
4301,1931,5,Mid-Market,2,organic_search,2025-10-04,2025-10-01,2025-12-27,2025-12-01,Closed Won,1,1,43200.0,84.0,,
4303,1932,4,SMB,2,affiliate,2025-05-20,2025-05-01,2025-06-10,2025-06-01,Closed Won,1,1,15800.0,21.0,,
4304,1932,4,SMB,2,affiliate,2026-06-17,2026-06-01,2026-07-28,2026-07-01,Negotiation,0,0,16500.0,,,
4307,1934,5,Mid-Market,2,affiliate,2024-10-04,2024-10-01,2024-12-20,2024-12-01,Closed Won,1,1,33600.0,77.0,,
4308,1935,6,Enterprise,2,display,2025-06-17,2025-06-01,2025-11-16,2025-11-01,Closed Lost,1,0,130600.0,152.0,No decision,Helioscope
4309,1935,6,Enterprise,2,display,2026-01-20,2026-01-01,2026-06-29,2026-06-01,Closed Lost,1,0,202300.0,160.0,Lost to status quo,Helioscope
4313,1937,8,Mid-Market,3,affiliate,2025-01-19,2025-01-01,2025-04-12,2025-04-01,Closed Won,1,1,38300.0,83.0,,
4314,1937,8,Mid-Market,3,affiliate,2025-10-30,2025-10-01,2025-12-31,2025-12-01,Closed Won,1,1,32800.0,62.0,,
4315,1938,18,Enterprise,6,affiliate,2025-11-11,2025-11-01,2026-03-01,2026-03-01,Closed Lost,1,0,328300.0,110.0,Lost to status quo,Northwind
4316,1939,23,Mid-Market,8,display,2026-06-14,2026-06-01,2026-09-26,2026-09-01,Proposal,0,0,40200.0,,,
4320,1940,16,SMB,6,organic_search,2026-06-24,2026-06-01,2026-07-27,2026-07-01,Demo,0,0,15000.0,,,
4323,1941,11,Mid-Market,4,email,2026-05-26,2026-05-01,2026-08-15,2026-08-01,Prospecting,0,0,44600.0,,,
4325,1942,2,Mid-Market,1,email,2026-01-04,2026-01-01,2026-04-04,2026-04-01,Closed Won,1,1,50000.0,90.0,,
4327,1943,16,SMB,6,paid_search,2025-06-11,2025-06-01,2025-07-11,2025-07-01,Closed Lost,1,0,3900.0,30.0,Price,(none)
4328,1944,23,Mid-Market,8,affiliate,2025-12-19,2025-12-01,2026-02-15,2026-02-01,Closed Lost,1,0,49400.0,58.0,Competitor,(none)
4329,1945,24,Enterprise,8,paid_search,2025-07-11,2025-07-01,2026-01-10,2026-01-01,Closed Lost,1,0,192600.0,183.0,Price,Northwind
4330,1946,4,SMB,2,direct,2024-11-19,2024-11-01,2024-12-03,2024-12-01,Closed Lost,1,0,13200.0,14.0,Competitor,Kestrel
4331,1947,2,Mid-Market,1,display,2026-03-16,2026-03-01,2026-05-22,2026-05-01,Closed Won,1,1,69300.0,67.0,,
4335,1948,8,Mid-Market,3,direct,2024-12-14,2024-12-01,2025-01-07,2025-01-01,Closed Lost,1,0,42800.0,24.0,No decision,(none)
4336,1949,13,SMB,5,email,2025-06-15,2025-06-01,2025-07-22,2025-07-01,Closed Won,1,1,13100.0,37.0,,
4337,1949,13,SMB,5,email,2026-01-27,2026-01-01,2026-03-01,2026-03-01,Closed Lost,1,0,8900.0,33.0,No decision,Helioscope
4339,1950,22,SMB,8,organic_search,2024-11-04,2024-11-01,2024-12-16,2024-12-01,Closed Lost,1,0,16900.0,42.0,Price,Kestrel
4340,1950,22,SMB,8,organic_search,2025-10-19,2025-10-01,2025-11-17,2025-11-01,Closed Lost,1,0,9500.0,29.0,Price,(none)
4341,1950,22,SMB,8,organic_search,2026-06-16,2026-06-01,2026-07-09,2026-07-01,Discovery,0,0,8100.0,,,
4344,1951,18,Enterprise,6,paid_social,2026-03-05,2026-03-01,2026-07-15,2026-07-01,Discovery,0,0,242600.0,,,
4350,1953,23,Mid-Market,8,organic_search,2024-10-04,2024-10-01,2025-01-01,2025-01-01,Closed Lost,1,0,31500.0,89.0,No decision,Helioscope
4351,1954,16,SMB,6,organic_search,2025-03-22,2025-03-01,2025-04-22,2025-04-01,Closed Lost,1,0,11000.0,31.0,Timing,(none)
4352,1954,16,SMB,6,organic_search,2025-12-24,2025-12-01,2026-01-29,2026-01-01,Closed Lost,1,0,6200.0,36.0,No decision,Northwind
4357,1957,6,Enterprise,2,email,2025-12-08,2025-12-01,2026-05-02,2026-05-01,Closed Lost,1,0,99700.0,145.0,No decision,Northwind
4358,1958,14,Mid-Market,5,email,2026-02-10,2026-02-01,2026-06-13,2026-06-01,Closed Lost,1,0,51900.0,123.0,Lost to status quo,Helioscope
4359,1959,14,Mid-Market,5,paid_search,2025-12-24,2025-12-01,2026-03-22,2026-03-01,Closed Won,1,1,48300.0,88.0,,
4360,1960,12,Enterprise,4,organic_search,2025-08-15,2025-08-01,2025-12-16,2025-12-01,Closed Won,1,1,130000.0,123.0,,
4361,1961,2,Mid-Market,1,paid_social,2025-01-12,2025-01-01,2025-03-30,2025-03-01,Closed Lost,1,0,18700.0,77.0,Timing,Northwind
4362,1962,13,SMB,5,organic_search,2025-12-28,2025-12-01,2026-02-11,2026-02-01,Closed Lost,1,0,12700.0,45.0,Price,(none)
4364,1963,4,SMB,2,paid_search,2024-09-18,2024-09-01,2024-10-09,2024-10-01,Closed Lost,1,0,14600.0,21.0,No decision,Northwind
4365,1963,4,SMB,2,paid_search,2025-06-09,2025-06-01,2025-07-15,2025-07-01,Closed Won,1,1,12300.0,36.0,,
4366,1963,4,SMB,2,paid_search,2026-02-13,2026-02-01,2026-03-14,2026-03-01,Closed Lost,1,0,13600.0,29.0,Price,Northwind
4368,1965,18,Enterprise,6,paid_social,2026-01-08,2026-01-01,2026-05-30,2026-05-01,Closed Lost,1,0,134300.0,142.0,Lost to status quo,Northwind
4369,1966,11,Mid-Market,4,affiliate,2025-12-20,2025-12-01,2026-03-01,2026-03-01,Closed Lost,1,0,25600.0,71.0,Timing,Northwind
4370,1967,1,SMB,1,direct,2025-07-25,2025-07-01,2025-09-10,2025-09-01,Closed Lost,1,0,17900.0,47.0,Timing,Helioscope
4371,1967,1,SMB,1,direct,2026-03-14,2026-03-01,2026-04-17,2026-04-01,Closed Lost,1,0,9600.0,34.0,Timing,(none)
4372,1968,24,Enterprise,8,paid_search,2026-04-21,2026-04-01,2026-10-28,2026-10-01,Discovery,0,0,171400.0,,,
4374,1969,11,Mid-Market,4,paid_search,2026-05-27,2026-05-01,2026-08-04,2026-08-01,Proposal,0,0,66300.0,,,
4375,1970,2,Mid-Market,1,email,2025-09-30,2025-09-01,2025-10-22,2025-10-01,Closed Lost,1,0,51100.0,22.0,Lost to status quo,(none)
4376,1970,2,Mid-Market,1,email,2026-04-28,2026-04-01,2026-07-31,2026-07-01,Negotiation,0,0,36000.0,,,
4379,1972,13,SMB,5,display,2025-03-04,2025-03-01,2025-04-23,2025-04-01,Closed Won,1,1,5600.0,50.0,,
4380,1973,1,SMB,1,paid_search,2026-02-01,2026-02-01,2026-03-17,2026-03-01,Closed Lost,1,0,8700.0,44.0,No decision,Northwind
4383,1974,1,SMB,1,paid_search,2025-09-28,2025-09-01,2025-11-15,2025-11-01,Closed Lost,1,0,9900.0,48.0,Price,Kestrel
4384,1975,3,Enterprise,1,direct,2026-01-11,2026-01-01,2026-04-22,2026-04-01,Closed Won,1,1,125700.0,101.0,,
4386,1976,13,SMB,5,display,2024-09-30,2024-09-01,2024-10-28,2024-10-01,Closed Won,1,1,10300.0,28.0,,
4387,1976,13,SMB,5,display,2025-07-14,2025-07-01,2025-08-01,2025-08-01,Closed Won,1,1,4200.0,18.0,,
4389,1976,13,SMB,5,display,2026-06-30,2026-06-01,2026-08-10,2026-08-01,Proposal,0,0,15000.0,,,
4390,1977,1,SMB,1,paid_search,2026-01-26,2026-01-01,2026-02-08,2026-02-01,Closed Won,1,1,15300.0,13.0,,
4396,1979,14,Mid-Market,5,direct,2026-05-12,2026-05-01,2026-06-19,2026-06-01,Closed Lost,1,0,48300.0,38.0,No decision,(none)
4397,1980,10,SMB,4,paid_social,2025-10-01,2025-10-01,2025-10-30,2025-10-01,Closed Lost,1,0,9000.0,29.0,Timing,Helioscope
4399,1981,14,Mid-Market,5,display,2025-04-20,2025-04-01,2025-06-23,2025-06-01,Closed Won,1,1,46500.0,64.0,,
4400,1982,22,SMB,8,email,2026-05-28,2026-05-01,2026-07-01,2026-07-01,Closed Lost,1,0,12000.0,34.0,No decision,Northwind
4403,1984,1,SMB,1,display,2024-08-03,2024-08-01,2024-09-16,2024-09-01,Closed Lost,1,0,6700.0,44.0,Competitor,Northwind
4404,1984,1,SMB,1,display,2025-07-29,2025-07-01,2025-08-28,2025-08-01,Closed Lost,1,0,7200.0,30.0,Timing,(none)
4405,1984,1,SMB,1,display,2026-01-03,2026-01-01,2026-03-04,2026-03-01,Closed Won,1,1,15200.0,60.0,,
4406,1985,8,Mid-Market,3,direct,2024-09-22,2024-09-01,2024-12-03,2024-12-01,Closed Lost,1,0,50400.0,72.0,Competitor,Helioscope
4407,1986,1,SMB,1,organic_search,2026-04-19,2026-04-01,2026-04-26,2026-04-01,Closed Won,1,1,11100.0,7.0,,
4414,1987,7,SMB,3,paid_social,2026-04-11,2026-04-01,2026-05-06,2026-05-01,Closed Lost,1,0,12500.0,25.0,No decision,Helioscope
4419,1988,14,Mid-Market,5,organic_search,2026-05-28,2026-05-01,2026-09-29,2026-09-01,Negotiation,0,0,30700.0,,,
4421,1989,11,Mid-Market,4,affiliate,2025-12-26,2025-12-01,2026-03-27,2026-03-01,Closed Lost,1,0,67600.0,91.0,Price,(none)
4422,1990,11,Mid-Market,4,paid_search,2026-05-14,2026-05-01,2026-08-08,2026-08-01,Proposal,0,0,36200.0,,,
4423,1991,9,Enterprise,3,paid_social,2025-09-30,2025-09-01,2025-12-17,2025-12-01,Closed Lost,1,0,241600.0,78.0,Timing,(none)
4424,1992,17,Mid-Market,6,affiliate,2026-05-26,2026-05-01,2026-07-29,2026-07-01,Prospecting,0,0,49400.0,,,
4426,1993,11,Mid-Market,4,direct,2024-10-03,2024-10-01,2025-01-08,2025-01-01,Closed Lost,1,0,45200.0,97.0,Competitor,Northwind
4427,1993,11,Mid-Market,4,direct,2025-08-15,2025-08-01,2025-10-15,2025-10-01,Closed Lost,1,0,29700.0,61.0,Timing,Helioscope
4430,1994,16,SMB,6,email,2026-04-12,2026-04-01,2026-04-27,2026-04-01,Closed Lost,1,0,14500.0,15.0,No decision,Helioscope
4433,1995,5,Mid-Market,2,email,2024-11-13,2024-11-01,2025-01-21,2025-01-01,Closed Lost,1,0,48300.0,69.0,No decision,Helioscope
4434,1995,5,Mid-Market,2,email,2025-07-16,2025-07-01,2025-09-25,2025-09-01,Closed Won,1,1,38900.0,71.0,,
4435,1996,1,SMB,1,direct,2025-03-06,2025-03-01,2025-04-05,2025-04-01,Closed Lost,1,0,15000.0,30.0,Lost to status quo,Kestrel
4436,1997,9,Enterprise,3,direct,2024-12-13,2024-12-01,2025-03-20,2025-03-01,Closed Lost,1,0,275000.0,97.0,Timing,Kestrel
4437,1997,9,Enterprise,3,direct,2026-01-11,2026-01-01,2026-04-19,2026-04-01,Closed Lost,1,0,137600.0,98.0,Competitor,(none)
4438,1998,4,SMB,2,paid_social,2026-03-30,2026-03-01,2026-05-14,2026-05-01,Closed Lost,1,0,15200.0,45.0,Price,(none)
4441,1999,19,SMB,7,direct,2024-07-17,2024-07-01,2024-09-10,2024-09-01,Closed Won,1,1,9600.0,55.0,,
4442,1999,19,SMB,7,direct,2025-08-25,2025-08-01,2025-10-08,2025-10-01,Closed Won,1,1,12300.0,44.0,,
4443,1999,19,SMB,7,direct,2026-01-04,2026-01-01,2026-01-27,2026-01-01,Closed Won,1,1,15400.0,23.0,,
4444,2000,10,SMB,4,display,2024-12-29,2024-12-01,2025-01-16,2025-01-01,Closed Won,1,1,22100.0,18.0,,
4445,2000,10,SMB,4,display,2025-11-24,2025-11-01,2026-01-12,2026-01-01,Closed Won,1,1,16200.0,49.0,,
4446,2000,10,SMB,4,display,2026-05-23,2026-05-01,2026-07-02,2026-07-01,Prospecting,0,0,14600.0,,,
4448,2001,9,Enterprise,3,organic_search,2025-07-29,2025-07-01,2025-10-26,2025-10-01,Closed Lost,1,0,361300.0,89.0,Price,Helioscope
4449,2001,9,Enterprise,3,organic_search,2026-05-18,2026-05-01,2026-09-06,2026-09-01,Proposal,0,0,55000.0,,,
4450,2002,10,SMB,4,organic_search,2025-05-22,2025-05-01,2025-06-21,2025-06-01,Closed Won,1,1,11600.0,30.0,,
4451,2003,7,SMB,3,paid_search,2024-10-22,2024-10-01,2024-12-02,2024-12-01,Closed Lost,1,0,6800.0,41.0,Price,Helioscope
4452,2004,13,SMB,5,email,2025-02-04,2025-02-01,2025-03-29,2025-03-01,Closed Lost,1,0,8300.0,53.0,No decision,Helioscope
4453,2004,13,SMB,5,email,2025-12-31,2025-12-01,2026-02-16,2026-02-01,Closed Lost,1,0,8100.0,47.0,Timing,Helioscope
4454,2004,13,SMB,5,email,2026-05-20,2026-05-01,2026-06-17,2026-06-01,Closed Lost,1,0,12300.0,28.0,Timing,Kestrel
4457,2005,22,SMB,8,paid_search,2025-07-30,2025-07-01,2025-08-24,2025-08-01,Closed Lost,1,0,5700.0,25.0,No decision,Northwind
4458,2005,22,SMB,8,paid_search,2026-05-27,2026-05-01,2026-06-29,2026-06-01,Closed Lost,1,0,10200.0,33.0,Timing,Helioscope
4462,2007,14,Mid-Market,5,paid_search,2024-08-12,2024-08-01,2024-09-30,2024-09-01,Closed Lost,1,0,42300.0,49.0,Competitor,Kestrel
4463,2008,11,Mid-Market,4,paid_social,2026-06-05,2026-06-01,2026-08-12,2026-08-01,Demo,0,0,31600.0,,,
4464,2009,4,SMB,2,email,2025-01-18,2025-01-01,2025-03-14,2025-03-01,Closed Lost,1,0,8300.0,55.0,No decision,Kestrel
4465,2009,4,SMB,2,email,2025-12-20,2025-12-01,2026-01-07,2026-01-01,Closed Lost,1,0,14600.0,18.0,No decision,Northwind
4466,2009,4,SMB,2,email,2026-04-02,2026-04-01,2026-05-10,2026-05-01,Closed Lost,1,0,7200.0,38.0,Competitor,Northwind
4467,2010,7,SMB,3,display,2025-02-18,2025-02-01,2025-04-02,2025-04-01,Closed Lost,1,0,14900.0,43.0,Competitor,Northwind
4468,2010,7,SMB,3,display,2026-03-16,2026-03-01,2026-04-24,2026-04-01,Closed Won,1,1,9800.0,39.0,,
4472,2011,20,Mid-Market,7,paid_search,2025-02-05,2025-02-01,2025-04-03,2025-04-01,Closed Lost,1,0,40700.0,57.0,Lost to status quo,Kestrel
4475,2013,2,Mid-Market,1,direct,2026-02-22,2026-02-01,2026-05-08,2026-05-01,Closed Lost,1,0,34200.0,75.0,Lost to status quo,(none)
4479,2014,2,Mid-Market,1,direct,2024-11-04,2024-11-01,2024-12-12,2024-12-01,Closed Won,1,1,39900.0,38.0,,
4480,2015,16,SMB,6,paid_search,2025-11-18,2025-11-01,2025-12-29,2025-12-01,Closed Lost,1,0,6600.0,41.0,Timing,Northwind
4482,2016,1,SMB,1,direct,2026-01-21,2026-01-01,2026-02-22,2026-02-01,Closed Won,1,1,8200.0,32.0,,
4485,2017,10,SMB,4,email,2025-05-27,2025-05-01,2025-06-15,2025-06-01,Closed Lost,1,0,10800.0,19.0,Lost to status quo,Helioscope
4486,2017,10,SMB,4,email,2026-06-11,2026-06-01,2026-07-11,2026-07-01,Prospecting,0,0,8800.0,,,
4489,2018,11,Mid-Market,4,affiliate,2025-10-02,2025-10-01,2025-12-04,2025-12-01,Closed Won,1,1,33500.0,63.0,,
4490,2019,22,SMB,8,email,2026-03-18,2026-03-01,2026-04-08,2026-04-01,Closed Lost,1,0,13700.0,21.0,Competitor,Northwind
4492,2020,17,Mid-Market,6,affiliate,2025-07-14,2025-07-01,2025-11-09,2025-11-01,Closed Lost,1,0,48000.0,118.0,No decision,Kestrel
4493,2021,3,Enterprise,1,display,2025-06-30,2025-06-01,2025-09-08,2025-09-01,Closed Lost,1,0,144500.0,70.0,Competitor,(none)
4494,2022,23,Mid-Market,8,display,2026-01-22,2026-01-01,2026-04-16,2026-04-01,Closed Won,1,1,27800.0,84.0,,
4500,2023,4,SMB,2,direct,2026-06-10,2026-06-01,2026-06-23,2026-06-01,Closed Lost,1,0,9900.0,13.0,Competitor,Kestrel
4501,2024,13,SMB,5,display,2026-04-04,2026-04-01,2026-04-15,2026-04-01,Closed Lost,1,0,8700.0,11.0,Lost to status quo,(none)
4502,2025,8,Mid-Market,3,display,2025-02-16,2025-02-01,2025-06-14,2025-06-01,Closed Lost,1,0,80400.0,118.0,Competitor,Northwind
4504,2027,24,Enterprise,8,affiliate,2025-02-15,2025-02-01,2025-07-10,2025-07-01,Closed Lost,1,0,248600.0,145.0,Timing,Kestrel
4505,2028,14,Mid-Market,5,direct,2026-06-16,2026-06-01,2026-09-04,2026-09-01,Negotiation,0,0,40600.0,,,
4506,2029,17,Mid-Market,6,email,2026-05-21,2026-05-01,2026-08-11,2026-08-01,Negotiation,0,0,55000.0,,,
4512,2030,15,Enterprise,5,paid_search,2024-10-29,2024-10-01,2025-04-27,2025-04-01,Closed Lost,1,0,261700.0,180.0,Price,Kestrel
4513,2031,8,Mid-Market,3,email,2026-02-15,2026-02-01,2026-05-16,2026-05-01,Closed Lost,1,0,49300.0,90.0,No decision,(none)
4515,2032,7,SMB,3,paid_search,2024-09-18,2024-09-01,2024-10-21,2024-10-01,Closed Won,1,1,9300.0,33.0,,
4516,2032,7,SMB,3,paid_search,2025-09-23,2025-09-01,2025-10-24,2025-10-01,Closed Won,1,1,19100.0,31.0,,
4517,2032,7,SMB,3,paid_search,2025-11-17,2025-11-01,2025-12-30,2025-12-01,Closed Won,1,1,8500.0,43.0,,
4518,2033,4,SMB,2,affiliate,2024-12-16,2024-12-01,2025-01-20,2025-01-01,Closed Lost,1,0,12000.0,35.0,Lost to status quo,Kestrel
4519,2033,4,SMB,2,affiliate,2025-06-10,2025-06-01,2025-07-25,2025-07-01,Closed Won,1,1,4800.0,45.0,,
4520,2033,4,SMB,2,affiliate,2026-02-01,2026-02-01,2026-02-21,2026-02-01,Closed Lost,1,0,8800.0,20.0,Price,Helioscope
4523,2034,14,Mid-Market,5,direct,2025-08-02,2025-08-01,2025-11-08,2025-11-01,Closed Lost,1,0,30900.0,98.0,Competitor,Kestrel
4524,2035,19,SMB,7,affiliate,2024-09-12,2024-09-01,2024-09-25,2024-09-01,Closed Lost,1,0,9200.0,13.0,Competitor,Helioscope
4525,2035,19,SMB,7,affiliate,2025-05-02,2025-05-01,2025-06-14,2025-06-01,Closed Lost,1,0,16600.0,43.0,Price,(none)
4526,2035,19,SMB,7,affiliate,2026-03-19,2026-03-01,2026-05-05,2026-05-01,Closed Won,1,1,13300.0,47.0,,
4528,2036,10,SMB,4,email,2025-06-24,2025-06-01,2025-07-13,2025-07-01,Closed Won,1,1,12000.0,19.0,,
4529,2037,7,SMB,3,affiliate,2025-05-04,2025-05-01,2025-05-31,2025-05-01,Closed Won,1,1,8800.0,27.0,,
4530,2037,7,SMB,3,affiliate,2025-11-25,2025-11-01,2025-12-28,2025-12-01,Closed Lost,1,0,26800.0,33.0,Price,Northwind
4531,2037,7,SMB,3,affiliate,2026-06-14,2026-06-01,2026-07-08,2026-07-01,Proposal,0,0,10500.0,,,
4532,2038,16,SMB,6,paid_search,2024-12-16,2024-12-01,2025-01-17,2025-01-01,Closed Lost,1,0,15000.0,32.0,Lost to status quo,Helioscope
4533,2038,16,SMB,6,paid_search,2025-10-30,2025-10-01,2025-11-30,2025-11-01,Closed Lost,1,0,8400.0,31.0,Lost to status quo,Northwind
4534,2039,4,SMB,2,direct,2025-09-26,2025-09-01,2025-10-27,2025-10-01,Closed Lost,1,0,12100.0,31.0,Competitor,Northwind
4535,2040,22,SMB,8,paid_social,2025-12-10,2025-12-01,2026-01-11,2026-01-01,Closed Lost,1,0,11100.0,32.0,Price,Helioscope
4538,2041,20,Mid-Market,7,email,2025-12-21,2025-12-01,2026-02-08,2026-02-01,Closed Won,1,1,35200.0,49.0,,
4539,2042,22,SMB,8,direct,2025-12-09,2025-12-01,2026-01-23,2026-01-01,Closed Lost,1,0,33900.0,45.0,Timing,Kestrel
4542,2043,1,SMB,1,paid_social,2025-12-09,2025-12-01,2026-01-10,2026-01-01,Closed Lost,1,0,12400.0,32.0,Lost to status quo,Kestrel
4546,2044,1,SMB,1,email,2026-01-15,2026-01-01,2026-01-22,2026-01-01,Closed Won,1,1,15800.0,7.0,,
4548,2045,1,SMB,1,paid_social,2026-03-05,2026-03-01,2026-04-12,2026-04-01,Closed Won,1,1,7200.0,38.0,,
4549,2046,1,SMB,1,organic_search,2026-06-13,2026-06-01,2026-07-20,2026-07-01,Discovery,0,0,8200.0,,,
4550,2047,12,Enterprise,4,organic_search,2026-05-09,2026-05-01,2027-01-07,2027-01-01,Negotiation,0,0,161100.0,,,
4551,2048,15,Enterprise,5,paid_search,2026-03-26,2026-03-01,2026-07-18,2026-07-01,Demo,0,0,90900.0,,,
4552,2049,22,SMB,8,paid_search,2024-12-02,2024-12-01,2024-12-29,2024-12-01,Closed Lost,1,0,11600.0,27.0,Lost to status quo,Kestrel
4553,2049,22,SMB,8,paid_search,2025-09-14,2025-09-01,2025-10-03,2025-10-01,Closed Lost,1,0,19200.0,19.0,Timing,Northwind
4555,2050,4,SMB,2,direct,2026-02-13,2026-02-01,2026-03-28,2026-03-01,Closed Lost,1,0,7400.0,43.0,No decision,Northwind
4559,2052,23,Mid-Market,8,paid_social,2025-01-28,2025-01-01,2025-05-13,2025-05-01,Closed Won,1,1,26000.0,105.0,,
4560,2053,8,Mid-Market,3,display,2025-05-29,2025-05-01,2025-07-14,2025-07-01,Closed Lost,1,0,53500.0,46.0,No decision,Northwind
4561,2054,17,Mid-Market,6,organic_search,2025-11-12,2025-11-01,2026-02-06,2026-02-01,Closed Lost,1,0,24100.0,86.0,Timing,Kestrel
4562,2055,23,Mid-Market,8,display,2024-12-20,2024-12-01,2025-03-29,2025-03-01,Closed Lost,1,0,65700.0,99.0,Price,Northwind
4563,2056,5,Mid-Market,2,display,2026-04-06,2026-04-01,2026-06-08,2026-06-01,Closed Won,1,1,18300.0,63.0,,
4564,2057,2,Mid-Market,1,paid_search,2025-10-12,2025-10-01,2025-12-29,2025-12-01,Closed Lost,1,0,29300.0,78.0,Competitor,Kestrel
4565,2058,4,SMB,2,display,2025-05-28,2025-05-01,2025-07-03,2025-07-01,Closed Won,1,1,8700.0,36.0,,
4566,2058,4,SMB,2,display,2026-06-08,2026-06-01,2026-07-24,2026-07-01,Proposal,0,0,5900.0,,,
4567,2059,14,Mid-Market,5,direct,2025-12-15,2025-12-01,2026-02-11,2026-02-01,Closed Lost,1,0,39100.0,58.0,Competitor,Helioscope
4568,2060,10,SMB,4,organic_search,2025-09-28,2025-09-01,2025-11-08,2025-11-01,Closed Lost,1,0,15900.0,41.0,Timing,(none)
4572,2061,8,Mid-Market,3,paid_search,2026-06-10,2026-06-01,2026-09-01,2026-09-01,Demo,0,0,47400.0,,,
4573,2062,22,SMB,8,display,2025-06-10,2025-06-01,2025-07-06,2025-07-01,Closed Lost,1,0,8700.0,26.0,Timing,Northwind
4574,2062,22,SMB,8,display,2026-04-29,2026-04-01,2026-06-09,2026-06-01,Closed Lost,1,0,7500.0,41.0,Price,(none)
4577,2063,22,SMB,8,display,2026-05-14,2026-05-01,2026-06-16,2026-06-01,Closed Lost,1,0,9100.0,33.0,Competitor,Kestrel
4582,2064,23,Mid-Market,8,paid_social,2026-01-02,2026-01-01,2026-03-11,2026-03-01,Closed Lost,1,0,52200.0,68.0,Timing,(none)
4586,2065,10,SMB,4,paid_search,2026-03-30,2026-03-01,2026-04-24,2026-04-01,Closed Lost,1,0,10800.0,25.0,Competitor,(none)
4589,2066,11,Mid-Market,4,display,2024-08-24,2024-08-01,2024-10-14,2024-10-01,Closed Lost,1,0,19300.0,51.0,Price,Kestrel
4590,2066,11,Mid-Market,4,display,2025-06-04,2025-06-01,2025-10-08,2025-10-01,Closed Lost,1,0,27200.0,126.0,Timing,(none)
4591,2067,6,Enterprise,2,organic_search,2025-11-02,2025-11-01,2026-02-19,2026-02-01,Closed Lost,1,0,136500.0,109.0,Price,(none)
4592,2067,6,Enterprise,2,organic_search,2026-06-27,2026-06-01,2026-11-19,2026-11-01,Discovery,0,0,184100.0,,,
4594,2068,12,Enterprise,4,organic_search,2026-04-23,2026-04-01,2026-08-14,2026-08-01,Prospecting,0,0,90700.0,,,
4595,2069,11,Mid-Market,4,email,2024-08-29,2024-08-01,2024-11-04,2024-11-01,Closed Won,1,1,48700.0,67.0,,
4596,2070,5,Mid-Market,2,organic_search,2025-04-05,2025-04-01,2025-05-31,2025-05-01,Closed Lost,1,0,45100.0,56.0,Competitor,(none)
4597,2070,5,Mid-Market,2,organic_search,2025-11-30,2025-11-01,2026-02-04,2026-02-01,Closed Won,1,1,16200.0,66.0,,
4599,2071,8,Mid-Market,3,display,2025-12-21,2025-12-01,2026-03-05,2026-03-01,Closed Lost,1,0,27400.0,74.0,Competitor,(none)
4602,2072,13,SMB,5,paid_social,2025-10-04,2025-10-01,2025-11-13,2025-11-01,Closed Lost,1,0,6100.0,40.0,No decision,Northwind
4603,2072,13,SMB,5,paid_social,2026-04-26,2026-04-01,2026-06-02,2026-06-01,Closed Lost,1,0,5900.0,37.0,Price,Northwind
4606,2073,7,SMB,3,paid_social,2024-11-25,2024-11-01,2025-01-13,2025-01-01,Closed Lost,1,0,12900.0,49.0,Price,Kestrel
4607,2073,7,SMB,3,paid_social,2025-07-25,2025-07-01,2025-08-19,2025-08-01,Closed Won,1,1,12000.0,25.0,,
4608,2074,20,Mid-Market,7,affiliate,2025-12-21,2025-12-01,2026-02-09,2026-02-01,Closed Lost,1,0,65400.0,50.0,Competitor,Kestrel
4609,2075,11,Mid-Market,4,email,2025-05-12,2025-05-01,2025-08-31,2025-08-01,Closed Lost,1,0,34800.0,111.0,Price,(none)
4610,2076,2,Mid-Market,1,email,2024-11-08,2024-11-01,2025-02-16,2025-02-01,Closed Lost,1,0,43400.0,100.0,No decision,Kestrel
4611,2077,8,Mid-Market,3,paid_search,2026-03-07,2026-03-01,2026-06-15,2026-06-01,Closed Lost,1,0,33200.0,100.0,Lost to status quo,Northwind
4614,2078,1,SMB,1,paid_search,2026-05-20,2026-05-01,2026-07-14,2026-07-01,Proposal,0,0,7600.0,,,
4615,2079,11,Mid-Market,4,paid_social,2025-04-07,2025-04-01,2025-05-20,2025-05-01,Closed Lost,1,0,26800.0,43.0,Timing,Northwind
4616,2079,11,Mid-Market,4,paid_social,2025-12-18,2025-12-01,2026-02-14,2026-02-01,Closed Lost,1,0,33400.0,58.0,No decision,Kestrel
4618,2080,2,Mid-Market,1,email,2024-10-27,2024-10-01,2025-02-06,2025-02-01,Closed Lost,1,0,79600.0,102.0,Lost to status quo,Helioscope
4619,2081,23,Mid-Market,8,paid_search,2026-02-26,2026-02-01,2026-06-15,2026-06-01,Closed Lost,1,0,32000.0,109.0,Lost to status quo,(none)
4625,2082,1,SMB,1,paid_social,2024-12-08,2024-12-01,2025-01-05,2025-01-01,Closed Lost,1,0,5500.0,28.0,Competitor,Northwind
4626,2082,1,SMB,1,paid_social,2025-09-27,2025-09-01,2025-11-04,2025-11-01,Closed Lost,1,0,16200.0,38.0,No decision,Helioscope
4627,2082,1,SMB,1,paid_social,2026-05-16,2026-05-01,2026-06-04,2026-06-01,Closed Won,1,1,14000.0,19.0,,
4632,2084,20,Mid-Market,7,paid_social,2025-03-08,2025-03-01,2025-06-07,2025-06-01,Closed Won,1,1,27200.0,91.0,,
4633,2085,11,Mid-Market,4,paid_search,2025-06-16,2025-06-01,2025-09-14,2025-09-01,Closed Lost,1,0,27300.0,90.0,Price,Kestrel
4638,2087,18,Enterprise,6,organic_search,2026-01-24,2026-01-01,2026-07-29,2026-07-01,Demo,0,0,146400.0,,,
4639,2088,16,SMB,6,affiliate,2025-08-15,2025-08-01,2025-09-10,2025-09-01,Closed Won,1,1,8000.0,26.0,,
4640,2088,16,SMB,6,affiliate,2026-04-20,2026-04-01,2026-05-26,2026-05-01,Closed Won,1,1,7000.0,36.0,,
4641,2089,10,SMB,4,direct,2026-03-16,2026-03-01,2026-04-25,2026-04-01,Closed Won,1,1,5800.0,40.0,,
4645,2090,19,SMB,7,affiliate,2025-03-10,2025-03-01,2025-04-18,2025-04-01,Closed Won,1,1,7700.0,39.0,,
4646,2091,16,SMB,6,affiliate,2026-05-14,2026-05-01,2026-06-07,2026-06-01,Closed Lost,1,0,17400.0,24.0,No decision,Helioscope
4649,2092,20,Mid-Market,7,display,2026-05-09,2026-05-01,2026-07-23,2026-07-01,Proposal,0,0,32600.0,,,
4652,2093,19,SMB,7,paid_social,2024-09-20,2024-09-01,2024-10-19,2024-10-01,Closed Won,1,1,10100.0,29.0,,
4653,2093,19,SMB,7,paid_social,2025-09-25,2025-09-01,2025-11-01,2025-11-01,Closed Lost,1,0,7900.0,37.0,No decision,Northwind
4654,2094,22,SMB,8,affiliate,2025-11-26,2025-11-01,2025-12-22,2025-12-01,Closed Won,1,1,10800.0,26.0,,
4655,2095,1,SMB,1,affiliate,2024-11-03,2024-11-01,2024-12-15,2024-12-01,Closed Won,1,1,8600.0,42.0,,
4656,2095,1,SMB,1,affiliate,2025-10-31,2025-10-01,2025-12-07,2025-12-01,Closed Lost,1,0,7700.0,37.0,Competitor,(none)
4657,2095,1,SMB,1,affiliate,2026-02-13,2026-02-01,2026-03-31,2026-03-01,Closed Won,1,1,11100.0,46.0,,
4659,2096,1,SMB,1,email,2025-05-04,2025-05-01,2025-06-10,2025-06-01,Closed Lost,1,0,7400.0,37.0,Lost to status quo,(none)
4660,2096,1,SMB,1,email,2026-03-26,2026-03-01,2026-05-07,2026-05-01,Closed Lost,1,0,9200.0,42.0,Price,Helioscope
4662,2097,13,SMB,5,display,2025-12-05,2025-12-01,2025-12-29,2025-12-01,Closed Won,1,1,21700.0,24.0,,
4665,2098,2,Mid-Market,1,email,2026-04-19,2026-04-01,2026-08-27,2026-08-01,Discovery,0,0,75200.0,,,
4666,2099,10,SMB,4,direct,2025-09-15,2025-09-01,2025-10-18,2025-10-01,Closed Lost,1,0,14300.0,33.0,No decision,Northwind
4669,2100,15,Enterprise,5,paid_social,2025-03-09,2025-03-01,2025-08-04,2025-08-01,Closed Lost,1,0,201700.0,148.0,Lost to status quo,Northwind
4670,2100,15,Enterprise,5,paid_social,2025-12-01,2025-12-01,2026-04-24,2026-04-01,Closed Lost,1,0,672800.0,144.0,Competitor,Northwind
4671,2101,22,SMB,8,email,2026-06-17,2026-06-01,2026-07-18,2026-07-01,Negotiation,0,0,10900.0,,,
4673,2102,7,SMB,3,paid_search,2025-05-20,2025-05-01,2025-06-12,2025-06-01,Closed Lost,1,0,13600.0,23.0,No decision,Kestrel
4674,2103,19,SMB,7,display,2024-10-11,2024-10-01,2024-11-19,2024-11-01,Closed Won,1,1,20100.0,39.0,,
4675,2104,4,SMB,2,affiliate,2026-01-17,2026-01-01,2026-02-13,2026-02-01,Closed Won,1,1,10200.0,27.0,,
4678,2105,10,SMB,4,organic_search,2026-06-09,2026-06-01,2026-07-15,2026-07-01,Prospecting,0,0,11200.0,,,
4681,2106,4,SMB,2,paid_search,2025-04-04,2025-04-01,2025-05-15,2025-05-01,Closed Lost,1,0,12900.0,41.0,Lost to status quo,(none)
4682,2106,4,SMB,2,paid_search,2026-04-16,2026-04-01,2026-05-27,2026-05-01,Closed Lost,1,0,5000.0,41.0,Timing,Helioscope
4687,2108,2,Mid-Market,1,email,2026-01-08,2026-01-01,2026-04-18,2026-04-01,Closed Lost,1,0,31400.0,100.0,Timing,Helioscope
4688,2109,16,SMB,6,email,2026-01-03,2026-01-01,2026-02-16,2026-02-01,Closed Won,1,1,16100.0,44.0,,
4690,2110,4,SMB,2,organic_search,2024-09-16,2024-09-01,2024-10-18,2024-10-01,Closed Won,1,1,12200.0,32.0,,
4691,2110,4,SMB,2,organic_search,2025-08-30,2025-08-01,2025-10-01,2025-10-01,Closed Lost,1,0,7600.0,32.0,No decision,Northwind
4692,2111,14,Mid-Market,5,email,2024-10-02,2024-10-01,2025-01-23,2025-01-01,Closed Lost,1,0,82900.0,113.0,Timing,(none)
4693,2112,7,SMB,3,paid_search,2025-11-21,2025-11-01,2025-12-30,2025-12-01,Closed Lost,1,0,8000.0,39.0,No decision,Northwind
4697,2113,22,SMB,8,paid_social,2026-01-29,2026-01-01,2026-02-24,2026-02-01,Closed Lost,1,0,14300.0,26.0,Lost to status quo,Helioscope
4701,2114,17,Mid-Market,6,organic_search,2024-11-17,2024-11-01,2025-03-02,2025-03-01,Closed Lost,1,0,49800.0,105.0,No decision,Northwind
4702,2115,17,Mid-Market,6,email,2026-06-23,2026-06-01,2026-08-19,2026-08-01,Negotiation,0,0,32700.0,,,
4703,2116,16,SMB,6,affiliate,2025-10-14,2025-10-01,2025-11-17,2025-11-01,Closed Lost,1,0,8200.0,34.0,Lost to status quo,Kestrel
4706,2117,23,Mid-Market,8,email,2025-07-09,2025-07-01,2025-08-31,2025-08-01,Closed Won,1,1,41100.0,53.0,,
4707,2117,23,Mid-Market,8,email,2026-05-14,2026-05-01,2026-07-23,2026-07-01,Prospecting,0,0,29400.0,,,
4708,2118,13,SMB,5,organic_search,2025-05-13,2025-05-01,2025-06-08,2025-06-01,Closed Lost,1,0,10100.0,26.0,Lost to status quo,Helioscope
4709,2118,13,SMB,5,organic_search,2026-01-21,2026-01-01,2026-02-27,2026-02-01,Closed Won,1,1,13500.0,37.0,,
4711,2119,7,SMB,3,paid_social,2025-08-16,2025-08-01,2025-09-10,2025-09-01,Closed Won,1,1,16800.0,25.0,,
4712,2119,7,SMB,3,paid_social,2026-04-18,2026-04-01,2026-06-09,2026-06-01,Closed Lost,1,0,10200.0,52.0,Lost to status quo,(none)
4714,2120,10,SMB,4,paid_search,2026-02-26,2026-02-01,2026-03-22,2026-03-01,Closed Lost,1,0,15900.0,24.0,Price,Helioscope
4717,2121,20,Mid-Market,7,affiliate,2026-05-05,2026-05-01,2026-07-18,2026-07-01,Negotiation,0,0,75200.0,,,
4719,2122,19,SMB,7,paid_search,2024-12-02,2024-12-01,2024-12-28,2024-12-01,Closed Lost,1,0,12200.0,26.0,No decision,Northwind
4720,2123,11,Mid-Market,4,affiliate,2026-05-01,2026-05-01,2026-07-21,2026-07-01,Negotiation,0,0,77300.0,,,
4722,2125,1,SMB,1,display,2025-12-17,2025-12-01,2026-01-30,2026-01-01,Closed Lost,1,0,20500.0,44.0,Price,Northwind
4725,2126,10,SMB,4,organic_search,2024-08-24,2024-08-01,2024-10-10,2024-10-01,Closed Lost,1,0,19700.0,47.0,Timing,Northwind
4726,2126,10,SMB,4,organic_search,2025-07-07,2025-07-01,2025-08-25,2025-08-01,Closed Won,1,1,12200.0,49.0,,
4731,2127,20,Mid-Market,7,affiliate,2026-05-11,2026-05-01,2026-08-19,2026-08-01,Discovery,0,0,39700.0,,,
4734,2128,21,Enterprise,7,paid_search,2025-03-06,2025-03-01,2025-08-05,2025-08-01,Closed Lost,1,0,289200.0,152.0,No decision,Northwind
4735,2128,21,Enterprise,7,paid_search,2025-12-26,2025-12-01,2026-03-08,2026-03-01,Closed Lost,1,0,95800.0,72.0,Competitor,Helioscope
4736,2129,10,SMB,4,affiliate,2025-08-30,2025-08-01,2025-10-17,2025-10-01,Closed Won,1,1,16800.0,48.0,,
4741,2131,20,Mid-Market,7,organic_search,2025-09-27,2025-09-01,2025-12-21,2025-12-01,Closed Lost,1,0,45900.0,85.0,Price,(none)
4742,2132,19,SMB,7,paid_search,2024-12-27,2024-12-01,2025-01-29,2025-01-01,Closed Lost,1,0,12900.0,33.0,Lost to status quo,(none)
4743,2132,19,SMB,7,paid_search,2025-10-10,2025-10-01,2025-11-10,2025-11-01,Closed Won,1,1,10600.0,31.0,,
4745,2133,8,Mid-Market,3,affiliate,2026-02-22,2026-02-01,2026-04-04,2026-04-01,Closed Lost,1,0,44300.0,41.0,Competitor,Kestrel
4746,2134,13,SMB,5,paid_search,2026-06-11,2026-06-01,2026-06-18,2026-06-01,Closed Lost,1,0,11300.0,7.0,Price,Kestrel
4749,2135,16,SMB,6,email,2025-12-10,2025-12-01,2026-01-12,2026-01-01,Closed Lost,1,0,11300.0,33.0,Price,Northwind
4750,2136,4,SMB,2,paid_search,2025-01-02,2025-01-01,2025-02-06,2025-02-01,Closed Won,1,1,7500.0,35.0,,
4751,2137,14,Mid-Market,5,paid_search,2026-06-20,2026-06-01,2026-08-19,2026-08-01,Proposal,0,0,36500.0,,,
4753,2138,2,Mid-Market,1,organic_search,2026-01-14,2026-01-01,2026-04-13,2026-04-01,Closed Lost,1,0,38000.0,89.0,Timing,Kestrel
4756,2139,7,SMB,3,email,2026-01-03,2026-01-01,2026-02-14,2026-02-01,Closed Lost,1,0,20900.0,42.0,Lost to status quo,Helioscope
4759,2140,4,SMB,2,email,2025-03-25,2025-03-01,2025-04-24,2025-04-01,Closed Lost,1,0,10600.0,30.0,No decision,Helioscope
4760,2140,4,SMB,2,email,2026-02-14,2026-02-01,2026-03-28,2026-03-01,Closed Lost,1,0,5500.0,42.0,Lost to status quo,(none)
4764,2141,13,SMB,5,organic_search,2026-05-01,2026-05-01,2026-05-18,2026-05-01,Closed Lost,1,0,8000.0,17.0,Lost to status quo,(none)
4765,2142,19,SMB,7,display,2025-08-07,2025-08-01,2025-09-19,2025-09-01,Closed Lost,1,0,5400.0,43.0,Lost to status quo,Helioscope
4766,2143,13,SMB,5,display,2025-12-19,2025-12-01,2026-01-16,2026-01-01,Closed Lost,1,0,7100.0,28.0,Lost to status quo,Kestrel
4772,2144,10,SMB,4,paid_social,2026-06-04,2026-06-01,2026-07-09,2026-07-01,Demo,0,0,6500.0,,,
4774,2145,1,SMB,1,paid_social,2026-04-11,2026-04-01,2026-05-23,2026-05-01,Closed Lost,1,0,9100.0,42.0,Price,Kestrel
4778,2146,5,Mid-Market,2,email,2026-06-30,2026-06-01,2026-09-20,2026-09-01,Demo,0,0,44000.0,,,
4779,2147,9,Enterprise,3,direct,2025-12-29,2025-12-01,2026-07-12,2026-07-01,Demo,0,0,159700.0,,,
4780,2148,19,SMB,7,organic_search,2025-10-31,2025-10-01,2025-12-08,2025-12-01,Closed Lost,1,0,11100.0,38.0,Timing,Kestrel
4783,2149,14,Mid-Market,5,paid_search,2025-05-06,2025-05-01,2025-08-05,2025-08-01,Closed Won,1,1,39000.0,91.0,,
4784,2149,14,Mid-Market,5,paid_search,2025-12-28,2025-12-01,2026-03-01,2026-03-01,Closed Lost,1,0,48800.0,63.0,No decision,Kestrel
4785,2150,14,Mid-Market,5,organic_search,2026-05-17,2026-05-01,2026-08-04,2026-08-01,Demo,0,0,55300.0,,,
4788,2151,1,SMB,1,email,2024-09-19,2024-09-01,2024-10-10,2024-10-01,Closed Lost,1,0,11700.0,21.0,Lost to status quo,(none)
4789,2151,1,SMB,1,email,2025-11-02,2025-11-01,2025-11-30,2025-11-01,Closed Won,1,1,8500.0,28.0,,
4790,2152,14,Mid-Market,5,display,2025-08-28,2025-08-01,2025-10-30,2025-10-01,Closed Lost,1,0,21900.0,63.0,Timing,Helioscope
4791,2153,7,SMB,3,paid_social,2025-10-07,2025-10-01,2025-11-05,2025-11-01,Closed Won,1,1,8000.0,29.0,,
4794,2154,5,Mid-Market,2,paid_social,2025-07-19,2025-07-01,2025-09-16,2025-09-01,Closed Lost,1,0,122600.0,59.0,Lost to status quo,Helioscope
4795,2155,20,Mid-Market,7,organic_search,2025-12-09,2025-12-01,2026-01-24,2026-01-01,Closed Won,1,1,26600.0,46.0,,
4796,2156,24,Enterprise,8,email,2025-05-09,2025-05-01,2025-10-22,2025-10-01,Closed Lost,1,0,249300.0,166.0,Price,Northwind
4797,2157,1,SMB,1,paid_social,2025-01-28,2025-01-01,2025-03-12,2025-03-01,Closed Lost,1,0,19800.0,43.0,Lost to status quo,Kestrel
4798,2158,18,Enterprise,6,paid_social,2024-09-05,2024-09-01,2025-02-26,2025-02-01,Closed Lost,1,0,210100.0,174.0,Competitor,Helioscope
4799,2159,6,Enterprise,2,email,2024-11-19,2024-11-01,2025-01-18,2025-01-01,Closed Lost,1,0,306100.0,60.0,Price,Helioscope
4800,2159,6,Enterprise,2,email,2025-08-26,2025-08-01,2026-01-02,2026-01-01,Closed Won,1,1,191500.0,129.0,,
4802,2161,16,SMB,6,organic_search,2026-02-14,2026-02-01,2026-03-10,2026-03-01,Closed Lost,1,0,4200.0,24.0,Lost to status quo,Northwind
4805,2162,16,SMB,6,email,2026-06-25,2026-06-01,2026-07-13,2026-07-01,Discovery,0,0,12000.0,,,
4806,2163,1,SMB,1,affiliate,2026-05-01,2026-05-01,2026-06-02,2026-06-01,Closed Won,1,1,6800.0,32.0,,
4809,2164,2,Mid-Market,1,paid_search,2026-04-27,2026-04-01,2026-06-21,2026-06-01,Closed Lost,1,0,27700.0,55.0,Lost to status quo,Kestrel
4810,2165,12,Enterprise,4,organic_search,2025-02-25,2025-02-01,2025-08-17,2025-08-01,Closed Won,1,1,185200.0,173.0,,
4811,2166,10,SMB,4,display,2025-04-09,2025-04-01,2025-05-01,2025-05-01,Closed Lost,1,0,12600.0,22.0,Competitor,(none)
4812,2166,10,SMB,4,display,2026-01-28,2026-01-01,2026-03-08,2026-03-01,Closed Lost,1,0,12100.0,39.0,Timing,Kestrel
4814,2167,24,Enterprise,8,paid_search,2025-08-20,2025-08-01,2026-03-23,2026-03-01,Closed Lost,1,0,147200.0,215.0,Competitor,(none)
4816,2168,20,Mid-Market,7,affiliate,2025-02-14,2025-02-01,2025-06-26,2025-06-01,Closed Lost,1,0,46800.0,132.0,Competitor,(none)
4817,2169,1,SMB,1,paid_social,2026-02-27,2026-02-01,2026-03-24,2026-03-01,Closed Won,1,1,11400.0,25.0,,
4821,2170,8,Mid-Market,3,display,2024-08-07,2024-08-01,2024-09-28,2024-09-01,Closed Lost,1,0,26900.0,52.0,Timing,(none)
4823,2172,8,Mid-Market,3,affiliate,2026-02-02,2026-02-01,2026-03-14,2026-03-01,Closed Won,1,1,42400.0,40.0,,
4825,2173,16,SMB,6,affiliate,2026-02-19,2026-02-01,2026-04-01,2026-04-01,Closed Won,1,1,9700.0,41.0,,
4827,2174,13,SMB,5,paid_search,2024-07-28,2024-07-01,2024-08-24,2024-08-01,Closed Lost,1,0,7100.0,27.0,Competitor,Kestrel
4828,2174,13,SMB,5,paid_search,2025-06-29,2025-06-01,2025-07-25,2025-07-01,Closed Lost,1,0,9300.0,26.0,No decision,(none)
4829,2174,13,SMB,5,paid_search,2025-11-15,2025-11-01,2025-11-28,2025-11-01,Closed Lost,1,0,13900.0,13.0,No decision,Kestrel
4830,2174,13,SMB,5,paid_search,2026-06-11,2026-06-01,2026-07-10,2026-07-01,Discovery,0,0,9200.0,,,
4834,2175,17,Mid-Market,6,paid_social,2025-12-13,2025-12-01,2026-03-12,2026-03-01,Closed Won,1,1,28500.0,89.0,,
4837,2176,18,Enterprise,6,paid_search,2025-07-31,2025-07-01,2026-01-25,2026-01-01,Closed Lost,1,0,116500.0,178.0,Price,Helioscope
4839,2177,2,Mid-Market,1,paid_social,2024-10-17,2024-10-01,2025-02-21,2025-02-01,Closed Lost,1,0,65200.0,127.0,Timing,(none)
4843,2179,16,SMB,6,direct,2025-08-20,2025-08-01,2025-09-29,2025-09-01,Closed Lost,1,0,17700.0,40.0,No decision,(none)
4844,2179,16,SMB,6,direct,2026-04-26,2026-04-01,2026-06-08,2026-06-01,Closed Won,1,1,17100.0,43.0,,
4846,2181,5,Mid-Market,2,organic_search,2026-01-20,2026-01-01,2026-04-02,2026-04-01,Closed Lost,1,0,50300.0,72.0,Competitor,Kestrel
4850,2182,13,SMB,5,organic_search,2025-08-29,2025-08-01,2025-09-28,2025-09-01,Closed Lost,1,0,12700.0,30.0,No decision,Kestrel
4851,2182,13,SMB,5,organic_search,2026-02-17,2026-02-01,2026-04-03,2026-04-01,Closed Lost,1,0,30500.0,45.0,Timing,(none)
4853,2183,2,Mid-Market,1,display,2026-04-16,2026-04-01,2026-07-16,2026-07-01,Discovery,0,0,46000.0,,,
4856,2184,24,Enterprise,8,paid_social,2025-06-12,2025-06-01,2025-11-19,2025-11-01,Closed Lost,1,0,144100.0,160.0,No decision,Helioscope
4857,2184,24,Enterprise,8,paid_social,2026-03-17,2026-03-01,2026-09-14,2026-09-01,Discovery,0,0,216700.0,,,
4859,2186,11,Mid-Market,4,direct,2025-03-20,2025-03-01,2025-05-30,2025-05-01,Closed Lost,1,0,27600.0,71.0,Lost to status quo,Kestrel
4860,2186,11,Mid-Market,4,direct,2026-04-15,2026-04-01,2026-08-21,2026-08-01,Discovery,0,0,31100.0,,,
4863,2187,1,SMB,1,display,2025-11-28,2025-11-01,2026-01-07,2026-01-01,Closed Lost,1,0,11900.0,40.0,Lost to status quo,(none)
4864,2187,1,SMB,1,display,2026-06-23,2026-06-01,2026-07-25,2026-07-01,Discovery,0,0,19000.0,,,
4865,2188,4,SMB,2,direct,2025-03-06,2025-03-01,2025-04-20,2025-04-01,Closed Lost,1,0,25900.0,45.0,No decision,Northwind
4866,2188,4,SMB,2,direct,2025-10-07,2025-10-01,2025-10-30,2025-10-01,Closed Won,1,1,11600.0,23.0,,
4867,2189,13,SMB,5,paid_search,2025-12-07,2025-12-01,2026-01-13,2026-01-01,Closed Lost,1,0,16700.0,37.0,Price,Kestrel
4868,2189,13,SMB,5,paid_search,2026-06-15,2026-06-01,2026-07-05,2026-07-01,Proposal,0,0,7100.0,,,
4872,2190,19,SMB,7,paid_social,2025-02-03,2025-02-01,2025-03-04,2025-03-01,Closed Lost,1,0,8400.0,29.0,Lost to status quo,Kestrel
4873,2190,19,SMB,7,paid_social,2025-09-03,2025-09-01,2025-10-07,2025-10-01,Closed Lost,1,0,15600.0,34.0,No decision,Kestrel
4874,2191,22,SMB,8,email,2026-01-29,2026-01-01,2026-03-08,2026-03-01,Closed Won,1,1,12900.0,38.0,,
4877,2192,5,Mid-Market,2,affiliate,2025-11-25,2025-11-01,2026-01-16,2026-01-01,Closed Lost,1,0,39800.0,52.0,Lost to status quo,(none)
4880,2193,22,SMB,8,display,2024-11-23,2024-11-01,2024-12-28,2024-12-01,Closed Lost,1,0,7900.0,35.0,Timing,Kestrel
4881,2193,22,SMB,8,display,2025-12-11,2025-12-01,2026-01-21,2026-01-01,Closed Lost,1,0,8600.0,41.0,Lost to status quo,Helioscope
4882,2193,22,SMB,8,display,2026-04-17,2026-04-01,2026-05-22,2026-05-01,Closed Lost,1,0,6800.0,35.0,Price,Kestrel
4884,2194,7,SMB,3,paid_social,2025-10-28,2025-10-01,2025-12-03,2025-12-01,Closed Lost,1,0,15200.0,36.0,No decision,(none)
4886,2195,16,SMB,6,display,2026-01-09,2026-01-01,2026-01-16,2026-01-01,Closed Lost,1,0,12800.0,7.0,Price,Helioscope
4892,2196,3,Enterprise,1,organic_search,2025-07-04,2025-07-01,2025-12-19,2025-12-01,Closed Lost,1,0,81000.0,168.0,Price,(none)
4893,2197,1,SMB,1,affiliate,2025-07-03,2025-07-01,2025-08-09,2025-08-01,Closed Lost,1,0,13900.0,37.0,Price,Kestrel
4895,2198,7,SMB,3,paid_social,2026-01-22,2026-01-01,2026-02-15,2026-02-01,Closed Lost,1,0,18000.0,24.0,Timing,(none)
4900,2199,17,Mid-Market,6,affiliate,2025-12-29,2025-12-01,2026-05-05,2026-05-01,Closed Lost,1,0,39000.0,127.0,Competitor,Northwind
4903,2201,17,Mid-Market,6,organic_search,2024-08-08,2024-08-01,2024-11-05,2024-11-01,Closed Lost,1,0,31400.0,89.0,Competitor,Kestrel
4904,2201,17,Mid-Market,6,organic_search,2025-05-10,2025-05-01,2025-06-22,2025-06-01,Closed Lost,1,0,42700.0,43.0,Lost to status quo,Northwind
4905,2201,17,Mid-Market,6,organic_search,2026-01-06,2026-01-01,2026-03-05,2026-03-01,Closed Won,1,1,42500.0,58.0,,
4906,2202,22,SMB,8,affiliate,2025-05-21,2025-05-01,2025-06-04,2025-06-01,Closed Lost,1,0,9200.0,14.0,Lost to status quo,Northwind
4907,2202,22,SMB,8,affiliate,2026-02-26,2026-02-01,2026-04-07,2026-04-01,Closed Won,1,1,17800.0,40.0,,
4911,2203,3,Enterprise,1,paid_social,2025-09-12,2025-09-01,2025-12-31,2025-12-01,Closed Won,1,1,159300.0,110.0,,
4912,2204,10,SMB,4,organic_search,2024-10-06,2024-10-01,2024-11-26,2024-11-01,Closed Lost,1,0,6600.0,51.0,Timing,Helioscope
4913,2205,16,SMB,6,email,2024-11-26,2024-11-01,2024-12-12,2024-12-01,Closed Lost,1,0,25500.0,16.0,Price,(none)
4914,2205,16,SMB,6,email,2025-09-28,2025-09-01,2025-10-25,2025-10-01,Closed Won,1,1,8500.0,27.0,,
4915,2205,16,SMB,6,email,2026-03-30,2026-03-01,2026-04-25,2026-04-01,Closed Lost,1,0,13900.0,26.0,No decision,Helioscope
4920,2206,16,SMB,6,direct,2025-04-20,2025-04-01,2025-05-17,2025-05-01,Closed Lost,1,0,9700.0,27.0,Price,Helioscope
4921,2206,16,SMB,6,direct,2026-04-03,2026-04-01,2026-05-09,2026-05-01,Closed Lost,1,0,8400.0,36.0,Competitor,Northwind
4923,2207,23,Mid-Market,8,direct,2025-03-12,2025-03-01,2025-04-26,2025-04-01,Closed Won,1,1,19700.0,45.0,,
4924,2207,23,Mid-Market,8,direct,2026-01-14,2026-01-01,2026-04-24,2026-04-01,Closed Lost,1,0,21400.0,100.0,Lost to status quo,Kestrel
4925,2208,12,Enterprise,4,email,2025-04-09,2025-04-01,2025-07-27,2025-07-01,Closed Won,1,1,272300.0,109.0,,
4926,2209,16,SMB,6,organic_search,2025-03-23,2025-03-01,2025-04-11,2025-04-01,Closed Lost,1,0,20700.0,19.0,Price,Helioscope
4927,2209,16,SMB,6,organic_search,2025-09-30,2025-09-01,2025-11-16,2025-11-01,Closed Lost,1,0,6100.0,47.0,Timing,(none)
4929,2210,22,SMB,8,organic_search,2026-04-29,2026-04-01,2026-06-07,2026-06-01,Closed Lost,1,0,7600.0,39.0,Competitor,Helioscope
4932,2211,22,SMB,8,direct,2024-12-05,2024-12-01,2024-12-20,2024-12-01,Closed Lost,1,0,9600.0,15.0,No decision,(none)
4933,2211,22,SMB,8,direct,2025-10-05,2025-10-01,2025-10-28,2025-10-01,Closed Lost,1,0,12700.0,23.0,Competitor,Helioscope
4934,2211,22,SMB,8,direct,2026-01-25,2026-01-01,2026-02-17,2026-02-01,Closed Lost,1,0,5800.0,23.0,No decision,(none)
4936,2212,10,SMB,4,direct,2026-02-20,2026-02-01,2026-04-06,2026-04-01,Closed Lost,1,0,23200.0,45.0,No decision,(none)
4937,2213,11,Mid-Market,4,organic_search,2025-04-01,2025-04-01,2025-07-26,2025-07-01,Closed Lost,1,0,26100.0,116.0,Timing,(none)
4938,2213,11,Mid-Market,4,organic_search,2026-02-08,2026-02-01,2026-04-19,2026-04-01,Closed Lost,1,0,40100.0,70.0,Timing,Helioscope
4939,2214,7,SMB,3,direct,2026-05-29,2026-05-01,2026-07-15,2026-07-01,Demo,0,0,13500.0,,,
4940,2215,24,Enterprise,8,paid_search,2025-02-23,2025-02-01,2025-06-11,2025-06-01,Closed Lost,1,0,69300.0,108.0,Price,Kestrel
4941,2216,22,SMB,8,direct,2026-04-01,2026-04-01,2026-05-11,2026-05-01,Closed Lost,1,0,9900.0,40.0,No decision,Helioscope
4943,2217,22,SMB,8,paid_search,2025-10-10,2025-10-01,2025-11-12,2025-11-01,Closed Lost,1,0,8800.0,33.0,Competitor,Northwind
4945,2218,18,Enterprise,6,direct,2026-05-04,2026-05-01,2026-09-14,2026-09-01,Demo,0,0,349700.0,,,
4946,2219,16,SMB,6,email,2025-07-18,2025-07-01,2025-09-01,2025-09-01,Closed Lost,1,0,16000.0,45.0,Lost to status quo,Kestrel
4947,2219,16,SMB,6,email,2026-02-22,2026-02-01,2026-03-20,2026-03-01,Closed Lost,1,0,16900.0,26.0,Lost to status quo,Kestrel
4948,2220,22,SMB,8,paid_search,2025-10-12,2025-10-01,2025-11-21,2025-11-01,Closed Lost,1,0,7600.0,40.0,Lost to status quo,(none)
4950,2222,5,Mid-Market,2,organic_search,2024-11-27,2024-11-01,2025-01-06,2025-01-01,Closed Lost,1,0,39200.0,40.0,Price,Northwind
4951,2222,5,Mid-Market,2,organic_search,2025-11-01,2025-11-01,2025-12-21,2025-12-01,Closed Won,1,1,42900.0,50.0,,
4952,2223,14,Mid-Market,5,affiliate,2025-01-11,2025-01-01,2025-03-05,2025-03-01,Closed Lost,1,0,15700.0,53.0,Lost to status quo,Kestrel
4953,2224,16,SMB,6,paid_social,2026-03-25,2026-03-01,2026-04-27,2026-04-01,Closed Won,1,1,10700.0,33.0,,
4957,2226,16,SMB,6,organic_search,2024-08-20,2024-08-01,2024-09-27,2024-09-01,Closed Lost,1,0,8900.0,38.0,Lost to status quo,Helioscope
4958,2227,20,Mid-Market,7,organic_search,2026-05-04,2026-05-01,2026-07-30,2026-07-01,Negotiation,0,0,68300.0,,,
4959,2228,4,SMB,2,organic_search,2026-02-11,2026-02-01,2026-03-21,2026-03-01,Closed Lost,1,0,16700.0,38.0,Lost to status quo,(none)
4962,2229,1,SMB,1,display,2026-04-21,2026-04-01,2026-06-10,2026-06-01,Closed Won,1,1,6800.0,50.0,,
4963,2230,15,Enterprise,5,paid_search,2025-05-12,2025-05-01,2025-07-28,2025-07-01,Closed Lost,1,0,293400.0,77.0,Timing,(none)
4964,2231,20,Mid-Market,7,paid_search,2026-04-27,2026-04-01,2026-08-10,2026-08-01,Proposal,0,0,26900.0,,,
4967,2232,23,Mid-Market,8,paid_search,2026-01-22,2026-01-01,2026-03-10,2026-03-01,Closed Lost,1,0,59200.0,47.0,Lost to status quo,Helioscope
4968,2233,16,SMB,6,affiliate,2024-11-18,2024-11-01,2024-12-27,2024-12-01,Closed Lost,1,0,13100.0,39.0,Competitor,Helioscope
4969,2234,7,SMB,3,display,2024-12-03,2024-12-01,2024-12-30,2024-12-01,Closed Lost,1,0,10200.0,27.0,No decision,Kestrel
4970,2234,7,SMB,3,display,2025-11-20,2025-11-01,2025-12-12,2025-12-01,Closed Won,1,1,10100.0,22.0,,
4973,2235,10,SMB,4,paid_social,2024-12-16,2024-12-01,2025-01-16,2025-01-01,Closed Lost,1,0,5300.0,31.0,No decision,Northwind
4974,2236,14,Mid-Market,5,display,2025-07-29,2025-07-01,2025-11-28,2025-11-01,Closed Lost,1,0,21400.0,122.0,Lost to status quo,Northwind
4975,2237,17,Mid-Market,6,affiliate,2026-03-09,2026-03-01,2026-06-23,2026-06-01,Closed Lost,1,0,33300.0,106.0,Price,Kestrel
4977,2238,17,Mid-Market,6,affiliate,2025-12-24,2025-12-01,2026-03-16,2026-03-01,Closed Lost,1,0,37900.0,82.0,Price,Helioscope
4979,2239,8,Mid-Market,3,organic_search,2025-09-25,2025-09-01,2025-12-11,2025-12-01,Closed Won,1,1,46300.0,77.0,,
4980,2240,13,SMB,5,email,2026-06-24,2026-06-01,2026-08-09,2026-08-01,Prospecting,0,0,6100.0,,,
4982,2241,7,SMB,3,organic_search,2025-11-14,2025-11-01,2025-12-14,2025-12-01,Closed Lost,1,0,28300.0,30.0,No decision,Kestrel
4984,2242,20,Mid-Market,7,paid_search,2025-12-31,2025-12-01,2026-03-26,2026-03-01,Closed Lost,1,0,36300.0,85.0,Competitor,(none)
4985,2243,4,SMB,2,organic_search,2024-09-03,2024-09-01,2024-10-19,2024-10-01,Closed Lost,1,0,8400.0,46.0,Timing,Kestrel
4986,2244,10,SMB,4,email,2026-01-22,2026-01-01,2026-02-21,2026-02-01,Closed Won,1,1,11500.0,30.0,,
4989,2245,20,Mid-Market,7,affiliate,2026-04-28,2026-04-01,2026-05-25,2026-05-01,Closed Lost,1,0,35900.0,27.0,Timing,(none)
4990,2246,5,Mid-Market,2,affiliate,2026-01-17,2026-01-01,2026-04-01,2026-04-01,Closed Won,1,1,33600.0,74.0,,
4991,2247,5,Mid-Market,2,affiliate,2026-06-13,2026-06-01,2026-07-31,2026-07-01,Prospecting,0,0,65400.0,,,
4993,2248,10,SMB,4,paid_search,2025-01-22,2025-01-01,2025-02-11,2025-02-01,Closed Won,1,1,16100.0,20.0,,
4994,2248,10,SMB,4,paid_search,2025-08-27,2025-08-01,2025-09-03,2025-09-01,Closed Lost,1,0,19000.0,7.0,No decision,(none)
4995,2248,10,SMB,4,paid_search,2026-06-07,2026-06-01,2026-07-22,2026-07-01,Proposal,0,0,4400.0,,,
4997,2249,1,SMB,1,affiliate,2025-08-05,2025-08-01,2025-09-20,2025-09-01,Closed Lost,1,0,9800.0,46.0,Competitor,Kestrel
5000,2250,17,Mid-Market,6,direct,2025-11-16,2025-11-01,2026-03-20,2026-03-01,Closed Lost,1,0,56100.0,124.0,Price,Helioscope
5001,2251,11,Mid-Market,4,affiliate,2025-07-12,2025-07-01,2025-09-18,2025-09-01,Closed Lost,1,0,44800.0,68.0,Price,(none)
5002,2252,13,SMB,5,affiliate,2026-05-20,2026-05-01,2026-06-22,2026-06-01,Closed Lost,1,0,11500.0,33.0,Lost to status quo,Northwind
5003,2253,23,Mid-Market,8,direct,2025-03-15,2025-03-01,2025-06-15,2025-06-01,Closed Won,1,1,50100.0,92.0,,
5004,2253,23,Mid-Market,8,direct,2025-10-10,2025-10-01,2025-12-14,2025-12-01,Closed Lost,1,0,37600.0,65.0,Lost to status quo,(none)
5006,2254,22,SMB,8,organic_search,2024-11-26,2024-11-01,2024-12-21,2024-12-01,Closed Lost,1,0,20600.0,25.0,Lost to status quo,Kestrel
5007,2254,22,SMB,8,organic_search,2025-09-16,2025-09-01,2025-09-29,2025-09-01,Closed Lost,1,0,19800.0,13.0,Price,(none)
5008,2255,9,Enterprise,3,paid_social,2025-08-23,2025-08-01,2026-03-29,2026-03-01,Closed Lost,1,0,173400.0,218.0,Timing,(none)
5009,2256,24,Enterprise,8,paid_social,2026-03-22,2026-03-01,2026-06-05,2026-06-01,Closed Lost,1,0,140000.0,75.0,Timing,Northwind
5010,2257,22,SMB,8,paid_social,2025-12-12,2025-12-01,2025-12-30,2025-12-01,Closed Lost,1,0,14200.0,18.0,No decision,Northwind
5015,2258,8,Mid-Market,3,display,2026-05-11,2026-05-01,2026-07-03,2026-07-01,Prospecting,0,0,30800.0,,,
5018,2259,19,SMB,7,affiliate,2024-11-24,2024-11-01,2024-12-28,2024-12-01,Closed Lost,1,0,5700.0,34.0,Price,Northwind
5019,2260,23,Mid-Market,8,affiliate,2025-12-21,2025-12-01,2026-04-10,2026-04-01,Closed Lost,1,0,44300.0,110.0,Competitor,Northwind
5021,2261,16,SMB,6,direct,2024-12-09,2024-12-01,2025-01-08,2025-01-01,Closed Lost,1,0,16200.0,30.0,Price,Northwind
5022,2261,16,SMB,6,direct,2025-07-27,2025-07-01,2025-08-17,2025-08-01,Closed Lost,1,0,9300.0,21.0,Lost to status quo,Kestrel
5025,2262,22,SMB,8,affiliate,2025-04-10,2025-04-01,2025-05-22,2025-05-01,Closed Lost,1,0,13200.0,42.0,Competitor,Northwind
5026,2263,8,Mid-Market,3,display,2024-10-09,2024-10-01,2024-11-02,2024-11-01,Closed Lost,1,0,27900.0,24.0,Price,Northwind
5027,2264,19,SMB,7,direct,2025-11-11,2025-11-01,2026-01-14,2026-01-01,Closed Won,1,1,13300.0,64.0,,
5028,2265,5,Mid-Market,2,paid_social,2025-05-15,2025-05-01,2025-08-07,2025-08-01,Closed Lost,1,0,38000.0,84.0,No decision,Northwind
5029,2265,5,Mid-Market,2,paid_social,2026-05-23,2026-05-01,2026-09-21,2026-09-01,Demo,0,0,32300.0,,,
5032,2266,15,Enterprise,5,paid_social,2025-10-11,2025-10-01,2026-04-16,2026-04-01,Closed Lost,1,0,94900.0,187.0,Competitor,(none)
5033,2267,19,SMB,7,organic_search,2026-05-24,2026-05-01,2026-07-02,2026-07-01,Demo,0,0,10800.0,,,
5034,2268,2,Mid-Market,1,paid_social,2024-08-29,2024-08-01,2024-10-30,2024-10-01,Closed Lost,1,0,48400.0,62.0,No decision,Helioscope
5035,2268,2,Mid-Market,1,paid_social,2025-06-29,2025-06-01,2025-07-06,2025-07-01,Closed Lost,1,0,22200.0,7.0,Competitor,Kestrel
5036,2268,2,Mid-Market,1,paid_social,2025-11-19,2025-11-01,2025-12-05,2025-12-01,Closed Lost,1,0,77800.0,16.0,Competitor,(none)
5039,2270,19,SMB,7,direct,2025-01-11,2025-01-01,2025-02-08,2025-02-01,Closed Lost,1,0,6100.0,28.0,Competitor,Kestrel
5040,2270,19,SMB,7,direct,2026-01-30,2026-01-01,2026-03-15,2026-03-01,Closed Lost,1,0,11300.0,44.0,No decision,Kestrel
5043,2271,4,SMB,2,paid_search,2026-05-11,2026-05-01,2026-06-11,2026-06-01,Closed Lost,1,0,9400.0,31.0,Competitor,(none)
5044,2272,20,Mid-Market,7,paid_search,2025-07-17,2025-07-01,2025-10-16,2025-10-01,Closed Lost,1,0,42000.0,91.0,No decision,Kestrel
5045,2272,20,Mid-Market,7,paid_search,2026-05-07,2026-05-01,2026-07-06,2026-07-01,Proposal,0,0,31000.0,,,
5047,2273,4,SMB,2,paid_social,2024-10-21,2024-10-01,2024-11-23,2024-11-01,Closed Lost,1,0,11200.0,33.0,Price,Northwind
5048,2273,4,SMB,2,paid_social,2025-10-31,2025-10-01,2025-11-27,2025-11-01,Closed Lost,1,0,10300.0,27.0,Price,(none)
5050,2273,4,SMB,2,paid_social,2026-06-23,2026-06-01,2026-07-27,2026-07-01,Prospecting,0,0,13700.0,,,
5052,2274,23,Mid-Market,8,display,2026-01-10,2026-01-01,2026-03-18,2026-03-01,Closed Lost,1,0,32100.0,67.0,Lost to status quo,Helioscope
5057,2276,7,SMB,3,paid_search,2025-07-20,2025-07-01,2025-08-23,2025-08-01,Closed Won,1,1,7400.0,34.0,,
5059,2277,4,SMB,2,paid_social,2025-01-08,2025-01-01,2025-02-01,2025-02-01,Closed Lost,1,0,14000.0,24.0,Competitor,Northwind
5060,2277,4,SMB,2,paid_social,2025-12-06,2025-12-01,2026-01-12,2026-01-01,Closed Lost,1,0,9400.0,37.0,No decision,Northwind
5061,2277,4,SMB,2,paid_social,2026-06-26,2026-06-01,2026-08-01,2026-08-01,Discovery,0,0,9500.0,,,
5066,2279,22,SMB,8,display,2026-01-20,2026-01-01,2026-03-05,2026-03-01,Closed Lost,1,0,7600.0,44.0,Competitor,Helioscope
5069,2280,19,SMB,7,email,2025-12-31,2025-12-01,2026-02-03,2026-02-01,Closed Lost,1,0,5500.0,34.0,Competitor,Helioscope
5072,2281,24,Enterprise,8,affiliate,2025-09-15,2025-09-01,2025-12-31,2025-12-01,Closed Lost,1,0,88700.0,107.0,Price,(none)
5073,2282,10,SMB,4,email,2026-01-15,2026-01-01,2026-02-06,2026-02-01,Closed Won,1,1,12000.0,22.0,,
5074,2283,1,SMB,1,display,2026-02-08,2026-02-01,2026-02-23,2026-02-01,Closed Lost,1,0,5400.0,15.0,Lost to status quo,(none)
5078,2285,1,SMB,1,affiliate,2026-06-13,2026-06-01,2026-07-30,2026-07-01,Proposal,0,0,9600.0,,,
5082,2287,13,SMB,5,organic_search,2024-09-27,2024-09-01,2024-10-27,2024-10-01,Closed Lost,1,0,8100.0,30.0,No decision,Helioscope
5083,2288,7,SMB,3,paid_search,2025-08-20,2025-08-01,2025-09-25,2025-09-01,Closed Lost,1,0,18900.0,36.0,Timing,Helioscope
5084,2288,7,SMB,3,paid_search,2026-05-15,2026-05-01,2026-07-17,2026-07-01,Demo,0,0,10400.0,,,
5085,2289,10,SMB,4,organic_search,2026-01-11,2026-01-01,2026-02-11,2026-02-01,Closed Lost,1,0,10200.0,31.0,No decision,Northwind
5086,2290,2,Mid-Market,1,organic_search,2025-04-18,2025-04-01,2025-06-04,2025-06-01,Closed Won,1,1,35100.0,47.0,,
5087,2290,2,Mid-Market,1,organic_search,2025-10-25,2025-10-01,2025-12-06,2025-12-01,Closed Lost,1,0,50600.0,42.0,Competitor,Helioscope
5089,2291,7,SMB,3,affiliate,2025-11-13,2025-11-01,2025-12-28,2025-12-01,Closed Won,1,1,8700.0,45.0,,
5090,2291,7,SMB,3,affiliate,2026-06-28,2026-06-01,2026-08-02,2026-08-01,Discovery,0,0,6400.0,,,
5091,2292,22,SMB,8,paid_social,2024-12-15,2024-12-01,2025-01-16,2025-01-01,Closed Lost,1,0,7700.0,32.0,Competitor,Helioscope
5092,2292,22,SMB,8,paid_social,2025-10-25,2025-10-01,2025-12-01,2025-12-01,Closed Won,1,1,9900.0,37.0,,
5093,2292,22,SMB,8,paid_social,2026-03-01,2026-03-01,2026-03-30,2026-03-01,Closed Lost,1,0,16500.0,29.0,Price,Kestrel
5094,2293,4,SMB,2,paid_social,2026-06-28,2026-06-01,2026-08-03,2026-08-01,Demo,0,0,20300.0,,,
5096,2294,7,SMB,3,organic_search,2025-09-24,2025-09-01,2025-10-25,2025-10-01,Closed Lost,1,0,9200.0,31.0,Price,Helioscope
5098,2295,20,Mid-Market,7,direct,2025-10-15,2025-10-01,2026-01-20,2026-01-01,Closed Lost,1,0,58000.0,97.0,Timing,Helioscope
5100,2296,19,SMB,7,paid_search,2025-11-17,2025-11-01,2025-12-16,2025-12-01,Closed Lost,1,0,9200.0,29.0,Price,Kestrel
5102,2297,19,SMB,7,organic_search,2026-02-11,2026-02-01,2026-03-16,2026-03-01,Closed Won,1,1,9700.0,33.0,,
5104,2298,22,SMB,8,direct,2026-02-01,2026-02-01,2026-02-19,2026-02-01,Closed Won,1,1,7700.0,18.0,,
5106,2299,1,SMB,1,direct,2024-12-24,2024-12-01,2025-01-25,2025-01-01,Closed Won,1,1,10100.0,32.0,,
5107,2299,1,SMB,1,direct,2025-08-08,2025-08-01,2025-09-18,2025-09-01,Closed Won,1,1,18100.0,41.0,,
5108,2300,17,Mid-Market,6,display,2026-05-20,2026-05-01,2026-07-22,2026-07-01,Negotiation,0,0,36000.0,,,
5109,2301,19,SMB,7,email,2025-08-26,2025-08-01,2025-09-28,2025-09-01,Closed Lost,1,0,5900.0,33.0,No decision,(none)
5111,2302,13,SMB,5,display,2024-09-10,2024-09-01,2024-10-12,2024-10-01,Closed Won,1,1,11000.0,32.0,,
5112,2302,13,SMB,5,display,2025-03-09,2025-03-01,2025-04-05,2025-04-01,Closed Won,1,1,19800.0,27.0,,
5113,2302,13,SMB,5,display,2026-05-09,2026-05-01,2026-05-27,2026-05-01,Closed Won,1,1,28600.0,18.0,,
5115,2303,16,SMB,6,email,2025-11-14,2025-11-01,2025-12-24,2025-12-01,Closed Lost,1,0,7600.0,40.0,Lost to status quo,Helioscope
5117,2304,8,Mid-Market,3,display,2026-04-04,2026-04-01,2026-07-30,2026-07-01,Negotiation,0,0,15900.0,,,
5120,2305,4,SMB,2,direct,2025-09-03,2025-09-01,2025-10-02,2025-10-01,Closed Lost,1,0,9200.0,29.0,Timing,Northwind
5123,2306,5,Mid-Market,2,paid_social,2025-11-16,2025-11-01,2026-02-18,2026-02-01,Closed Lost,1,0,59800.0,94.0,Price,Kestrel
5124,2307,7,SMB,3,direct,2024-11-13,2024-11-01,2024-12-05,2024-12-01,Closed Lost,1,0,6800.0,22.0,Competitor,(none)
5125,2307,7,SMB,3,direct,2025-06-27,2025-06-01,2025-08-15,2025-08-01,Closed Won,1,1,15100.0,49.0,,
5126,2307,7,SMB,3,direct,2026-06-19,2026-06-01,2026-08-10,2026-08-01,Discovery,0,0,13500.0,,,
5128,2308,1,SMB,1,direct,2025-11-21,2025-11-01,2026-01-01,2026-01-01,Closed Lost,1,0,6700.0,41.0,Price,Helioscope
5129,2309,1,SMB,1,paid_social,2025-04-18,2025-04-01,2025-05-18,2025-05-01,Closed Won,1,1,9100.0,30.0,,
5130,2309,1,SMB,1,paid_social,2026-01-11,2026-01-01,2026-03-17,2026-03-01,Closed Lost,1,0,17500.0,65.0,Lost to status quo,Helioscope
5137,2310,13,SMB,5,organic_search,2025-12-30,2025-12-01,2026-01-24,2026-01-01,Closed Won,1,1,10200.0,25.0,,
5138,2311,7,SMB,3,organic_search,2025-03-03,2025-03-01,2025-04-04,2025-04-01,Closed Lost,1,0,7200.0,32.0,No decision,Northwind
5139,2311,7,SMB,3,organic_search,2026-03-02,2026-03-01,2026-03-27,2026-03-01,Closed Won,1,1,13700.0,25.0,,
5141,2312,9,Enterprise,3,affiliate,2025-02-22,2025-02-01,2025-04-17,2025-04-01,Closed Lost,1,0,195700.0,54.0,No decision,Helioscope
5142,2313,5,Mid-Market,2,display,2025-04-21,2025-04-01,2025-07-12,2025-07-01,Closed Lost,1,0,39200.0,82.0,No decision,(none)
5143,2313,5,Mid-Market,2,display,2026-02-24,2026-02-01,2026-04-21,2026-04-01,Closed Won,1,1,42100.0,56.0,,
5145,2314,7,SMB,3,affiliate,2025-10-22,2025-10-01,2025-11-26,2025-11-01,Closed Lost,1,0,6000.0,35.0,Timing,(none)
5150,2315,16,SMB,6,display,2025-08-06,2025-08-01,2025-08-23,2025-08-01,Closed Won,1,1,6200.0,17.0,,
5151,2315,16,SMB,6,display,2026-04-12,2026-04-01,2026-05-05,2026-05-01,Closed Lost,1,0,6300.0,23.0,No decision,Northwind
5152,2316,1,SMB,1,direct,2025-06-26,2025-06-01,2025-07-29,2025-07-01,Closed Lost,1,0,10800.0,33.0,Timing,(none)
5153,2316,1,SMB,1,direct,2026-04-23,2026-04-01,2026-05-31,2026-05-01,Closed Lost,1,0,6800.0,38.0,Lost to status quo,(none)
5154,2317,8,Mid-Market,3,organic_search,2025-08-04,2025-08-01,2025-12-04,2025-12-01,Closed Won,1,1,24100.0,122.0,,
5155,2317,8,Mid-Market,3,organic_search,2026-06-28,2026-06-01,2026-09-09,2026-09-01,Proposal,0,0,53200.0,,,
5160,2318,8,Mid-Market,3,paid_search,2025-11-10,2025-11-01,2025-12-14,2025-12-01,Closed Lost,1,0,40000.0,34.0,Lost to status quo,Northwind
5163,2319,7,SMB,3,organic_search,2025-06-26,2025-06-01,2025-08-04,2025-08-01,Closed Won,1,1,13300.0,39.0,,
5164,2320,14,Mid-Market,5,email,2025-10-26,2025-10-01,2025-12-10,2025-12-01,Closed Lost,1,0,44500.0,45.0,Timing,Kestrel
5165,2321,13,SMB,5,paid_search,2024-09-16,2024-09-01,2024-10-25,2024-10-01,Closed Won,1,1,28600.0,39.0,,
5166,2322,23,Mid-Market,8,organic_search,2025-10-18,2025-10-01,2025-12-11,2025-12-01,Closed Lost,1,0,83800.0,54.0,Competitor,(none)
5167,2323,22,SMB,8,paid_search,2026-02-13,2026-02-01,2026-03-21,2026-03-01,Closed Lost,1,0,8400.0,36.0,Price,Helioscope
5172,2324,5,Mid-Market,2,paid_social,2025-05-20,2025-05-01,2025-07-20,2025-07-01,Closed Lost,1,0,39600.0,61.0,Competitor,Northwind
5173,2325,22,SMB,8,email,2025-03-24,2025-03-01,2025-05-10,2025-05-01,Closed Lost,1,0,13300.0,47.0,No decision,(none)
5174,2325,22,SMB,8,email,2026-02-09,2026-02-01,2026-02-27,2026-02-01,Closed Lost,1,0,18800.0,18.0,Price,Helioscope
5177,2326,20,Mid-Market,7,organic_search,2026-05-30,2026-05-01,2026-08-16,2026-08-01,Discovery,0,0,37000.0,,,
5180,2327,16,SMB,6,display,2025-05-08,2025-05-01,2025-06-11,2025-06-01,Closed Won,1,1,7900.0,34.0,,
5181,2327,16,SMB,6,display,2026-03-07,2026-03-01,2026-04-07,2026-04-01,Closed Lost,1,0,6800.0,31.0,Timing,Northwind
5185,2328,23,Mid-Market,8,paid_social,2025-04-16,2025-04-01,2025-06-26,2025-06-01,Closed Lost,1,0,50600.0,71.0,Timing,Northwind
5186,2328,23,Mid-Market,8,paid_social,2026-03-12,2026-03-01,2026-05-14,2026-05-01,Closed Lost,1,0,18900.0,63.0,Timing,Kestrel
5187,2329,20,Mid-Market,7,email,2026-06-04,2026-06-01,2026-08-27,2026-08-01,Demo,0,0,31400.0,,,
5189,2330,7,SMB,3,affiliate,2026-02-13,2026-02-01,2026-03-01,2026-03-01,Closed Lost,1,0,22600.0,16.0,Competitor,Northwind
5193,2331,23,Mid-Market,8,paid_social,2025-09-25,2025-09-01,2025-12-30,2025-12-01,Closed Lost,1,0,67900.0,96.0,Price,Kestrel
5194,2332,22,SMB,8,display,2026-06-25,2026-06-01,2026-08-05,2026-08-01,Proposal,0,0,11900.0,,,
5197,2333,10,SMB,4,email,2025-10-04,2025-10-01,2025-11-07,2025-11-01,Closed Won,1,1,11800.0,34.0,,
5198,2333,10,SMB,4,email,2026-06-09,2026-06-01,2026-07-01,2026-07-01,Closed Lost,1,0,10900.0,22.0,Price,Northwind
5201,2334,14,Mid-Market,5,email,2024-09-01,2024-09-01,2024-11-11,2024-11-01,Closed Lost,1,0,32000.0,71.0,No decision,(none)
5202,2335,20,Mid-Market,7,paid_social,2025-03-31,2025-03-01,2025-06-01,2025-06-01,Closed Lost,1,0,24100.0,62.0,Timing,Northwind
5203,2335,20,Mid-Market,7,paid_social,2025-12-24,2025-12-01,2026-03-26,2026-03-01,Closed Won,1,1,37900.0,92.0,,
5205,2336,22,SMB,8,direct,2025-11-27,2025-11-01,2025-12-19,2025-12-01,Closed Lost,1,0,5100.0,22.0,Lost to status quo,Northwind
5207,2337,2,Mid-Market,1,direct,2024-12-13,2024-12-01,2025-03-02,2025-03-01,Closed Won,1,1,13900.0,79.0,,
5208,2338,2,Mid-Market,1,direct,2025-04-05,2025-04-01,2025-06-24,2025-06-01,Closed Lost,1,0,46800.0,80.0,No decision,Northwind
5209,2339,14,Mid-Market,5,paid_search,2025-03-27,2025-03-01,2025-07-07,2025-07-01,Closed Lost,1,0,18700.0,102.0,No decision,Northwind
5210,2339,14,Mid-Market,5,paid_search,2026-04-01,2026-04-01,2026-05-13,2026-05-01,Closed Lost,1,0,40000.0,42.0,Competitor,(none)
5211,2340,8,Mid-Market,3,organic_search,2024-09-15,2024-09-01,2025-01-01,2025-01-01,Closed Lost,1,0,32100.0,108.0,Competitor,Northwind
5212,2340,8,Mid-Market,3,organic_search,2025-04-13,2025-04-01,2025-06-19,2025-06-01,Closed Lost,1,0,50100.0,67.0,Price,Northwind
5213,2341,22,SMB,8,affiliate,2024-08-19,2024-08-01,2024-09-15,2024-09-01,Closed Lost,1,0,6800.0,27.0,Competitor,Helioscope
5214,2342,13,SMB,5,affiliate,2025-10-04,2025-10-01,2025-11-11,2025-11-01,Closed Lost,1,0,14700.0,38.0,Lost to status quo,Helioscope
5217,2343,21,Enterprise,7,affiliate,2025-01-15,2025-01-01,2025-06-03,2025-06-01,Closed Lost,1,0,160700.0,139.0,Price,Kestrel
5218,2344,16,SMB,6,display,2026-05-11,2026-05-01,2026-06-21,2026-06-01,Closed Lost,1,0,9100.0,41.0,Timing,Kestrel
5219,2345,10,SMB,4,email,2024-10-28,2024-10-01,2024-12-04,2024-12-01,Closed Lost,1,0,11500.0,37.0,Lost to status quo,Helioscope
5220,2345,10,SMB,4,email,2025-09-09,2025-09-01,2025-10-09,2025-10-01,Closed Lost,1,0,7400.0,30.0,Competitor,Northwind
5222,2346,1,SMB,1,organic_search,2026-06-21,2026-06-01,2026-08-05,2026-08-01,Discovery,0,0,16700.0,,,
5224,2347,16,SMB,6,direct,2026-01-30,2026-01-01,2026-02-19,2026-02-01,Closed Lost,1,0,20700.0,20.0,Competitor,Northwind
5226,2348,7,SMB,3,organic_search,2026-01-13,2026-01-01,2026-02-01,2026-02-01,Closed Lost,1,0,8700.0,19.0,Price,Helioscope
5230,2349,13,SMB,5,affiliate,2026-03-29,2026-03-01,2026-04-29,2026-04-01,Closed Lost,1,0,8300.0,31.0,Price,Northwind
5235,2350,19,SMB,7,organic_search,2026-05-09,2026-05-01,2026-06-11,2026-06-01,Closed Lost,1,0,7300.0,33.0,Price,(none)
5236,2351,13,SMB,5,paid_search,2025-03-26,2025-03-01,2025-04-27,2025-04-01,Closed Lost,1,0,8000.0,32.0,Competitor,Helioscope
5237,2351,13,SMB,5,paid_search,2026-05-01,2026-05-01,2026-05-28,2026-05-01,Closed Lost,1,0,13200.0,27.0,Lost to status quo,Kestrel
5241,2352,17,Mid-Market,6,email,2025-11-01,2025-11-01,2026-02-01,2026-02-01,Closed Lost,1,0,47500.0,92.0,Timing,Helioscope
5242,2353,1,SMB,1,direct,2025-05-01,2025-05-01,2025-06-21,2025-06-01,Closed Lost,1,0,10900.0,51.0,Lost to status quo,(none)
5243,2353,1,SMB,1,direct,2025-11-13,2025-11-01,2026-01-09,2026-01-01,Closed Lost,1,0,6400.0,57.0,Timing,Helioscope
5246,2354,24,Enterprise,8,paid_search,2026-05-08,2026-05-01,2026-12-12,2026-12-01,Discovery,0,0,111300.0,,,
5247,2355,23,Mid-Market,8,paid_social,2025-09-28,2025-09-01,2025-11-29,2025-11-01,Closed Lost,1,0,47400.0,62.0,Timing,Northwind
5248,2356,14,Mid-Market,5,paid_social,2025-10-29,2025-10-01,2026-01-11,2026-01-01,Closed Won,1,1,50100.0,74.0,,
5249,2357,9,Enterprise,3,organic_search,2025-05-27,2025-05-01,2025-10-01,2025-10-01,Closed Lost,1,0,267800.0,127.0,Timing,Helioscope
5250,2358,2,Mid-Market,1,affiliate,2025-03-07,2025-03-01,2025-06-05,2025-06-01,Closed Won,1,1,36000.0,90.0,,
5252,2360,9,Enterprise,3,paid_social,2026-01-14,2026-01-01,2026-08-21,2026-08-01,Demo,0,0,178500.0,,,
5254,2361,14,Mid-Market,5,paid_search,2025-02-18,2025-02-01,2025-05-18,2025-05-01,Closed Lost,1,0,51200.0,89.0,No decision,Kestrel
5255,2362,21,Enterprise,7,organic_search,2025-07-04,2025-07-01,2025-12-21,2025-12-01,Closed Lost,1,0,109200.0,170.0,Price,(none)
5257,2363,1,SMB,1,affiliate,2025-02-25,2025-02-01,2025-04-09,2025-04-01,Closed Lost,1,0,7200.0,43.0,No decision,Helioscope
5258,2363,1,SMB,1,affiliate,2025-12-06,2025-12-01,2026-01-03,2026-01-01,Closed Lost,1,0,13600.0,28.0,Lost to status quo,Helioscope
5259,2364,4,SMB,2,organic_search,2025-10-27,2025-10-01,2025-11-15,2025-11-01,Closed Lost,1,0,8300.0,19.0,No decision,Helioscope
5266,2365,16,SMB,6,email,2025-01-16,2025-01-01,2025-02-26,2025-02-01,Closed Lost,1,0,8700.0,41.0,Price,(none)
5267,2366,24,Enterprise,8,paid_search,2026-05-14,2026-05-01,2026-10-23,2026-10-01,Negotiation,0,0,184300.0,,,
5268,2367,15,Enterprise,5,direct,2025-02-19,2025-02-01,2025-05-27,2025-05-01,Closed Lost,1,0,270300.0,97.0,Timing,(none)
5269,2368,1,SMB,1,paid_social,2026-05-21,2026-05-01,2026-06-20,2026-06-01,Closed Won,1,1,10500.0,30.0,,
5271,2369,17,Mid-Market,6,organic_search,2025-09-12,2025-09-01,2026-02-03,2026-02-01,Closed Lost,1,0,56000.0,144.0,Lost to status quo,Kestrel
5272,2370,8,Mid-Market,3,affiliate,2025-02-27,2025-02-01,2025-04-20,2025-04-01,Closed Lost,1,0,54100.0,52.0,Lost to status quo,Helioscope
5273,2371,5,Mid-Market,2,affiliate,2025-10-24,2025-10-01,2026-01-14,2026-01-01,Closed Lost,1,0,93200.0,82.0,Price,(none)
5274,2372,2,Mid-Market,1,paid_search,2026-02-23,2026-02-01,2026-04-23,2026-04-01,Closed Lost,1,0,25700.0,59.0,Timing,Helioscope
5275,2373,2,Mid-Market,1,display,2025-10-26,2025-10-01,2026-01-13,2026-01-01,Closed Lost,1,0,43500.0,79.0,Lost to status quo,Helioscope
5276,2374,2,Mid-Market,1,email,2026-04-19,2026-04-01,2026-07-28,2026-07-01,Discovery,0,0,36100.0,,,
5280,2376,4,SMB,2,organic_search,2025-10-08,2025-10-01,2025-11-14,2025-11-01,Closed Lost,1,0,5000.0,37.0,Competitor,Kestrel
5282,2377,22,SMB,8,paid_search,2026-01-16,2026-01-01,2026-03-03,2026-03-01,Closed Lost,1,0,15100.0,46.0,No decision,(none)
5283,2378,2,Mid-Market,1,direct,2026-06-25,2026-06-01,2026-09-09,2026-09-01,Discovery,0,0,42500.0,,,
5284,2379,10,SMB,4,display,2026-05-31,2026-05-01,2026-07-03,2026-07-01,Negotiation,0,0,7200.0,,,
5285,2380,8,Mid-Market,3,display,2026-01-01,2026-01-01,2026-03-15,2026-03-01,Closed Lost,1,0,37300.0,73.0,Price,Helioscope
5287,2381,1,SMB,1,organic_search,2026-04-07,2026-04-01,2026-05-19,2026-05-01,Closed Lost,1,0,11800.0,42.0,Price,Kestrel
5292,2382,8,Mid-Market,3,email,2025-08-04,2025-08-01,2025-08-18,2025-08-01,Closed Lost,1,0,63400.0,14.0,Competitor,Helioscope
5294,2384,7,SMB,3,paid_social,2026-06-19,2026-06-01,2026-08-08,2026-08-01,Discovery,0,0,19500.0,,,
5296,2385,7,SMB,3,paid_search,2026-04-03,2026-04-01,2026-04-26,2026-04-01,Closed Won,1,1,6800.0,23.0,,
5299,2386,2,Mid-Market,1,email,2024-12-25,2024-12-01,2025-03-12,2025-03-01,Closed Lost,1,0,53800.0,77.0,Lost to status quo,Kestrel
5300,2386,2,Mid-Market,1,email,2025-10-10,2025-10-01,2026-01-07,2026-01-01,Closed Lost,1,0,23900.0,89.0,Lost to status quo,(none)
5301,2387,16,SMB,6,paid_search,2025-12-19,2025-12-01,2026-01-04,2026-01-01,Closed Won,1,1,26700.0,16.0,,
5304,2388,6,Enterprise,2,email,2026-02-03,2026-02-01,2026-06-24,2026-06-01,Closed Lost,1,0,248700.0,141.0,No decision,Helioscope
5305,2389,16,SMB,6,organic_search,2026-04-29,2026-04-01,2026-05-30,2026-05-01,Closed Lost,1,0,9100.0,31.0,Timing,(none)
5306,2390,13,SMB,5,organic_search,2025-12-31,2025-12-01,2026-01-22,2026-01-01,Closed Lost,1,0,12900.0,22.0,Price,(none)
5310,2391,23,Mid-Market,8,email,2026-01-04,2026-01-01,2026-02-23,2026-02-01,Closed Lost,1,0,18400.0,50.0,Competitor,Helioscope
5311,2392,4,SMB,2,paid_social,2025-11-21,2025-11-01,2026-01-16,2026-01-01,Closed Won,1,1,13000.0,56.0,,
5313,2393,10,SMB,4,email,2026-03-05,2026-03-01,2026-04-10,2026-04-01,Closed Lost,1,0,26800.0,36.0,No decision,Kestrel
5317,2394,15,Enterprise,5,organic_search,2024-09-12,2024-09-01,2025-03-26,2025-03-01,Closed Lost,1,0,296600.0,195.0,No decision,Northwind
5318,2394,15,Enterprise,5,organic_search,2025-04-03,2025-04-01,2025-08-27,2025-08-01,Closed Lost,1,0,82000.0,146.0,Price,Kestrel
5319,2395,22,SMB,8,direct,2026-05-17,2026-05-01,2026-06-11,2026-06-01,Closed Won,1,1,21100.0,25.0,,
5321,2396,1,SMB,1,display,2026-03-23,2026-03-01,2026-05-06,2026-05-01,Closed Won,1,1,14300.0,44.0,,
5322,2397,13,SMB,5,paid_search,2026-02-22,2026-02-01,2026-04-02,2026-04-01,Closed Won,1,1,3700.0,39.0,,
5324,2398,23,Mid-Market,8,paid_search,2026-02-11,2026-02-01,2026-06-18,2026-06-01,Closed Lost,1,0,28500.0,127.0,Lost to status quo,(none)
5325,2399,17,Mid-Market,6,paid_social,2026-01-22,2026-01-01,2026-03-13,2026-03-01,Closed Lost,1,0,36200.0,50.0,Lost to status quo,Helioscope
5326,2400,17,Mid-Market,6,paid_social,2025-05-03,2025-05-01,2025-06-29,2025-06-01,Closed Lost,1,0,34200.0,57.0,No decision,(none)
5327,2401,4,SMB,2,affiliate,2024-09-19,2024-09-01,2024-10-21,2024-10-01,Closed Won,1,1,18100.0,32.0,,
5328,2402,23,Mid-Market,8,display,2024-11-25,2024-11-01,2025-01-21,2025-01-01,Closed Lost,1,0,35000.0,57.0,Competitor,Kestrel
5329,2402,23,Mid-Market,8,display,2025-08-05,2025-08-01,2025-11-28,2025-11-01,Closed Won,1,1,22200.0,115.0,,
5330,2403,19,SMB,7,paid_search,2026-06-20,2026-06-01,2026-08-10,2026-08-01,Proposal,0,0,15200.0,,,
5331,2404,10,SMB,4,email,2026-03-03,2026-03-01,2026-04-07,2026-04-01,Closed Won,1,1,6700.0,35.0,,
5339,2407,20,Mid-Market,7,display,2026-02-16,2026-02-01,2026-05-21,2026-05-01,Closed Lost,1,0,31900.0,94.0,Price,Kestrel
5340,2408,7,SMB,3,email,2024-11-22,2024-11-01,2024-11-29,2024-11-01,Closed Lost,1,0,8800.0,7.0,Timing,Northwind
5341,2409,1,SMB,1,email,2025-10-05,2025-10-01,2025-11-02,2025-11-01,Closed Won,1,1,10500.0,28.0,,
5345,2410,16,SMB,6,direct,2026-02-09,2026-02-01,2026-03-03,2026-03-01,Closed Lost,1,0,11400.0,22.0,Timing,Helioscope
5347,2411,17,Mid-Market,6,paid_social,2024-10-30,2024-10-01,2024-12-10,2024-12-01,Closed Won,1,1,47500.0,41.0,,
5348,2412,4,SMB,2,paid_social,2025-03-19,2025-03-01,2025-04-13,2025-04-01,Closed Lost,1,0,10300.0,25.0,Price,(none)
5349,2412,4,SMB,2,paid_social,2026-02-05,2026-02-01,2026-03-19,2026-03-01,Closed Lost,1,0,5300.0,42.0,Competitor,Helioscope
5350,2413,22,SMB,8,paid_search,2026-03-31,2026-03-01,2026-05-02,2026-05-01,Closed Won,1,1,15700.0,32.0,,
5353,2414,16,SMB,6,affiliate,2025-09-13,2025-09-01,2025-10-04,2025-10-01,Closed Won,1,1,12600.0,21.0,,
5354,2415,12,Enterprise,4,organic_search,2025-07-13,2025-07-01,2025-12-10,2025-12-01,Closed Lost,1,0,234300.0,150.0,Price,(none)
5355,2416,22,SMB,8,direct,2026-01-26,2026-01-01,2026-03-06,2026-03-01,Closed Won,1,1,11400.0,39.0,,
5356,2417,17,Mid-Market,6,affiliate,2025-08-17,2025-08-01,2025-11-23,2025-11-01,Closed Won,1,1,63200.0,98.0,,
5357,2418,13,SMB,5,paid_search,2026-06-26,2026-06-01,2026-09-06,2026-09-01,Negotiation,0,0,4400.0,,,
5361,2419,1,SMB,1,paid_social,2024-08-10,2024-08-01,2024-09-15,2024-09-01,Closed Won,1,1,19400.0,36.0,,
5362,2420,1,SMB,1,email,2025-06-14,2025-06-01,2025-07-11,2025-07-01,Closed Lost,1,0,21500.0,27.0,Price,Northwind
5363,2420,1,SMB,1,email,2026-01-14,2026-01-01,2026-02-13,2026-02-01,Closed Lost,1,0,11800.0,30.0,Competitor,Helioscope
5365,2421,16,SMB,6,affiliate,2025-10-18,2025-10-01,2025-11-23,2025-11-01,Closed Lost,1,0,16200.0,36.0,Lost to status quo,Helioscope
5370,2422,16,SMB,6,affiliate,2026-05-19,2026-05-01,2026-06-11,2026-06-01,Closed Lost,1,0,11800.0,23.0,Price,Northwind
5373,2423,7,SMB,3,paid_social,2024-08-12,2024-08-01,2024-09-22,2024-09-01,Closed Lost,1,0,11900.0,41.0,Competitor,Helioscope
5374,2423,7,SMB,3,paid_social,2025-07-02,2025-07-01,2025-08-09,2025-08-01,Closed Won,1,1,23400.0,38.0,,
5375,2423,7,SMB,3,paid_social,2025-12-09,2025-12-01,2026-01-17,2026-01-01,Closed Lost,1,0,7700.0,39.0,Timing,Helioscope
5377,2424,1,SMB,1,display,2026-02-11,2026-02-01,2026-03-22,2026-03-01,Closed Won,1,1,17700.0,39.0,,
5378,2425,23,Mid-Market,8,direct,2026-06-06,2026-06-01,2026-08-14,2026-08-01,Demo,0,0,44500.0,,,
5379,2426,10,SMB,4,email,2025-12-24,2025-12-01,2026-01-30,2026-01-01,Closed Won,1,1,6100.0,37.0,,
5381,2427,7,SMB,3,direct,2026-04-19,2026-04-01,2026-05-24,2026-05-01,Closed Lost,1,0,16800.0,35.0,Lost to status quo,Helioscope
5385,2428,18,Enterprise,6,display,2025-04-16,2025-04-01,2025-10-09,2025-10-01,Closed Lost,1,0,217300.0,176.0,Competitor,Northwind
5386,2429,16,SMB,6,direct,2026-01-30,2026-01-01,2026-02-27,2026-02-01,Closed Lost,1,0,7200.0,28.0,No decision,Helioscope
5387,2430,13,SMB,5,email,2026-06-01,2026-06-01,2026-07-08,2026-07-01,Prospecting,0,0,11700.0,,,
5392,2431,7,SMB,3,email,2025-01-13,2025-01-01,2025-02-19,2025-02-01,Closed Lost,1,0,27000.0,37.0,Timing,Helioscope
5393,2431,7,SMB,3,email,2025-12-08,2025-12-01,2026-01-04,2026-01-01,Closed Lost,1,0,12100.0,27.0,No decision,Kestrel
5395,2432,24,Enterprise,8,affiliate,2025-04-08,2025-04-01,2025-08-03,2025-08-01,Closed Lost,1,0,354200.0,117.0,Price,Kestrel
5396,2433,1,SMB,1,display,2026-03-04,2026-03-01,2026-03-23,2026-03-01,Closed Lost,1,0,16700.0,19.0,Lost to status quo,Kestrel
5397,2434,22,SMB,8,affiliate,2025-09-05,2025-09-01,2025-10-08,2025-10-01,Closed Won,1,1,9200.0,33.0,,
5404,2437,1,SMB,1,display,2025-10-12,2025-10-01,2025-11-25,2025-11-01,Closed Won,1,1,11600.0,44.0,,
5409,2438,20,Mid-Market,7,display,2025-03-19,2025-03-01,2025-05-05,2025-05-01,Closed Won,1,1,47700.0,47.0,,
5410,2438,20,Mid-Market,7,display,2026-03-13,2026-03-01,2026-06-09,2026-06-01,Closed Lost,1,0,17300.0,88.0,Lost to status quo,Northwind
5411,2439,9,Enterprise,3,affiliate,2025-12-20,2025-12-01,2026-01-15,2026-01-01,Closed Lost,1,0,162500.0,26.0,Timing,Kestrel
5412,2440,14,Mid-Market,5,display,2025-10-01,2025-10-01,2025-12-29,2025-12-01,Closed Lost,1,0,31200.0,89.0,Lost to status quo,(none)
5413,2441,12,Enterprise,4,organic_search,2025-08-16,2025-08-01,2026-02-16,2026-02-01,Closed Lost,1,0,141100.0,184.0,Timing,Helioscope
5414,2441,12,Enterprise,4,organic_search,2026-04-06,2026-04-01,2026-08-27,2026-08-01,Discovery,0,0,150100.0,,,
5416,2442,16,SMB,6,direct,2026-01-31,2026-01-01,2026-02-28,2026-02-01,Closed Won,1,1,8100.0,28.0,,
5417,2443,1,SMB,1,email,2025-11-16,2025-11-01,2025-12-16,2025-12-01,Closed Won,1,1,14600.0,30.0,,
5421,2444,4,SMB,2,display,2024-09-01,2024-09-01,2024-10-09,2024-10-01,Closed Won,1,1,20100.0,38.0,,
5422,2444,4,SMB,2,display,2025-04-18,2025-04-01,2025-05-19,2025-05-01,Closed Lost,1,0,20700.0,31.0,No decision,Northwind
5426,2445,20,Mid-Market,7,paid_social,2025-04-24,2025-04-01,2025-05-29,2025-05-01,Closed Lost,1,0,39900.0,35.0,Price,Helioscope
5427,2445,20,Mid-Market,7,paid_social,2026-02-19,2026-02-01,2026-05-16,2026-05-01,Closed Won,1,1,84300.0,86.0,,
5428,2446,7,SMB,3,paid_social,2026-05-29,2026-05-01,2026-07-04,2026-07-01,Proposal,0,0,9800.0,,,
5432,2447,13,SMB,5,organic_search,2025-03-15,2025-03-01,2025-04-12,2025-04-01,Closed Won,1,1,9500.0,28.0,,
5433,2447,13,SMB,5,organic_search,2025-10-28,2025-10-01,2025-11-30,2025-11-01,Closed Won,1,1,6400.0,33.0,,
5434,2448,9,Enterprise,3,organic_search,2026-02-24,2026-02-01,2026-06-09,2026-06-01,Closed Won,1,1,106300.0,105.0,,
5435,2449,1,SMB,1,organic_search,2024-09-20,2024-09-01,2024-10-20,2024-10-01,Closed Lost,1,0,11700.0,30.0,Lost to status quo,Northwind
5436,2449,1,SMB,1,organic_search,2025-10-19,2025-10-01,2025-11-08,2025-11-01,Closed Lost,1,0,19200.0,20.0,Competitor,Helioscope
5437,2449,1,SMB,1,organic_search,2026-04-12,2026-04-01,2026-06-05,2026-06-01,Closed Lost,1,0,16500.0,54.0,Competitor,(none)
5438,2450,13,SMB,5,email,2025-03-26,2025-03-01,2025-05-01,2025-05-01,Closed Lost,1,0,24600.0,36.0,Price,(none)
5439,2450,13,SMB,5,email,2026-01-08,2026-01-01,2026-02-14,2026-02-01,Closed Lost,1,0,8600.0,37.0,Price,(none)
5440,2451,7,SMB,3,affiliate,2024-09-10,2024-09-01,2024-10-05,2024-10-01,Closed Won,1,1,8600.0,25.0,,
5441,2451,7,SMB,3,affiliate,2025-10-09,2025-10-01,2025-11-12,2025-11-01,Closed Lost,1,0,9900.0,34.0,Competitor,Northwind
5442,2452,18,Enterprise,6,email,2025-11-28,2025-11-01,2026-05-15,2026-05-01,Closed Won,1,1,105000.0,168.0,,
5443,2453,1,SMB,1,email,2026-01-23,2026-01-01,2026-03-10,2026-03-01,Closed Lost,1,0,7400.0,46.0,Lost to status quo,Northwind
5446,2454,4,SMB,2,display,2026-04-07,2026-04-01,2026-04-28,2026-04-01,Closed Lost,1,0,16100.0,21.0,Competitor,(none)
5454,2455,10,SMB,4,organic_search,2024-12-11,2024-12-01,2025-01-16,2025-01-01,Closed Lost,1,0,18800.0,36.0,Timing,Helioscope
5455,2455,10,SMB,4,organic_search,2025-10-28,2025-10-01,2025-12-08,2025-12-01,Closed Lost,1,0,11800.0,41.0,Timing,Helioscope
5456,2456,8,Mid-Market,3,display,2025-11-30,2025-11-01,2026-01-29,2026-01-01,Closed Lost,1,0,16500.0,60.0,Lost to status quo,Kestrel
5458,2457,8,Mid-Market,3,paid_social,2026-05-04,2026-05-01,2026-06-24,2026-06-01,Closed Lost,1,0,59400.0,51.0,Lost to status quo,Kestrel
5461,2458,3,Enterprise,1,direct,2025-02-27,2025-02-01,2025-07-17,2025-07-01,Closed Lost,1,0,65300.0,140.0,Timing,Kestrel
5462,2458,3,Enterprise,1,direct,2025-08-21,2025-08-01,2026-02-20,2026-02-01,Closed Lost,1,0,154200.0,183.0,No decision,Northwind
5463,2459,11,Mid-Market,4,paid_search,2026-01-25,2026-01-01,2026-03-18,2026-03-01,Closed Lost,1,0,66400.0,52.0,Timing,Northwind
5468,2461,13,SMB,5,direct,2025-08-09,2025-08-01,2025-09-27,2025-09-01,Closed Lost,1,0,28400.0,49.0,Lost to status quo,Kestrel
5469,2462,22,SMB,8,paid_social,2025-11-04,2025-11-01,2025-12-27,2025-12-01,Closed Won,1,1,7000.0,53.0,,
5470,2463,20,Mid-Market,7,affiliate,2025-12-14,2025-12-01,2026-02-15,2026-02-01,Closed Lost,1,0,30100.0,63.0,Lost to status quo,Kestrel
5472,2464,11,Mid-Market,4,paid_social,2026-05-24,2026-05-01,2026-08-06,2026-08-01,Proposal,0,0,57500.0,,,
5475,2465,10,SMB,4,paid_social,2025-02-22,2025-02-01,2025-04-05,2025-04-01,Closed Lost,1,0,8400.0,42.0,Timing,Kestrel
5476,2465,10,SMB,4,paid_social,2025-10-20,2025-10-01,2025-11-28,2025-11-01,Closed Lost,1,0,12300.0,39.0,Competitor,Kestrel
5478,2466,4,SMB,2,affiliate,2026-03-25,2026-03-01,2026-05-16,2026-05-01,Closed Lost,1,0,15900.0,52.0,Lost to status quo,(none)
5480,2467,5,Mid-Market,2,organic_search,2026-06-28,2026-06-01,2026-08-26,2026-08-01,Demo,0,0,56200.0,,,
5482,2468,19,SMB,7,display,2026-06-03,2026-06-01,2026-06-13,2026-06-01,Closed Lost,1,0,8700.0,10.0,Timing,Kestrel
5484,2469,3,Enterprise,1,paid_social,2026-03-24,2026-03-01,2026-07-18,2026-07-01,Demo,0,0,120000.0,,,
5488,2470,3,Enterprise,1,affiliate,2025-11-09,2025-11-01,2026-01-31,2026-01-01,Closed Lost,1,0,336200.0,83.0,No decision,(none)
5490,2471,10,SMB,4,paid_social,2026-05-29,2026-05-01,2026-07-01,2026-07-01,Closed Lost,1,0,11000.0,33.0,No decision,Northwind
5495,2472,20,Mid-Market,7,paid_search,2025-11-20,2025-11-01,2026-01-07,2026-01-01,Closed Lost,1,0,23800.0,48.0,No decision,Kestrel
5497,2473,16,SMB,6,display,2026-03-19,2026-03-01,2026-04-22,2026-04-01,Closed Lost,1,0,9100.0,34.0,Price,Northwind
5500,2475,23,Mid-Market,8,paid_social,2026-02-08,2026-02-01,2026-03-24,2026-03-01,Closed Won,1,1,30500.0,44.0,,
5501,2476,13,SMB,5,organic_search,2025-12-28,2025-12-01,2026-01-28,2026-01-01,Closed Lost,1,0,8200.0,31.0,Price,Northwind
5503,2477,5,Mid-Market,2,display,2026-02-27,2026-02-01,2026-04-12,2026-04-01,Closed Lost,1,0,51900.0,44.0,Competitor,Helioscope
5504,2478,20,Mid-Market,7,paid_search,2025-04-28,2025-04-01,2025-05-10,2025-05-01,Closed Lost,1,0,42500.0,12.0,Competitor,Kestrel
5505,2478,20,Mid-Market,7,paid_search,2026-01-21,2026-01-01,2026-03-27,2026-03-01,Closed Lost,1,0,42800.0,65.0,Lost to status quo,(none)
5506,2479,16,SMB,6,organic_search,2026-03-21,2026-03-01,2026-04-15,2026-04-01,Closed Lost,1,0,13400.0,25.0,Price,Northwind
5509,2480,17,Mid-Market,6,paid_social,2024-09-08,2024-09-01,2024-11-17,2024-11-01,Closed Lost,1,0,32700.0,70.0,Lost to status quo,(none)
5510,2480,17,Mid-Market,6,paid_social,2025-05-06,2025-05-01,2025-07-11,2025-07-01,Closed Won,1,1,64600.0,66.0,,
5511,2481,19,SMB,7,direct,2025-05-05,2025-05-01,2025-06-15,2025-06-01,Closed Lost,1,0,8100.0,41.0,Price,(none)
5512,2482,13,SMB,5,email,2024-11-02,2024-11-01,2024-12-24,2024-12-01,Closed Lost,1,0,9900.0,52.0,Price,Northwind
5513,2483,14,Mid-Market,5,display,2026-06-07,2026-06-01,2026-08-31,2026-08-01,Negotiation,0,0,43800.0,,,
5516,2484,4,SMB,2,paid_social,2025-05-12,2025-05-01,2025-07-01,2025-07-01,Closed Lost,1,0,13000.0,50.0,Lost to status quo,(none)
5517,2485,20,Mid-Market,7,direct,2025-09-14,2025-09-01,2025-12-30,2025-12-01,Closed Lost,1,0,69900.0,107.0,Lost to status quo,(none)
5518,2486,23,Mid-Market,8,display,2026-04-09,2026-04-01,2026-07-20,2026-07-01,Demo,0,0,70300.0,,,
5519,2487,5,Mid-Market,2,organic_search,2025-07-03,2025-07-01,2025-10-11,2025-10-01,Closed Lost,1,0,43500.0,100.0,Lost to status quo,Northwind
5520,2487,5,Mid-Market,2,organic_search,2026-04-23,2026-04-01,2026-07-14,2026-07-01,Demo,0,0,47000.0,,,
5522,2488,13,SMB,5,paid_social,2025-01-25,2025-01-01,2025-02-27,2025-02-01,Closed Won,1,1,6800.0,33.0,,
5523,2488,13,SMB,5,paid_social,2025-11-12,2025-11-01,2026-01-04,2026-01-01,Closed Won,1,1,6600.0,53.0,,
5529,2489,1,SMB,1,organic_search,2026-03-21,2026-03-01,2026-04-30,2026-04-01,Closed Lost,1,0,11500.0,40.0,No decision,Helioscope
5530,2490,20,Mid-Market,7,affiliate,2025-11-11,2025-11-01,2026-01-07,2026-01-01,Closed Lost,1,0,61500.0,57.0,Lost to status quo,Kestrel
5533,2491,4,SMB,2,affiliate,2026-06-02,2026-06-01,2026-06-27,2026-06-01,Closed Lost,1,0,6600.0,25.0,Price,Helioscope
5538,2492,1,SMB,1,paid_social,2024-12-01,2024-12-01,2025-01-25,2025-01-01,Closed Lost,1,0,13100.0,55.0,Timing,(none)
5539,2492,1,SMB,1,paid_social,2025-07-04,2025-07-01,2025-08-03,2025-08-01,Closed Lost,1,0,6200.0,30.0,Competitor,(none)
5541,2493,21,Enterprise,7,paid_social,2025-04-17,2025-04-01,2025-11-27,2025-11-01,Closed Won,1,1,232100.0,224.0,,
5542,2494,12,Enterprise,4,email,2026-05-11,2026-05-01,2026-09-27,2026-09-01,Demo,0,0,226600.0,,,
5547,2496,23,Mid-Market,8,display,2025-03-02,2025-03-01,2025-04-21,2025-04-01,Closed Lost,1,0,64400.0,50.0,No decision,Northwind
5548,2496,23,Mid-Market,8,display,2025-11-08,2025-11-01,2026-01-23,2026-01-01,Closed Lost,1,0,43000.0,76.0,No decision,Kestrel
5549,2497,1,SMB,1,paid_search,2026-01-23,2026-01-01,2026-03-11,2026-03-01,Closed Lost,1,0,10100.0,47.0,Lost to status quo,Kestrel
5551,2498,3,Enterprise,1,direct,2024-11-19,2024-11-01,2025-04-20,2025-04-01,Closed Won,1,1,234800.0,152.0,,
5552,2498,3,Enterprise,1,direct,2025-08-16,2025-08-01,2026-01-06,2026-01-01,Closed Lost,1,0,202100.0,143.0,Price,Helioscope
5553,2499,7,SMB,3,paid_search,2026-03-28,2026-03-01,2026-04-23,2026-04-01,Closed Lost,1,0,15800.0,26.0,Competitor,(none)
5555,2500,14,Mid-Market,5,paid_social,2025-06-02,2025-06-01,2025-08-17,2025-08-01,Closed Lost,1,0,34200.0,76.0,Lost to status quo,(none)
5556,2501,7,SMB,3,affiliate,2026-01-01,2026-01-01,2026-02-06,2026-02-01,Closed Won,1,1,13400.0,36.0,,
5559,2502,7,SMB,3,direct,2025-12-16,2025-12-01,2026-01-06,2026-01-01,Closed Won,1,1,9700.0,21.0,,
5562,2503,7,SMB,3,direct,2024-09-01,2024-09-01,2024-10-09,2024-10-01,Closed Lost,1,0,6600.0,38.0,Lost to status quo,Kestrel
5563,2503,7,SMB,3,direct,2025-08-05,2025-08-01,2025-09-11,2025-09-01,Closed Lost,1,0,7800.0,37.0,Lost to status quo,Helioscope
5565,2504,14,Mid-Market,5,display,2026-01-25,2026-01-01,2026-03-05,2026-03-01,Closed Lost,1,0,61000.0,39.0,Timing,(none)
5567,2505,17,Mid-Market,6,display,2024-10-29,2024-10-01,2024-12-25,2024-12-01,Closed Lost,1,0,47100.0,57.0,No decision,Northwind
5571,2507,7,SMB,3,direct,2026-06-27,2026-06-01,2026-08-05,2026-08-01,Proposal,0,0,14500.0,,,
5574,2508,6,Enterprise,2,direct,2026-06-22,2026-06-01,2026-12-05,2026-12-01,Demo,0,0,112700.0,,,
5577,2509,16,SMB,6,organic_search,2026-04-23,2026-04-01,2026-05-26,2026-05-01,Closed Lost,1,0,7900.0,33.0,Price,Kestrel
5584,2510,22,SMB,8,paid_search,2025-04-29,2025-04-01,2025-06-27,2025-06-01,Closed Lost,1,0,18500.0,59.0,Lost to status quo,(none)
5585,2511,2,Mid-Market,1,display,2026-05-21,2026-05-01,2026-08-06,2026-08-01,Prospecting,0,0,36800.0,,,
5588,2513,1,SMB,1,email,2025-01-28,2025-01-01,2025-03-09,2025-03-01,Closed Lost,1,0,5300.0,40.0,Timing,(none)
5589,2514,17,Mid-Market,6,affiliate,2024-11-21,2024-11-01,2025-02-22,2025-02-01,Closed Lost,1,0,55900.0,93.0,No decision,Northwind
5590,2515,17,Mid-Market,6,affiliate,2025-01-16,2025-01-01,2025-04-04,2025-04-01,Closed Lost,1,0,55500.0,78.0,No decision,(none)
5591,2515,17,Mid-Market,6,affiliate,2025-11-24,2025-11-01,2026-01-29,2026-01-01,Closed Lost,1,0,27200.0,66.0,Timing,(none)
5593,2516,20,Mid-Market,7,paid_social,2026-01-17,2026-01-01,2026-06-01,2026-06-01,Closed Lost,1,0,45200.0,135.0,Timing,Kestrel
5596,2517,10,SMB,4,paid_social,2026-04-15,2026-04-01,2026-05-26,2026-05-01,Closed Lost,1,0,11100.0,41.0,Lost to status quo,Kestrel
5598,2518,13,SMB,5,paid_social,2026-04-25,2026-04-01,2026-05-30,2026-05-01,Closed Won,1,1,18900.0,35.0,,
5608,2519,2,Mid-Market,1,email,2025-09-30,2025-09-01,2026-01-01,2026-01-01,Closed Lost,1,0,59800.0,93.0,No decision,(none)
5609,2520,10,SMB,4,direct,2026-05-27,2026-05-01,2026-07-18,2026-07-01,Negotiation,0,0,14000.0,,,
5610,2521,7,SMB,3,organic_search,2026-03-09,2026-03-01,2026-04-09,2026-04-01,Closed Lost,1,0,13200.0,31.0,Price,Kestrel
5614,2522,23,Mid-Market,8,paid_social,2024-08-07,2024-08-01,2024-10-03,2024-10-01,Closed Lost,1,0,111700.0,57.0,Competitor,Northwind
5615,2522,23,Mid-Market,8,paid_social,2025-07-31,2025-07-01,2025-09-08,2025-09-01,Closed Lost,1,0,53100.0,39.0,Competitor,Kestrel
5616,2523,16,SMB,6,direct,2025-01-13,2025-01-01,2025-01-31,2025-01-01,Closed Lost,1,0,9300.0,18.0,No decision,(none)
5617,2523,16,SMB,6,direct,2025-10-25,2025-10-01,2025-12-08,2025-12-01,Closed Lost,1,0,10900.0,44.0,No decision,Kestrel
5620,2524,13,SMB,5,paid_search,2025-10-15,2025-10-01,2025-11-12,2025-11-01,Closed Won,1,1,6700.0,28.0,,
5621,2525,19,SMB,7,paid_social,2025-12-06,2025-12-01,2025-12-31,2025-12-01,Closed Lost,1,0,11000.0,25.0,Price,Kestrel
5629,2526,13,SMB,5,affiliate,2024-08-24,2024-08-01,2024-09-22,2024-09-01,Closed Lost,1,0,11100.0,29.0,Price,Kestrel
5630,2526,13,SMB,5,affiliate,2025-05-31,2025-05-01,2025-07-19,2025-07-01,Closed Lost,1,0,8500.0,49.0,Timing,Helioscope
5631,2526,13,SMB,5,affiliate,2026-02-07,2026-02-01,2026-03-16,2026-03-01,Closed Lost,1,0,17200.0,37.0,Competitor,Northwind
5632,2527,19,SMB,7,paid_search,2025-01-11,2025-01-01,2025-02-18,2025-02-01,Closed Won,1,1,14800.0,38.0,,
5633,2527,19,SMB,7,paid_search,2025-08-15,2025-08-01,2025-09-17,2025-09-01,Closed Lost,1,0,11100.0,33.0,Lost to status quo,Northwind
5635,2528,17,Mid-Market,6,paid_search,2026-03-28,2026-03-01,2026-05-11,2026-05-01,Closed Won,1,1,38800.0,44.0,,
5636,2529,17,Mid-Market,6,email,2025-10-10,2025-10-01,2026-01-18,2026-01-01,Closed Won,1,1,52000.0,100.0,,
5639,2530,19,SMB,7,direct,2025-01-27,2025-01-01,2025-02-24,2025-02-01,Closed Won,1,1,7900.0,28.0,,
5640,2531,12,Enterprise,4,display,2026-04-02,2026-04-01,2026-08-23,2026-08-01,Prospecting,0,0,282600.0,,,
5641,2532,1,SMB,1,direct,2025-08-29,2025-08-01,2025-09-29,2025-09-01,Closed Lost,1,0,7100.0,31.0,Timing,(none)
5642,2532,1,SMB,1,direct,2026-05-23,2026-05-01,2026-06-28,2026-06-01,Closed Lost,1,0,8800.0,36.0,Timing,Northwind
5646,2533,24,Enterprise,8,display,2026-01-26,2026-01-01,2026-04-13,2026-04-01,Closed Won,1,1,114200.0,77.0,,
5647,2534,14,Mid-Market,5,paid_search,2024-09-09,2024-09-01,2024-11-29,2024-11-01,Closed Lost,1,0,48700.0,81.0,Competitor,(none)
5648,2535,7,SMB,3,direct,2025-05-15,2025-05-01,2025-06-16,2025-06-01,Closed Won,1,1,13300.0,32.0,,
5649,2535,7,SMB,3,direct,2026-04-08,2026-04-01,2026-05-18,2026-05-01,Closed Lost,1,0,21000.0,40.0,Price,Helioscope
5650,2536,13,SMB,5,email,2025-10-10,2025-10-01,2025-10-28,2025-10-01,Closed Won,1,1,14000.0,18.0,,
5652,2537,19,SMB,7,email,2025-05-09,2025-05-01,2025-06-21,2025-06-01,Closed Won,1,1,11300.0,43.0,,
5653,2537,19,SMB,7,email,2025-12-26,2025-12-01,2026-01-20,2026-01-01,Closed Lost,1,0,11800.0,25.0,Lost to status quo,(none)
5656,2538,4,SMB,2,email,2025-10-03,2025-10-01,2025-11-17,2025-11-01,Closed Won,1,1,15300.0,45.0,,
5657,2538,4,SMB,2,email,2026-05-24,2026-05-01,2026-07-05,2026-07-01,Proposal,0,0,17700.0,,,
5658,2539,23,Mid-Market,8,direct,2025-10-10,2025-10-01,2025-11-29,2025-11-01,Closed Lost,1,0,76800.0,50.0,Timing,Kestrel
5659,2540,16,SMB,6,paid_search,2025-10-17,2025-10-01,2025-11-17,2025-11-01,Closed Won,1,1,15500.0,31.0,,
5660,2541,22,SMB,8,affiliate,2026-04-09,2026-04-01,2026-05-08,2026-05-01,Closed Lost,1,0,7300.0,29.0,Timing,(none)
5662,2542,6,Enterprise,2,affiliate,2026-01-22,2026-01-01,2026-05-17,2026-05-01,Closed Won,1,1,138200.0,115.0,,
5663,2543,5,Mid-Market,2,paid_social,2025-05-02,2025-05-01,2025-07-15,2025-07-01,Closed Lost,1,0,69100.0,74.0,Timing,Northwind
5664,2544,1,SMB,1,affiliate,2025-10-21,2025-10-01,2025-12-17,2025-12-01,Closed Lost,1,0,15300.0,57.0,Timing,Helioscope
5667,2545,10,SMB,4,display,2025-05-27,2025-05-01,2025-07-03,2025-07-01,Closed Lost,1,0,7400.0,37.0,No decision,(none)
5668,2545,10,SMB,4,display,2025-11-15,2025-11-01,2025-12-01,2025-12-01,Closed Lost,1,0,17100.0,16.0,Lost to status quo,Helioscope
5670,2546,1,SMB,1,organic_search,2025-12-13,2025-12-01,2026-01-26,2026-01-01,Closed Lost,1,0,14200.0,44.0,Timing,Northwind
5671,2547,6,Enterprise,2,direct,2025-08-19,2025-08-01,2025-10-16,2025-10-01,Closed Lost,1,0,228500.0,58.0,Timing,Kestrel
5672,2548,23,Mid-Market,8,display,2026-02-12,2026-02-01,2026-04-22,2026-04-01,Closed Lost,1,0,54800.0,69.0,Timing,Helioscope
5673,2549,23,Mid-Market,8,paid_social,2025-10-15,2025-10-01,2025-11-29,2025-11-01,Closed Lost,1,0,31500.0,45.0,No decision,Helioscope
5677,2550,6,Enterprise,2,organic_search,2025-08-13,2025-08-01,2026-02-15,2026-02-01,Closed Lost,1,0,132300.0,186.0,Competitor,Kestrel
5678,2551,22,SMB,8,email,2025-09-10,2025-09-01,2025-09-24,2025-09-01,Closed Won,1,1,6500.0,14.0,,
5679,2552,15,Enterprise,5,direct,2025-02-04,2025-02-01,2025-07-17,2025-07-01,Closed Lost,1,0,178900.0,163.0,Competitor,Helioscope
5680,2553,17,Mid-Market,6,organic_search,2026-05-06,2026-05-01,2026-06-30,2026-06-01,Closed Won,1,1,35600.0,55.0,,
5681,2554,23,Mid-Market,8,email,2026-01-24,2026-01-01,2026-04-29,2026-04-01,Closed Lost,1,0,44900.0,95.0,Price,(none)
5682,2555,7,SMB,3,paid_social,2025-12-20,2025-12-01,2026-01-24,2026-01-01,Closed Lost,1,0,11400.0,35.0,Lost to status quo,Helioscope
5684,2556,5,Mid-Market,2,affiliate,2025-08-27,2025-08-01,2025-11-09,2025-11-01,Closed Lost,1,0,61400.0,74.0,Competitor,Kestrel
5685,2557,4,SMB,2,paid_social,2026-02-15,2026-02-01,2026-03-19,2026-03-01,Closed Lost,1,0,4700.0,32.0,Timing,Helioscope
5690,2559,1,SMB,1,affiliate,2026-05-01,2026-05-01,2026-05-24,2026-05-01,Closed Lost,1,0,8600.0,23.0,Lost to status quo,Helioscope
5691,2560,17,Mid-Market,6,paid_social,2025-02-09,2025-02-01,2025-05-08,2025-05-01,Closed Lost,1,0,37000.0,88.0,Lost to status quo,(none)
5692,2561,1,SMB,1,paid_search,2024-10-28,2024-10-01,2024-11-26,2024-11-01,Closed Lost,1,0,11200.0,29.0,Timing,(none)
5693,2561,1,SMB,1,paid_search,2025-07-21,2025-07-01,2025-09-03,2025-09-01,Closed Lost,1,0,22000.0,44.0,Price,Kestrel
5694,2562,19,SMB,7,direct,2024-10-17,2024-10-01,2024-12-07,2024-12-01,Closed Lost,1,0,16100.0,51.0,No decision,(none)
5695,2562,19,SMB,7,direct,2025-07-01,2025-07-01,2025-08-04,2025-08-01,Closed Lost,1,0,14400.0,34.0,Lost to status quo,Helioscope
5696,2562,19,SMB,7,direct,2026-05-31,2026-05-01,2026-06-26,2026-06-01,Closed Lost,1,0,6600.0,26.0,Price,Northwind
5697,2563,12,Enterprise,4,email,2025-05-24,2025-05-01,2025-07-28,2025-07-01,Closed Lost,1,0,185500.0,65.0,Price,Kestrel
5698,2564,17,Mid-Market,6,organic_search,2026-05-24,2026-05-01,2026-08-24,2026-08-01,Discovery,0,0,152400.0,,,
5701,2565,7,SMB,3,direct,2026-04-11,2026-04-01,2026-05-16,2026-05-01,Closed Lost,1,0,5900.0,35.0,No decision,Northwind
5702,2566,5,Mid-Market,2,organic_search,2026-04-27,2026-04-01,2026-06-10,2026-06-01,Closed Lost,1,0,32000.0,44.0,No decision,Kestrel
5705,2567,12,Enterprise,4,email,2025-09-06,2025-09-01,2025-12-25,2025-12-01,Closed Lost,1,0,282000.0,110.0,No decision,Kestrel
5706,2568,13,SMB,5,email,2025-07-04,2025-07-01,2025-07-29,2025-07-01,Closed Lost,1,0,11800.0,25.0,Price,Kestrel
5707,2569,19,SMB,7,paid_social,2026-03-18,2026-03-01,2026-04-13,2026-04-01,Closed Lost,1,0,11400.0,26.0,No decision,Northwind
5711,2570,7,SMB,3,email,2026-06-10,2026-06-01,2026-07-21,2026-07-01,Discovery,0,0,10900.0,,,
5714,2571,24,Enterprise,8,affiliate,2024-11-18,2024-11-01,2025-06-02,2025-06-01,Closed Won,1,1,119100.0,196.0,,
5715,2571,24,Enterprise,8,affiliate,2025-12-10,2025-12-01,2026-02-18,2026-02-01,Closed Lost,1,0,191000.0,70.0,Lost to status quo,Helioscope
5716,2572,13,SMB,5,paid_search,2025-11-26,2025-11-01,2025-12-19,2025-12-01,Closed Lost,1,0,11400.0,23.0,No decision,(none)
5717,2573,16,SMB,6,organic_search,2024-11-20,2024-11-01,2024-11-27,2024-11-01,Closed Lost,1,0,16800.0,7.0,Competitor,(none)
5718,2574,4,SMB,2,affiliate,2025-02-02,2025-02-01,2025-03-13,2025-03-01,Closed Lost,1,0,7500.0,39.0,Competitor,Helioscope
5719,2574,4,SMB,2,affiliate,2025-08-20,2025-08-01,2025-09-23,2025-09-01,Closed Won,1,1,10600.0,34.0,,
5721,2575,2,Mid-Market,1,email,2025-12-05,2025-12-01,2026-03-12,2026-03-01,Closed Lost,1,0,24500.0,97.0,Price,(none)
5724,2576,14,Mid-Market,5,display,2024-08-31,2024-08-01,2024-10-30,2024-10-01,Closed Won,1,1,56700.0,60.0,,
5725,2576,14,Mid-Market,5,display,2025-07-03,2025-07-01,2025-10-16,2025-10-01,Closed Won,1,1,27500.0,105.0,,
5726,2576,14,Mid-Market,5,display,2026-05-13,2026-05-01,2026-07-19,2026-07-01,Proposal,0,0,16500.0,,,
5727,2577,13,SMB,5,paid_social,2026-02-27,2026-02-01,2026-04-15,2026-04-01,Closed Lost,1,0,17000.0,47.0,Lost to status quo,Kestrel
5728,2578,4,SMB,2,paid_social,2025-07-26,2025-07-01,2025-08-02,2025-08-01,Closed Won,1,1,7300.0,7.0,,
5729,2578,4,SMB,2,paid_social,2026-03-24,2026-03-01,2026-04-27,2026-04-01,Closed Lost,1,0,18400.0,34.0,Price,(none)
5731,2579,8,Mid-Market,3,paid_social,2025-05-02,2025-05-01,2025-08-04,2025-08-01,Closed Lost,1,0,55200.0,94.0,Lost to status quo,(none)
5732,2580,1,SMB,1,display,2026-06-22,2026-06-01,2026-07-24,2026-07-01,Negotiation,0,0,8200.0,,,
5733,2581,2,Mid-Market,1,display,2026-04-24,2026-04-01,2026-07-06,2026-07-01,Demo,0,0,33800.0,,,
5735,2582,5,Mid-Market,2,affiliate,2024-08-02,2024-08-01,2024-10-06,2024-10-01,Closed Lost,1,0,18200.0,65.0,Lost to status quo,(none)
5736,2583,10,SMB,4,paid_social,2025-11-10,2025-11-01,2025-12-08,2025-12-01,Closed Won,1,1,7900.0,28.0,,
5738,2584,20,Mid-Market,7,display,2025-03-12,2025-03-01,2025-07-07,2025-07-01,Closed Lost,1,0,72800.0,117.0,Lost to status quo,Helioscope
5739,2585,22,SMB,8,paid_social,2026-03-05,2026-03-01,2026-03-29,2026-03-01,Closed Lost,1,0,20200.0,24.0,No decision,(none)
5741,2586,16,SMB,6,paid_search,2025-06-25,2025-06-01,2025-08-09,2025-08-01,Closed Won,1,1,10700.0,45.0,,
5742,2587,15,Enterprise,5,direct,2026-05-12,2026-05-01,2026-09-11,2026-09-01,Negotiation,0,0,199200.0,,,
5743,2588,1,SMB,1,organic_search,2024-12-26,2024-12-01,2025-02-13,2025-02-01,Closed Lost,1,0,17400.0,49.0,Competitor,Helioscope
5744,2588,1,SMB,1,organic_search,2025-08-09,2025-08-01,2025-09-02,2025-09-01,Closed Lost,1,0,4500.0,24.0,No decision,Helioscope
5745,2589,3,Enterprise,1,display,2026-05-21,2026-05-01,2026-11-30,2026-11-01,Negotiation,0,0,174200.0,,,
5747,2591,1,SMB,1,organic_search,2026-01-30,2026-01-01,2026-03-01,2026-03-01,Closed Won,1,1,12300.0,30.0,,
5748,2592,1,SMB,1,affiliate,2025-11-29,2025-11-01,2026-01-06,2026-01-01,Closed Won,1,1,12800.0,38.0,,
5754,2593,7,SMB,3,email,2025-02-12,2025-02-01,2025-03-19,2025-03-01,Closed Won,1,1,8700.0,35.0,,
5755,2593,7,SMB,3,email,2026-01-11,2026-01-01,2026-03-22,2026-03-01,Closed Lost,1,0,5500.0,70.0,Lost to status quo,Kestrel
5759,2594,12,Enterprise,4,paid_social,2024-12-17,2024-12-01,2025-04-02,2025-04-01,Closed Lost,1,0,100100.0,106.0,No decision,Helioscope
5760,2595,22,SMB,8,email,2024-08-08,2024-08-01,2024-08-29,2024-08-01,Closed Won,1,1,8500.0,21.0,,
5761,2595,22,SMB,8,email,2025-07-01,2025-07-01,2025-08-10,2025-08-01,Closed Lost,1,0,9400.0,40.0,No decision,Helioscope
5762,2596,22,SMB,8,affiliate,2025-09-16,2025-09-01,2025-10-20,2025-10-01,Closed Lost,1,0,9500.0,34.0,Price,Kestrel
5764,2597,4,SMB,2,email,2025-09-29,2025-09-01,2025-11-11,2025-11-01,Closed Won,1,1,14100.0,43.0,,
5765,2597,4,SMB,2,email,2026-06-20,2026-06-01,2026-08-01,2026-08-01,Discovery,0,0,5900.0,,,
5767,2598,23,Mid-Market,8,organic_search,2025-01-15,2025-01-01,2025-04-17,2025-04-01,Closed Lost,1,0,37100.0,92.0,Timing,Helioscope
5768,2599,10,SMB,4,paid_social,2026-04-16,2026-04-01,2026-05-27,2026-05-01,Closed Won,1,1,10800.0,41.0,,
5769,2600,10,SMB,4,paid_social,2024-09-23,2024-09-01,2024-10-25,2024-10-01,Closed Lost,1,0,13900.0,32.0,Price,Kestrel
5770,2600,10,SMB,4,paid_social,2025-07-17,2025-07-01,2025-07-27,2025-07-01,Closed Lost,1,0,10400.0,10.0,No decision,Kestrel
5771,2600,10,SMB,4,paid_social,2025-12-13,2025-12-01,2026-01-11,2026-01-01,Closed Lost,1,0,7400.0,29.0,Price,(none)
