opportunity_id,stage_name,stage_order,entered_date,exited_date,days_in_stage
1,Prospecting,1,2024-10-30,2025-01-03,65
1,Discovery,2,2025-01-03,2025-02-02,30
1,Closed Lost,7,2025-02-03,,0
2,Prospecting,1,2025-04-17,2025-05-22,35
2,Discovery,2,2025-05-22,2025-05-24,2
2,Closed Lost,7,2025-05-25,,0
3,Prospecting,1,2025-05-05,2025-06-03,29
3,Discovery,2,2025-06-03,2025-06-17,14
3,Closed Lost,7,2025-06-18,,0
4,Prospecting,1,2026-03-07,2026-03-13,6
4,Discovery,2,2026-03-13,2026-03-30,17
4,Demo,3,2026-03-30,2026-03-31,1
4,Proposal,4,2026-03-31,2026-04-04,4
4,Negotiation,5,2026-04-04,2026-04-23,19
4,Closed Won,6,2026-04-25,,0
5,Prospecting,1,2026-01-14,2026-02-19,36
5,Discovery,2,2026-02-19,2026-04-01,41
5,Closed Lost,7,2026-04-02,,0
6,Prospecting,1,2025-09-19,2025-10-01,12
6,Discovery,2,2025-10-01,2025-10-08,7
6,Demo,3,2025-10-08,2025-10-20,12
6,Closed Lost,7,2025-10-22,,0
7,Prospecting,1,2026-06-07,2026-07-03,26
9,Prospecting,1,2026-02-10,2026-02-11,1
9,Discovery,2,2026-02-11,2026-02-12,1
9,Demo,3,2026-02-12,2026-02-19,7
9,Proposal,4,2026-02-19,2026-02-22,3
9,Negotiation,5,2026-02-22,2026-04-26,63
9,Closed Won,6,2026-04-27,,0
10,Prospecting,1,2026-06-20,2026-07-01,11
10,Discovery,2,2026-07-01,2026-07-18,17
16,Prospecting,1,2025-10-03,2025-10-05,2
16,Discovery,2,2025-10-05,2025-10-10,5
16,Demo,3,2025-10-10,2025-10-11,1
16,Closed Lost,7,2025-10-12,,0
17,Prospecting,1,2025-08-24,2025-08-26,2
17,Discovery,2,2025-08-26,2025-09-04,9
17,Demo,3,2025-09-04,2025-09-05,1
17,Proposal,4,2025-09-05,2025-09-13,8
17,Negotiation,5,2025-09-13,2025-09-18,5
17,Closed Lost,7,2025-09-19,,0
18,Prospecting,1,2026-04-20,2026-05-30,40
18,Discovery,2,2026-05-30,2026-06-09,10
18,Closed Lost,7,2026-06-10,,0
20,Prospecting,1,2026-03-02,2026-03-04,2
20,Discovery,2,2026-03-04,2026-03-18,14
20,Closed Lost,7,2026-03-19,,0
24,Prospecting,1,2025-01-07,2025-01-09,2
24,Discovery,2,2025-01-09,2025-01-11,2
24,Demo,3,2025-01-11,2025-01-16,5
24,Proposal,4,2025-01-16,2025-01-27,11
24,Closed Lost,7,2025-01-29,,0
25,Prospecting,1,2025-10-23,2025-11-13,21
25,Discovery,2,2025-11-13,2026-01-02,50
25,Demo,3,2026-01-02,2026-01-03,1
25,Closed Lost,7,2026-01-04,,0
26,Prospecting,1,2026-02-05,2026-02-18,13
26,Discovery,2,2026-02-18,2026-03-21,31
26,Demo,3,2026-03-21,2026-03-27,6
26,Closed Lost,7,2026-03-28,,0
28,Prospecting,1,2024-08-30,2024-09-09,10
28,Discovery,2,2024-09-09,2024-09-12,3
28,Demo,3,2024-09-12,2024-09-17,5
28,Proposal,4,2024-09-17,2024-09-18,1
28,Negotiation,5,2024-09-18,2024-09-19,1
28,Closed Lost,7,2024-09-20,,0
29,Prospecting,1,2026-01-23,2026-02-13,21
29,Discovery,2,2026-02-13,2026-03-05,20
29,Demo,3,2026-03-05,2026-04-22,48
29,Proposal,4,2026-04-22,2026-04-23,1
29,Closed Lost,7,2026-04-25,,0
30,Prospecting,1,2025-02-17,2025-02-25,8
30,Discovery,2,2025-02-25,2025-02-26,1
30,Demo,3,2025-02-26,2025-03-04,6
30,Proposal,4,2025-03-04,2025-03-05,1
30,Negotiation,5,2025-03-05,2025-03-13,8
30,Closed Lost,7,2025-03-13,,0
31,Prospecting,1,2025-09-09,2025-09-22,13
31,Discovery,2,2025-09-22,2025-10-11,19
31,Closed Lost,7,2025-10-12,,0
32,Prospecting,1,2026-03-10,2026-03-18,8
32,Discovery,2,2026-03-18,2026-03-29,11
32,Closed Lost,7,2026-03-30,,0
36,Prospecting,1,2025-12-04,2026-02-23,81
36,Discovery,2,2026-02-23,2026-03-05,10
36,Demo,3,2026-03-05,2026-03-16,11
36,Closed Lost,7,2026-03-17,,0
37,Prospecting,1,2026-05-01,2026-05-06,5
37,Discovery,2,2026-05-06,2026-05-08,2
37,Demo,3,2026-05-08,2026-05-09,1
37,Proposal,4,2026-05-09,2026-05-25,16
37,Negotiation,5,2026-05-25,2026-05-27,2
37,Closed Won,6,2026-05-29,,0
42,Prospecting,1,2025-12-06,2025-12-19,13
42,Discovery,2,2025-12-19,2026-01-14,26
42,Demo,3,2026-01-14,2026-01-26,12
42,Proposal,4,2026-01-26,2026-02-13,18
42,Negotiation,5,2026-02-13,2026-02-26,13
42,Closed Lost,7,2026-03-01,,0
43,Prospecting,1,2024-09-21,2024-09-22,1
43,Discovery,2,2024-09-22,2024-09-26,4
43,Demo,3,2024-09-26,2024-10-04,8
43,Proposal,4,2024-10-04,2024-10-06,2
43,Negotiation,5,2024-10-06,2024-10-15,9
43,Closed Lost,7,2024-10-15,,0
44,Prospecting,1,2025-10-18,2025-10-19,1
44,Discovery,2,2025-10-19,2025-10-20,1
44,Demo,3,2025-10-20,2025-10-27,7
44,Proposal,4,2025-10-27,2025-10-28,1
44,Negotiation,5,2025-10-28,2025-11-14,17
44,Closed Won,6,2025-11-15,,0
45,Prospecting,1,2025-12-11,2025-12-23,12
45,Discovery,2,2025-12-23,2026-01-02,10
45,Demo,3,2026-01-02,2026-01-20,18
45,Proposal,4,2026-01-20,2026-01-26,6
45,Closed Lost,7,2026-01-28,,0
46,Prospecting,1,2026-06-03,2026-07-05,32
46,Discovery,2,2026-07-05,2026-07-08,3
46,Demo,3,2026-07-08,2026-07-12,4
46,Proposal,4,2026-07-12,2026-07-13,1
50,Prospecting,1,2026-04-24,2026-04-27,3
50,Discovery,2,2026-04-27,2026-05-05,8
50,Demo,3,2026-05-05,2026-05-08,3
50,Proposal,4,2026-05-08,2026-05-17,9
50,Negotiation,5,2026-05-17,2026-05-30,13
50,Closed Won,6,2026-06-02,,0
54,Prospecting,1,2026-05-04,2026-05-05,1
54,Discovery,2,2026-05-05,2026-05-11,6
54,Demo,3,2026-05-11,2026-05-16,5
54,Proposal,4,2026-05-16,2026-05-19,3
54,Negotiation,5,2026-05-19,2026-05-22,3
54,Closed Won,6,2026-05-24,,0
56,Prospecting,1,2025-09-21,2025-10-02,11
56,Discovery,2,2025-10-02,2025-10-14,12
56,Demo,3,2025-10-14,2025-10-15,1
56,Proposal,4,2025-10-15,2025-10-20,5
56,Negotiation,5,2025-10-20,2025-11-05,16
56,Closed Won,6,2025-11-08,,0
57,Prospecting,1,2026-06-17,2026-07-01,14
57,Discovery,2,2026-07-01,2026-07-16,15
57,Demo,3,2026-07-16,2026-07-22,6
59,Prospecting,1,2024-11-12,2024-11-18,6
59,Discovery,2,2024-11-18,2024-12-16,28
59,Demo,3,2024-12-16,2024-12-18,2
59,Proposal,4,2024-12-18,2025-01-29,42
59,Negotiation,5,2025-01-29,2025-02-01,3
59,Closed Lost,7,2025-02-03,,0
60,Prospecting,1,2025-09-19,2025-09-29,10
60,Discovery,2,2025-09-29,2025-11-20,52
60,Demo,3,2025-11-20,2026-02-22,94
60,Closed Lost,7,2026-02-24,,0
61,Prospecting,1,2024-11-19,2024-11-24,5
61,Discovery,2,2024-11-24,2024-12-26,32
61,Demo,3,2024-12-26,2024-12-27,1
61,Proposal,4,2024-12-27,2025-01-04,8
61,Negotiation,5,2025-01-04,2025-01-07,3
61,Closed Won,6,2025-01-08,,0
62,Prospecting,1,2025-11-10,2025-11-20,10
62,Discovery,2,2025-11-20,2025-11-21,1
62,Demo,3,2025-11-21,2026-01-01,41
62,Proposal,4,2026-01-01,2026-01-06,5
62,Closed Lost,7,2026-01-06,,0
63,Prospecting,1,2026-05-05,2026-05-24,19
63,Discovery,2,2026-05-24,2026-06-15,22
63,Closed Lost,7,2026-06-16,,0
71,Prospecting,1,2025-10-16,2025-10-17,1
71,Discovery,2,2025-10-17,2025-10-21,4
71,Demo,3,2025-10-21,2025-10-24,3
71,Proposal,4,2025-10-24,2025-10-28,4
71,Negotiation,5,2025-10-28,2025-10-30,2
71,Closed Won,6,2025-11-02,,0
74,Prospecting,1,2026-01-15,2026-01-22,7
74,Discovery,2,2026-01-22,2026-02-11,20
74,Demo,3,2026-02-11,2026-03-02,19
74,Proposal,4,2026-03-02,2026-03-05,3
74,Negotiation,5,2026-03-05,2026-03-17,12
74,Closed Lost,7,2026-03-19,,0
80,Prospecting,1,2025-08-14,2025-08-16,2
80,Discovery,2,2025-08-16,2025-08-20,4
80,Demo,3,2025-08-20,2025-08-25,5
80,Proposal,4,2025-08-25,2025-09-04,10
80,Negotiation,5,2025-09-04,2025-09-25,21
80,Closed Lost,7,2025-09-28,,0
81,Prospecting,1,2026-05-26,2026-06-13,18
81,Discovery,2,2026-06-13,2026-06-20,7
81,Closed Lost,7,2026-06-21,,0
85,Prospecting,1,2025-08-05,2025-10-17,73
85,Discovery,2,2025-10-17,2025-12-19,63
85,Closed Lost,7,2025-12-20,,0
86,Prospecting,1,2025-03-25,2025-04-10,16
86,Discovery,2,2025-04-10,2025-04-11,1
86,Demo,3,2025-04-11,2025-04-30,19
86,Proposal,4,2025-04-30,2025-05-07,7
86,Negotiation,5,2025-05-07,2025-05-12,5
86,Closed Lost,7,2025-05-14,,0
87,Prospecting,1,2026-03-09,2026-03-17,8
87,Discovery,2,2026-03-17,2026-04-15,29
87,Closed Lost,7,2026-04-16,,0
88,Prospecting,1,2025-05-15,2025-06-22,38
88,Discovery,2,2025-06-22,2025-07-04,12
88,Demo,3,2025-07-04,2025-07-12,8
88,Proposal,4,2025-07-12,2025-08-05,24
88,Negotiation,5,2025-08-05,2025-08-06,1
88,Closed Lost,7,2025-08-07,,0
89,Prospecting,1,2026-06-29,2026-07-14,15
89,Discovery,2,2026-07-14,2026-07-27,13
91,Prospecting,1,2026-04-09,2026-10-05,179
93,Prospecting,1,2025-10-04,2025-11-15,42
93,Discovery,2,2025-11-15,2026-01-14,60
93,Demo,3,2026-01-14,2026-02-01,18
93,Closed Lost,7,2026-02-02,,0
94,Prospecting,1,2025-10-02,2025-10-06,4
94,Discovery,2,2025-10-06,2026-06-18,255
94,Closed Lost,7,2026-06-19,,0
95,Prospecting,1,2025-08-08,2025-10-15,68
95,Discovery,2,2025-10-15,2025-11-21,37
95,Closed Lost,7,2025-11-22,,0
96,Prospecting,1,2024-11-25,2024-11-27,2
96,Discovery,2,2024-11-27,2024-12-09,12
96,Demo,3,2024-12-09,2025-02-07,60
96,Closed Lost,7,2025-02-08,,0
97,Prospecting,1,2025-03-19,2025-04-10,22
97,Discovery,2,2025-04-10,2025-04-13,3
97,Demo,3,2025-04-13,2025-04-15,2
97,Proposal,4,2025-04-15,2025-04-29,14
97,Closed Lost,7,2025-05-02,,0
98,Prospecting,1,2026-03-04,2026-03-10,6
98,Discovery,2,2026-03-10,2026-03-17,7
98,Demo,3,2026-03-17,2026-03-18,1
98,Proposal,4,2026-03-18,2026-03-24,6
98,Negotiation,5,2026-03-24,2026-03-25,1
98,Closed Lost,7,2026-03-27,,0
100,Prospecting,1,2026-05-02,2026-05-20,18
100,Discovery,2,2026-05-20,2026-05-25,5
100,Closed Lost,7,2026-05-26,,0
101,Prospecting,1,2026-06-13,2026-06-30,17
101,Discovery,2,2026-06-30,2026-07-29,29
101,Demo,3,2026-07-29,2026-07-30,1
102,Prospecting,1,2025-06-13,2025-06-27,14
102,Discovery,2,2025-06-27,2025-07-02,5
102,Demo,3,2025-07-02,2025-07-10,8
102,Proposal,4,2025-07-10,2025-07-21,11
102,Negotiation,5,2025-07-21,2025-07-29,8
102,Closed Won,6,2025-07-31,,0
103,Prospecting,1,2026-05-23,2026-07-05,43
104,Prospecting,1,2025-04-28,2025-05-06,8
104,Discovery,2,2025-05-06,2025-05-12,6
104,Demo,3,2025-05-12,2025-05-17,5
104,Proposal,4,2025-05-17,2025-06-03,17
104,Negotiation,5,2025-06-03,2025-07-03,30
104,Closed Won,6,2025-07-06,,0
105,Prospecting,1,2025-01-25,2025-04-18,83
105,Discovery,2,2025-04-18,2025-04-19,1
105,Demo,3,2025-04-19,2025-04-21,2
105,Proposal,4,2025-04-21,2025-05-12,21
105,Closed Lost,7,2025-05-13,,0
106,Prospecting,1,2025-11-27,2025-12-04,7
106,Discovery,2,2025-12-04,2025-12-07,3
106,Demo,3,2025-12-07,2025-12-09,2
106,Proposal,4,2025-12-09,2025-12-22,13
106,Negotiation,5,2025-12-22,2025-12-24,2
106,Closed Lost,7,2025-12-26,,0
107,Prospecting,1,2026-06-20,2026-06-23,3
107,Discovery,2,2026-06-23,2026-06-25,2
107,Demo,3,2026-06-25,2026-06-27,2
107,Proposal,4,2026-06-27,2026-07-13,16
107,Negotiation,5,2026-07-13,2026-07-29,16
111,Prospecting,1,2025-12-14,2026-01-03,20
111,Discovery,2,2026-01-03,2026-01-17,14
111,Demo,3,2026-01-17,2026-01-21,4
111,Proposal,4,2026-01-21,2026-02-28,38
111,Negotiation,5,2026-02-28,2026-03-23,23
111,Closed Lost,7,2026-03-26,,0
113,Prospecting,1,2025-07-06,2025-08-03,28
113,Discovery,2,2025-08-03,2025-08-07,4
113,Demo,3,2025-08-07,2025-08-25,18
113,Closed Lost,7,2025-08-26,,0
114,Prospecting,1,2026-01-01,2026-01-06,5
114,Discovery,2,2026-01-06,2026-01-22,16
114,Demo,3,2026-01-22,2026-02-01,10
114,Proposal,4,2026-02-01,2026-02-05,4
114,Negotiation,5,2026-02-05,2026-02-14,9
114,Closed Lost,7,2026-02-17,,0
118,Prospecting,1,2026-04-26,2026-04-28,2
118,Discovery,2,2026-04-28,2026-05-16,18
118,Demo,3,2026-05-16,2026-05-21,5
118,Proposal,4,2026-05-21,2026-06-05,15
118,Negotiation,5,2026-06-05,2026-06-06,1
118,Closed Won,6,2026-06-09,,0
121,Prospecting,1,2026-06-05,2026-07-17,42
121,Discovery,2,2026-07-17,2026-08-20,34
121,Demo,3,2026-08-20,2026-09-23,34
122,Prospecting,1,2026-01-11,2026-01-29,18
122,Discovery,2,2026-01-29,2026-02-01,3
122,Demo,3,2026-02-01,2026-02-05,4
122,Closed Lost,7,2026-02-06,,0
127,Prospecting,1,2026-04-11,2026-05-25,44
127,Discovery,2,2026-05-25,2026-06-02,8
127,Demo,3,2026-06-02,2026-06-20,18
127,Closed Lost,7,2026-06-21,,0
128,Prospecting,1,2024-11-24,2024-12-02,8
128,Discovery,2,2024-12-02,2024-12-13,11
128,Demo,3,2024-12-13,2024-12-16,3
128,Proposal,4,2024-12-16,2024-12-26,10
128,Negotiation,5,2024-12-26,2024-12-28,2
128,Closed Lost,7,2024-12-31,,0
129,Prospecting,1,2026-04-24,2026-04-28,4
129,Discovery,2,2026-04-28,2026-04-29,1
129,Demo,3,2026-04-29,2026-05-30,31
129,Proposal,4,2026-05-30,2026-05-31,1
129,Negotiation,5,2026-05-31,2026-06-01,1
129,Closed Lost,7,2026-06-01,,0
131,Prospecting,1,2025-10-20,2025-10-25,5
131,Discovery,2,2025-10-25,2025-10-28,3
131,Demo,3,2025-10-28,2025-11-18,21
131,Closed Lost,7,2025-11-19,,0
132,Prospecting,1,2026-05-20,2026-05-30,10
132,Discovery,2,2026-05-30,2026-06-01,2
132,Demo,3,2026-06-01,2026-06-18,17
132,Closed Lost,7,2026-06-19,,0
134,Prospecting,1,2026-01-22,2026-01-23,1
134,Discovery,2,2026-01-23,2026-01-26,3
134,Demo,3,2026-01-26,2026-02-04,9
134,Proposal,4,2026-02-04,2026-02-12,8
134,Negotiation,5,2026-02-12,2026-02-27,15
134,Closed Lost,7,2026-02-28,,0
136,Prospecting,1,2025-01-13,2025-01-23,10
136,Discovery,2,2025-01-23,2025-02-07,15
136,Closed Lost,7,2025-02-08,,0
137,Prospecting,1,2025-11-16,2025-11-29,13
137,Discovery,2,2025-11-29,2025-12-15,16
137,Demo,3,2025-12-15,2025-12-26,11
137,Proposal,4,2025-12-26,2025-12-27,1
137,Closed Lost,7,2025-12-28,,0
138,Prospecting,1,2026-03-27,2026-03-28,1
138,Discovery,2,2026-03-28,2026-04-28,31
138,Closed Lost,7,2026-04-28,,0
139,Prospecting,1,2026-06-05,2026-09-08,95
142,Prospecting,1,2026-03-17,2026-03-29,12
142,Discovery,2,2026-03-29,2026-05-10,42
142,Demo,3,2026-05-10,2026-06-02,23
142,Proposal,4,2026-06-02,2026-06-03,1
142,Negotiation,5,2026-06-03,2026-06-18,15
142,Closed Won,6,2026-06-19,,0
143,Prospecting,1,2025-10-29,2025-10-31,2
143,Discovery,2,2025-10-31,2025-11-07,7
143,Demo,3,2025-11-07,2025-11-10,3
143,Proposal,4,2025-11-10,2025-11-11,1
143,Negotiation,5,2025-11-11,2025-11-30,19
143,Closed Won,6,2025-12-01,,0
144,Prospecting,1,2026-06-14,2026-06-19,5
144,Discovery,2,2026-06-19,2026-06-27,8
144,Demo,3,2026-06-27,2026-07-03,6
145,Prospecting,1,2025-07-11,2025-07-12,1
145,Discovery,2,2025-07-12,2025-08-22,41
145,Closed Lost,7,2025-08-23,,0
147,Prospecting,1,2025-02-03,2025-03-11,36
147,Discovery,2,2025-03-11,2025-03-18,7
147,Demo,3,2025-03-18,2025-03-26,8
147,Proposal,4,2025-03-26,2025-05-29,64
147,Negotiation,5,2025-05-29,2025-06-16,18
147,Closed Won,6,2025-06-20,,0
148,Prospecting,1,2025-12-30,2026-01-12,13
148,Discovery,2,2026-01-12,2026-01-17,5
148,Demo,3,2026-01-17,2026-03-17,59
148,Proposal,4,2026-03-17,2026-04-05,19
148,Closed Lost,7,2026-04-08,,0
149,Prospecting,1,2025-01-12,2025-01-21,9
149,Discovery,2,2025-01-21,2025-01-31,10
149,Demo,3,2025-01-31,2025-02-10,10
149,Proposal,4,2025-02-10,2025-02-11,1
149,Negotiation,5,2025-02-11,2025-02-19,8
149,Closed Lost,7,2025-02-21,,0
150,Prospecting,1,2025-10-12,2025-11-10,29
150,Discovery,2,2025-11-10,2025-11-14,4
150,Demo,3,2025-11-14,2025-11-20,6
150,Closed Lost,7,2025-11-22,,0
152,Prospecting,1,2024-11-17,2024-12-24,37
152,Discovery,2,2024-12-24,2025-01-01,8
152,Demo,3,2025-01-01,2025-01-05,4
152,Proposal,4,2025-01-05,2025-01-07,2
152,Negotiation,5,2025-01-07,2025-01-25,18
152,Closed Lost,7,2025-01-27,,0
153,Prospecting,1,2024-10-26,2024-10-28,2
153,Discovery,2,2024-10-28,2024-11-17,20
153,Demo,3,2024-11-17,2024-11-22,5
153,Proposal,4,2024-11-22,2024-12-03,11
153,Closed Lost,7,2024-12-05,,0
154,Prospecting,1,2025-01-08,2025-01-09,1
154,Discovery,2,2025-01-09,2025-01-24,15
154,Demo,3,2025-01-24,2025-02-03,10
154,Proposal,4,2025-02-03,2025-03-01,26
154,Negotiation,5,2025-03-01,2025-03-24,23
154,Closed Won,6,2025-03-26,,0
155,Prospecting,1,2026-05-24,2026-07-23,60
155,Discovery,2,2026-07-23,2026-09-03,42
156,Prospecting,1,2025-02-22,2025-03-11,17
156,Discovery,2,2025-03-11,2025-03-22,11
156,Demo,3,2025-03-22,2025-03-27,5
156,Proposal,4,2025-03-27,2025-04-04,8
156,Negotiation,5,2025-04-04,2025-04-07,3
156,Closed Won,6,2025-04-09,,0
157,Prospecting,1,2026-03-21,2026-03-22,1
157,Discovery,2,2026-03-22,2026-04-28,37
157,Closed Lost,7,2026-04-29,,0
159,Prospecting,1,2024-10-17,2024-10-22,5
159,Discovery,2,2024-10-22,2024-10-24,2
159,Closed Lost,7,2024-10-25,,0
160,Prospecting,1,2025-07-24,2025-08-02,9
160,Discovery,2,2025-08-02,2025-08-16,14
160,Demo,3,2025-08-16,2025-09-01,16
160,Closed Lost,7,2025-09-02,,0
161,Prospecting,1,2025-05-02,2025-05-18,16
161,Discovery,2,2025-05-18,2025-05-20,2
161,Demo,3,2025-05-20,2025-06-02,13
161,Proposal,4,2025-06-02,2025-08-03,62
161,Negotiation,5,2025-08-03,2025-10-02,60
161,Closed Won,6,2025-10-04,,0
162,Prospecting,1,2026-04-05,2026-07-20,106
164,Prospecting,1,2025-02-06,2025-02-17,11
164,Discovery,2,2025-02-17,2025-02-24,7
164,Demo,3,2025-02-24,2025-03-02,6
164,Proposal,4,2025-03-02,2025-03-07,5
164,Negotiation,5,2025-03-07,2025-03-15,8
164,Closed Won,6,2025-03-17,,0
165,Prospecting,1,2026-02-16,2026-02-25,9
165,Discovery,2,2026-02-25,2026-03-04,7
165,Demo,3,2026-03-04,2026-03-16,12
165,Proposal,4,2026-03-16,2026-03-20,4
165,Closed Lost,7,2026-03-21,,0
167,Prospecting,1,2025-02-11,2025-02-21,10
167,Discovery,2,2025-02-21,2025-02-22,1
167,Demo,3,2025-02-22,2025-02-24,2
167,Proposal,4,2025-02-24,2025-02-25,1
167,Negotiation,5,2025-02-25,2025-03-04,7
167,Closed Lost,7,2025-03-06,,0
168,Prospecting,1,2025-08-31,2025-09-07,7
168,Discovery,2,2025-09-07,2025-09-08,1
168,Demo,3,2025-09-08,2025-09-09,1
168,Closed Lost,7,2025-09-08,,0
169,Prospecting,1,2026-04-25,2026-05-29,34
169,Discovery,2,2026-05-29,2026-05-30,1
169,Demo,3,2026-05-30,2026-06-04,5
169,Closed Lost,7,2026-06-05,,0
170,Prospecting,1,2025-01-25,2025-03-04,38
170,Discovery,2,2025-03-04,2025-03-14,10
170,Demo,3,2025-03-14,2025-03-21,7
170,Proposal,4,2025-03-21,2025-05-10,50
170,Negotiation,5,2025-05-10,2025-05-11,1
170,Closed Lost,7,2025-05-14,,0
171,Prospecting,1,2025-12-25,2026-01-02,8
171,Discovery,2,2026-01-02,2026-01-06,4
171,Demo,3,2026-01-06,2026-01-26,20
171,Closed Lost,7,2026-01-28,,0
175,Prospecting,1,2026-05-01,2026-07-25,85
176,Prospecting,1,2026-06-05,2026-06-15,10
176,Discovery,2,2026-06-15,2026-06-27,12
176,Demo,3,2026-06-27,2026-07-12,15
180,Prospecting,1,2025-08-30,2025-12-16,108
180,Discovery,2,2025-12-16,2026-03-14,88
180,Closed Lost,7,2026-03-15,,0
181,Prospecting,1,2025-11-20,2025-12-07,17
181,Discovery,2,2025-12-07,2025-12-13,6
181,Demo,3,2025-12-13,2025-12-27,14
181,Proposal,4,2025-12-27,2026-01-24,28
181,Closed Lost,7,2026-01-25,,0
182,Prospecting,1,2025-08-15,2025-08-21,6
182,Discovery,2,2025-08-21,2025-10-04,44
182,Closed Lost,7,2025-10-05,,0
183,Prospecting,1,2026-06-30,2026-07-05,5
183,Discovery,2,2026-07-05,2026-09-25,82
183,Demo,3,2026-09-25,2026-09-30,5
186,Prospecting,1,2024-08-31,2024-09-05,5
186,Discovery,2,2024-09-05,2024-09-07,2
186,Demo,3,2024-09-07,2024-09-20,13
186,Proposal,4,2024-09-20,2024-09-21,1
186,Closed Lost,7,2024-09-23,,0
187,Prospecting,1,2025-07-21,2025-08-02,12
187,Discovery,2,2025-08-02,2025-08-08,6
187,Demo,3,2025-08-08,2025-08-19,11
187,Proposal,4,2025-08-19,2025-09-23,35
187,Negotiation,5,2025-09-23,2025-09-30,7
187,Closed Lost,7,2025-10-04,,0
188,Prospecting,1,2026-02-25,2026-06-19,114
188,Discovery,2,2026-06-19,2026-08-06,48
189,Prospecting,1,2024-10-20,2025-02-28,131
189,Discovery,2,2025-02-28,2025-04-17,48
189,Closed Lost,7,2025-04-18,,0
190,Prospecting,1,2025-11-20,2025-12-01,11
190,Discovery,2,2025-12-01,2025-12-02,1
190,Demo,3,2025-12-02,2025-12-06,4
190,Proposal,4,2025-12-06,2025-12-20,14
190,Negotiation,5,2025-12-20,2026-01-04,15
190,Closed Won,6,2026-01-06,,0
195,Prospecting,1,2025-04-10,2025-04-20,10
195,Discovery,2,2025-04-20,2025-05-10,20
195,Demo,3,2025-05-10,2025-05-23,13
195,Proposal,4,2025-05-23,2025-05-24,1
195,Negotiation,5,2025-05-24,2025-05-28,4
195,Closed Won,6,2025-05-30,,0
198,Prospecting,1,2024-09-20,2024-09-27,7
198,Discovery,2,2024-09-27,2024-09-28,1
198,Demo,3,2024-09-28,2024-10-03,5
198,Proposal,4,2024-10-03,2024-10-07,4
198,Closed Lost,7,2024-10-08,,0
199,Prospecting,1,2025-08-30,2025-09-03,4
199,Discovery,2,2025-09-03,2025-09-21,18
199,Closed Lost,7,2025-09-22,,0
200,Prospecting,1,2024-11-08,2024-12-17,39
200,Discovery,2,2024-12-17,2024-12-31,14
200,Demo,3,2024-12-31,2025-01-12,12
200,Proposal,4,2025-01-12,2025-02-26,45
200,Closed Lost,7,2025-02-28,,0
201,Prospecting,1,2025-06-28,2025-07-05,7
201,Discovery,2,2025-07-05,2025-07-08,3
201,Demo,3,2025-07-08,2025-07-12,4
201,Proposal,4,2025-07-12,2025-07-17,5
201,Negotiation,5,2025-07-17,2025-07-28,11
201,Closed Lost,7,2025-07-30,,0
202,Prospecting,1,2025-10-08,2025-11-23,46
202,Discovery,2,2025-11-23,2026-01-20,58
202,Closed Lost,7,2026-01-21,,0
203,Prospecting,1,2025-09-14,2025-09-27,13
203,Discovery,2,2025-09-27,2025-09-28,1
203,Demo,3,2025-09-28,2025-10-01,3
203,Proposal,4,2025-10-01,2025-10-07,6
203,Negotiation,5,2025-10-07,2025-10-09,2
203,Closed Won,6,2025-10-10,,0
204,Prospecting,1,2025-01-13,2025-01-14,1
204,Discovery,2,2025-01-14,2025-01-20,6
204,Demo,3,2025-01-20,2025-02-06,17
204,Proposal,4,2025-02-06,2025-02-17,11
204,Closed Lost,7,2025-02-19,,0
205,Prospecting,1,2026-01-17,2026-02-02,16
205,Discovery,2,2026-02-02,2026-02-12,10
205,Demo,3,2026-02-12,2026-02-14,2
205,Closed Lost,7,2026-02-16,,0
209,Prospecting,1,2025-11-16,2025-11-22,6
209,Discovery,2,2025-11-22,2025-12-09,17
209,Demo,3,2025-12-09,2025-12-25,16
209,Proposal,4,2025-12-25,2025-12-26,1
209,Closed Lost,7,2025-12-28,,0
217,Prospecting,1,2026-01-12,2026-01-15,3
217,Discovery,2,2026-01-15,2026-01-16,1
217,Demo,3,2026-01-16,2026-02-01,16
217,Closed Lost,7,2026-02-01,,0
222,Prospecting,1,2026-03-23,2026-04-23,31
222,Discovery,2,2026-04-23,2026-08-07,106
222,Demo,3,2026-08-07,2026-08-08,1
222,Proposal,4,2026-08-08,2026-09-28,51
229,Prospecting,1,2025-10-12,2025-12-28,77
229,Discovery,2,2025-12-28,2026-05-05,128
229,Demo,3,2026-05-05,2026-06-17,43
229,Closed Lost,7,2026-06-19,,0
230,Prospecting,1,2026-06-11,2026-11-14,156
230,Discovery,2,2026-11-14,2026-11-15,1
231,Prospecting,1,2025-02-03,2025-02-04,1
231,Discovery,2,2025-02-04,2025-02-05,1
231,Demo,3,2025-02-05,2025-02-09,4
231,Proposal,4,2025-02-09,2025-02-20,11
231,Closed Lost,7,2025-02-21,,0
232,Prospecting,1,2026-01-18,2026-01-19,1
232,Discovery,2,2026-01-19,2026-03-03,43
232,Closed Lost,7,2026-03-04,,0
235,Prospecting,1,2025-11-25,2025-12-07,12
235,Discovery,2,2025-12-07,2025-12-08,1
235,Demo,3,2025-12-08,2025-12-09,1
235,Proposal,4,2025-12-09,2025-12-17,8
235,Closed Lost,7,2025-12-19,,0
236,Prospecting,1,2025-01-02,2025-01-03,1
236,Discovery,2,2025-01-03,2025-01-05,2
236,Demo,3,2025-01-05,2025-01-08,3
236,Proposal,4,2025-01-08,2025-01-11,3
236,Negotiation,5,2025-01-11,2025-01-20,9
236,Closed Won,6,2025-01-22,,0
237,Prospecting,1,2025-10-06,2025-10-07,1
237,Discovery,2,2025-10-07,2025-10-14,7
237,Demo,3,2025-10-14,2025-10-15,1
237,Proposal,4,2025-10-15,2025-10-27,12
237,Negotiation,5,2025-10-27,2025-11-03,7
237,Closed Lost,7,2025-11-04,,0
238,Prospecting,1,2026-05-14,2026-05-15,1
238,Discovery,2,2026-05-15,2026-05-16,1
238,Demo,3,2026-05-16,2026-06-20,35
238,Closed Lost,7,2026-06-20,,0
239,Prospecting,1,2026-06-07,2026-06-24,17
239,Discovery,2,2026-06-24,2026-06-25,1
239,Demo,3,2026-06-25,2026-06-26,1
239,Proposal,4,2026-06-26,2026-07-05,9
242,Prospecting,1,2025-12-26,2026-01-01,6
242,Discovery,2,2026-01-01,2026-03-09,67
242,Demo,3,2026-03-09,2026-03-16,7
242,Proposal,4,2026-03-16,2026-03-23,7
242,Negotiation,5,2026-03-23,2026-03-24,1
242,Closed Lost,7,2026-03-26,,0
243,Prospecting,1,2025-06-05,2025-06-16,11
243,Discovery,2,2025-06-16,2025-07-13,27
243,Closed Lost,7,2025-07-14,,0
244,Prospecting,1,2026-01-28,2026-02-03,6
244,Discovery,2,2026-02-03,2026-02-14,11
244,Closed Lost,7,2026-02-15,,0
247,Prospecting,1,2026-05-19,2026-05-29,10
247,Discovery,2,2026-05-29,2026-06-14,16
247,Demo,3,2026-06-14,2026-07-05,21
247,Proposal,4,2026-07-05,2026-07-15,10
247,Negotiation,5,2026-07-15,2026-07-16,1
251,Prospecting,1,2026-01-29,2026-02-16,18
251,Discovery,2,2026-02-16,2026-02-26,10
251,Demo,3,2026-02-26,2026-04-04,37
251,Proposal,4,2026-04-04,2026-04-05,1
251,Closed Lost,7,2026-04-07,,0
253,Prospecting,1,2025-05-28,2025-06-17,20
253,Discovery,2,2025-06-17,2025-07-02,15
253,Closed Lost,7,2025-07-03,,0
254,Prospecting,1,2026-05-18,2026-05-21,3
254,Discovery,2,2026-05-21,2026-05-25,4
254,Demo,3,2026-05-25,2026-05-31,6
254,Proposal,4,2026-05-31,2026-06-01,1
254,Negotiation,5,2026-06-01,2026-06-07,6
254,Closed Won,6,2026-06-09,,0
258,Prospecting,1,2026-03-25,2026-04-22,28
258,Discovery,2,2026-04-22,2026-05-20,28
258,Demo,3,2026-05-20,2026-06-04,15
258,Proposal,4,2026-06-04,2026-07-21,47
259,Prospecting,1,2026-03-11,2026-03-12,1
259,Discovery,2,2026-03-12,2026-03-21,9
259,Demo,3,2026-03-21,2026-06-01,72
259,Proposal,4,2026-06-01,2026-06-13,12
259,Negotiation,5,2026-06-13,2026-06-17,4
259,Closed Lost,7,2026-06-19,,0
260,Prospecting,1,2026-02-13,2026-03-20,35
260,Discovery,2,2026-03-20,2026-03-26,6
260,Closed Lost,7,2026-03-27,,0
263,Prospecting,1,2026-02-10,2026-04-09,58
263,Discovery,2,2026-04-09,2026-04-25,16
263,Demo,3,2026-04-25,2026-04-29,4
263,Closed Lost,7,2026-05-01,,0
266,Prospecting,1,2025-11-06,2026-01-15,70
266,Discovery,2,2026-01-15,2026-01-25,10
266,Demo,3,2026-01-25,2026-01-26,1
266,Closed Lost,7,2026-01-28,,0
269,Prospecting,1,2025-05-19,2025-05-25,6
269,Discovery,2,2025-05-25,2025-06-03,9
269,Demo,3,2025-06-03,2025-06-11,8
269,Proposal,4,2025-06-11,2025-06-15,4
269,Negotiation,5,2025-06-15,2025-06-24,9
269,Closed Won,6,2025-06-27,,0
270,Prospecting,1,2026-02-20,2026-02-23,3
270,Discovery,2,2026-02-23,2026-03-10,15
270,Demo,3,2026-03-10,2026-03-14,4
270,Proposal,4,2026-03-14,2026-03-24,10
270,Negotiation,5,2026-03-24,2026-03-31,7
270,Closed Won,6,2026-04-02,,0
272,Prospecting,1,2025-03-29,2025-05-16,48
272,Discovery,2,2025-05-16,2025-06-25,40
272,Demo,3,2025-06-25,2025-09-10,77
272,Proposal,4,2025-09-10,2025-09-19,9
272,Negotiation,5,2025-09-19,2025-10-01,12
272,Closed Won,6,2025-10-03,,0
273,Prospecting,1,2025-02-05,2025-02-15,10
273,Discovery,2,2025-02-15,2025-04-13,57
273,Closed Lost,7,2025-04-14,,0
274,Prospecting,1,2026-04-03,2026-04-09,6
274,Discovery,2,2026-04-09,2026-04-11,2
274,Demo,3,2026-04-11,2026-04-14,3
274,Proposal,4,2026-04-14,2026-04-17,3
274,Negotiation,5,2026-04-17,2026-04-18,1
274,Closed Won,6,2026-04-21,,0
277,Prospecting,1,2025-09-07,2025-09-11,4
277,Discovery,2,2025-09-11,2025-09-15,4
277,Demo,3,2025-09-15,2025-10-02,17
277,Proposal,4,2025-10-02,2025-10-10,8
277,Negotiation,5,2025-10-10,2025-10-27,17
277,Closed Lost,7,2025-10-30,,0
282,Prospecting,1,2025-11-06,2025-11-18,12
282,Discovery,2,2025-11-18,2025-12-01,13
282,Demo,3,2025-12-01,2025-12-10,9
282,Closed Lost,7,2025-12-12,,0
290,Prospecting,1,2024-12-13,2024-12-20,7
290,Discovery,2,2024-12-20,2024-12-26,6
290,Demo,3,2024-12-26,2025-01-04,9
290,Proposal,4,2025-01-04,2025-01-07,3
290,Negotiation,5,2025-01-07,2025-01-11,4
290,Closed Won,6,2025-01-13,,0
291,Prospecting,1,2025-08-29,2025-09-13,15
291,Discovery,2,2025-09-13,2025-09-14,1
291,Demo,3,2025-09-14,2025-09-15,1
291,Proposal,4,2025-09-15,2025-09-22,7
291,Negotiation,5,2025-09-22,2025-09-23,1
291,Closed Won,6,2025-09-23,,0
292,Prospecting,1,2026-01-17,2026-02-13,27
292,Discovery,2,2026-02-13,2026-02-17,4
292,Closed Lost,7,2026-02-18,,0
293,Prospecting,1,2025-05-28,2025-06-10,13
293,Discovery,2,2025-06-10,2025-06-16,6
293,Demo,3,2025-06-16,2025-06-23,7
293,Proposal,4,2025-06-23,2025-06-30,7
293,Negotiation,5,2025-06-30,2025-07-20,20
293,Closed Won,6,2025-07-23,,0
294,Prospecting,1,2026-06-14,2026-06-29,15
294,Discovery,2,2026-06-29,2026-07-03,4
294,Demo,3,2026-07-03,2026-07-05,2
294,Proposal,4,2026-07-05,2026-08-09,35
294,Negotiation,5,2026-08-09,2026-08-31,22
295,Prospecting,1,2025-07-11,2025-07-12,1
295,Discovery,2,2025-07-12,2025-07-28,16
295,Demo,3,2025-07-28,2025-08-08,11
295,Proposal,4,2025-08-08,2025-08-26,18
295,Closed Lost,7,2025-08-26,,0
296,Prospecting,1,2026-06-28,2026-07-04,6
296,Discovery,2,2026-07-04,2026-07-14,10
296,Demo,3,2026-07-14,2026-08-02,19
297,Prospecting,1,2026-06-16,2026-06-24,8
297,Discovery,2,2026-06-24,2026-06-30,6
297,Demo,3,2026-06-30,2026-07-07,7
297,Proposal,4,2026-07-07,2026-07-21,14
297,Negotiation,5,2026-07-21,2026-08-16,26
302,Prospecting,1,2024-09-24,2024-10-06,12
302,Discovery,2,2024-10-06,2024-10-07,1
302,Demo,3,2024-10-07,2024-10-28,21
302,Closed Lost,7,2024-10-29,,0
303,Prospecting,1,2025-08-18,2025-09-03,16
303,Discovery,2,2025-09-03,2025-09-06,3
303,Demo,3,2025-09-06,2025-09-16,10
303,Closed Lost,7,2025-09-17,,0
304,Prospecting,1,2025-08-07,2025-08-21,14
304,Discovery,2,2025-08-21,2025-09-14,24
304,Demo,3,2025-09-14,2025-09-29,15
304,Closed Lost,7,2025-09-30,,0
309,Prospecting,1,2025-07-25,2025-08-17,23
309,Discovery,2,2025-08-17,2025-08-23,6
309,Demo,3,2025-08-23,2025-08-28,5
309,Proposal,4,2025-08-28,2025-08-31,3
309,Closed Lost,7,2025-09-03,,0
310,Prospecting,1,2025-02-08,2025-03-03,23
310,Discovery,2,2025-03-03,2025-03-09,6
310,Closed Lost,7,2025-03-10,,0
311,Prospecting,1,2025-08-09,2025-08-13,4
311,Discovery,2,2025-08-13,2025-08-17,4
311,Demo,3,2025-08-17,2025-09-08,22
311,Proposal,4,2025-09-08,2025-09-09,1
311,Negotiation,5,2025-09-09,2025-09-10,1
311,Closed Lost,7,2025-09-12,,0
312,Prospecting,1,2025-11-28,2025-12-06,8
312,Discovery,2,2025-12-06,2025-12-07,1
312,Demo,3,2025-12-07,2025-12-10,3
312,Proposal,4,2025-12-10,2025-12-12,2
312,Negotiation,5,2025-12-12,2025-12-22,10
312,Closed Won,6,2025-12-24,,0
314,Prospecting,1,2026-05-11,2026-05-30,19
314,Discovery,2,2026-05-30,2026-06-15,16
314,Closed Lost,7,2026-06-16,,0
316,Prospecting,1,2025-11-14,2025-11-19,5
316,Discovery,2,2025-11-19,2026-02-03,76
316,Closed Lost,7,2026-02-04,,0
318,Prospecting,1,2025-08-12,2025-08-20,8
318,Discovery,2,2025-08-20,2025-08-25,5
318,Demo,3,2025-08-25,2025-09-04,10
318,Proposal,4,2025-09-04,2025-09-08,4
318,Negotiation,5,2025-09-08,2025-09-24,16
318,Closed Won,6,2025-09-27,,0
319,Prospecting,1,2026-04-07,2026-04-19,12
319,Discovery,2,2026-04-19,2026-05-01,12
319,Demo,3,2026-05-01,2026-05-03,2
319,Proposal,4,2026-05-03,2026-05-06,3
319,Negotiation,5,2026-05-06,2026-05-08,2
319,Closed Won,6,2026-05-10,,0
320,Prospecting,1,2025-10-22,2025-10-23,1
320,Discovery,2,2025-10-23,2025-11-06,14
320,Demo,3,2025-11-06,2025-11-14,8
320,Proposal,4,2025-11-14,2025-11-15,1
320,Negotiation,5,2025-11-15,2025-11-30,15
320,Closed Lost,7,2025-12-01,,0
322,Prospecting,1,2026-03-10,2026-05-24,75
322,Discovery,2,2026-05-24,2026-08-20,88
323,Prospecting,1,2025-10-05,2025-10-14,9
323,Discovery,2,2025-10-14,2025-10-15,1
323,Demo,3,2025-10-15,2025-10-22,7
323,Proposal,4,2025-10-22,2025-11-14,23
323,Closed Lost,7,2025-11-14,,0
327,Prospecting,1,2025-11-21,2025-12-15,24
327,Discovery,2,2025-12-15,2025-12-20,5
327,Demo,3,2025-12-20,2025-12-31,11
327,Proposal,4,2025-12-31,2026-01-03,3
327,Negotiation,5,2026-01-03,2026-01-09,6
327,Closed Lost,7,2026-01-12,,0
329,Prospecting,1,2025-08-13,2025-08-26,13
329,Discovery,2,2025-08-26,2025-09-03,8
329,Demo,3,2025-09-03,2025-09-04,1
329,Proposal,4,2025-09-04,2025-09-11,7
329,Negotiation,5,2025-09-11,2025-09-16,5
329,Closed Lost,7,2025-09-17,,0
330,Prospecting,1,2026-06-24,2026-07-01,7
330,Discovery,2,2026-07-01,2026-07-15,14
330,Demo,3,2026-07-15,2026-07-21,6
332,Prospecting,1,2025-03-27,2025-04-07,11
332,Discovery,2,2025-04-07,2025-04-09,2
332,Demo,3,2025-04-09,2025-04-22,13
332,Proposal,4,2025-04-22,2025-04-24,2
332,Negotiation,5,2025-04-24,2025-05-14,20
332,Closed Won,6,2025-05-16,,0
333,Prospecting,1,2025-08-01,2025-08-10,9
333,Discovery,2,2025-08-10,2025-08-14,4
333,Demo,3,2025-08-14,2025-08-17,3
333,Proposal,4,2025-08-17,2025-08-28,11
333,Negotiation,5,2025-08-28,2025-09-06,9
333,Closed Lost,7,2025-09-08,,0
334,Prospecting,1,2025-09-22,2025-10-18,26
334,Discovery,2,2025-10-18,2025-10-23,5
334,Demo,3,2025-10-23,2025-10-24,1
334,Proposal,4,2025-10-24,2025-11-03,10
334,Negotiation,5,2025-11-03,2025-11-04,1
334,Closed Lost,7,2025-11-05,,0
335,Prospecting,1,2026-01-06,2026-01-07,1
335,Discovery,2,2026-01-07,2026-01-18,11
335,Demo,3,2026-01-18,2026-01-21,3
335,Proposal,4,2026-01-21,2026-01-25,4
335,Negotiation,5,2026-01-25,2026-02-13,19
335,Closed Won,6,2026-02-16,,0
336,Prospecting,1,2026-05-19,2026-08-01,74
337,Prospecting,1,2025-06-24,2025-07-03,9
337,Discovery,2,2025-07-03,2025-07-25,22
337,Demo,3,2025-07-25,2025-08-23,29
337,Proposal,4,2025-08-23,2025-08-26,3
337,Closed Lost,7,2025-08-28,,0
338,Prospecting,1,2026-06-04,2026-06-22,18
338,Discovery,2,2026-06-22,2026-07-27,35
338,Demo,3,2026-07-27,2026-08-09,13
338,Proposal,4,2026-08-09,2026-08-10,1
339,Prospecting,1,2025-11-17,2025-11-19,2
339,Discovery,2,2025-11-19,2025-12-03,14
339,Demo,3,2025-12-03,2025-12-06,3
339,Proposal,4,2025-12-06,2026-01-14,39
339,Negotiation,5,2026-01-14,2026-01-16,2
339,Closed Won,6,2026-01-18,,0
340,Prospecting,1,2026-04-19,2026-04-30,11
340,Discovery,2,2026-04-30,2026-05-13,13
340,Demo,3,2026-05-13,2026-05-24,11
340,Proposal,4,2026-05-24,2026-05-30,6
340,Negotiation,5,2026-05-30,2026-07-19,50
343,Prospecting,1,2025-04-30,2025-05-04,4
343,Discovery,2,2025-05-04,2025-05-05,1
343,Demo,3,2025-05-05,2025-05-11,6
343,Proposal,4,2025-05-11,2025-06-20,40
343,Negotiation,5,2025-06-20,2025-07-04,14
343,Closed Lost,7,2025-07-05,,0
344,Prospecting,1,2026-02-20,2026-05-02,71
344,Discovery,2,2026-05-02,2026-05-03,1
344,Demo,3,2026-05-03,2026-05-23,20
344,Proposal,4,2026-05-23,2026-05-24,1
344,Closed Lost,7,2026-05-24,,0
345,Prospecting,1,2025-07-15,2025-07-18,3
345,Discovery,2,2025-07-18,2025-08-10,23
345,Demo,3,2025-08-10,2025-08-11,1
345,Proposal,4,2025-08-11,2025-09-05,25
345,Negotiation,5,2025-09-05,2025-10-23,48
345,Closed Won,6,2025-10-25,,0
346,Prospecting,1,2025-06-28,2025-06-29,1
346,Discovery,2,2025-06-29,2025-06-30,1
346,Demo,3,2025-06-30,2025-07-11,11
346,Proposal,4,2025-07-11,2025-07-14,3
346,Negotiation,5,2025-07-14,2025-08-06,23
346,Closed Won,6,2025-08-08,,0
347,Prospecting,1,2026-05-20,2026-06-05,16
347,Discovery,2,2026-06-05,2026-06-11,6
347,Demo,3,2026-06-11,2026-06-12,1
347,Proposal,4,2026-06-12,2026-06-15,3
347,Negotiation,5,2026-06-15,2026-06-16,1
347,Closed Lost,7,2026-06-15,,0
348,Prospecting,1,2025-02-19,2025-03-06,15
348,Discovery,2,2025-03-06,2025-03-30,24
348,Demo,3,2025-03-30,2025-05-18,49
348,Closed Lost,7,2025-05-20,,0
349,Prospecting,1,2025-10-25,2025-10-26,1
349,Discovery,2,2025-10-26,2025-10-27,1
349,Demo,3,2025-10-27,2025-11-13,17
349,Proposal,4,2025-11-13,2025-11-21,8
349,Negotiation,5,2025-11-21,2025-12-07,16
349,Closed Won,6,2025-12-08,,0
350,Prospecting,1,2026-04-19,2026-05-29,40
350,Discovery,2,2026-05-29,2026-07-21,53
350,Demo,3,2026-07-21,2026-07-22,1
350,Proposal,4,2026-07-22,2026-07-25,3
350,Negotiation,5,2026-07-25,2026-08-04,10
353,Prospecting,1,2025-07-18,2026-02-15,212
353,Discovery,2,2026-02-15,2026-02-16,1
353,Closed Lost,7,2026-02-17,,0
354,Prospecting,1,2026-05-11,2026-08-31,112
355,Prospecting,1,2026-04-18,2026-05-01,13
355,Discovery,2,2026-05-01,2026-05-24,23
355,Closed Lost,7,2026-05-25,,0
356,Prospecting,1,2025-04-17,2025-07-22,96
356,Discovery,2,2025-07-22,2025-07-24,2
356,Closed Lost,7,2025-07-25,,0
357,Prospecting,1,2026-02-17,2026-02-18,1
357,Discovery,2,2026-02-18,2026-05-18,89
357,Closed Lost,7,2026-05-19,,0
358,Prospecting,1,2026-04-23,2026-04-25,2
358,Discovery,2,2026-04-25,2026-05-06,11
358,Demo,3,2026-05-06,2026-05-07,1
358,Proposal,4,2026-05-07,2026-05-09,2
358,Negotiation,5,2026-05-09,2026-05-10,1
358,Closed Won,6,2026-05-10,,0
363,Prospecting,1,2025-08-23,2025-08-24,1
363,Discovery,2,2025-08-24,2025-08-31,7
363,Demo,3,2025-08-31,2025-09-01,1
363,Proposal,4,2025-09-01,2025-09-13,12
363,Negotiation,5,2025-09-13,2025-09-19,6
363,Closed Lost,7,2025-09-22,,0
364,Prospecting,1,2026-03-11,2026-03-13,2
364,Discovery,2,2026-03-13,2026-03-23,10
364,Demo,3,2026-03-23,2026-03-28,5
364,Proposal,4,2026-03-28,2026-04-09,12
364,Negotiation,5,2026-04-09,2026-04-12,3
364,Closed Won,6,2026-04-14,,0
366,Prospecting,1,2025-07-08,2025-07-09,1
366,Discovery,2,2025-07-09,2025-07-21,12
366,Demo,3,2025-07-21,2025-07-24,3
366,Proposal,4,2025-07-24,2025-07-27,3
366,Negotiation,5,2025-07-27,2025-08-02,6
366,Closed Won,6,2025-08-04,,0
367,Prospecting,1,2026-03-26,2026-03-27,1
367,Discovery,2,2026-03-27,2026-04-02,6
367,Demo,3,2026-04-02,2026-04-11,9
367,Proposal,4,2026-04-11,2026-04-19,8
367,Negotiation,5,2026-04-19,2026-04-26,7
367,Closed Won,6,2026-04-27,,0
369,Prospecting,1,2025-07-21,2025-07-26,5
369,Discovery,2,2025-07-26,2025-08-02,7
369,Demo,3,2025-08-02,2025-08-19,17
369,Closed Lost,7,2025-08-21,,0
370,Prospecting,1,2026-02-24,2026-03-08,12
370,Discovery,2,2026-03-08,2026-03-26,18
370,Closed Lost,7,2026-03-27,,0
371,Prospecting,1,2026-03-04,2026-03-28,24
371,Discovery,2,2026-03-28,2026-04-10,13
371,Closed Lost,7,2026-04-11,,0
374,Prospecting,1,2026-01-27,2026-02-01,5
374,Discovery,2,2026-02-01,2026-02-02,1
374,Demo,3,2026-02-02,2026-02-09,7
374,Proposal,4,2026-02-09,2026-02-10,1
374,Closed Lost,7,2026-02-11,,0
377,Prospecting,1,2026-05-31,2026-06-01,1
377,Discovery,2,2026-06-01,2026-06-03,2
377,Demo,3,2026-06-03,2026-06-22,19
377,Closed Lost,7,2026-06-23,,0
380,Prospecting,1,2024-09-22,2024-12-07,76
380,Discovery,2,2024-12-07,2025-01-04,28
380,Closed Lost,7,2025-01-05,,0
381,Prospecting,1,2025-02-15,2025-02-25,10
381,Discovery,2,2025-02-25,2025-03-03,6
381,Demo,3,2025-03-03,2025-03-07,4
381,Proposal,4,2025-03-07,2025-03-23,16
381,Negotiation,5,2025-03-23,2025-03-31,8
381,Closed Won,6,2025-04-03,,0
382,Prospecting,1,2026-01-16,2026-01-20,4
382,Discovery,2,2026-01-20,2026-01-31,11
382,Demo,3,2026-01-31,2026-02-08,8
382,Closed Lost,7,2026-02-10,,0
383,Prospecting,1,2025-09-18,2025-09-19,1
383,Discovery,2,2025-09-19,2025-09-24,5
383,Demo,3,2025-09-24,2025-10-07,13
383,Proposal,4,2025-10-07,2025-10-08,1
383,Negotiation,5,2025-10-08,2025-10-09,1
383,Closed Won,6,2025-10-09,,0
384,Prospecting,1,2026-05-11,2026-05-12,1
384,Discovery,2,2026-05-12,2026-05-16,4
384,Demo,3,2026-05-16,2026-06-01,16
384,Proposal,4,2026-06-01,2026-06-05,4
384,Negotiation,5,2026-06-05,2026-06-06,1
384,Closed Won,6,2026-06-06,,0
391,Prospecting,1,2024-10-04,2024-11-07,34
391,Discovery,2,2024-11-07,2025-01-07,61
391,Demo,3,2025-01-07,2025-04-10,93
391,Closed Lost,7,2025-04-12,,0
392,Prospecting,1,2026-03-28,2026-04-25,28
392,Discovery,2,2026-04-25,2026-05-17,22
392,Closed Lost,7,2026-05-18,,0
393,Prospecting,1,2025-12-15,2025-12-27,12
393,Discovery,2,2025-12-27,2025-12-28,1
393,Demo,3,2025-12-28,2026-01-09,12
393,Proposal,4,2026-01-09,2026-01-10,1
393,Closed Lost,7,2026-01-11,,0
395,Prospecting,1,2025-01-03,2025-01-08,5
395,Discovery,2,2025-01-08,2025-01-09,1
395,Demo,3,2025-01-09,2025-01-14,5
395,Proposal,4,2025-01-14,2025-01-24,10
395,Negotiation,5,2025-01-24,2025-02-07,14
395,Closed Won,6,2025-02-09,,0
396,Prospecting,1,2025-10-23,2025-10-29,6
396,Discovery,2,2025-10-29,2025-10-30,1
396,Demo,3,2025-10-30,2025-11-04,5
396,Proposal,4,2025-11-04,2025-11-20,16
396,Negotiation,5,2025-11-20,2025-11-24,4
396,Closed Won,6,2025-11-25,,0
397,Prospecting,1,2026-04-28,2026-05-02,4
397,Discovery,2,2026-05-02,2026-05-03,1
397,Demo,3,2026-05-03,2026-05-22,19
397,Proposal,4,2026-05-22,2026-05-24,2
397,Negotiation,5,2026-05-24,2026-06-03,10
397,Closed Won,6,2026-06-04,,0
399,Prospecting,1,2026-01-20,2026-01-25,5
399,Discovery,2,2026-01-25,2026-01-27,2
399,Demo,3,2026-01-27,2026-01-28,1
399,Proposal,4,2026-01-28,2026-02-13,16
399,Negotiation,5,2026-02-13,2026-02-23,10
399,Closed Won,6,2026-02-24,,0
403,Prospecting,1,2026-06-21,2026-08-12,52
405,Prospecting,1,2025-07-31,2025-08-08,8
405,Discovery,2,2025-08-08,2025-08-19,11
405,Demo,3,2025-08-19,2025-09-06,18
405,Closed Lost,7,2025-09-07,,0
407,Prospecting,1,2026-06-29,2026-07-07,8
407,Discovery,2,2026-07-07,2026-07-10,3
407,Demo,3,2026-07-10,2026-07-26,16
407,Proposal,4,2026-07-26,2026-08-08,13
411,Prospecting,1,2026-02-18,2026-02-20,2
411,Discovery,2,2026-02-20,2026-02-21,1
411,Demo,3,2026-02-21,2026-04-05,43
411,Closed Lost,7,2026-04-06,,0
412,Prospecting,1,2026-03-21,2026-03-26,5
412,Discovery,2,2026-03-26,2026-04-14,19
412,Closed Lost,7,2026-04-15,,0
414,Prospecting,1,2026-04-02,2026-04-07,5
414,Discovery,2,2026-04-07,2026-04-08,1
414,Demo,3,2026-04-08,2026-04-09,1
414,Proposal,4,2026-04-09,2026-05-03,24
414,Negotiation,5,2026-05-03,2026-05-24,21
414,Closed Won,6,2026-05-25,,0
417,Prospecting,1,2025-02-26,2025-03-11,13
417,Discovery,2,2025-03-11,2025-04-08,28
417,Demo,3,2025-04-08,2025-04-09,1
417,Proposal,4,2025-04-09,2025-04-10,1
417,Negotiation,5,2025-04-10,2025-04-14,4
417,Closed Won,6,2025-04-14,,0
418,Prospecting,1,2026-06-19,2026-09-07,80
420,Prospecting,1,2025-04-07,2025-05-21,44
420,Discovery,2,2025-05-21,2025-06-04,14
420,Demo,3,2025-06-04,2025-06-06,2
420,Proposal,4,2025-06-06,2025-06-07,1
420,Negotiation,5,2025-06-07,2025-06-17,10
420,Closed Won,6,2025-06-19,,0
421,Prospecting,1,2026-04-24,2026-04-27,3
421,Discovery,2,2026-04-27,2026-07-02,66
429,Prospecting,1,2025-04-24,2025-05-02,8
429,Discovery,2,2025-05-02,2025-05-11,9
429,Demo,3,2025-05-11,2025-09-03,115
429,Proposal,4,2025-09-03,2025-10-13,40
429,Closed Lost,7,2025-10-16,,0
430,Prospecting,1,2025-06-09,2025-06-10,1
430,Discovery,2,2025-06-10,2025-06-13,3
430,Demo,3,2025-06-13,2025-06-20,7
430,Proposal,4,2025-06-20,2025-07-01,11
430,Negotiation,5,2025-07-01,2025-07-09,8
430,Closed Lost,7,2025-07-12,,0
431,Prospecting,1,2026-01-15,2026-01-21,6
431,Discovery,2,2026-01-21,2026-01-22,1
431,Demo,3,2026-01-22,2026-01-23,1
431,Proposal,4,2026-01-23,2026-01-25,2
431,Negotiation,5,2026-01-25,2026-02-04,10
431,Closed Won,6,2026-02-07,,0
435,Prospecting,1,2026-06-23,2026-08-21,59
435,Discovery,2,2026-08-21,2026-08-24,3
435,Demo,3,2026-08-24,2026-09-11,18
435,Proposal,4,2026-09-11,2026-09-15,4
435,Negotiation,5,2026-09-15,2026-09-17,2
436,Prospecting,1,2026-02-25,2026-02-26,1
436,Discovery,2,2026-02-26,2026-04-01,34
436,Demo,3,2026-04-01,2026-04-19,18
436,Proposal,4,2026-04-19,2026-05-07,18
436,Negotiation,5,2026-05-07,2026-06-16,40
436,Closed Lost,7,2026-06-18,,0
437,Prospecting,1,2026-01-13,2026-02-05,23
437,Discovery,2,2026-02-05,2026-02-12,7
437,Demo,3,2026-02-12,2026-02-13,1
437,Proposal,4,2026-02-13,2026-02-14,1
437,Negotiation,5,2026-02-14,2026-03-01,15
437,Closed Lost,7,2026-03-01,,0
438,Prospecting,1,2025-09-25,2025-10-11,16
438,Discovery,2,2025-10-11,2025-10-30,19
438,Demo,3,2025-10-30,2025-12-01,32
438,Closed Lost,7,2025-12-02,,0
439,Prospecting,1,2026-02-02,2026-02-07,5
439,Discovery,2,2026-02-07,2026-02-14,7
439,Demo,3,2026-02-14,2026-02-15,1
439,Closed Lost,7,2026-02-15,,0
445,Prospecting,1,2024-12-30,2025-01-15,16
445,Discovery,2,2025-01-15,2025-02-18,34
445,Demo,3,2025-02-18,2025-02-25,7
445,Proposal,4,2025-02-25,2025-03-15,18
445,Negotiation,5,2025-03-15,2025-05-02,48
445,Closed Lost,7,2025-05-03,,0
446,Prospecting,1,2026-01-25,2026-01-26,1
446,Discovery,2,2026-01-26,2026-02-10,15
446,Demo,3,2026-02-10,2026-02-22,12
446,Proposal,4,2026-02-22,2026-02-28,6
446,Negotiation,5,2026-02-28,2026-03-25,25
446,Closed Lost,7,2026-03-28,,0
448,Prospecting,1,2026-02-15,2026-02-23,8
448,Discovery,2,2026-02-23,2026-02-27,4
448,Demo,3,2026-02-27,2026-03-11,12
448,Proposal,4,2026-03-11,2026-03-19,8
448,Closed Lost,7,2026-03-22,,0
451,Prospecting,1,2026-02-25,2026-04-11,45
451,Discovery,2,2026-04-11,2026-04-13,2
451,Demo,3,2026-04-13,2026-04-16,3
451,Proposal,4,2026-04-16,2026-05-09,23
451,Negotiation,5,2026-05-09,2026-05-15,6
451,Closed Won,6,2026-05-18,,0
453,Prospecting,1,2026-06-05,2026-07-04,29
453,Discovery,2,2026-07-04,2026-07-05,1
453,Demo,3,2026-07-05,2026-07-23,18
454,Prospecting,1,2026-06-07,2026-06-15,8
454,Discovery,2,2026-06-15,2026-07-05,20
456,Prospecting,1,2025-07-15,2025-07-17,2
456,Discovery,2,2025-07-17,2025-08-11,25
456,Demo,3,2025-08-11,2025-08-12,1
456,Proposal,4,2025-08-12,2025-08-22,10
456,Closed Lost,7,2025-08-23,,0
457,Prospecting,1,2026-04-01,2026-04-06,5
457,Discovery,2,2026-04-06,2026-04-11,5
457,Demo,3,2026-04-11,2026-04-12,1
457,Proposal,4,2026-04-12,2026-04-17,5
457,Negotiation,5,2026-04-17,2026-04-19,2
457,Closed Lost,7,2026-04-20,,0
458,Prospecting,1,2025-04-17,2025-04-18,1
458,Discovery,2,2025-04-18,2025-05-05,17
458,Demo,3,2025-05-05,2025-06-03,29
458,Proposal,4,2025-06-03,2025-06-06,3
458,Closed Lost,7,2025-06-08,,0
459,Prospecting,1,2026-04-29,2026-05-08,9
459,Discovery,2,2026-05-08,2026-05-18,10
459,Demo,3,2026-05-18,2026-06-03,16
459,Closed Lost,7,2026-06-05,,0
461,Prospecting,1,2024-12-15,2025-01-30,46
461,Discovery,2,2025-01-30,2025-02-14,15
461,Demo,3,2025-02-14,2025-02-19,5
461,Closed Lost,7,2025-02-21,,0
462,Prospecting,1,2025-10-01,2025-10-17,16
462,Discovery,2,2025-10-17,2025-10-23,6
462,Demo,3,2025-10-23,2025-12-07,45
462,Closed Lost,7,2025-12-09,,0
465,Prospecting,1,2024-10-03,2025-03-20,168
465,Discovery,2,2025-03-20,2025-04-13,24
465,Closed Lost,7,2025-04-14,,0
466,Prospecting,1,2025-06-06,2025-07-18,42
466,Discovery,2,2025-07-18,2025-09-20,64
466,Demo,3,2025-09-20,2025-09-29,9
466,Proposal,4,2025-09-29,2025-10-20,21
466,Negotiation,5,2025-10-20,2025-11-14,25
466,Closed Won,6,2025-11-17,,0
467,Prospecting,1,2025-12-20,2026-02-06,48
467,Discovery,2,2026-02-06,2026-03-10,32
467,Demo,3,2026-03-10,2026-04-21,42
467,Proposal,4,2026-04-21,2026-04-30,9
467,Negotiation,5,2026-04-30,2026-05-09,9
467,Closed Lost,7,2026-05-12,,0
468,Prospecting,1,2026-05-23,2026-08-13,82
469,Prospecting,1,2025-12-30,2026-01-16,17
469,Discovery,2,2026-01-16,2026-01-24,8
469,Demo,3,2026-01-24,2026-03-05,40
469,Closed Lost,7,2026-03-07,,0
470,Prospecting,1,2025-03-20,2025-03-28,8
470,Discovery,2,2025-03-28,2025-04-06,9
470,Demo,3,2025-04-06,2025-05-21,45
470,Proposal,4,2025-05-21,2025-06-06,16
470,Closed Lost,7,2025-06-08,,0
471,Prospecting,1,2026-05-30,2026-06-26,27
471,Discovery,2,2026-06-26,2026-07-04,8
472,Prospecting,1,2025-05-17,2025-05-26,9
472,Discovery,2,2025-05-26,2025-06-19,24
472,Demo,3,2025-06-19,2025-07-04,15
472,Proposal,4,2025-07-04,2025-07-31,27
472,Negotiation,5,2025-07-31,2025-08-04,4
472,Closed Won,6,2025-08-07,,0
473,Prospecting,1,2026-01-10,2026-01-19,9
473,Discovery,2,2026-01-19,2026-01-31,12
473,Demo,3,2026-01-31,2026-02-18,18
473,Proposal,4,2026-02-18,2026-02-27,9
473,Negotiation,5,2026-02-27,2026-04-06,38
473,Closed Lost,7,2026-04-08,,0
474,Prospecting,1,2026-03-15,2026-03-30,15
474,Discovery,2,2026-03-30,2026-04-07,8
474,Demo,3,2026-04-07,2026-04-21,14
474,Closed Lost,7,2026-04-22,,0
476,Prospecting,1,2026-04-10,2026-08-10,122
478,Prospecting,1,2025-08-27,2025-11-05,70
478,Discovery,2,2025-11-05,2025-12-01,26
478,Demo,3,2025-12-01,2026-02-08,69
478,Proposal,4,2026-02-08,2026-03-05,25
478,Negotiation,5,2026-03-05,2026-04-07,33
478,Closed Lost,7,2026-04-11,,0
479,Prospecting,1,2026-06-21,2026-09-04,75
479,Discovery,2,2026-09-04,2026-09-20,16
479,Demo,3,2026-09-20,2026-10-05,15
479,Proposal,4,2026-10-05,2026-10-16,11
479,Negotiation,5,2026-10-16,2026-11-26,41
480,Prospecting,1,2025-05-12,2025-05-27,15
480,Discovery,2,2025-05-27,2025-06-12,16
480,Demo,3,2025-06-12,2025-07-05,23
480,Proposal,4,2025-07-05,2025-07-08,3
480,Negotiation,5,2025-07-08,2025-07-20,12
480,Closed Lost,7,2025-07-22,,0
481,Prospecting,1,2026-04-02,2026-04-30,28
481,Discovery,2,2026-04-30,2026-05-12,12
481,Demo,3,2026-05-12,2026-05-20,8
481,Proposal,4,2026-05-20,2026-05-31,11
481,Negotiation,5,2026-05-31,2026-06-08,8
481,Closed Won,6,2026-06-11,,0
482,Prospecting,1,2024-07-24,2024-08-20,27
482,Discovery,2,2024-08-20,2024-09-04,15
482,Closed Lost,7,2024-09-05,,0
483,Prospecting,1,2025-08-10,2025-08-21,11
483,Discovery,2,2025-08-21,2025-08-25,4
483,Demo,3,2025-08-25,2025-09-03,9
483,Proposal,4,2025-09-03,2025-09-04,1
483,Closed Lost,7,2025-09-06,,0
484,Prospecting,1,2026-01-22,2026-01-25,3
484,Discovery,2,2026-01-25,2026-01-26,1
484,Demo,3,2026-01-26,2026-02-06,11
484,Proposal,4,2026-02-06,2026-02-14,8
484,Negotiation,5,2026-02-14,2026-02-15,1
484,Closed Lost,7,2026-02-18,,0
486,Prospecting,1,2025-06-22,2025-07-14,22
486,Discovery,2,2025-07-14,2025-09-01,49
486,Closed Lost,7,2025-09-02,,0
487,Prospecting,1,2026-04-27,2026-07-28,92
488,Prospecting,1,2025-10-02,2025-10-05,3
488,Discovery,2,2025-10-05,2025-10-06,1
488,Demo,3,2025-10-06,2025-10-26,20
488,Proposal,4,2025-10-26,2025-11-05,10
488,Closed Lost,7,2025-11-07,,0
489,Prospecting,1,2026-06-27,2026-07-11,14
492,Prospecting,1,2024-12-17,2024-12-26,9
492,Discovery,2,2024-12-26,2025-01-11,16
492,Demo,3,2025-01-11,2025-01-13,2
492,Proposal,4,2025-01-13,2025-02-04,22
492,Negotiation,5,2025-02-04,2025-02-05,1
492,Closed Won,6,2025-02-07,,0
493,Prospecting,1,2025-10-14,2025-12-18,65
493,Discovery,2,2025-12-18,2026-01-03,16
493,Closed Lost,7,2026-01-04,,0
494,Prospecting,1,2025-08-30,2025-09-06,7
494,Discovery,2,2025-09-06,2025-09-19,13
494,Demo,3,2025-09-19,2025-11-06,48
494,Proposal,4,2025-11-06,2025-11-07,1
494,Closed Lost,7,2025-11-09,,0
497,Prospecting,1,2024-09-18,2024-09-27,9
497,Discovery,2,2024-09-27,2024-09-28,1
497,Demo,3,2024-09-28,2024-10-05,7
497,Proposal,4,2024-10-05,2024-10-30,25
497,Negotiation,5,2024-10-30,2024-11-06,7
497,Closed Won,6,2024-11-08,,0
498,Prospecting,1,2025-12-22,2025-12-28,6
498,Discovery,2,2025-12-28,2026-01-18,21
498,Demo,3,2026-01-18,2026-03-03,44
498,Proposal,4,2026-03-03,2026-03-08,5
498,Negotiation,5,2026-03-08,2026-03-15,7
498,Closed Won,6,2026-03-18,,0
502,Prospecting,1,2026-02-04,2026-03-08,32
502,Discovery,2,2026-03-08,2026-04-09,32
502,Demo,3,2026-04-09,2026-04-27,18
502,Closed Lost,7,2026-04-29,,0
503,Prospecting,1,2026-06-02,2026-07-15,43
504,Prospecting,1,2024-08-07,2024-08-19,12
504,Discovery,2,2024-08-19,2024-08-27,8
504,Demo,3,2024-08-27,2024-08-28,1
504,Proposal,4,2024-08-28,2024-08-31,3
504,Negotiation,5,2024-08-31,2024-09-11,11
504,Closed Lost,7,2024-09-15,,0
505,Prospecting,1,2025-06-18,2025-07-24,36
505,Discovery,2,2025-07-24,2025-07-27,3
505,Closed Lost,7,2025-07-28,,0
506,Prospecting,1,2026-03-09,2026-03-27,18
506,Discovery,2,2026-03-27,2026-03-28,1
506,Demo,3,2026-03-28,2026-04-03,6
506,Proposal,4,2026-04-03,2026-04-11,8
506,Closed Lost,7,2026-04-14,,0
510,Prospecting,1,2025-10-15,2025-11-15,31
510,Discovery,2,2025-11-15,2025-11-25,10
510,Closed Lost,7,2025-11-26,,0
511,Prospecting,1,2025-02-12,2025-03-15,31
511,Discovery,2,2025-03-15,2025-03-23,8
511,Demo,3,2025-03-23,2025-04-01,9
511,Proposal,4,2025-04-01,2025-04-14,13
511,Negotiation,5,2025-04-14,2025-04-17,3
511,Closed Won,6,2025-04-19,,0
512,Prospecting,1,2025-07-03,2025-07-07,4
512,Discovery,2,2025-07-07,2025-07-08,1
512,Demo,3,2025-07-08,2025-07-20,12
512,Proposal,4,2025-07-20,2025-08-08,19
512,Closed Lost,7,2025-08-09,,0
515,Prospecting,1,2026-03-17,2026-03-21,4
515,Discovery,2,2026-03-21,2026-04-14,24
515,Demo,3,2026-04-14,2026-04-17,3
515,Proposal,4,2026-04-17,2026-04-20,3
515,Closed Lost,7,2026-04-23,,0
518,Prospecting,1,2025-03-20,2025-03-21,1
518,Discovery,2,2025-03-21,2025-03-30,9
518,Demo,3,2025-03-30,2025-04-02,3
518,Proposal,4,2025-04-02,2025-04-22,20
518,Negotiation,5,2025-04-22,2025-04-23,1
518,Closed Won,6,2025-04-25,,0
519,Prospecting,1,2026-02-08,2026-02-19,11
519,Discovery,2,2026-02-19,2026-02-20,1
519,Demo,3,2026-02-20,2026-03-06,14
519,Proposal,4,2026-03-06,2026-03-08,2
519,Negotiation,5,2026-03-08,2026-03-09,1
519,Closed Won,6,2026-03-10,,0
521,Prospecting,1,2026-01-29,2026-03-27,57
521,Discovery,2,2026-03-27,2026-04-08,12
521,Demo,3,2026-04-08,2026-05-20,42
521,Proposal,4,2026-05-20,2026-06-05,16
521,Negotiation,5,2026-06-05,2026-06-11,6
521,Closed Won,6,2026-06-13,,0
523,Prospecting,1,2026-03-04,2026-03-25,21
523,Discovery,2,2026-03-25,2026-04-15,21
523,Closed Lost,7,2026-04-16,,0
527,Prospecting,1,2025-01-30,2025-02-06,7
527,Discovery,2,2025-02-06,2025-02-07,1
527,Demo,3,2025-02-07,2025-02-12,5
527,Proposal,4,2025-02-12,2025-02-23,11
527,Negotiation,5,2025-02-23,2025-02-28,5
527,Closed Won,6,2025-03-03,,0
528,Prospecting,1,2026-01-18,2026-01-22,4
528,Discovery,2,2026-01-22,2026-01-26,4
528,Demo,3,2026-01-26,2026-02-13,18
528,Proposal,4,2026-02-13,2026-02-20,7
528,Closed Lost,7,2026-02-21,,0
530,Prospecting,1,2025-10-23,2025-10-24,1
530,Discovery,2,2025-10-24,2025-11-16,23
530,Closed Lost,7,2025-11-17,,0
531,Prospecting,1,2026-06-01,2026-06-02,1
531,Discovery,2,2026-06-02,2026-06-03,1
531,Demo,3,2026-06-03,2026-06-10,7
531,Proposal,4,2026-06-10,2026-06-11,1
531,Negotiation,5,2026-06-11,2026-06-19,8
531,Closed Won,6,2026-06-20,,0
533,Prospecting,1,2025-05-30,2025-06-01,2
533,Discovery,2,2025-06-01,2025-06-15,14
533,Demo,3,2025-06-15,2025-06-18,3
533,Closed Lost,7,2025-06-19,,0
534,Prospecting,1,2024-10-25,2024-10-29,4
534,Discovery,2,2024-10-29,2024-11-01,3
534,Demo,3,2024-11-01,2024-11-12,11
534,Proposal,4,2024-11-12,2024-11-29,17
534,Negotiation,5,2024-11-29,2024-12-16,17
534,Closed Won,6,2024-12-18,,0
535,Prospecting,1,2025-08-07,2025-08-10,3
535,Discovery,2,2025-08-10,2025-08-29,19
535,Demo,3,2025-08-29,2025-09-02,4
535,Proposal,4,2025-09-02,2025-09-08,6
535,Negotiation,5,2025-09-08,2025-09-10,2
535,Closed Won,6,2025-09-12,,0
538,Prospecting,1,2025-02-21,2025-03-10,17
538,Discovery,2,2025-03-10,2025-03-13,3
538,Demo,3,2025-03-13,2025-03-14,1
538,Proposal,4,2025-03-14,2025-03-15,1
538,Negotiation,5,2025-03-15,2025-03-29,14
538,Closed Lost,7,2025-03-31,,0
539,Prospecting,1,2025-10-01,2025-10-08,7
539,Discovery,2,2025-10-08,2025-10-14,6
539,Demo,3,2025-10-14,2025-10-18,4
539,Proposal,4,2025-10-18,2025-10-24,6
539,Negotiation,5,2025-10-24,2025-11-17,24
539,Closed Won,6,2025-11-19,,0
540,Prospecting,1,2026-01-26,2026-03-27,60
540,Discovery,2,2026-03-27,2026-04-13,17
540,Demo,3,2026-04-13,2026-05-02,19
540,Proposal,4,2026-05-02,2026-05-05,3
540,Negotiation,5,2026-05-05,2026-05-28,23
540,Closed Lost,7,2026-05-30,,0
541,Prospecting,1,2025-12-06,2025-12-09,3
541,Discovery,2,2025-12-09,2025-12-10,1
541,Demo,3,2025-12-10,2025-12-14,4
541,Proposal,4,2025-12-14,2025-12-16,2
541,Negotiation,5,2025-12-16,2025-12-17,1
541,Closed Won,6,2025-12-18,,0
546,Prospecting,1,2025-06-08,2025-06-09,1
546,Discovery,2,2025-06-09,2025-06-11,2
546,Demo,3,2025-06-11,2025-06-28,17
546,Proposal,4,2025-06-28,2025-07-09,11
546,Negotiation,5,2025-07-09,2025-07-13,4
546,Closed Lost,7,2025-07-14,,0
547,Prospecting,1,2026-03-03,2026-03-13,10
547,Discovery,2,2026-03-13,2026-03-14,1
547,Demo,3,2026-03-14,2026-03-15,1
547,Proposal,4,2026-03-15,2026-03-18,3
547,Negotiation,5,2026-03-18,2026-03-23,5
547,Closed Won,6,2026-03-24,,0
549,Prospecting,1,2026-01-22,2026-01-23,1
549,Discovery,2,2026-01-23,2026-01-25,2
549,Demo,3,2026-01-25,2026-01-31,6
549,Proposal,4,2026-01-31,2026-02-23,23
549,Negotiation,5,2026-02-23,2026-02-24,1
549,Closed Won,6,2026-02-25,,0
552,Prospecting,1,2025-12-10,2025-12-24,14
552,Discovery,2,2025-12-24,2026-01-01,8
552,Closed Lost,7,2026-01-02,,0
553,Prospecting,1,2025-09-02,2025-09-03,1
553,Discovery,2,2025-09-03,2025-09-04,1
553,Demo,3,2025-09-04,2025-09-21,17
553,Proposal,4,2025-09-21,2025-09-22,1
553,Closed Lost,7,2025-09-22,,0
556,Prospecting,1,2026-06-22,2026-09-21,91
558,Prospecting,1,2026-06-06,2026-07-14,38
562,Prospecting,1,2026-01-14,2026-02-06,23
562,Discovery,2,2026-02-06,2026-02-08,2
562,Demo,3,2026-02-08,2026-02-10,2
562,Closed Lost,7,2026-02-12,,0
565,Prospecting,1,2024-12-12,2024-12-30,18
565,Discovery,2,2024-12-30,2025-01-09,10
565,Demo,3,2025-01-09,2025-01-11,2
565,Proposal,4,2025-01-11,2025-01-28,17
565,Closed Lost,7,2025-01-30,,0
566,Prospecting,1,2025-10-17,2025-10-27,10
566,Discovery,2,2025-10-27,2025-10-28,1
566,Demo,3,2025-10-28,2025-11-19,22
566,Proposal,4,2025-11-19,2025-12-12,23
566,Closed Lost,7,2025-12-14,,0
568,Prospecting,1,2025-04-15,2025-05-22,37
568,Discovery,2,2025-05-22,2025-06-12,21
568,Closed Lost,7,2025-06-13,,0
569,Prospecting,1,2025-06-01,2025-07-19,48
569,Discovery,2,2025-07-19,2025-08-03,15
569,Demo,3,2025-08-03,2025-08-22,19
569,Proposal,4,2025-08-22,2025-08-24,2
569,Closed Lost,7,2025-08-26,,0
570,Prospecting,1,2025-07-09,2025-07-14,5
570,Discovery,2,2025-07-14,2025-08-13,30
570,Demo,3,2025-08-13,2025-08-29,16
570,Proposal,4,2025-08-29,2025-08-31,2
570,Negotiation,5,2025-08-31,2025-10-21,51
570,Closed Won,6,2025-10-23,,0
571,Prospecting,1,2026-03-01,2026-03-02,1
571,Discovery,2,2026-03-02,2026-06-04,94
571,Demo,3,2026-06-04,2026-07-19,45
571,Proposal,4,2026-07-19,2026-09-05,48
571,Negotiation,5,2026-09-05,2026-11-01,57
572,Prospecting,1,2025-10-17,2025-11-12,26
572,Discovery,2,2025-11-12,2025-11-19,7
572,Demo,3,2025-11-19,2025-12-20,31
572,Proposal,4,2025-12-20,2026-01-15,26
572,Closed Lost,7,2026-01-17,,0
573,Prospecting,1,2025-11-01,2025-11-03,2
573,Discovery,2,2025-11-03,2025-11-17,14
573,Demo,3,2025-11-17,2025-11-29,12
573,Closed Lost,7,2025-12-01,,0
574,Prospecting,1,2025-06-24,2025-07-13,19
574,Discovery,2,2025-07-13,2025-07-14,1
574,Demo,3,2025-07-14,2025-07-20,6
574,Proposal,4,2025-07-20,2025-07-28,8
574,Negotiation,5,2025-07-28,2025-08-02,5
574,Closed Lost,7,2025-08-04,,0
575,Prospecting,1,2026-04-20,2026-04-22,2
575,Discovery,2,2026-04-22,2026-05-12,20
575,Demo,3,2026-05-12,2026-05-20,8
575,Closed Lost,7,2026-05-22,,0
578,Prospecting,1,2026-02-13,2026-02-18,5
578,Discovery,2,2026-02-18,2026-05-17,88
578,Closed Lost,7,2026-05-18,,0
579,Prospecting,1,2025-10-03,2025-10-10,7
579,Discovery,2,2025-10-10,2025-10-20,10
579,Demo,3,2025-10-20,2025-11-13,24
579,Closed Lost,7,2025-11-15,,0
580,Prospecting,1,2025-06-29,2025-07-13,14
580,Discovery,2,2025-07-13,2025-08-01,19
580,Demo,3,2025-08-01,2025-09-29,59
580,Closed Lost,7,2025-10-01,,0
581,Prospecting,1,2025-06-23,2026-01-24,215
581,Discovery,2,2026-01-24,2026-02-06,13
581,Demo,3,2026-02-06,2026-02-17,11
581,Closed Lost,7,2026-02-18,,0
582,Prospecting,1,2025-10-23,2025-11-01,9
582,Discovery,2,2025-11-01,2025-11-08,7
582,Demo,3,2025-11-08,2025-11-28,20
582,Closed Lost,7,2025-11-29,,0
585,Prospecting,1,2025-05-19,2025-05-26,7
585,Discovery,2,2025-05-26,2025-06-11,16
585,Closed Lost,7,2025-06-12,,0
586,Prospecting,1,2026-06-08,2026-06-15,7
586,Discovery,2,2026-06-15,2026-08-26,72
586,Demo,3,2026-08-26,2026-08-27,1
587,Prospecting,1,2026-06-05,2026-06-30,25
587,Discovery,2,2026-06-30,2026-07-06,6
587,Demo,3,2026-07-06,2026-07-09,3
587,Proposal,4,2026-07-09,2026-07-10,1
587,Negotiation,5,2026-07-10,2026-07-16,6
590,Prospecting,1,2026-02-09,2026-03-01,20
590,Discovery,2,2026-03-01,2026-03-06,5
590,Demo,3,2026-03-06,2026-03-07,1
590,Proposal,4,2026-03-07,2026-03-23,16
590,Negotiation,5,2026-03-23,2026-03-30,7
590,Closed Won,6,2026-03-31,,0
591,Prospecting,1,2025-12-16,2025-12-22,6
591,Discovery,2,2025-12-22,2025-12-24,2
591,Demo,3,2025-12-24,2026-01-16,23
591,Proposal,4,2026-01-16,2026-01-17,1
591,Negotiation,5,2026-01-17,2026-01-30,13
591,Closed Lost,7,2026-01-31,,0
592,Prospecting,1,2024-12-21,2024-12-24,3
592,Discovery,2,2024-12-24,2024-12-26,2
592,Demo,3,2024-12-26,2024-12-28,2
592,Proposal,4,2024-12-28,2024-12-30,2
592,Negotiation,5,2024-12-30,2024-12-31,1
592,Closed Won,6,2025-01-01,,0
593,Prospecting,1,2025-10-02,2025-10-04,2
593,Discovery,2,2025-10-04,2025-10-05,1
593,Demo,3,2025-10-05,2025-10-06,1
593,Proposal,4,2025-10-06,2025-10-07,1
593,Negotiation,5,2025-10-07,2025-10-09,2
593,Closed Won,6,2025-10-09,,0
597,Prospecting,1,2024-10-27,2024-11-04,8
597,Discovery,2,2024-11-04,2024-11-13,9
597,Demo,3,2024-11-13,2024-11-23,10
597,Proposal,4,2024-11-23,2024-11-26,3
597,Negotiation,5,2024-11-26,2024-12-01,5
597,Closed Won,6,2024-12-03,,0
598,Prospecting,1,2025-08-02,2025-08-03,1
598,Discovery,2,2025-08-03,2025-08-13,10
598,Demo,3,2025-08-13,2025-08-14,1
598,Proposal,4,2025-08-14,2025-08-17,3
598,Negotiation,5,2025-08-17,2025-08-22,5
598,Closed Lost,7,2025-08-24,,0
599,Prospecting,1,2025-02-05,2025-02-19,14
599,Discovery,2,2025-02-19,2025-04-27,67
599,Closed Lost,7,2025-04-28,,0
600,Prospecting,1,2025-12-07,2025-12-20,13
600,Discovery,2,2025-12-20,2025-12-25,5
600,Demo,3,2025-12-25,2026-01-04,10
600,Proposal,4,2026-01-04,2026-02-19,46
600,Closed Lost,7,2026-02-22,,0
601,Prospecting,1,2026-05-22,2026-06-02,11
601,Discovery,2,2026-06-02,2026-07-14,42
601,Demo,3,2026-07-14,2026-07-23,9
604,Prospecting,1,2025-11-17,2025-11-18,1
604,Discovery,2,2025-11-18,2025-11-25,7
604,Demo,3,2025-11-25,2025-12-04,9
604,Proposal,4,2025-12-04,2025-12-07,3
604,Negotiation,5,2025-12-07,2025-12-08,1
604,Closed Lost,7,2025-12-09,,0
608,Prospecting,1,2025-09-27,2025-09-30,3
608,Discovery,2,2025-09-30,2025-10-07,7
608,Demo,3,2025-10-07,2025-10-10,3
608,Proposal,4,2025-10-10,2025-10-16,6
608,Negotiation,5,2025-10-16,2025-10-21,5
608,Closed Won,6,2025-10-24,,0
609,Prospecting,1,2026-05-31,2026-06-02,2
609,Discovery,2,2026-06-02,2026-06-08,6
609,Demo,3,2026-06-08,2026-06-21,13
609,Proposal,4,2026-06-21,2026-06-22,1
609,Negotiation,5,2026-06-22,2026-06-23,1
609,Closed Lost,7,2026-06-24,,0
611,Prospecting,1,2024-09-16,2024-09-24,8
611,Discovery,2,2024-09-24,2024-10-02,8
611,Demo,3,2024-10-02,2024-10-12,10
611,Proposal,4,2024-10-12,2024-10-14,2
611,Negotiation,5,2024-10-14,2024-11-11,28
611,Closed Lost,7,2024-11-13,,0
612,Prospecting,1,2025-07-10,2025-07-11,1
612,Discovery,2,2025-07-11,2025-10-26,107
612,Closed Lost,7,2025-10-26,,0
613,Prospecting,1,2025-01-03,2025-01-20,17
613,Discovery,2,2025-01-20,2025-02-02,13
613,Demo,3,2025-02-02,2025-02-07,5
613,Proposal,4,2025-02-07,2025-02-13,6
613,Negotiation,5,2025-02-13,2025-02-14,1
613,Closed Lost,7,2025-02-17,,0
616,Prospecting,1,2025-12-28,2026-03-05,67
616,Discovery,2,2026-03-05,2026-03-10,5
616,Closed Lost,7,2026-03-11,,0
618,Prospecting,1,2026-02-03,2026-03-07,32
618,Discovery,2,2026-03-07,2026-04-15,39
618,Demo,3,2026-04-15,2026-04-28,13
618,Proposal,4,2026-04-28,2026-05-16,18
618,Closed Lost,7,2026-05-18,,0
620,Prospecting,1,2026-03-03,2026-03-05,2
620,Discovery,2,2026-03-05,2026-03-14,9
620,Demo,3,2026-03-14,2026-04-02,19
620,Closed Lost,7,2026-04-04,,0
623,Prospecting,1,2025-02-14,2025-02-21,7
623,Discovery,2,2025-02-21,2025-02-23,2
623,Demo,3,2025-02-23,2025-03-16,21
623,Proposal,4,2025-03-16,2025-04-12,27
623,Negotiation,5,2025-04-12,2025-04-15,3
623,Closed Won,6,2025-04-18,,0
624,Prospecting,1,2025-11-11,2025-11-13,2
624,Discovery,2,2025-11-13,2025-12-06,23
624,Demo,3,2025-12-06,2025-12-09,3
624,Proposal,4,2025-12-09,2025-12-11,2
624,Closed Lost,7,2025-12-13,,0
627,Prospecting,1,2025-02-07,2025-02-08,1
627,Discovery,2,2025-02-08,2025-02-11,3
627,Demo,3,2025-02-11,2025-02-25,14
627,Proposal,4,2025-02-25,2025-02-26,1
627,Closed Lost,7,2025-02-27,,0
628,Prospecting,1,2026-02-12,2026-02-19,7
628,Discovery,2,2026-02-19,2026-02-27,8
628,Demo,3,2026-02-27,2026-03-07,8
628,Proposal,4,2026-03-07,2026-03-09,2
628,Negotiation,5,2026-03-09,2026-03-17,8
628,Closed Won,6,2026-03-19,,0
629,Prospecting,1,2026-04-30,2026-05-13,13
629,Discovery,2,2026-05-13,2026-05-15,2
629,Demo,3,2026-05-15,2026-05-26,11
629,Proposal,4,2026-05-26,2026-05-28,2
629,Negotiation,5,2026-05-28,2026-06-02,5
629,Closed Lost,7,2026-06-04,,0
630,Prospecting,1,2026-05-09,2026-05-24,15
630,Discovery,2,2026-05-24,2026-05-25,1
630,Demo,3,2026-05-25,2026-06-05,11
630,Proposal,4,2026-06-05,2026-06-15,10
630,Negotiation,5,2026-06-15,2026-06-16,1
630,Closed Won,6,2026-06-17,,0
634,Prospecting,1,2024-09-24,2024-09-27,3
634,Discovery,2,2024-09-27,2024-09-28,1
634,Demo,3,2024-09-28,2024-10-14,16
634,Proposal,4,2024-10-14,2024-10-16,2
634,Negotiation,5,2024-10-16,2024-10-17,1
634,Closed Won,6,2024-10-18,,0
635,Prospecting,1,2025-05-03,2025-05-13,10
635,Discovery,2,2025-05-13,2025-06-06,24
635,Closed Lost,7,2025-06-07,,0
636,Prospecting,1,2025-12-05,2025-12-18,13
636,Discovery,2,2025-12-18,2025-12-21,3
636,Demo,3,2025-12-21,2026-01-25,35
636,Proposal,4,2026-01-25,2026-01-26,1
636,Closed Lost,7,2026-01-28,,0
639,Prospecting,1,2026-01-18,2026-01-25,7
639,Discovery,2,2026-01-25,2026-02-01,7
639,Demo,3,2026-02-01,2026-02-02,1
639,Proposal,4,2026-02-02,2026-02-03,1
639,Negotiation,5,2026-02-03,2026-02-25,22
639,Closed Won,6,2026-02-25,,0
642,Prospecting,1,2025-05-26,2025-06-09,14
642,Discovery,2,2025-06-09,2025-06-14,5
642,Closed Lost,7,2025-06-15,,0
643,Prospecting,1,2026-01-03,2026-01-08,5
643,Discovery,2,2026-01-08,2026-01-26,18
643,Demo,3,2026-01-26,2026-02-19,24
643,Proposal,4,2026-02-19,2026-04-04,44
643,Closed Lost,7,2026-04-05,,0
644,Prospecting,1,2025-06-20,2025-06-30,10
644,Discovery,2,2025-06-30,2025-07-14,14
644,Demo,3,2025-07-14,2025-07-15,1
644,Closed Lost,7,2025-07-16,,0
645,Prospecting,1,2026-04-09,2026-04-13,4
645,Discovery,2,2026-04-13,2026-04-14,1
645,Demo,3,2026-04-14,2026-05-02,18
645,Proposal,4,2026-05-02,2026-05-13,11
645,Closed Lost,7,2026-05-14,,0
648,Prospecting,1,2026-03-11,2026-03-13,2
648,Discovery,2,2026-03-13,2026-03-14,1
648,Demo,3,2026-03-14,2026-03-15,1
648,Proposal,4,2026-03-15,2026-04-10,26
648,Negotiation,5,2026-04-10,2026-04-18,8
648,Closed Won,6,2026-04-20,,0
653,Prospecting,1,2024-12-22,2025-01-04,13
653,Discovery,2,2025-01-04,2025-01-08,4
653,Demo,3,2025-01-08,2025-01-11,3
653,Proposal,4,2025-01-11,2025-01-18,7
653,Closed Lost,7,2025-01-19,,0
654,Prospecting,1,2026-01-10,2026-01-11,1
654,Discovery,2,2026-01-11,2026-02-04,24
654,Closed Lost,7,2026-02-05,,0
655,Prospecting,1,2026-04-24,2026-04-25,1
655,Discovery,2,2026-04-25,2026-04-26,1
655,Demo,3,2026-04-26,2026-05-15,19
655,Proposal,4,2026-05-15,2026-05-30,15
655,Closed Lost,7,2026-06-01,,0
657,Prospecting,1,2025-01-11,2025-01-20,9
657,Discovery,2,2025-01-20,2025-01-30,10
657,Demo,3,2025-01-30,2025-02-12,13
657,Proposal,4,2025-02-12,2025-02-24,12
657,Negotiation,5,2025-02-24,2025-02-28,4
657,Closed Lost,7,2025-03-02,,0
658,Prospecting,1,2026-01-30,2026-02-16,17
658,Discovery,2,2026-02-16,2026-03-01,13
658,Demo,3,2026-03-01,2026-03-02,1
658,Proposal,4,2026-03-02,2026-03-09,7
658,Closed Lost,7,2026-03-11,,0
659,Prospecting,1,2026-03-14,2026-03-22,8
659,Discovery,2,2026-03-22,2026-03-26,4
659,Demo,3,2026-03-26,2026-03-28,2
659,Proposal,4,2026-03-28,2026-04-12,15
659,Closed Lost,7,2026-04-14,,0
662,Prospecting,1,2025-05-27,2025-05-28,1
662,Discovery,2,2025-05-28,2025-06-08,11
662,Demo,3,2025-06-08,2025-06-25,17
662,Proposal,4,2025-06-25,2025-07-01,6
662,Negotiation,5,2025-07-01,2025-07-02,1
662,Closed Won,6,2025-07-03,,0
663,Prospecting,1,2026-01-15,2026-01-28,13
663,Discovery,2,2026-01-28,2026-02-12,15
663,Demo,3,2026-02-12,2026-02-22,10
663,Closed Lost,7,2026-02-23,,0
666,Prospecting,1,2026-01-09,2026-01-17,8
666,Discovery,2,2026-01-17,2026-02-10,24
666,Demo,3,2026-02-10,2026-02-11,1
666,Proposal,4,2026-02-11,2026-03-11,28
666,Negotiation,5,2026-03-11,2026-03-12,1
666,Closed Lost,7,2026-03-14,,0
667,Prospecting,1,2026-02-16,2026-02-18,2
667,Discovery,2,2026-02-18,2026-02-21,3
667,Demo,3,2026-02-21,2026-02-23,2
667,Proposal,4,2026-02-23,2026-02-26,3
667,Negotiation,5,2026-02-26,2026-03-12,14
667,Closed Won,6,2026-03-15,,0
671,Prospecting,1,2026-06-08,2026-06-11,3
671,Discovery,2,2026-06-11,2026-06-18,7
671,Demo,3,2026-06-18,2026-06-24,6
671,Proposal,4,2026-06-24,2026-06-25,1
671,Closed Lost,7,2026-06-27,,0
680,Prospecting,1,2025-01-31,2025-02-03,3
680,Discovery,2,2025-02-03,2025-03-04,29
680,Demo,3,2025-03-04,2025-03-10,6
680,Proposal,4,2025-03-10,2025-03-24,14
680,Negotiation,5,2025-03-24,2025-05-04,41
680,Closed Lost,7,2025-05-06,,0
681,Prospecting,1,2025-10-30,2025-11-08,9
681,Discovery,2,2025-11-08,2025-11-11,3
681,Demo,3,2025-11-11,2025-11-12,1
681,Proposal,4,2025-11-12,2025-11-21,9
681,Negotiation,5,2025-11-21,2025-11-26,5
681,Closed Lost,7,2025-11-27,,0
686,Prospecting,1,2025-11-29,2025-12-02,3
686,Discovery,2,2025-12-02,2025-12-17,15
686,Demo,3,2025-12-17,2026-01-15,29
686,Proposal,4,2026-01-15,2026-01-16,1
686,Closed Lost,7,2026-01-19,,0
687,Prospecting,1,2025-12-24,2026-01-25,32
687,Discovery,2,2026-01-25,2026-01-26,1
687,Demo,3,2026-01-26,2026-02-10,15
687,Proposal,4,2026-02-10,2026-03-01,19
687,Negotiation,5,2026-03-01,2026-04-02,32
687,Closed Lost,7,2026-04-04,,0
688,Prospecting,1,2025-09-08,2025-09-10,2
688,Discovery,2,2025-09-10,2025-10-04,24
688,Demo,3,2025-10-04,2025-11-01,28
688,Proposal,4,2025-11-01,2025-11-19,18
688,Negotiation,5,2025-11-19,2025-11-24,5
688,Closed Won,6,2025-11-28,,0
689,Prospecting,1,2026-03-31,2026-04-01,1
689,Discovery,2,2026-04-01,2026-04-03,2
689,Demo,3,2026-04-03,2026-04-06,3
689,Proposal,4,2026-04-06,2026-04-07,1
689,Closed Lost,7,2026-04-07,,0
690,Prospecting,1,2026-03-24,2026-04-04,11
690,Discovery,2,2026-04-04,2026-04-07,3
690,Demo,3,2026-04-07,2026-04-23,16
690,Proposal,4,2026-04-23,2026-04-28,5
690,Closed Lost,7,2026-04-30,,0
695,Prospecting,1,2026-01-08,2026-01-11,3
695,Discovery,2,2026-01-11,2026-01-12,1
695,Demo,3,2026-01-12,2026-01-24,12
695,Proposal,4,2026-01-24,2026-01-26,2
695,Negotiation,5,2026-01-26,2026-02-01,6
695,Closed Won,6,2026-02-03,,0
700,Prospecting,1,2024-11-02,2024-11-12,10
700,Discovery,2,2024-11-12,2024-12-06,24
700,Demo,3,2024-12-06,2024-12-14,8
700,Proposal,4,2024-12-14,2024-12-15,1
700,Closed Lost,7,2024-12-17,,0
701,Prospecting,1,2025-08-02,2025-08-21,19
701,Discovery,2,2025-08-21,2025-08-25,4
701,Demo,3,2025-08-25,2025-08-26,1
701,Proposal,4,2025-08-26,2025-09-06,11
701,Negotiation,5,2025-09-06,2025-09-08,2
701,Closed Won,6,2025-09-10,,0
702,Prospecting,1,2026-04-17,2026-04-20,3
702,Discovery,2,2026-04-20,2026-04-26,6
702,Demo,3,2026-04-26,2026-04-29,3
702,Proposal,4,2026-04-29,2026-05-02,3
702,Negotiation,5,2026-05-02,2026-05-09,7
702,Closed Won,6,2026-05-11,,0
703,Prospecting,1,2024-10-02,2024-10-14,12
703,Discovery,2,2024-10-14,2024-10-22,8
703,Closed Lost,7,2024-10-23,,0
704,Prospecting,1,2025-05-03,2025-05-12,9
704,Discovery,2,2025-05-12,2025-05-13,1
704,Demo,3,2025-05-13,2025-05-29,16
704,Proposal,4,2025-05-29,2025-06-08,10
704,Closed Lost,7,2025-06-09,,0
710,Prospecting,1,2025-12-04,2025-12-25,21
710,Discovery,2,2025-12-25,2026-01-09,15
710,Closed Lost,7,2026-01-10,,0
712,Prospecting,1,2024-08-27,2024-09-14,18
712,Discovery,2,2024-09-14,2024-09-24,10
712,Closed Lost,7,2024-09-25,,0
713,Prospecting,1,2025-07-18,2025-07-24,6
713,Discovery,2,2025-07-24,2025-08-04,11
713,Demo,3,2025-08-04,2025-08-05,1
713,Proposal,4,2025-08-05,2025-08-17,12
713,Closed Lost,7,2025-08-18,,0
714,Prospecting,1,2026-04-17,2026-05-04,17
714,Discovery,2,2026-05-04,2026-05-05,1
714,Closed Lost,7,2026-05-06,,0
717,Prospecting,1,2025-04-14,2025-06-27,74
717,Discovery,2,2025-06-27,2025-07-16,19
717,Closed Lost,7,2025-07-17,,0
718,Prospecting,1,2026-01-25,2026-02-13,19
718,Discovery,2,2026-02-13,2026-03-01,16
718,Demo,3,2026-03-01,2026-03-02,1
718,Proposal,4,2026-03-02,2026-04-11,40
718,Negotiation,5,2026-04-11,2026-04-28,17
718,Closed Lost,7,2026-05-01,,0
720,Prospecting,1,2025-02-17,2025-03-07,18
720,Discovery,2,2025-03-07,2025-03-13,6
720,Demo,3,2025-03-13,2025-03-15,2
720,Proposal,4,2025-03-15,2025-03-29,14
720,Closed Lost,7,2025-04-01,,0
721,Prospecting,1,2026-01-31,2026-02-26,26
721,Discovery,2,2026-02-26,2026-03-06,8
721,Demo,3,2026-03-06,2026-03-08,2
721,Closed Lost,7,2026-03-09,,0
725,Prospecting,1,2025-07-01,2025-07-18,17
725,Discovery,2,2025-07-18,2025-09-20,64
725,Closed Lost,7,2025-09-21,,0
726,Prospecting,1,2026-02-23,2026-03-14,19
726,Discovery,2,2026-03-14,2026-03-20,6
726,Demo,3,2026-03-20,2026-03-25,5
726,Proposal,4,2026-03-25,2026-03-31,6
726,Negotiation,5,2026-03-31,2026-04-20,20
726,Closed Won,6,2026-04-23,,0
727,Prospecting,1,2024-10-30,2024-11-19,20
727,Discovery,2,2024-11-19,2025-01-22,64
727,Demo,3,2025-01-22,2025-02-11,20
727,Closed Lost,7,2025-02-13,,0
728,Prospecting,1,2025-03-06,2025-03-22,16
728,Discovery,2,2025-03-22,2025-04-17,26
728,Demo,3,2025-04-17,2025-05-27,40
728,Proposal,4,2025-05-27,2025-06-11,15
728,Closed Lost,7,2025-06-13,,0
729,Prospecting,1,2025-09-25,2025-10-08,13
729,Discovery,2,2025-10-08,2025-10-31,23
729,Demo,3,2025-10-31,2025-12-17,47
729,Closed Lost,7,2025-12-19,,0
730,Prospecting,1,2026-03-11,2026-03-17,6
730,Discovery,2,2026-03-17,2026-03-18,1
730,Demo,3,2026-03-18,2026-03-20,2
730,Proposal,4,2026-03-20,2026-04-08,19
730,Negotiation,5,2026-04-08,2026-04-14,6
730,Closed Won,6,2026-04-16,,0
733,Prospecting,1,2026-05-31,2026-06-11,11
733,Discovery,2,2026-06-11,2026-06-18,7
733,Demo,3,2026-06-18,2026-06-19,1
733,Proposal,4,2026-06-19,2026-06-24,5
733,Closed Lost,7,2026-06-25,,0
734,Prospecting,1,2026-02-03,2026-02-20,17
734,Discovery,2,2026-02-20,2026-03-31,39
734,Demo,3,2026-03-31,2026-04-04,4
734,Proposal,4,2026-04-04,2026-04-19,15
734,Negotiation,5,2026-04-19,2026-04-20,1
734,Closed Won,6,2026-04-22,,0
736,Prospecting,1,2025-10-24,2026-03-16,143
736,Discovery,2,2026-03-16,2026-03-17,1
736,Demo,3,2026-03-17,2026-04-30,44
736,Closed Lost,7,2026-04-30,,0
742,Prospecting,1,2026-04-02,2026-04-12,10
742,Discovery,2,2026-04-12,2026-05-18,36
742,Closed Lost,7,2026-05-19,,0
743,Prospecting,1,2025-07-01,2025-07-02,1
743,Discovery,2,2025-07-02,2025-07-05,3
743,Demo,3,2025-07-05,2025-07-24,19
743,Proposal,4,2025-07-24,2025-08-02,9
743,Negotiation,5,2025-08-02,2025-08-30,28
743,Closed Won,6,2025-08-31,,0
744,Prospecting,1,2025-01-27,2025-02-11,15
744,Discovery,2,2025-02-11,2025-02-12,1
744,Demo,3,2025-02-12,2025-03-05,21
744,Proposal,4,2025-03-05,2025-03-06,1
744,Closed Lost,7,2025-03-08,,0
745,Prospecting,1,2025-11-07,2025-11-08,1
745,Discovery,2,2025-11-08,2025-11-09,1
745,Demo,3,2025-11-09,2025-11-18,9
745,Proposal,4,2025-11-18,2025-11-22,4
745,Negotiation,5,2025-11-22,2025-12-04,12
745,Closed Won,6,2025-12-04,,0
746,Prospecting,1,2025-03-01,2025-04-04,34
746,Discovery,2,2025-04-04,2025-04-15,11
746,Demo,3,2025-04-15,2025-05-05,20
746,Closed Lost,7,2025-05-06,,0
747,Prospecting,1,2026-03-11,2026-03-14,3
747,Discovery,2,2026-03-14,2026-03-16,2
747,Demo,3,2026-03-16,2026-03-19,3
747,Proposal,4,2026-03-19,2026-03-22,3
747,Negotiation,5,2026-03-22,2026-03-27,5
747,Closed Lost,7,2026-03-30,,0
749,Prospecting,1,2025-11-18,2025-11-19,1
749,Discovery,2,2025-11-19,2025-11-22,3
749,Demo,3,2025-11-22,2025-11-23,1
749,Proposal,4,2025-11-23,2025-11-24,1
749,Negotiation,5,2025-11-24,2025-12-21,27
749,Closed Won,6,2025-12-21,,0
757,Prospecting,1,2025-11-16,2025-11-18,2
757,Discovery,2,2025-11-18,2025-12-04,16
757,Demo,3,2025-12-04,2026-01-01,28
757,Closed Lost,7,2026-01-03,,0
760,Prospecting,1,2024-11-10,2024-12-31,51
760,Discovery,2,2024-12-31,2025-01-12,12
760,Demo,3,2025-01-12,2025-03-17,64
760,Proposal,4,2025-03-17,2025-04-09,23
760,Closed Lost,7,2025-04-11,,0
761,Prospecting,1,2025-08-06,2025-09-02,27
761,Discovery,2,2025-09-02,2025-12-22,111
761,Demo,3,2025-12-22,2025-12-30,8
761,Proposal,4,2025-12-30,2026-01-04,5
761,Negotiation,5,2026-01-04,2026-01-14,10
761,Closed Lost,7,2026-01-16,,0
762,Prospecting,1,2025-12-18,2026-01-03,16
762,Discovery,2,2026-01-03,2026-01-04,1
762,Demo,3,2026-01-04,2026-01-31,27
762,Proposal,4,2026-01-31,2026-02-02,2
762,Negotiation,5,2026-02-02,2026-02-03,1
762,Closed Lost,7,2026-02-02,,0
769,Prospecting,1,2024-08-13,2024-08-14,1
769,Discovery,2,2024-08-14,2024-08-29,15
769,Demo,3,2024-08-29,2024-09-24,26
769,Proposal,4,2024-09-24,2024-09-27,3
769,Negotiation,5,2024-09-27,2024-09-30,3
769,Closed Won,6,2024-10-02,,0
770,Prospecting,1,2025-11-28,2025-12-06,8
770,Discovery,2,2025-12-06,2025-12-11,5
770,Closed Lost,7,2025-12-12,,0
771,Prospecting,1,2025-04-12,2025-04-30,18
771,Discovery,2,2025-04-30,2025-05-10,10
771,Demo,3,2025-05-10,2025-05-14,4
771,Closed Lost,7,2025-05-16,,0
772,Prospecting,1,2025-12-26,2026-01-10,15
772,Discovery,2,2026-01-10,2026-01-13,3
772,Demo,3,2026-01-13,2026-01-20,7
772,Proposal,4,2026-01-20,2026-01-21,1
772,Negotiation,5,2026-01-21,2026-01-26,5
772,Closed Won,6,2026-01-27,,0
775,Prospecting,1,2025-04-07,2025-04-08,1
775,Discovery,2,2025-04-08,2025-04-26,18
775,Demo,3,2025-04-26,2025-04-28,2
775,Proposal,4,2025-04-28,2025-05-03,5
775,Negotiation,5,2025-05-03,2025-05-10,7
775,Closed Won,6,2025-05-13,,0
776,Prospecting,1,2026-02-20,2026-02-21,1
776,Discovery,2,2026-02-21,2026-02-27,6
776,Demo,3,2026-02-27,2026-03-12,13
776,Proposal,4,2026-03-12,2026-03-26,14
776,Negotiation,5,2026-03-26,2026-04-06,11
776,Closed Won,6,2026-04-08,,0
779,Prospecting,1,2025-04-14,2025-04-18,4
779,Discovery,2,2025-04-18,2025-04-24,6
779,Demo,3,2025-04-24,2025-05-28,34
779,Proposal,4,2025-05-28,2025-06-13,16
779,Negotiation,5,2025-06-13,2025-06-18,5
779,Closed Won,6,2025-06-19,,0
780,Prospecting,1,2026-02-17,2026-03-07,18
780,Discovery,2,2026-03-07,2026-03-14,7
780,Demo,3,2026-03-14,2026-04-12,29
780,Closed Lost,7,2026-04-14,,0
784,Prospecting,1,2026-02-21,2026-04-08,46
784,Discovery,2,2026-04-08,2026-06-17,70
784,Closed Lost,7,2026-06-18,,0
785,Prospecting,1,2024-10-31,2024-11-03,3
785,Discovery,2,2024-11-03,2024-11-07,4
785,Demo,3,2024-11-07,2024-11-14,7
785,Proposal,4,2024-11-14,2024-11-15,1
785,Negotiation,5,2024-11-15,2024-11-22,7
785,Closed Won,6,2024-11-25,,0
786,Prospecting,1,2026-02-08,2026-03-09,29
786,Discovery,2,2026-03-09,2026-04-01,23
786,Demo,3,2026-04-01,2026-04-16,15
786,Closed Lost,7,2026-04-17,,0
788,Prospecting,1,2025-12-10,2025-12-13,3
788,Discovery,2,2025-12-13,2025-12-26,13
788,Closed Lost,7,2025-12-27,,0
796,Prospecting,1,2025-09-08,2025-10-09,31
796,Discovery,2,2025-10-09,2025-10-12,3
796,Closed Lost,7,2025-10-13,,0
797,Prospecting,1,2026-05-08,2026-06-12,35
797,Discovery,2,2026-06-12,2026-06-13,1
797,Closed Lost,7,2026-06-14,,0
800,Prospecting,1,2024-09-02,2024-09-05,3
800,Discovery,2,2024-09-05,2024-09-12,7
800,Demo,3,2024-09-12,2024-10-13,31
800,Proposal,4,2024-10-13,2024-10-16,3
800,Negotiation,5,2024-10-16,2024-10-31,15
800,Closed Won,6,2024-11-02,,0
801,Prospecting,1,2024-11-19,2025-01-07,49
801,Discovery,2,2025-01-07,2025-03-19,71
801,Closed Lost,7,2025-03-20,,0
802,Prospecting,1,2025-06-23,2025-07-23,30
802,Discovery,2,2025-07-23,2025-08-12,20
802,Demo,3,2025-08-12,2025-08-21,9
802,Proposal,4,2025-08-21,2025-08-30,9
802,Closed Lost,7,2025-09-01,,0
803,Prospecting,1,2026-01-07,2026-01-12,5
803,Discovery,2,2026-01-12,2026-03-20,67
803,Closed Lost,7,2026-03-21,,0
804,Prospecting,1,2026-02-09,2026-02-18,9
804,Discovery,2,2026-02-18,2026-03-03,13
804,Demo,3,2026-03-03,2026-03-16,13
804,Proposal,4,2026-03-16,2026-03-19,3
804,Negotiation,5,2026-03-19,2026-03-21,2
804,Closed Won,6,2026-03-24,,0
809,Prospecting,1,2025-03-20,2025-03-25,5
809,Discovery,2,2025-03-25,2025-03-26,1
809,Demo,3,2025-03-26,2025-03-28,2
809,Closed Lost,7,2025-03-30,,0
810,Prospecting,1,2025-10-01,2025-10-08,7
810,Discovery,2,2025-10-08,2025-11-01,24
810,Demo,3,2025-11-01,2025-12-12,41
810,Closed Lost,7,2025-12-13,,0
812,Prospecting,1,2025-01-25,2025-01-26,1
812,Discovery,2,2025-01-26,2025-01-27,1
812,Demo,3,2025-01-27,2025-01-28,1
812,Proposal,4,2025-01-28,2025-01-31,3
812,Negotiation,5,2025-01-31,2025-02-01,1
812,Closed Won,6,2025-02-01,,0
813,Prospecting,1,2025-09-15,2025-10-08,23
813,Discovery,2,2025-10-08,2025-10-25,17
813,Closed Lost,7,2025-10-26,,0
814,Prospecting,1,2025-07-03,2025-07-04,1
814,Discovery,2,2025-07-04,2025-07-18,14
814,Demo,3,2025-07-18,2025-07-23,5
814,Proposal,4,2025-07-23,2025-08-10,18
814,Negotiation,5,2025-08-10,2025-09-29,50
814,Closed Won,6,2025-10-01,,0
815,Prospecting,1,2024-09-19,2024-09-25,6
815,Discovery,2,2024-09-25,2024-09-26,1
815,Demo,3,2024-09-26,2024-09-27,1
815,Proposal,4,2024-09-27,2024-10-03,6
815,Negotiation,5,2024-10-03,2024-10-07,4
815,Closed Lost,7,2024-10-10,,0
816,Prospecting,1,2025-07-10,2025-07-11,1
816,Discovery,2,2025-07-11,2025-07-18,7
816,Demo,3,2025-07-18,2025-07-20,2
816,Proposal,4,2025-07-20,2025-07-23,3
816,Negotiation,5,2025-07-23,2025-08-10,18
816,Closed Won,6,2025-08-12,,0
817,Prospecting,1,2026-01-27,2026-09-18,234
818,Prospecting,1,2026-03-16,2026-08-22,159
819,Prospecting,1,2026-05-15,2026-05-16,1
819,Discovery,2,2026-05-16,2026-06-18,33
819,Demo,3,2026-06-18,2026-06-28,10
819,Proposal,4,2026-06-28,2026-06-29,1
819,Negotiation,5,2026-06-29,2026-07-01,2
819,Closed Won,6,2026-07-01,,0
821,Prospecting,1,2025-02-23,2025-03-16,21
821,Discovery,2,2025-03-16,2025-04-03,18
821,Demo,3,2025-04-03,2025-04-04,1
821,Closed Lost,7,2025-04-06,,0
822,Prospecting,1,2026-02-21,2026-03-11,18
822,Discovery,2,2026-03-11,2026-03-30,19
822,Demo,3,2026-03-30,2026-04-02,3
822,Proposal,4,2026-04-02,2026-04-09,7
822,Negotiation,5,2026-04-09,2026-04-11,2
822,Closed Won,6,2026-04-13,,0
823,Prospecting,1,2025-08-13,2025-08-14,1
823,Discovery,2,2025-08-14,2025-09-05,22
823,Demo,3,2025-09-05,2025-09-08,3
823,Proposal,4,2025-09-08,2025-09-20,12
823,Negotiation,5,2025-09-20,2025-09-22,2
823,Closed Won,6,2025-09-25,,0
824,Prospecting,1,2026-04-24,2026-05-04,10
824,Discovery,2,2026-05-04,2026-05-09,5
824,Demo,3,2026-05-09,2026-06-01,23
824,Closed Lost,7,2026-06-02,,0
825,Prospecting,1,2025-11-03,2026-02-19,108
825,Discovery,2,2026-02-19,2026-04-14,54
825,Closed Lost,7,2026-04-15,,0
828,Prospecting,1,2025-11-24,2026-01-30,67
828,Discovery,2,2026-01-30,2026-02-18,19
828,Demo,3,2026-02-18,2026-03-09,19
828,Proposal,4,2026-03-09,2026-04-03,25
828,Negotiation,5,2026-04-03,2026-04-15,12
828,Closed Lost,7,2026-04-18,,0
829,Prospecting,1,2025-04-05,2025-04-11,6
829,Discovery,2,2025-04-11,2025-04-12,1
829,Demo,3,2025-04-12,2025-05-05,23
829,Proposal,4,2025-05-05,2025-05-09,4
829,Negotiation,5,2025-05-09,2025-05-12,3
829,Closed Lost,7,2025-05-14,,0
830,Prospecting,1,2024-10-08,2024-10-21,13
830,Discovery,2,2024-10-21,2024-11-09,19
830,Demo,3,2024-11-09,2024-11-10,1
830,Proposal,4,2024-11-10,2024-11-14,4
830,Closed Lost,7,2024-11-16,,0
831,Prospecting,1,2025-09-07,2025-09-09,2
831,Discovery,2,2025-09-09,2025-09-26,17
831,Demo,3,2025-09-26,2025-09-30,4
831,Closed Lost,7,2025-10-01,,0
836,Prospecting,1,2025-12-06,2025-12-15,9
836,Discovery,2,2025-12-15,2026-01-02,18
836,Demo,3,2026-01-02,2026-03-07,64
836,Proposal,4,2026-03-07,2026-09-13,190
838,Prospecting,1,2026-02-02,2026-02-06,4
838,Discovery,2,2026-02-06,2026-02-13,7
838,Demo,3,2026-02-13,2026-02-24,11
838,Closed Lost,7,2026-02-25,,0
840,Prospecting,1,2024-09-30,2024-10-02,2
840,Discovery,2,2024-10-02,2024-10-08,6
840,Demo,3,2024-10-08,2024-10-17,9
840,Proposal,4,2024-10-17,2024-10-18,1
840,Negotiation,5,2024-10-18,2024-11-26,39
840,Closed Lost,7,2024-11-27,,0
841,Prospecting,1,2025-08-17,2025-08-24,7
841,Discovery,2,2025-08-24,2025-08-30,6
841,Demo,3,2025-08-30,2025-10-13,44
841,Proposal,4,2025-10-13,2025-10-18,5
841,Negotiation,5,2025-10-18,2025-11-23,36
841,Closed Won,6,2025-11-26,,0
842,Prospecting,1,2025-09-23,2025-10-16,23
842,Discovery,2,2025-10-16,2025-10-17,1
842,Demo,3,2025-10-17,2025-10-31,14
842,Proposal,4,2025-10-31,2025-11-05,5
842,Negotiation,5,2025-11-05,2025-11-29,24
842,Closed Lost,7,2025-12-01,,0
844,Prospecting,1,2026-03-12,2026-03-13,1
844,Discovery,2,2026-03-13,2026-04-07,25
844,Demo,3,2026-04-07,2026-04-08,1
844,Closed Lost,7,2026-04-08,,0
846,Prospecting,1,2026-02-24,2026-03-19,23
846,Discovery,2,2026-03-19,2026-04-01,13
846,Demo,3,2026-04-01,2026-04-18,17
846,Proposal,4,2026-04-18,2026-04-22,4
846,Negotiation,5,2026-04-22,2026-04-29,7
846,Closed Lost,7,2026-05-02,,0
851,Prospecting,1,2025-04-06,2025-04-27,21
851,Discovery,2,2025-04-27,2025-04-28,1
851,Demo,3,2025-04-28,2025-05-07,9
851,Proposal,4,2025-05-07,2025-05-08,1
851,Negotiation,5,2025-05-08,2025-05-13,5
851,Closed Lost,7,2025-05-13,,0
852,Prospecting,1,2026-04-01,2026-04-24,23
852,Discovery,2,2026-04-24,2026-04-27,3
852,Demo,3,2026-04-27,2026-05-06,9
852,Closed Lost,7,2026-05-08,,0
856,Prospecting,1,2025-02-10,2025-02-19,9
856,Discovery,2,2025-02-19,2025-02-21,2
856,Demo,3,2025-02-21,2025-02-27,6
856,Proposal,4,2025-02-27,2025-03-02,3
856,Negotiation,5,2025-03-02,2025-03-08,6
856,Closed Lost,7,2025-03-10,,0
857,Prospecting,1,2025-12-10,2025-12-20,10
857,Discovery,2,2025-12-20,2026-01-05,16
857,Demo,3,2026-01-05,2026-01-14,9
857,Proposal,4,2026-01-14,2026-01-29,15
857,Closed Lost,7,2026-01-31,,0
858,Prospecting,1,2026-05-05,2026-05-09,4
858,Discovery,2,2026-05-09,2026-05-11,2
858,Demo,3,2026-05-11,2026-05-17,6
858,Proposal,4,2026-05-17,2026-05-18,1
858,Negotiation,5,2026-05-18,2026-05-27,9
858,Closed Won,6,2026-05-28,,0
859,Prospecting,1,2025-09-17,2025-10-03,16
859,Discovery,2,2025-10-03,2025-10-06,3
859,Demo,3,2025-10-06,2025-10-10,4
859,Proposal,4,2025-10-10,2025-10-17,7
859,Negotiation,5,2025-10-17,2025-10-18,1
859,Closed Won,6,2025-10-21,,0
864,Prospecting,1,2025-06-24,2025-07-10,16
864,Discovery,2,2025-07-10,2025-07-16,6
864,Demo,3,2025-07-16,2025-07-17,1
864,Proposal,4,2025-07-17,2025-07-27,10
864,Negotiation,5,2025-07-27,2025-08-02,6
864,Closed Won,6,2025-08-03,,0
865,Prospecting,1,2025-12-28,2026-01-17,20
865,Discovery,2,2026-01-17,2026-01-20,3
865,Closed Lost,7,2026-01-21,,0
868,Prospecting,1,2025-09-05,2025-10-18,43
868,Discovery,2,2025-10-18,2025-12-15,58
868,Closed Lost,7,2025-12-16,,0
869,Prospecting,1,2025-10-01,2025-10-19,18
869,Discovery,2,2025-10-19,2025-10-28,9
869,Closed Lost,7,2025-10-29,,0
875,Prospecting,1,2026-06-01,2026-06-02,1
875,Discovery,2,2026-06-02,2026-06-04,2
875,Demo,3,2026-06-04,2026-06-12,8
875,Proposal,4,2026-06-12,2026-07-04,22
878,Prospecting,1,2024-09-24,2024-11-12,49
878,Discovery,2,2024-11-12,2024-11-13,1
878,Closed Lost,7,2024-11-13,,0
879,Prospecting,1,2025-07-19,2025-08-08,20
879,Discovery,2,2025-08-08,2025-08-31,23
879,Demo,3,2025-08-31,2025-10-19,49
879,Closed Lost,7,2025-10-21,,0
880,Prospecting,1,2025-02-15,2025-02-18,3
880,Discovery,2,2025-02-18,2025-02-25,7
880,Demo,3,2025-02-25,2025-03-03,6
880,Proposal,4,2025-03-03,2025-03-12,9
880,Negotiation,5,2025-03-12,2025-03-28,16
880,Closed Won,6,2025-03-31,,0
881,Prospecting,1,2025-10-16,2025-10-17,1
881,Discovery,2,2025-10-17,2025-10-20,3
881,Demo,3,2025-10-20,2025-10-28,8
881,Proposal,4,2025-10-28,2025-10-29,1
881,Negotiation,5,2025-10-29,2025-11-01,3
881,Closed Won,6,2025-11-01,,0
882,Prospecting,1,2026-06-27,2026-07-19,22
885,Prospecting,1,2024-08-17,2024-09-03,17
885,Discovery,2,2024-09-03,2024-09-11,8
885,Demo,3,2024-09-11,2024-09-13,2
885,Proposal,4,2024-09-13,2024-09-26,13
885,Negotiation,5,2024-09-26,2024-09-27,1
885,Closed Won,6,2024-09-29,,0
886,Prospecting,1,2025-06-07,2025-06-08,1
886,Discovery,2,2025-06-08,2025-06-13,5
886,Demo,3,2025-06-13,2025-06-14,1
886,Proposal,4,2025-06-14,2025-06-23,9
886,Closed Lost,7,2025-06-24,,0
887,Prospecting,1,2026-03-03,2026-03-08,5
887,Discovery,2,2026-03-08,2026-04-16,39
887,Demo,3,2026-04-16,2026-04-17,1
887,Proposal,4,2026-04-17,2026-04-18,1
887,Negotiation,5,2026-04-18,2026-04-22,4
887,Closed Won,6,2026-04-23,,0
888,Prospecting,1,2024-07-29,2024-08-09,11
888,Discovery,2,2024-08-09,2024-08-29,20
888,Demo,3,2024-08-29,2024-09-10,12
888,Proposal,4,2024-09-10,2024-09-14,4
888,Negotiation,5,2024-09-14,2024-09-15,1
888,Closed Won,6,2024-09-16,,0
889,Prospecting,1,2025-07-20,2025-07-30,10
889,Discovery,2,2025-07-30,2025-08-18,19
889,Demo,3,2025-08-18,2025-09-01,14
889,Proposal,4,2025-09-01,2025-09-05,4
889,Negotiation,5,2025-09-05,2025-09-06,1
889,Closed Won,6,2025-09-07,,0
890,Prospecting,1,2026-06-15,2026-06-27,12
890,Discovery,2,2026-06-27,2026-07-21,24
890,Demo,3,2026-07-21,2026-07-26,5
890,Proposal,4,2026-07-26,2026-07-31,5
893,Prospecting,1,2025-09-08,2025-09-14,6
893,Discovery,2,2025-09-14,2025-09-24,10
893,Demo,3,2025-09-24,2025-10-23,29
893,Closed Lost,7,2025-10-25,,0
896,Prospecting,1,2025-07-05,2025-07-06,1
896,Discovery,2,2025-07-06,2025-07-10,4
896,Demo,3,2025-07-10,2025-07-11,1
896,Proposal,4,2025-07-11,2025-07-12,1
896,Negotiation,5,2025-07-12,2025-07-16,4
896,Closed Won,6,2025-07-20,,0
898,Prospecting,1,2025-12-31,2026-03-15,74
898,Discovery,2,2026-03-15,2026-03-25,10
898,Demo,3,2026-03-25,2026-03-26,1
898,Closed Lost,7,2026-03-28,,0
899,Prospecting,1,2026-02-12,2026-04-17,64
899,Discovery,2,2026-04-17,2026-04-19,2
899,Demo,3,2026-04-19,2026-04-26,7
899,Proposal,4,2026-04-26,2026-05-07,11
899,Negotiation,5,2026-05-07,2026-05-23,16
899,Closed Won,6,2026-05-25,,0
901,Prospecting,1,2025-08-30,2025-09-03,4
901,Discovery,2,2025-09-03,2025-09-04,1
901,Demo,3,2025-09-04,2025-09-08,4
901,Proposal,4,2025-09-08,2025-09-12,4
901,Negotiation,5,2025-09-12,2025-09-14,2
901,Closed Won,6,2025-09-16,,0
902,Prospecting,1,2026-06-30,2026-07-09,9
902,Discovery,2,2026-07-09,2026-07-21,12
902,Demo,3,2026-07-21,2026-08-20,30
902,Proposal,4,2026-08-20,2026-09-01,12
906,Prospecting,1,2025-10-31,2025-11-19,19
906,Discovery,2,2025-11-19,2025-12-03,14
906,Demo,3,2025-12-03,2025-12-05,2
906,Closed Lost,7,2025-12-07,,0
909,Prospecting,1,2025-04-30,2025-05-06,6
909,Discovery,2,2025-05-06,2025-05-29,23
909,Demo,3,2025-05-29,2025-06-11,13
909,Proposal,4,2025-06-11,2025-07-18,37
909,Negotiation,5,2025-07-18,2025-07-19,1
909,Closed Won,6,2025-07-22,,0
910,Prospecting,1,2026-04-04,2026-05-06,32
910,Discovery,2,2026-05-06,2026-05-18,12
910,Closed Lost,7,2026-05-19,,0
911,Prospecting,1,2025-09-04,2025-09-17,13
911,Discovery,2,2025-09-17,2025-09-18,1
911,Demo,3,2025-09-18,2025-09-23,5
911,Proposal,4,2025-09-23,2025-09-26,3
911,Negotiation,5,2025-09-26,2025-09-27,1
911,Closed Lost,7,2025-09-29,,0
912,Prospecting,1,2026-05-06,2026-05-08,2
912,Discovery,2,2026-05-08,2026-05-24,16
912,Demo,3,2026-05-24,2026-05-29,5
912,Proposal,4,2026-05-29,2026-06-27,29
912,Negotiation,5,2026-06-27,2026-06-28,1
912,Closed Won,6,2026-07-01,,0
915,Prospecting,1,2026-04-08,2026-04-11,3
915,Discovery,2,2026-04-11,2026-04-19,8
915,Demo,3,2026-04-19,2026-05-08,19
915,Proposal,4,2026-05-08,2026-05-26,18
915,Negotiation,5,2026-05-26,2026-05-29,3
915,Closed Won,6,2026-05-31,,0
916,Prospecting,1,2026-04-20,2026-04-30,10
916,Discovery,2,2026-04-30,2026-05-10,10
916,Demo,3,2026-05-10,2026-05-11,1
916,Proposal,4,2026-05-11,2026-05-12,1
916,Negotiation,5,2026-05-12,2026-06-08,27
916,Closed Lost,7,2026-06-10,,0
919,Prospecting,1,2025-05-25,2025-05-27,2
919,Discovery,2,2025-05-27,2025-05-28,1
919,Demo,3,2025-05-28,2025-05-29,1
919,Proposal,4,2025-05-29,2025-05-30,1
919,Negotiation,5,2025-05-30,2025-05-31,1
919,Closed Won,6,2025-06-01,,0
920,Prospecting,1,2026-04-05,2026-04-12,7
920,Discovery,2,2026-04-12,2026-04-26,14
920,Demo,3,2026-04-26,2026-04-27,1
920,Proposal,4,2026-04-27,2026-04-28,1
920,Negotiation,5,2026-04-28,2026-05-02,4
920,Closed Won,6,2026-05-04,,0
921,Prospecting,1,2025-07-24,2025-10-29,97
921,Discovery,2,2025-10-29,2025-11-04,6
921,Closed Lost,7,2025-11-05,,0
922,Prospecting,1,2026-03-04,2026-03-12,8
922,Discovery,2,2026-03-12,2026-03-14,2
922,Demo,3,2026-03-14,2026-04-09,26
922,Closed Lost,7,2026-04-10,,0
928,Prospecting,1,2026-04-05,2026-05-09,34
928,Discovery,2,2026-05-09,2026-05-30,21
928,Closed Lost,7,2026-05-31,,0
929,Prospecting,1,2026-05-30,2026-06-15,16
929,Discovery,2,2026-06-15,2026-09-12,89
929,Demo,3,2026-09-12,2026-11-09,58
932,Prospecting,1,2025-08-29,2025-09-07,9
932,Discovery,2,2025-09-07,2025-09-16,9
932,Demo,3,2025-09-16,2025-09-19,3
932,Proposal,4,2025-09-19,2025-09-29,10
932,Negotiation,5,2025-09-29,2025-10-13,14
932,Closed Won,6,2025-10-15,,0
940,Prospecting,1,2026-05-30,2026-06-08,9
940,Discovery,2,2026-06-08,2026-06-18,10
940,Demo,3,2026-06-18,2026-06-26,8
940,Proposal,4,2026-06-26,2026-06-29,3
940,Negotiation,5,2026-06-29,2026-06-30,1
944,Prospecting,1,2026-05-26,2026-07-30,65
944,Discovery,2,2026-07-30,2026-08-14,15
944,Demo,3,2026-08-14,2026-09-11,28
944,Proposal,4,2026-09-11,2026-09-19,8
947,Prospecting,1,2025-03-08,2025-03-09,1
947,Discovery,2,2025-03-09,2025-03-19,10
947,Demo,3,2025-03-19,2025-03-21,2
947,Proposal,4,2025-03-21,2025-03-26,5
947,Negotiation,5,2025-03-26,2025-04-09,14
947,Closed Won,6,2025-04-11,,0
949,Prospecting,1,2025-06-27,2025-07-17,20
949,Discovery,2,2025-07-17,2025-08-11,25
949,Demo,3,2025-08-11,2025-11-03,84
949,Proposal,4,2025-11-03,2026-01-17,75
949,Negotiation,5,2026-01-17,2026-01-22,5
949,Closed Lost,7,2026-01-24,,0
950,Prospecting,1,2026-04-08,2026-04-20,12
950,Discovery,2,2026-04-20,2026-05-11,21
950,Demo,3,2026-05-11,2026-05-28,17
950,Proposal,4,2026-05-28,2026-08-07,71
950,Negotiation,5,2026-08-07,2026-09-09,33
951,Prospecting,1,2025-10-01,2025-10-07,6
951,Discovery,2,2025-10-07,2025-10-10,3
951,Demo,3,2025-10-10,2025-10-11,1
951,Closed Lost,7,2025-10-11,,0
952,Prospecting,1,2026-03-29,2026-04-07,9
952,Discovery,2,2026-04-07,2026-04-08,1
952,Demo,3,2026-04-08,2026-04-13,5
952,Proposal,4,2026-04-13,2026-04-21,8
952,Negotiation,5,2026-04-21,2026-04-25,4
952,Closed Won,6,2026-04-27,,0
957,Prospecting,1,2025-05-01,2025-06-07,37
957,Discovery,2,2025-06-07,2025-06-24,17
957,Closed Lost,7,2025-06-25,,0
958,Prospecting,1,2025-11-07,2025-11-19,12
958,Discovery,2,2025-11-19,2025-11-24,5
958,Demo,3,2025-11-24,2025-11-27,3
958,Closed Lost,7,2025-11-29,,0
959,Prospecting,1,2025-01-08,2025-01-24,16
959,Discovery,2,2025-01-24,2025-02-07,14
959,Demo,3,2025-02-07,2025-02-09,2
959,Proposal,4,2025-02-09,2025-02-10,1
959,Negotiation,5,2025-02-10,2025-02-24,14
959,Closed Lost,7,2025-02-26,,0
960,Prospecting,1,2026-01-11,2026-01-30,19
960,Discovery,2,2026-01-30,2026-01-31,1
960,Demo,3,2026-01-31,2026-02-02,2
960,Proposal,4,2026-02-02,2026-02-03,1
960,Closed Lost,7,2026-02-05,,0
961,Prospecting,1,2026-04-08,2026-05-06,28
961,Discovery,2,2026-05-06,2026-05-28,22
961,Closed Lost,7,2026-05-29,,0
963,Prospecting,1,2025-08-04,2025-08-07,3
963,Discovery,2,2025-08-07,2025-08-20,13
963,Closed Lost,7,2025-08-21,,0
969,Prospecting,1,2025-05-26,2025-07-21,56
969,Discovery,2,2025-07-21,2025-11-04,106
969,Demo,3,2025-11-04,2025-11-05,1
969,Proposal,4,2025-11-05,2025-12-04,29
969,Closed Lost,7,2025-12-06,,0
970,Prospecting,1,2025-03-10,2025-03-18,8
970,Discovery,2,2025-03-18,2025-04-03,16
970,Demo,3,2025-04-03,2025-04-08,5
970,Proposal,4,2025-04-08,2025-04-10,2
970,Negotiation,5,2025-04-10,2025-04-13,3
970,Closed Won,6,2025-04-15,,0
971,Prospecting,1,2026-05-24,2026-06-11,18
971,Discovery,2,2026-06-11,2026-07-09,28
972,Prospecting,1,2025-02-24,2025-03-12,16
972,Discovery,2,2025-03-12,2025-03-26,14
972,Demo,3,2025-03-26,2025-03-27,1
972,Proposal,4,2025-03-27,2025-04-11,15
972,Closed Lost,7,2025-04-12,,0
973,Prospecting,1,2026-03-03,2026-03-09,6
973,Discovery,2,2026-03-09,2026-03-19,10
973,Demo,3,2026-03-19,2026-03-26,7
973,Proposal,4,2026-03-26,2026-04-01,6
973,Negotiation,5,2026-04-01,2026-04-02,1
973,Closed Won,6,2026-04-03,,0
974,Prospecting,1,2026-05-09,2026-05-20,11
974,Discovery,2,2026-05-20,2026-05-26,6
974,Demo,3,2026-05-26,2026-06-05,10
974,Proposal,4,2026-06-05,2026-06-26,21
974,Closed Lost,7,2026-06-28,,0
976,Prospecting,1,2026-04-01,2026-04-06,5
976,Discovery,2,2026-04-06,2026-04-13,7
976,Demo,3,2026-04-13,2026-04-20,7
976,Proposal,4,2026-04-20,2026-04-21,1
976,Negotiation,5,2026-04-21,2026-05-15,24
976,Closed Won,6,2026-05-16,,0
980,Prospecting,1,2026-04-07,2026-07-19,103
983,Prospecting,1,2024-12-17,2024-12-18,1
983,Discovery,2,2024-12-18,2025-02-01,45
983,Closed Lost,7,2025-02-01,,0
987,Prospecting,1,2025-03-30,2025-04-03,4
987,Discovery,2,2025-04-03,2025-04-26,23
987,Demo,3,2025-04-26,2025-05-07,11
987,Proposal,4,2025-05-07,2025-05-11,4
987,Closed Lost,7,2025-05-14,,0
988,Prospecting,1,2025-12-21,2026-01-12,22
988,Discovery,2,2026-01-12,2026-01-15,3
988,Demo,3,2026-01-15,2026-01-17,2
988,Proposal,4,2026-01-17,2026-01-28,11
988,Negotiation,5,2026-01-28,2026-02-14,17
988,Closed Lost,7,2026-02-17,,0
989,Prospecting,1,2025-01-09,2025-01-15,6
989,Discovery,2,2025-01-15,2025-01-28,13
989,Demo,3,2025-01-28,2025-01-29,1
989,Proposal,4,2025-01-29,2025-02-01,3
989,Negotiation,5,2025-02-01,2025-02-09,8
989,Closed Won,6,2025-02-10,,0
990,Prospecting,1,2025-08-22,2025-09-05,14
990,Discovery,2,2025-09-05,2025-09-10,5
990,Demo,3,2025-09-10,2025-09-13,3
990,Proposal,4,2025-09-13,2025-09-30,17
990,Closed Lost,7,2025-10-01,,0
994,Prospecting,1,2025-03-17,2025-05-13,57
994,Discovery,2,2025-05-13,2025-10-07,147
994,Closed Lost,7,2025-10-08,,0
995,Prospecting,1,2025-01-18,2025-01-31,13
995,Discovery,2,2025-01-31,2025-02-18,18
995,Demo,3,2025-02-18,2025-02-19,1
995,Proposal,4,2025-02-19,2025-03-07,16
995,Closed Lost,7,2025-03-08,,0
996,Prospecting,1,2026-01-10,2026-02-10,31
996,Discovery,2,2026-02-10,2026-03-18,36
996,Demo,3,2026-03-18,2026-04-03,16
996,Closed Lost,7,2026-04-04,,0
998,Prospecting,1,2026-05-12,2026-08-15,95
1001,Prospecting,1,2025-02-28,2025-03-02,2
1001,Discovery,2,2025-03-02,2025-03-05,3
1001,Demo,3,2025-03-05,2025-03-10,5
1001,Proposal,4,2025-03-10,2025-04-03,24
1001,Negotiation,5,2025-04-03,2025-04-04,1
1001,Closed Won,6,2025-04-06,,0
1002,Prospecting,1,2025-10-22,2025-11-05,14
1002,Discovery,2,2025-11-05,2025-12-04,29
1002,Demo,3,2025-12-04,2025-12-05,1
1002,Closed Lost,7,2025-12-05,,0
1003,Prospecting,1,2025-03-29,2025-04-07,9
1003,Discovery,2,2025-04-07,2025-04-12,5
1003,Demo,3,2025-04-12,2025-04-13,1
1003,Proposal,4,2025-04-13,2025-04-18,5
1003,Negotiation,5,2025-04-18,2025-04-20,2
1003,Closed Lost,7,2025-04-22,,0
1004,Prospecting,1,2025-11-24,2025-12-23,29
1004,Discovery,2,2025-12-23,2026-01-06,14
1004,Closed Lost,7,2026-01-07,,0
1005,Prospecting,1,2025-07-01,2025-07-03,2
1005,Discovery,2,2025-07-03,2025-07-07,4
1005,Demo,3,2025-07-07,2025-07-08,1
1005,Proposal,4,2025-07-08,2025-07-16,8
1005,Closed Lost,7,2025-07-19,,0
1006,Prospecting,1,2024-10-06,2024-12-26,81
1006,Discovery,2,2024-12-26,2024-12-29,3
1006,Demo,3,2024-12-29,2024-12-30,1
1006,Proposal,4,2024-12-30,2024-12-31,1
1006,Negotiation,5,2024-12-31,2025-02-16,47
1006,Closed Lost,7,2025-02-18,,0
1007,Prospecting,1,2025-06-26,2025-07-19,23
1007,Discovery,2,2025-07-19,2025-08-24,36
1007,Demo,3,2025-08-24,2025-08-25,1
1007,Proposal,4,2025-08-25,2025-09-09,15
1007,Negotiation,5,2025-09-09,2025-10-02,23
1007,Closed Lost,7,2025-10-05,,0
1008,Prospecting,1,2025-10-28,2025-11-21,24
1008,Discovery,2,2025-11-21,2026-02-02,73
1008,Demo,3,2026-02-02,2026-03-04,30
1008,Proposal,4,2026-03-04,2026-03-10,6
1008,Negotiation,5,2026-03-10,2026-04-13,34
1008,Closed Lost,7,2026-04-17,,0
1011,Prospecting,1,2025-10-31,2025-11-22,22
1011,Discovery,2,2025-11-22,2026-03-27,125
1011,Closed Lost,7,2026-03-28,,0
1012,Prospecting,1,2025-11-15,2025-11-16,1
1012,Discovery,2,2025-11-16,2025-11-19,3
1012,Demo,3,2025-11-19,2025-11-24,5
1012,Proposal,4,2025-11-24,2025-11-26,2
1012,Negotiation,5,2025-11-26,2025-11-30,4
1012,Closed Won,6,2025-12-02,,0
1017,Prospecting,1,2025-11-14,2025-11-16,2
1017,Discovery,2,2025-11-16,2025-12-12,26
1017,Demo,3,2025-12-12,2026-01-07,26
1017,Proposal,4,2026-01-07,2026-01-08,1
1017,Negotiation,5,2026-01-08,2026-01-13,5
1017,Closed Lost,7,2026-01-16,,0
1018,Prospecting,1,2026-06-25,2026-06-26,1
1018,Discovery,2,2026-06-26,2026-07-24,28
1018,Demo,3,2026-07-24,2026-08-24,31
1018,Proposal,4,2026-08-24,2026-09-01,8
1018,Negotiation,5,2026-09-01,2026-09-21,20
1019,Prospecting,1,2025-05-23,2025-06-11,19
1019,Discovery,2,2025-06-11,2025-06-12,1
1019,Demo,3,2025-06-12,2025-06-27,15
1019,Proposal,4,2025-06-27,2025-07-01,4
1019,Negotiation,5,2025-07-01,2025-07-02,1
1019,Closed Lost,7,2025-07-02,,0
1020,Prospecting,1,2026-02-22,2026-02-23,1
1020,Discovery,2,2026-02-23,2026-02-28,5
1020,Demo,3,2026-02-28,2026-03-09,9
1020,Proposal,4,2026-03-09,2026-03-10,1
1020,Negotiation,5,2026-03-10,2026-03-11,1
1020,Closed Won,6,2026-03-11,,0
1021,Prospecting,1,2026-03-06,2026-03-24,18
1021,Discovery,2,2026-03-24,2026-04-10,17
1021,Closed Lost,7,2026-04-11,,0
1026,Prospecting,1,2026-06-26,2026-07-30,34
1026,Discovery,2,2026-07-30,2026-10-18,80
1026,Demo,3,2026-10-18,2026-11-19,32
1026,Proposal,4,2026-11-19,2026-11-21,2
1027,Prospecting,1,2025-09-22,2025-09-26,4
1027,Discovery,2,2025-09-26,2025-09-28,2
1027,Demo,3,2025-09-28,2025-10-17,19
1027,Proposal,4,2025-10-17,2025-10-18,1
1027,Negotiation,5,2025-10-18,2025-10-19,1
1027,Closed Lost,7,2025-10-21,,0
1030,Prospecting,1,2026-02-24,2026-02-27,3
1030,Discovery,2,2026-02-27,2026-03-01,2
1030,Demo,3,2026-03-01,2026-03-02,1
1030,Proposal,4,2026-03-02,2026-03-15,13
1030,Negotiation,5,2026-03-15,2026-03-17,2
1030,Closed Won,6,2026-03-18,,0
1033,Prospecting,1,2024-12-13,2024-12-17,4
1033,Discovery,2,2024-12-17,2025-01-03,17
1033,Demo,3,2025-01-03,2025-01-07,4
1033,Closed Lost,7,2025-01-08,,0
1034,Prospecting,1,2026-01-03,2026-01-10,7
1034,Discovery,2,2026-01-10,2026-02-03,24
1034,Demo,3,2026-02-03,2026-02-08,5
1034,Proposal,4,2026-02-08,2026-02-18,10
1034,Negotiation,5,2026-02-18,2026-02-22,4
1034,Closed Lost,7,2026-02-24,,0
1035,Prospecting,1,2025-04-05,2025-04-13,8
1035,Discovery,2,2025-04-13,2025-05-19,36
1035,Demo,3,2025-05-19,2025-06-02,14
1035,Proposal,4,2025-06-02,2025-06-03,1
1035,Negotiation,5,2025-06-03,2025-06-28,25
1035,Closed Won,6,2025-06-30,,0
1036,Prospecting,1,2025-11-28,2025-12-12,14
1036,Discovery,2,2025-12-12,2025-12-13,1
1036,Demo,3,2025-12-13,2026-01-22,40
1036,Proposal,4,2026-01-22,2026-01-26,4
1036,Negotiation,5,2026-01-26,2026-03-20,53
1036,Closed Lost,7,2026-03-22,,0
1039,Prospecting,1,2025-07-21,2025-08-07,17
1039,Discovery,2,2025-08-07,2025-08-31,24
1039,Demo,3,2025-08-31,2025-11-04,65
1039,Closed Lost,7,2025-11-06,,0
1040,Prospecting,1,2026-06-20,2026-06-26,6
1040,Discovery,2,2026-06-26,2026-07-25,29
1040,Demo,3,2026-07-25,2026-07-26,1
1040,Proposal,4,2026-07-26,2026-08-06,11
1041,Prospecting,1,2025-09-04,2025-09-08,4
1041,Discovery,2,2025-09-08,2025-09-15,7
1041,Demo,3,2025-09-15,2025-11-29,75
1041,Closed Lost,7,2025-11-30,,0
1042,Prospecting,1,2025-01-11,2025-01-13,2
1042,Discovery,2,2025-01-13,2025-03-07,53
1042,Demo,3,2025-03-07,2025-03-12,5
1042,Proposal,4,2025-03-12,2025-05-12,61
1042,Negotiation,5,2025-05-12,2025-05-15,3
1042,Closed Lost,7,2025-05-18,,0
1043,Prospecting,1,2025-12-16,2026-01-29,44
1043,Discovery,2,2026-01-29,2026-02-26,28
1043,Closed Lost,7,2026-02-27,,0
1044,Prospecting,1,2025-05-05,2025-05-06,1
1044,Discovery,2,2025-05-06,2025-05-07,1
1044,Demo,3,2025-05-07,2025-05-09,2
1044,Proposal,4,2025-05-09,2025-05-11,2
1044,Closed Lost,7,2025-05-12,,0
1045,Prospecting,1,2026-03-28,2026-04-14,17
1045,Discovery,2,2026-04-14,2026-05-01,17
1045,Demo,3,2026-05-01,2026-05-19,18
1045,Proposal,4,2026-05-19,2026-05-21,2
1045,Closed Lost,7,2026-05-23,,0
1050,Prospecting,1,2026-01-01,2026-01-06,5
1050,Discovery,2,2026-01-06,2026-01-10,4
1050,Demo,3,2026-01-10,2026-01-31,21
1050,Proposal,4,2026-01-31,2026-02-01,1
1050,Closed Lost,7,2026-02-02,,0
1053,Prospecting,1,2026-06-13,2026-06-18,5
1053,Discovery,2,2026-06-18,2026-06-30,12
1053,Demo,3,2026-06-30,2026-07-05,5
1053,Proposal,4,2026-07-05,2026-07-08,3
1054,Prospecting,1,2026-04-11,2026-04-19,8
1054,Discovery,2,2026-04-19,2026-05-10,21
1054,Closed Lost,7,2026-05-11,,0
1057,Prospecting,1,2025-02-13,2025-03-15,30
1057,Discovery,2,2025-03-15,2025-03-19,4
1057,Closed Lost,7,2025-03-20,,0
1058,Prospecting,1,2025-11-28,2025-12-02,4
1058,Discovery,2,2025-12-02,2026-01-04,33
1058,Demo,3,2026-01-04,2026-01-07,3
1058,Proposal,4,2026-01-07,2026-01-08,1
1058,Negotiation,5,2026-01-08,2026-02-06,29
1058,Closed Lost,7,2026-02-06,,0
1060,Prospecting,1,2026-04-10,2026-04-20,10
1060,Discovery,2,2026-04-20,2026-06-15,56
1060,Closed Lost,7,2026-06-16,,0
1062,Prospecting,1,2025-10-29,2025-11-10,12
1062,Discovery,2,2025-11-10,2025-12-31,51
1062,Demo,3,2025-12-31,2026-01-19,19
1062,Closed Lost,7,2026-01-21,,0
1066,Prospecting,1,2025-11-25,2025-11-30,5
1066,Discovery,2,2025-11-30,2025-12-02,2
1066,Demo,3,2025-12-02,2025-12-13,11
1066,Proposal,4,2025-12-13,2025-12-18,5
1066,Closed Lost,7,2025-12-20,,0
1068,Prospecting,1,2025-09-12,2025-10-05,23
1068,Discovery,2,2025-10-05,2025-10-12,7
1068,Demo,3,2025-10-12,2025-10-24,12
1068,Closed Lost,7,2025-10-25,,0
1069,Prospecting,1,2026-02-14,2026-02-17,3
1069,Discovery,2,2026-02-17,2026-02-21,4
1069,Demo,3,2026-02-21,2026-02-26,5
1069,Proposal,4,2026-02-26,2026-03-10,12
1069,Negotiation,5,2026-03-10,2026-03-27,17
1069,Closed Won,6,2026-03-29,,0
1070,Prospecting,1,2026-01-31,2026-02-24,24
1070,Discovery,2,2026-02-24,2026-03-06,10
1070,Demo,3,2026-03-06,2026-03-20,14
1070,Closed Lost,7,2026-03-22,,0
1071,Prospecting,1,2026-06-13,2026-06-23,10
1071,Discovery,2,2026-06-23,2026-07-11,18
1071,Demo,3,2026-07-11,2026-07-14,3
1071,Proposal,4,2026-07-14,2026-07-24,10
1074,Prospecting,1,2026-05-18,2026-06-29,42
1074,Discovery,2,2026-06-29,2026-07-08,9
1075,Prospecting,1,2025-09-23,2025-09-27,4
1075,Discovery,2,2025-09-27,2025-10-15,18
1075,Demo,3,2025-10-15,2025-10-26,11
1075,Proposal,4,2025-10-26,2025-10-29,3
1075,Negotiation,5,2025-10-29,2025-11-09,11
1075,Closed Won,6,2025-11-11,,0
1078,Prospecting,1,2025-03-11,2025-03-12,1
1078,Discovery,2,2025-03-12,2025-03-18,6
1078,Demo,3,2025-03-18,2025-03-29,11
1078,Proposal,4,2025-03-29,2025-04-12,14
1078,Negotiation,5,2025-04-12,2025-04-13,1
1078,Closed Won,6,2025-04-14,,0
1079,Prospecting,1,2025-03-10,2025-03-20,10
1079,Discovery,2,2025-03-20,2025-04-05,16
1079,Demo,3,2025-04-05,2025-04-07,2
1079,Proposal,4,2025-04-07,2025-04-16,9
1079,Negotiation,5,2025-04-16,2025-04-20,4
1079,Closed Lost,7,2025-04-22,,0
1080,Prospecting,1,2025-11-30,2025-12-01,1
1080,Discovery,2,2025-12-01,2025-12-12,11
1080,Demo,3,2025-12-12,2025-12-20,8
1080,Proposal,4,2025-12-20,2025-12-21,1
1080,Negotiation,5,2025-12-21,2025-12-26,5
1080,Closed Won,6,2025-12-29,,0
1081,Prospecting,1,2026-05-09,2026-05-10,1
1081,Discovery,2,2026-05-10,2026-06-02,23
1081,Demo,3,2026-06-02,2026-06-03,1
1081,Closed Lost,7,2026-06-03,,0
1085,Prospecting,1,2024-10-05,2024-10-13,8
1085,Discovery,2,2024-10-13,2024-10-15,2
1085,Demo,3,2024-10-15,2024-10-21,6
1085,Proposal,4,2024-10-21,2024-11-06,16
1085,Negotiation,5,2024-11-06,2024-11-20,14
1085,Closed Won,6,2024-11-23,,0
1086,Prospecting,1,2025-07-06,2025-07-08,2
1086,Discovery,2,2025-07-08,2025-07-16,8
1086,Demo,3,2025-07-16,2025-07-19,3
1086,Proposal,4,2025-07-19,2025-07-26,7
1086,Negotiation,5,2025-07-26,2025-08-09,14
1086,Closed Won,6,2025-08-12,,0
1087,Prospecting,1,2026-02-22,2026-03-02,8
1087,Discovery,2,2026-03-02,2026-03-03,1
1087,Demo,3,2026-03-03,2026-03-19,16
1087,Proposal,4,2026-03-19,2026-03-22,3
1087,Negotiation,5,2026-03-22,2026-03-27,5
1087,Closed Lost,7,2026-03-29,,0
1088,Prospecting,1,2024-08-31,2024-09-21,21
1088,Discovery,2,2024-09-21,2024-09-24,3
1088,Demo,3,2024-09-24,2025-02-12,141
1088,Proposal,4,2025-02-12,2025-03-05,21
1088,Negotiation,5,2025-03-05,2025-03-12,7
1088,Closed Won,6,2025-03-14,,0
1089,Prospecting,1,2026-05-22,2026-05-30,8
1089,Discovery,2,2026-05-30,2026-06-15,16
1089,Demo,3,2026-06-15,2026-06-18,3
1089,Proposal,4,2026-06-18,2026-06-23,5
1089,Negotiation,5,2026-06-23,2026-06-24,1
1089,Closed Won,6,2026-06-24,,0
1090,Prospecting,1,2025-12-25,2026-04-17,113
1090,Discovery,2,2026-04-17,2026-05-04,17
1090,Demo,3,2026-05-04,2026-06-21,48
1090,Closed Lost,7,2026-06-22,,0
1093,Prospecting,1,2025-09-21,2025-09-29,8
1093,Discovery,2,2025-09-29,2025-09-30,1
1093,Demo,3,2025-09-30,2025-10-17,17
1093,Proposal,4,2025-10-17,2025-10-18,1
1093,Negotiation,5,2025-10-18,2025-10-20,2
1093,Closed Won,6,2025-10-22,,0
1096,Prospecting,1,2025-04-05,2025-04-14,9
1096,Discovery,2,2025-04-14,2025-05-02,18
1096,Demo,3,2025-05-02,2025-06-04,33
1096,Proposal,4,2025-06-04,2025-09-03,91
1096,Closed Lost,7,2025-09-05,,0
1097,Prospecting,1,2025-07-02,2025-08-23,52
1097,Discovery,2,2025-08-23,2025-10-29,67
1097,Closed Lost,7,2025-10-30,,0
1098,Prospecting,1,2026-01-13,2026-01-20,7
1098,Discovery,2,2026-01-20,2026-02-02,13
1098,Demo,3,2026-02-02,2026-02-27,25
1098,Proposal,4,2026-02-27,2026-03-09,10
1098,Negotiation,5,2026-03-09,2026-03-17,8
1098,Closed Won,6,2026-03-21,,0
1099,Prospecting,1,2024-11-24,2025-01-10,47
1099,Discovery,2,2025-01-10,2025-01-31,21
1099,Demo,3,2025-01-31,2025-02-16,16
1099,Proposal,4,2025-02-16,2025-03-10,22
1099,Negotiation,5,2025-03-10,2025-03-18,8
1099,Closed Won,6,2025-03-20,,0
1100,Prospecting,1,2024-11-26,2024-11-30,4
1100,Discovery,2,2024-11-30,2024-12-07,7
1100,Demo,3,2024-12-07,2024-12-09,2
1100,Proposal,4,2024-12-09,2024-12-11,2
1100,Negotiation,5,2024-12-11,2025-01-30,50
1100,Closed Lost,7,2025-02-02,,0
1101,Prospecting,1,2025-02-01,2025-02-10,9
1101,Discovery,2,2025-02-10,2025-02-12,2
1101,Demo,3,2025-02-12,2025-02-13,1
1101,Proposal,4,2025-02-13,2025-02-19,6
1101,Negotiation,5,2025-02-19,2025-03-05,14
1101,Closed Lost,7,2025-03-05,,0
1102,Prospecting,1,2026-02-23,2026-02-25,2
1102,Discovery,2,2026-02-25,2026-02-27,2
1102,Demo,3,2026-02-27,2026-03-09,10
1102,Proposal,4,2026-03-09,2026-03-19,10
1102,Closed Lost,7,2026-03-21,,0
1103,Prospecting,1,2026-05-09,2026-05-22,13
1103,Discovery,2,2026-05-22,2026-05-23,1
1103,Demo,3,2026-05-23,2026-05-24,1
1103,Proposal,4,2026-05-24,2026-06-05,12
1103,Negotiation,5,2026-06-05,2026-06-07,2
1103,Closed Lost,7,2026-06-09,,0
1105,Prospecting,1,2026-06-14,2026-06-15,1
1105,Discovery,2,2026-06-15,2026-06-16,1
1105,Demo,3,2026-06-16,2026-06-18,2
1105,Proposal,4,2026-06-18,2026-06-23,5
1105,Negotiation,5,2026-06-23,2026-06-24,1
1105,Closed Won,6,2026-06-24,,0
1108,Prospecting,1,2025-03-18,2025-04-01,14
1108,Discovery,2,2025-04-01,2025-04-03,2
1108,Demo,3,2025-04-03,2025-04-16,13
1108,Proposal,4,2025-04-16,2025-04-17,1
1108,Negotiation,5,2025-04-17,2025-04-26,9
1108,Closed Lost,7,2025-04-27,,0
1109,Prospecting,1,2025-11-24,2025-12-21,27
1109,Discovery,2,2025-12-21,2025-12-23,2
1109,Demo,3,2025-12-23,2025-12-30,7
1109,Closed Lost,7,2025-12-31,,0
1111,Prospecting,1,2026-05-27,2026-08-22,87
1111,Discovery,2,2026-08-22,2026-08-23,1
1111,Demo,3,2026-08-23,2026-10-13,51
1111,Proposal,4,2026-10-13,2026-11-27,45
1112,Prospecting,1,2025-11-05,2025-11-15,10
1112,Discovery,2,2025-11-15,2025-11-24,9
1112,Demo,3,2025-11-24,2025-12-02,8
1112,Proposal,4,2025-12-02,2025-12-03,1
1112,Negotiation,5,2025-12-03,2026-02-06,65
1112,Closed Lost,7,2026-02-09,,0
1113,Prospecting,1,2025-08-13,2025-09-04,22
1113,Discovery,2,2025-09-04,2025-09-17,13
1113,Demo,3,2025-09-17,2025-09-19,2
1113,Proposal,4,2025-09-19,2025-09-20,1
1113,Closed Lost,7,2025-09-21,,0
1114,Prospecting,1,2026-03-15,2026-03-22,7
1114,Discovery,2,2026-03-22,2026-03-25,3
1114,Demo,3,2026-03-25,2026-03-26,1
1114,Proposal,4,2026-03-26,2026-04-02,7
1114,Negotiation,5,2026-04-02,2026-04-06,4
1114,Closed Won,6,2026-04-07,,0
1117,Prospecting,1,2024-10-02,2024-10-05,3
1117,Discovery,2,2024-10-05,2024-10-11,6
1117,Demo,3,2024-10-11,2024-10-14,3
1117,Proposal,4,2024-10-14,2024-10-19,5
1117,Closed Lost,7,2024-10-21,,0
1118,Prospecting,1,2025-06-02,2025-06-27,25
1118,Discovery,2,2025-06-27,2025-07-01,4
1118,Closed Lost,7,2025-07-02,,0
1119,Prospecting,1,2025-10-29,2025-10-30,1
1119,Discovery,2,2025-10-30,2025-11-03,4
1119,Demo,3,2025-11-03,2025-11-22,19
1119,Closed Lost,7,2025-11-24,,0
1121,Prospecting,1,2025-07-30,2025-08-22,23
1121,Discovery,2,2025-08-22,2025-08-25,3
1121,Demo,3,2025-08-25,2025-09-06,12
1121,Proposal,4,2025-09-06,2025-09-15,9
1121,Negotiation,5,2025-09-15,2025-09-18,3
1121,Closed Lost,7,2025-09-21,,0
1122,Prospecting,1,2025-12-09,2025-12-10,1
1122,Discovery,2,2025-12-10,2026-01-05,26
1122,Demo,3,2026-01-05,2026-01-08,3
1122,Closed Lost,7,2026-01-09,,0
1125,Prospecting,1,2025-09-20,2025-09-22,2
1125,Discovery,2,2025-09-22,2025-09-23,1
1125,Demo,3,2025-09-23,2025-10-02,9
1125,Proposal,4,2025-10-02,2025-10-03,1
1125,Negotiation,5,2025-10-03,2025-10-05,2
1125,Closed Won,6,2025-10-07,,0
1127,Prospecting,1,2026-04-27,2026-04-28,1
1127,Discovery,2,2026-04-28,2026-08-02,96
1129,Prospecting,1,2025-01-26,2025-04-10,74
1129,Discovery,2,2025-04-10,2025-05-01,21
1129,Closed Lost,7,2025-05-02,,0
1130,Prospecting,1,2025-11-02,2025-11-30,28
1130,Discovery,2,2025-11-30,2026-02-13,75
1130,Closed Lost,7,2026-02-14,,0
1131,Prospecting,1,2025-02-18,2025-02-19,1
1131,Discovery,2,2025-02-19,2025-02-21,2
1131,Demo,3,2025-02-21,2025-02-24,3
1131,Proposal,4,2025-02-24,2025-03-04,8
1131,Negotiation,5,2025-03-04,2025-03-19,15
1131,Closed Lost,7,2025-03-21,,0
1132,Prospecting,1,2025-10-07,2025-10-12,5
1132,Discovery,2,2025-10-12,2025-10-16,4
1132,Demo,3,2025-10-16,2025-10-31,15
1132,Proposal,4,2025-10-31,2025-11-10,10
1132,Closed Lost,7,2025-11-12,,0
1133,Prospecting,1,2026-01-27,2026-01-31,4
1133,Discovery,2,2026-01-31,2026-02-05,5
1133,Demo,3,2026-02-05,2026-02-11,6
1133,Proposal,4,2026-02-11,2026-02-12,1
1133,Negotiation,5,2026-02-12,2026-02-13,1
1133,Closed Lost,7,2026-02-15,,0
1136,Prospecting,1,2025-05-05,2025-05-09,4
1136,Discovery,2,2025-05-09,2025-05-10,1
1136,Demo,3,2025-05-10,2025-05-17,7
1136,Proposal,4,2025-05-17,2025-05-26,9
1136,Negotiation,5,2025-05-26,2025-05-27,1
1136,Closed Won,6,2025-05-29,,0
1137,Prospecting,1,2026-02-04,2026-02-17,13
1137,Discovery,2,2026-02-17,2026-02-18,1
1137,Demo,3,2026-02-18,2026-02-21,3
1137,Proposal,4,2026-02-21,2026-02-22,1
1137,Negotiation,5,2026-02-22,2026-03-01,7
1137,Closed Won,6,2026-03-03,,0
1139,Prospecting,1,2026-06-07,2026-06-14,7
1139,Discovery,2,2026-06-14,2026-06-16,2
1139,Demo,3,2026-06-16,2026-07-14,28
1142,Prospecting,1,2026-05-27,2026-06-13,17
1142,Discovery,2,2026-06-13,2026-06-29,16
1142,Demo,3,2026-06-29,2026-09-01,64
1143,Prospecting,1,2025-11-18,2025-12-03,15
1143,Discovery,2,2025-12-03,2025-12-13,10
1143,Demo,3,2025-12-13,2025-12-23,10
1143,Closed Lost,7,2025-12-25,,0
1144,Prospecting,1,2026-06-19,2026-06-21,2
1144,Discovery,2,2026-06-21,2026-06-23,2
1144,Demo,3,2026-06-23,2026-07-03,10
1144,Proposal,4,2026-07-03,2026-07-26,23
1144,Negotiation,5,2026-07-26,2026-07-27,1
1148,Prospecting,1,2026-02-07,2026-03-04,25
1148,Discovery,2,2026-03-04,2026-04-10,37
1148,Closed Lost,7,2026-04-11,,0
1150,Prospecting,1,2025-11-12,2025-11-17,5
1150,Discovery,2,2025-11-17,2025-11-25,8
1150,Demo,3,2025-11-25,2025-12-01,6
1150,Closed Lost,7,2025-12-03,,0
1151,Prospecting,1,2026-04-29,2026-04-30,1
1151,Discovery,2,2026-04-30,2026-05-22,22
1151,Demo,3,2026-05-22,2026-05-30,8
1151,Proposal,4,2026-05-30,2026-06-16,17
1151,Negotiation,5,2026-06-16,2026-06-23,7
1151,Closed Lost,7,2026-06-24,,0
1152,Prospecting,1,2024-12-02,2024-12-03,1
1152,Discovery,2,2024-12-03,2024-12-07,4
1152,Demo,3,2024-12-07,2024-12-12,5
1152,Proposal,4,2024-12-12,2025-01-20,39
1152,Negotiation,5,2025-01-20,2025-03-08,47
1152,Closed Won,6,2025-03-10,,0
1153,Prospecting,1,2025-06-14,2025-07-12,28
1153,Discovery,2,2025-07-12,2025-08-09,28
1153,Demo,3,2025-08-09,2025-08-22,13
1153,Closed Lost,7,2025-08-23,,0
1154,Prospecting,1,2026-03-17,2026-04-11,25
1154,Discovery,2,2026-04-11,2026-04-18,7
1154,Closed Lost,7,2026-04-19,,0
1155,Prospecting,1,2024-07-25,2024-07-26,1
1155,Discovery,2,2024-07-26,2024-08-22,27
1155,Demo,3,2024-08-22,2024-08-30,8
1155,Closed Lost,7,2024-09-01,,0
1156,Prospecting,1,2026-02-18,2026-03-03,13
1156,Discovery,2,2026-03-03,2026-03-10,7
1156,Demo,3,2026-03-10,2026-09-04,178
1158,Prospecting,1,2024-09-15,2024-10-02,17
1158,Discovery,2,2024-10-02,2024-10-05,3
1158,Closed Lost,7,2024-10-06,,0
1159,Prospecting,1,2025-02-18,2025-03-03,13
1159,Discovery,2,2025-03-03,2025-03-04,1
1159,Demo,3,2025-03-04,2025-03-14,10
1159,Proposal,4,2025-03-14,2025-04-01,18
1159,Closed Lost,7,2025-04-02,,0
1160,Prospecting,1,2025-09-26,2025-10-12,16
1160,Discovery,2,2025-10-12,2025-11-09,28
1160,Demo,3,2025-11-09,2025-11-24,15
1160,Proposal,4,2025-11-24,2025-11-27,3
1160,Negotiation,5,2025-11-27,2025-12-06,9
1160,Closed Lost,7,2025-12-09,,0
1163,Prospecting,1,2026-03-26,2026-06-21,87
1163,Discovery,2,2026-06-21,2026-10-12,113
1165,Prospecting,1,2026-04-16,2026-07-08,83
1168,Prospecting,1,2025-02-03,2025-02-04,1
1168,Discovery,2,2025-02-04,2025-02-05,1
1168,Demo,3,2025-02-05,2025-03-01,24
1168,Proposal,4,2025-03-01,2025-03-02,1
1168,Negotiation,5,2025-03-02,2025-03-06,4
1168,Closed Won,6,2025-03-07,,0
1169,Prospecting,1,2026-02-09,2026-02-18,9
1169,Discovery,2,2026-02-18,2026-02-21,3
1169,Demo,3,2026-02-21,2026-03-12,19
1169,Proposal,4,2026-03-12,2026-03-25,13
1169,Closed Lost,7,2026-03-28,,0
1173,Prospecting,1,2025-05-26,2025-06-06,11
1173,Discovery,2,2025-06-06,2025-06-07,1
1173,Demo,3,2025-06-07,2025-07-12,35
1173,Closed Lost,7,2025-07-13,,0
1174,Prospecting,1,2025-11-28,2025-12-03,5
1174,Discovery,2,2025-12-03,2025-12-04,1
1174,Demo,3,2025-12-04,2025-12-13,9
1174,Closed Lost,7,2025-12-14,,0
1179,Prospecting,1,2025-10-30,2025-11-08,9
1179,Discovery,2,2025-11-08,2025-11-10,2
1179,Demo,3,2025-11-10,2025-11-13,3
1179,Proposal,4,2025-11-13,2026-03-29,136
1179,Negotiation,5,2026-03-29,2026-04-19,21
1179,Closed Won,6,2026-04-22,,0
1181,Prospecting,1,2026-06-24,2026-07-02,8
1181,Discovery,2,2026-07-02,2026-07-03,1
1181,Demo,3,2026-07-03,2026-07-06,3
1181,Proposal,4,2026-07-06,2026-07-18,12
1183,Prospecting,1,2025-07-14,2025-09-12,60
1183,Discovery,2,2025-09-12,2025-10-05,23
1183,Closed Lost,7,2025-10-06,,0
1184,Prospecting,1,2026-05-31,2026-06-09,9
1184,Discovery,2,2026-06-09,2026-06-30,21
1184,Demo,3,2026-06-30,2026-08-15,46
1185,Prospecting,1,2025-05-17,2025-05-26,9
1185,Discovery,2,2025-05-26,2025-05-28,2
1185,Demo,3,2025-05-28,2025-06-21,24
1185,Proposal,4,2025-06-21,2025-06-26,5
1185,Closed Lost,7,2025-06-28,,0
1186,Prospecting,1,2026-05-02,2026-05-07,5
1186,Discovery,2,2026-05-07,2026-05-21,14
1186,Demo,3,2026-05-21,2026-05-31,10
1186,Proposal,4,2026-05-31,2026-06-01,1
1186,Negotiation,5,2026-06-01,2026-06-13,12
1186,Closed Won,6,2026-06-14,,0
1190,Prospecting,1,2025-07-05,2025-07-06,1
1190,Discovery,2,2025-07-06,2025-07-17,11
1190,Closed Lost,7,2025-07-18,,0
1191,Prospecting,1,2025-10-20,2025-11-02,13
1191,Discovery,2,2025-11-02,2025-11-24,22
1191,Demo,3,2025-11-24,2025-11-30,6
1191,Closed Lost,7,2025-12-01,,0
1195,Prospecting,1,2025-10-05,2025-10-17,12
1195,Discovery,2,2025-10-17,2025-11-12,26
1195,Demo,3,2025-11-12,2025-11-22,10
1195,Proposal,4,2025-11-22,2025-12-01,9
1195,Negotiation,5,2025-12-01,2025-12-02,1
1195,Closed Won,6,2025-12-04,,0
1196,Prospecting,1,2025-01-08,2025-01-16,8
1196,Discovery,2,2025-01-16,2025-01-25,9
1196,Closed Lost,7,2025-01-26,,0
1197,Prospecting,1,2025-07-25,2025-08-02,8
1197,Discovery,2,2025-08-02,2025-09-11,40
1197,Demo,3,2025-09-11,2025-09-19,8
1197,Closed Lost,7,2025-09-21,,0
1198,Prospecting,1,2026-04-29,2026-05-02,3
1198,Discovery,2,2026-05-02,2026-05-03,1
1198,Demo,3,2026-05-03,2026-05-05,2
1198,Proposal,4,2026-05-05,2026-05-18,13
1198,Negotiation,5,2026-05-18,2026-05-25,7
1198,Closed Won,6,2026-05-27,,0
1199,Prospecting,1,2025-06-09,2025-06-17,8
1199,Discovery,2,2025-06-17,2025-07-08,21
1199,Demo,3,2025-07-08,2025-07-10,2
1199,Proposal,4,2025-07-10,2025-07-12,2
1199,Negotiation,5,2025-07-12,2025-07-21,9
1199,Closed Lost,7,2025-07-23,,0
1200,Prospecting,1,2025-12-14,2025-12-21,7
1200,Discovery,2,2025-12-21,2025-12-22,1
1200,Demo,3,2025-12-22,2025-12-25,3
1200,Proposal,4,2025-12-25,2026-01-13,19
1200,Closed Lost,7,2026-01-14,,0
1201,Prospecting,1,2026-05-15,2026-05-25,10
1201,Discovery,2,2026-05-25,2026-06-01,7
1201,Demo,3,2026-06-01,2026-07-02,31
1201,Proposal,4,2026-07-02,2026-07-05,3
1202,Prospecting,1,2024-09-07,2024-09-08,1
1202,Discovery,2,2024-09-08,2024-09-12,4
1202,Demo,3,2024-09-12,2024-09-16,4
1202,Proposal,4,2024-09-16,2024-09-20,4
1202,Negotiation,5,2024-09-20,2024-09-26,6
1202,Closed Lost,7,2024-09-26,,0
1203,Prospecting,1,2025-08-31,2025-10-08,38
1203,Discovery,2,2025-10-08,2025-11-29,52
1203,Closed Lost,7,2025-11-30,,0
1204,Prospecting,1,2026-04-05,2026-04-20,15
1204,Discovery,2,2026-04-20,2026-04-21,1
1204,Demo,3,2026-04-21,2026-04-28,7
1204,Proposal,4,2026-04-28,2026-05-08,10
1204,Closed Lost,7,2026-05-10,,0
1206,Prospecting,1,2025-02-08,2025-02-16,8
1206,Discovery,2,2025-02-16,2025-03-17,29
1206,Demo,3,2025-03-17,2025-03-26,9
1206,Proposal,4,2025-03-26,2025-04-13,18
1206,Negotiation,5,2025-04-13,2025-06-09,57
1206,Closed Lost,7,2025-06-11,,0
1210,Prospecting,1,2025-12-04,2025-12-05,1
1210,Discovery,2,2025-12-05,2026-03-19,104
1210,Closed Lost,7,2026-03-19,,0
1211,Prospecting,1,2026-05-06,2026-05-07,1
1211,Discovery,2,2026-05-07,2026-05-10,3
1211,Demo,3,2026-05-10,2026-05-11,1
1211,Proposal,4,2026-05-11,2026-05-14,3
1211,Negotiation,5,2026-05-14,2026-06-03,20
1211,Closed Lost,7,2026-06-06,,0
1212,Prospecting,1,2026-01-05,2026-01-15,10
1212,Discovery,2,2026-01-15,2026-01-17,2
1212,Demo,3,2026-01-17,2026-01-26,9
1212,Proposal,4,2026-01-26,2026-02-02,7
1212,Negotiation,5,2026-02-02,2026-02-23,21
1212,Closed Lost,7,2026-02-25,,0
1215,Prospecting,1,2026-03-31,2026-04-02,2
1215,Discovery,2,2026-04-02,2026-04-28,26
1215,Demo,3,2026-04-28,2026-04-29,1
1215,Proposal,4,2026-04-29,2026-05-07,8
1215,Closed Lost,7,2026-05-10,,0
1217,Prospecting,1,2025-03-09,2025-04-13,35
1217,Discovery,2,2025-04-13,2025-04-14,1
1217,Demo,3,2025-04-14,2025-05-07,23
1217,Proposal,4,2025-05-07,2025-05-08,1
1217,Negotiation,5,2025-05-08,2025-06-12,35
1217,Closed Lost,7,2025-06-13,,0
1218,Prospecting,1,2025-10-29,2025-11-13,15
1218,Discovery,2,2025-11-13,2025-11-30,17
1218,Demo,3,2025-11-30,2025-12-23,23
1218,Proposal,4,2025-12-23,2026-01-04,12
1218,Negotiation,5,2026-01-04,2026-01-07,3
1218,Closed Won,6,2026-01-09,,0
1220,Prospecting,1,2026-01-17,2026-01-27,10
1220,Discovery,2,2026-01-27,2026-01-29,2
1220,Demo,3,2026-01-29,2026-06-21,143
1220,Proposal,4,2026-06-21,2026-07-28,37
1222,Prospecting,1,2025-08-30,2025-09-03,4
1222,Discovery,2,2025-09-03,2025-09-04,1
1222,Demo,3,2025-09-04,2025-09-12,8
1222,Closed Lost,7,2025-09-13,,0
1223,Prospecting,1,2026-04-08,2026-04-09,1
1223,Discovery,2,2026-04-09,2026-04-19,10
1223,Demo,3,2026-04-19,2026-04-26,7
1223,Proposal,4,2026-04-26,2026-05-03,7
1223,Negotiation,5,2026-05-03,2026-05-04,1
1223,Closed Won,6,2026-05-04,,0
1226,Prospecting,1,2026-02-27,2026-03-19,20
1226,Discovery,2,2026-03-19,2026-03-26,7
1226,Demo,3,2026-03-26,2026-04-03,8
1226,Proposal,4,2026-04-03,2026-04-13,10
1226,Negotiation,5,2026-04-13,2026-04-18,5
1226,Closed Lost,7,2026-04-19,,0
1229,Prospecting,1,2025-11-24,2025-11-28,4
1229,Discovery,2,2025-11-28,2025-12-05,7
1229,Demo,3,2025-12-05,2025-12-14,9
1229,Proposal,4,2025-12-14,2025-12-15,1
1229,Negotiation,5,2025-12-15,2025-12-18,3
1229,Closed Won,6,2025-12-21,,0
1232,Prospecting,1,2025-12-01,2025-12-08,7
1232,Discovery,2,2025-12-08,2026-01-14,37
1232,Demo,3,2026-01-14,2026-01-19,5
1232,Proposal,4,2026-01-19,2026-02-01,13
1232,Negotiation,5,2026-02-01,2026-02-12,11
1232,Closed Won,6,2026-02-14,,0
1235,Prospecting,1,2024-12-15,2025-01-06,22
1235,Discovery,2,2025-01-06,2025-01-11,5
1235,Demo,3,2025-01-11,2025-01-22,11
1235,Proposal,4,2025-01-22,2025-01-24,2
1235,Closed Lost,7,2025-01-26,,0
1236,Prospecting,1,2026-01-05,2026-01-06,1
1236,Discovery,2,2026-01-06,2026-01-13,7
1236,Demo,3,2026-01-13,2026-02-11,29
1236,Closed Lost,7,2026-02-12,,0
1237,Prospecting,1,2026-03-30,2026-04-08,9
1237,Discovery,2,2026-04-08,2026-04-19,11
1237,Demo,3,2026-04-19,2026-04-23,4
1237,Proposal,4,2026-04-23,2026-04-25,2
1237,Negotiation,5,2026-04-25,2026-04-28,3
1237,Closed Lost,7,2026-05-02,,0
1238,Prospecting,1,2025-07-11,2025-07-16,5
1238,Discovery,2,2025-07-16,2025-07-17,1
1238,Demo,3,2025-07-17,2025-07-18,1
1238,Proposal,4,2025-07-18,2025-08-05,18
1238,Negotiation,5,2025-08-05,2025-08-12,7
1238,Closed Won,6,2025-08-13,,0
1239,Prospecting,1,2025-09-11,2025-10-07,26
1239,Discovery,2,2025-10-07,2025-10-12,5
1239,Demo,3,2025-10-12,2025-10-21,9
1239,Proposal,4,2025-10-21,2025-10-25,4
1239,Negotiation,5,2025-10-25,2025-11-08,14
1239,Closed Lost,7,2025-11-10,,0
1240,Prospecting,1,2025-07-14,2025-07-15,1
1240,Discovery,2,2025-07-15,2025-07-22,7
1240,Demo,3,2025-07-22,2025-08-03,12
1240,Proposal,4,2025-08-03,2025-08-09,6
1240,Closed Lost,7,2025-08-10,,0
1241,Prospecting,1,2026-02-15,2026-02-18,3
1241,Discovery,2,2026-02-18,2026-02-21,3
1241,Demo,3,2026-02-21,2026-03-06,13
1241,Proposal,4,2026-03-06,2026-03-12,6
1241,Negotiation,5,2026-03-12,2026-03-15,3
1241,Closed Won,6,2026-03-16,,0
1243,Prospecting,1,2025-07-31,2025-08-22,22
1243,Discovery,2,2025-08-22,2025-08-23,1
1243,Closed Lost,7,2025-08-24,,0
1244,Prospecting,1,2025-08-21,2025-09-02,12
1244,Discovery,2,2025-09-02,2025-09-12,10
1244,Demo,3,2025-09-12,2025-10-23,41
1244,Proposal,4,2025-10-23,2025-12-12,50
1244,Closed Lost,7,2025-12-14,,0
1246,Prospecting,1,2026-02-01,2026-03-03,30
1246,Discovery,2,2026-03-03,2026-03-20,17
1246,Demo,3,2026-03-20,2026-03-25,5
1246,Proposal,4,2026-03-25,2026-04-21,27
1246,Closed Lost,7,2026-04-23,,0
1247,Prospecting,1,2025-05-30,2025-06-04,5
1247,Discovery,2,2025-06-04,2025-06-09,5
1247,Demo,3,2025-06-09,2025-06-24,15
1247,Proposal,4,2025-06-24,2025-06-28,4
1247,Negotiation,5,2025-06-28,2025-07-08,10
1247,Closed Won,6,2025-07-10,,0
1248,Prospecting,1,2026-04-10,2026-04-16,6
1248,Discovery,2,2026-04-16,2026-04-22,6
1248,Demo,3,2026-04-22,2026-05-04,12
1248,Proposal,4,2026-05-04,2026-05-05,1
1248,Negotiation,5,2026-05-05,2026-05-07,2
1248,Closed Won,6,2026-05-10,,0
1250,Prospecting,1,2025-07-11,2025-07-12,1
1250,Discovery,2,2025-07-12,2025-07-13,1
1250,Demo,3,2025-07-13,2025-07-14,1
1250,Proposal,4,2025-07-14,2025-07-17,3
1250,Negotiation,5,2025-07-17,2025-07-18,1
1250,Closed Lost,7,2025-07-18,,0
1251,Prospecting,1,2026-06-28,2026-07-21,23
1251,Discovery,2,2026-07-21,2026-08-04,14
1252,Prospecting,1,2026-04-15,2026-04-19,4
1252,Discovery,2,2026-04-19,2026-05-10,21
1252,Demo,3,2026-05-10,2026-05-15,5
1252,Proposal,4,2026-05-15,2026-05-30,15
1252,Negotiation,5,2026-05-30,2026-06-16,17
1252,Closed Lost,7,2026-06-18,,0
1255,Prospecting,1,2025-07-27,2025-07-28,1
1255,Discovery,2,2025-07-28,2025-10-01,65
1255,Demo,3,2025-10-01,2025-10-10,9
1255,Proposal,4,2025-10-10,2025-11-01,22
1255,Closed Lost,7,2025-11-02,,0
1256,Prospecting,1,2026-01-25,2026-02-15,21
1256,Discovery,2,2026-02-15,2026-02-16,1
1256,Demo,3,2026-02-16,2026-03-18,30
1256,Proposal,4,2026-03-18,2026-05-18,61
1256,Closed Lost,7,2026-05-18,,0
1257,Prospecting,1,2025-03-29,2025-03-30,1
1257,Discovery,2,2025-03-30,2025-03-31,1
1257,Demo,3,2025-03-31,2025-04-09,9
1257,Proposal,4,2025-04-09,2025-04-10,1
1257,Negotiation,5,2025-04-10,2025-05-19,39
1257,Closed Lost,7,2025-05-21,,0
1258,Prospecting,1,2026-03-24,2026-04-07,14
1258,Discovery,2,2026-04-07,2026-08-11,126
1258,Demo,3,2026-08-11,2026-09-05,25
1258,Proposal,4,2026-09-05,2026-11-05,61
1259,Prospecting,1,2026-04-28,2026-05-24,26
1259,Discovery,2,2026-05-24,2026-05-25,1
1259,Demo,3,2026-05-25,2026-06-09,15
1259,Proposal,4,2026-06-09,2026-06-14,5
1259,Negotiation,5,2026-06-14,2026-06-18,4
1259,Closed Won,6,2026-06-19,,0
1260,Prospecting,1,2026-06-24,2026-07-31,37
1266,Prospecting,1,2024-12-27,2025-01-09,13
1266,Discovery,2,2025-01-09,2025-01-11,2
1266,Demo,3,2025-01-11,2025-02-26,46
1266,Proposal,4,2025-02-26,2025-03-24,26
1266,Closed Lost,7,2025-03-26,,0
1267,Prospecting,1,2026-02-09,2026-03-04,23
1267,Discovery,2,2026-03-04,2026-03-19,15
1267,Demo,3,2026-03-19,2026-04-02,14
1267,Closed Lost,7,2026-04-04,,0
1268,Prospecting,1,2026-05-06,2026-05-07,1
1268,Discovery,2,2026-05-07,2026-06-30,54
1268,Demo,3,2026-06-30,2026-07-09,9
1268,Proposal,4,2026-07-09,2026-07-20,11
1269,Prospecting,1,2025-05-08,2025-05-09,1
1269,Discovery,2,2025-05-09,2025-06-05,27
1269,Closed Lost,7,2025-06-05,,0
1270,Prospecting,1,2025-12-27,2026-01-04,8
1270,Discovery,2,2026-01-04,2026-01-17,13
1270,Demo,3,2026-01-17,2026-01-18,1
1270,Proposal,4,2026-01-18,2026-01-27,9
1270,Closed Lost,7,2026-01-29,,0
1274,Prospecting,1,2026-06-07,2026-06-08,1
1274,Discovery,2,2026-06-08,2026-06-09,1
1274,Demo,3,2026-06-09,2026-07-16,37
1277,Prospecting,1,2025-05-22,2025-06-06,15
1277,Discovery,2,2025-06-06,2025-07-07,31
1277,Demo,3,2025-07-07,2025-07-28,21
1277,Proposal,4,2025-07-28,2025-08-05,8
1277,Negotiation,5,2025-08-05,2025-08-07,2
1277,Closed Lost,7,2025-08-10,,0
1278,Prospecting,1,2025-06-06,2025-06-09,3
1278,Discovery,2,2025-06-09,2025-07-06,27
1278,Demo,3,2025-07-06,2025-10-09,95
1278,Closed Lost,7,2025-10-10,,0
1279,Prospecting,1,2025-12-29,2025-12-30,1
1279,Discovery,2,2025-12-30,2026-01-08,9
1279,Demo,3,2026-01-08,2026-01-20,12
1279,Proposal,4,2026-01-20,2026-01-25,5
1279,Negotiation,5,2026-01-25,2026-03-10,44
1279,Closed Lost,7,2026-03-11,,0
1281,Prospecting,1,2026-05-07,2026-06-02,26
1281,Discovery,2,2026-06-02,2026-06-20,18
1281,Closed Lost,7,2026-06-21,,0
1282,Prospecting,1,2026-06-05,2026-07-18,43
1285,Prospecting,1,2026-02-05,2026-03-18,41
1285,Discovery,2,2026-03-18,2026-03-21,3
1285,Closed Lost,7,2026-03-22,,0
1286,Prospecting,1,2025-08-06,2025-08-09,3
1286,Discovery,2,2025-08-09,2025-08-15,6
1286,Demo,3,2025-08-15,2025-08-16,1
1286,Proposal,4,2025-08-16,2025-08-17,1
1286,Closed Lost,7,2025-08-16,,0
1291,Prospecting,1,2026-03-11,2026-03-23,12
1291,Discovery,2,2026-03-23,2026-03-24,1
1291,Demo,3,2026-03-24,2026-03-25,1
1291,Proposal,4,2026-03-25,2026-04-02,8
1291,Negotiation,5,2026-04-02,2026-04-04,2
1291,Closed Lost,7,2026-04-05,,0
1296,Prospecting,1,2026-05-24,2026-06-12,19
1296,Discovery,2,2026-06-12,2026-06-21,9
1296,Demo,3,2026-06-21,2026-06-29,8
1296,Closed Lost,7,2026-06-30,,0
1300,Prospecting,1,2025-12-13,2025-12-24,11
1300,Discovery,2,2025-12-24,2026-01-08,15
1300,Closed Lost,7,2026-01-09,,0
1301,Prospecting,1,2026-06-22,2026-06-29,7
1301,Discovery,2,2026-06-29,2026-07-16,17
1301,Demo,3,2026-07-16,2026-07-17,1
1302,Prospecting,1,2025-09-01,2025-10-05,34
1302,Discovery,2,2025-10-05,2025-10-12,7
1302,Demo,3,2025-10-12,2025-10-14,2
1302,Proposal,4,2025-10-14,2025-10-15,1
1302,Negotiation,5,2025-10-15,2025-11-23,39
1302,Closed Lost,7,2025-11-26,,0
1303,Prospecting,1,2026-06-30,2026-07-02,2
1303,Discovery,2,2026-07-02,2026-07-16,14
1303,Demo,3,2026-07-16,2026-07-17,1
1303,Proposal,4,2026-07-17,2026-08-08,22
1303,Negotiation,5,2026-08-08,2026-08-13,5
1308,Prospecting,1,2025-03-12,2025-03-20,8
1308,Discovery,2,2025-03-20,2025-05-16,57
1308,Demo,3,2025-05-16,2025-05-25,9
1308,Proposal,4,2025-05-25,2025-07-09,45
1308,Closed Lost,7,2025-07-11,,0
1309,Prospecting,1,2025-12-14,2025-12-18,4
1309,Discovery,2,2025-12-18,2026-02-08,52
1309,Demo,3,2026-02-08,2026-04-24,75
1309,Proposal,4,2026-04-24,2026-04-27,3
1309,Closed Lost,7,2026-04-29,,0
1310,Prospecting,1,2025-02-01,2025-02-03,2
1310,Discovery,2,2025-02-03,2025-02-11,8
1310,Demo,3,2025-02-11,2025-02-12,1
1310,Closed Lost,7,2025-02-14,,0
1314,Prospecting,1,2024-09-07,2024-09-20,13
1314,Discovery,2,2024-09-20,2024-09-21,1
1314,Demo,3,2024-09-21,2024-10-06,15
1314,Closed Lost,7,2024-10-08,,0
1315,Prospecting,1,2025-07-03,2025-07-04,1
1315,Discovery,2,2025-07-04,2025-07-05,1
1315,Demo,3,2025-07-05,2025-07-23,18
1315,Proposal,4,2025-07-23,2025-07-24,1
1315,Closed Lost,7,2025-07-24,,0
1316,Prospecting,1,2026-01-20,2026-02-04,15
1316,Discovery,2,2026-02-04,2026-02-09,5
1316,Demo,3,2026-02-09,2026-02-10,1
1316,Proposal,4,2026-02-10,2026-02-13,3
1316,Negotiation,5,2026-02-13,2026-02-17,4
1316,Closed Won,6,2026-02-18,,0
1317,Prospecting,1,2026-06-14,2026-07-01,17
1317,Discovery,2,2026-07-01,2026-07-08,7
1319,Prospecting,1,2025-04-22,2025-05-04,12
1319,Discovery,2,2025-05-04,2025-06-12,39
1319,Demo,3,2025-06-12,2025-06-23,11
1319,Closed Lost,7,2025-06-24,,0
1320,Prospecting,1,2025-12-24,2025-12-27,3
1320,Discovery,2,2025-12-27,2025-12-31,4
1320,Demo,3,2025-12-31,2026-01-19,19
1320,Proposal,4,2026-01-19,2026-01-24,5
1320,Closed Lost,7,2026-01-26,,0
1324,Prospecting,1,2025-01-24,2025-02-15,22
1324,Discovery,2,2025-02-15,2025-02-21,6
1324,Demo,3,2025-02-21,2025-02-25,4
1324,Closed Lost,7,2025-02-27,,0
1325,Prospecting,1,2025-09-03,2025-09-09,6
1325,Discovery,2,2025-09-09,2025-09-14,5
1325,Demo,3,2025-09-14,2025-09-27,13
1325,Proposal,4,2025-09-27,2025-10-05,8
1325,Closed Lost,7,2025-10-07,,0
1328,Prospecting,1,2025-05-29,2025-08-07,70
1328,Discovery,2,2025-08-07,2025-08-21,14
1328,Demo,3,2025-08-21,2025-09-04,14
1328,Closed Lost,7,2025-09-06,,0
1329,Prospecting,1,2026-03-24,2026-07-31,129
1330,Prospecting,1,2024-12-21,2025-01-24,34
1330,Discovery,2,2025-01-24,2025-02-09,16
1330,Demo,3,2025-02-09,2025-03-24,43
1330,Closed Lost,7,2025-03-25,,0
1331,Prospecting,1,2025-11-05,2025-11-28,23
1331,Discovery,2,2025-11-28,2025-12-01,3
1331,Demo,3,2025-12-01,2025-12-06,5
1331,Proposal,4,2025-12-06,2025-12-13,7
1331,Negotiation,5,2025-12-13,2026-01-01,19
1331,Closed Lost,7,2026-01-04,,0
1334,Prospecting,1,2025-11-02,2025-11-04,2
1334,Discovery,2,2025-11-04,2025-12-08,34
1334,Demo,3,2025-12-08,2025-12-20,12
1334,Closed Lost,7,2025-12-22,,0
1336,Prospecting,1,2025-12-28,2026-01-12,15
1336,Discovery,2,2026-01-12,2026-01-16,4
1336,Demo,3,2026-01-16,2026-02-05,20
1336,Proposal,4,2026-02-05,2026-02-16,11
1336,Closed Lost,7,2026-02-18,,0
1340,Prospecting,1,2025-09-03,2025-09-04,1
1340,Discovery,2,2025-09-04,2025-09-14,10
1340,Demo,3,2025-09-14,2025-10-02,18
1340,Proposal,4,2025-10-02,2025-10-06,4
1340,Closed Lost,7,2025-10-07,,0
1341,Prospecting,1,2025-01-17,2025-01-22,5
1341,Discovery,2,2025-01-22,2025-01-23,1
1341,Demo,3,2025-01-23,2025-02-01,9
1341,Proposal,4,2025-02-01,2025-02-03,2
1341,Negotiation,5,2025-02-03,2025-02-12,9
1341,Closed Lost,7,2025-02-15,,0
1342,Prospecting,1,2025-12-15,2025-12-20,5
1342,Discovery,2,2025-12-20,2025-12-23,3
1342,Demo,3,2025-12-23,2026-01-01,9
1342,Proposal,4,2026-01-01,2026-01-04,3
1342,Negotiation,5,2026-01-04,2026-01-15,11
1342,Closed Lost,7,2026-01-17,,0
1343,Prospecting,1,2026-04-08,2026-04-11,3
1343,Discovery,2,2026-04-11,2026-04-29,18
1343,Demo,3,2026-04-29,2026-05-10,11
1343,Closed Lost,7,2026-05-12,,0
1344,Prospecting,1,2025-10-15,2025-12-30,76
1344,Discovery,2,2025-12-30,2026-01-28,29
1344,Demo,3,2026-01-28,2026-03-26,57
1344,Closed Lost,7,2026-03-28,,0
1345,Prospecting,1,2025-03-31,2025-04-09,9
1345,Discovery,2,2025-04-09,2025-04-11,2
1345,Demo,3,2025-04-11,2025-04-13,2
1345,Proposal,4,2025-04-13,2025-04-23,10
1345,Negotiation,5,2025-04-23,2025-04-24,1
1345,Closed Lost,7,2025-04-25,,0
1346,Prospecting,1,2026-01-03,2026-01-04,1
1346,Discovery,2,2026-01-04,2026-01-11,7
1346,Demo,3,2026-01-11,2026-01-20,9
1346,Proposal,4,2026-01-20,2026-02-19,30
1346,Negotiation,5,2026-02-19,2026-02-26,7
1346,Closed Won,6,2026-02-27,,0
1351,Prospecting,1,2026-03-09,2026-03-12,3
1351,Discovery,2,2026-03-12,2026-03-13,1
1351,Demo,3,2026-03-13,2026-03-17,4
1351,Proposal,4,2026-03-17,2026-03-22,5
1351,Negotiation,5,2026-03-22,2026-04-05,14
1351,Closed Won,6,2026-04-05,,0
1354,Prospecting,1,2024-11-06,2024-11-07,1
1354,Discovery,2,2024-11-07,2024-11-10,3
1354,Demo,3,2024-11-10,2024-11-27,17
1354,Proposal,4,2024-11-27,2024-11-29,2
1354,Negotiation,5,2024-11-29,2024-12-06,7
1354,Closed Won,6,2024-12-08,,0
1355,Prospecting,1,2025-07-27,2025-08-01,5
1355,Discovery,2,2025-08-01,2025-08-14,13
1355,Demo,3,2025-08-14,2025-08-21,7
1355,Proposal,4,2025-08-21,2025-08-22,1
1355,Negotiation,5,2025-08-22,2025-08-24,2
1355,Closed Won,6,2025-08-26,,0
1356,Prospecting,1,2025-09-28,2026-01-10,104
1356,Discovery,2,2026-01-10,2026-01-15,5
1356,Closed Lost,7,2026-01-16,,0
1358,Prospecting,1,2026-06-18,2026-06-25,7
1358,Discovery,2,2026-06-25,2026-06-26,1
1358,Demo,3,2026-06-26,2026-06-27,1
1358,Proposal,4,2026-06-27,2026-06-28,1
1358,Negotiation,5,2026-06-28,2026-07-19,21
1359,Prospecting,1,2025-01-18,2025-03-22,63
1359,Discovery,2,2025-03-22,2025-04-27,36
1359,Demo,3,2025-04-27,2025-05-22,25
1359,Proposal,4,2025-05-22,2025-06-25,34
1359,Closed Lost,7,2025-06-28,,0
1360,Prospecting,1,2025-09-11,2025-09-12,1
1360,Discovery,2,2025-09-12,2026-02-07,148
1360,Demo,3,2026-02-07,2026-02-08,1
1360,Proposal,4,2026-02-08,2026-02-09,1
1360,Negotiation,5,2026-02-09,2026-03-17,36
1360,Closed Won,6,2026-03-18,,0
1362,Prospecting,1,2026-02-22,2026-03-13,19
1362,Discovery,2,2026-03-13,2026-03-28,15
1362,Demo,3,2026-03-28,2026-04-02,5
1362,Proposal,4,2026-04-02,2026-04-04,2
1362,Negotiation,5,2026-04-04,2026-05-03,29
1362,Closed Won,6,2026-05-05,,0
1363,Prospecting,1,2025-10-18,2025-11-12,25
1363,Discovery,2,2025-11-12,2025-11-19,7
1363,Demo,3,2025-11-19,2025-11-23,4
1363,Proposal,4,2025-11-23,2025-11-30,7
1363,Negotiation,5,2025-11-30,2025-12-30,30
1363,Closed Won,6,2026-01-01,,0
1364,Prospecting,1,2026-03-13,2026-04-11,29
1364,Discovery,2,2026-04-11,2026-07-09,89
1364,Demo,3,2026-07-09,2026-07-26,17
1364,Proposal,4,2026-07-26,2026-08-09,14
1366,Prospecting,1,2025-12-10,2025-12-22,12
1366,Discovery,2,2025-12-22,2026-01-10,19
1366,Closed Lost,7,2026-01-11,,0
1367,Prospecting,1,2026-06-29,2026-07-01,2
1367,Discovery,2,2026-07-01,2026-07-02,1
1367,Demo,3,2026-07-02,2026-07-30,28
1368,Prospecting,1,2025-02-11,2025-02-19,8
1368,Discovery,2,2025-02-19,2025-03-01,10
1368,Demo,3,2025-03-01,2025-03-06,5
1368,Proposal,4,2025-03-06,2025-03-07,1
1368,Negotiation,5,2025-03-07,2025-03-18,11
1368,Closed Won,6,2025-03-19,,0
1369,Prospecting,1,2026-01-13,2026-02-02,20
1369,Discovery,2,2026-02-02,2026-02-04,2
1369,Demo,3,2026-02-04,2026-02-14,10
1369,Proposal,4,2026-02-14,2026-02-16,2
1369,Negotiation,5,2026-02-16,2026-02-17,1
1369,Closed Won,6,2026-02-18,,0
1370,Prospecting,1,2024-10-04,2024-10-05,1
1370,Discovery,2,2024-10-05,2024-10-13,8
1370,Demo,3,2024-10-13,2024-11-02,20
1370,Closed Lost,7,2024-11-03,,0
1371,Prospecting,1,2025-09-18,2025-10-04,16
1371,Discovery,2,2025-10-04,2025-10-06,2
1371,Demo,3,2025-10-06,2025-10-07,1
1371,Proposal,4,2025-10-07,2025-10-13,6
1371,Negotiation,5,2025-10-13,2025-10-15,2
1371,Closed Lost,7,2025-10-17,,0
1372,Prospecting,1,2025-10-05,2025-10-08,3
1372,Discovery,2,2025-10-08,2025-10-11,3
1372,Demo,3,2025-10-11,2025-10-24,13
1372,Proposal,4,2025-10-24,2025-10-29,5
1372,Closed Lost,7,2025-10-31,,0
1374,Prospecting,1,2026-05-21,2026-05-22,1
1374,Discovery,2,2026-05-22,2026-07-31,70
1375,Prospecting,1,2025-01-21,2025-02-07,17
1375,Discovery,2,2025-02-07,2025-02-08,1
1375,Demo,3,2025-02-08,2025-02-24,16
1375,Proposal,4,2025-02-24,2025-02-27,3
1375,Negotiation,5,2025-02-27,2025-03-02,3
1375,Closed Lost,7,2025-03-04,,0
1376,Prospecting,1,2025-10-04,2025-10-08,4
1376,Discovery,2,2025-10-08,2025-11-09,32
1376,Closed Lost,7,2025-11-10,,0
1379,Prospecting,1,2025-04-03,2025-06-02,60
1379,Discovery,2,2025-06-02,2025-07-26,54
1379,Demo,3,2025-07-26,2025-07-27,1
1379,Proposal,4,2025-07-27,2025-07-28,1
1379,Closed Lost,7,2025-07-29,,0
1380,Prospecting,1,2024-08-16,2024-08-24,8
1380,Discovery,2,2024-08-24,2024-08-29,5
1380,Demo,3,2024-08-29,2024-08-30,1
1380,Proposal,4,2024-08-30,2024-09-21,22
1380,Negotiation,5,2024-09-21,2024-09-22,1
1380,Closed Won,6,2024-09-22,,0
1381,Prospecting,1,2025-07-17,2025-08-01,15
1381,Discovery,2,2025-08-01,2025-08-28,27
1381,Demo,3,2025-08-28,2025-09-07,10
1381,Closed Lost,7,2025-09-08,,0
1382,Prospecting,1,2026-01-23,2026-02-01,9
1382,Discovery,2,2026-02-01,2026-02-10,9
1382,Demo,3,2026-02-10,2026-02-25,15
1382,Proposal,4,2026-02-25,2026-03-05,8
1382,Negotiation,5,2026-03-05,2026-03-17,12
1382,Closed Won,6,2026-03-19,,0
1384,Prospecting,1,2026-05-04,2026-06-02,29
1384,Discovery,2,2026-06-02,2026-09-02,92
1384,Demo,3,2026-09-02,2026-09-05,3
1386,Prospecting,1,2026-05-08,2026-05-11,3
1386,Discovery,2,2026-05-11,2026-05-25,14
1386,Demo,3,2026-05-25,2026-05-26,1
1386,Proposal,4,2026-05-26,2026-06-09,14
1386,Closed Lost,7,2026-06-09,,0
1389,Prospecting,1,2025-12-31,2026-02-09,40
1389,Discovery,2,2026-02-09,2026-03-01,20
1389,Demo,3,2026-03-01,2026-03-09,8
1389,Closed Lost,7,2026-03-10,,0
1390,Prospecting,1,2025-09-12,2025-09-23,11
1390,Discovery,2,2025-09-23,2025-09-28,5
1390,Demo,3,2025-09-28,2025-10-06,8
1390,Proposal,4,2025-10-06,2025-10-15,9
1390,Negotiation,5,2025-10-15,2025-11-05,21
1390,Closed Won,6,2025-11-08,,0
1391,Prospecting,1,2026-05-09,2026-06-06,28
1391,Discovery,2,2026-06-06,2026-06-23,17
1391,Closed Lost,7,2026-06-24,,0
1392,Prospecting,1,2026-05-13,2026-07-01,49
1392,Discovery,2,2026-07-01,2026-08-16,46
1392,Demo,3,2026-08-16,2026-08-25,9
1395,Prospecting,1,2026-03-30,2026-03-31,1
1395,Discovery,2,2026-03-31,2026-04-01,1
1395,Demo,3,2026-04-01,2026-04-13,12
1395,Proposal,4,2026-04-13,2026-04-15,2
1395,Negotiation,5,2026-04-15,2026-04-20,5
1395,Closed Won,6,2026-04-23,,0
1396,Prospecting,1,2025-11-25,2025-11-26,1
1396,Discovery,2,2025-11-26,2025-12-21,25
1396,Closed Lost,7,2025-12-22,,0
1397,Prospecting,1,2025-03-15,2025-05-27,73
1397,Discovery,2,2025-05-27,2025-06-30,34
1397,Demo,3,2025-06-30,2025-08-09,40
1397,Closed Lost,7,2025-08-11,,0
1398,Prospecting,1,2025-06-24,2025-06-25,1
1398,Discovery,2,2025-06-25,2025-07-06,11
1398,Demo,3,2025-07-06,2025-07-14,8
1398,Closed Lost,7,2025-07-14,,0
1399,Prospecting,1,2026-01-17,2026-01-18,1
1399,Discovery,2,2026-01-18,2026-01-28,10
1399,Demo,3,2026-01-28,2026-02-05,8
1399,Proposal,4,2026-02-05,2026-02-11,6
1399,Closed Lost,7,2026-02-12,,0
1402,Prospecting,1,2026-03-20,2026-03-31,11
1402,Discovery,2,2026-03-31,2026-04-15,15
1402,Demo,3,2026-04-15,2026-04-30,15
1402,Proposal,4,2026-04-30,2026-05-08,8
1402,Negotiation,5,2026-05-08,2026-05-10,2
1402,Closed Lost,7,2026-05-13,,0
1403,Prospecting,1,2024-11-26,2024-11-27,1
1403,Discovery,2,2024-11-27,2025-01-01,35
1403,Demo,3,2025-01-01,2025-01-12,11
1403,Closed Lost,7,2025-01-14,,0
1404,Prospecting,1,2025-09-02,2025-09-03,1
1404,Discovery,2,2025-09-03,2025-09-04,1
1404,Demo,3,2025-09-04,2025-09-18,14
1404,Proposal,4,2025-09-18,2025-09-22,4
1404,Negotiation,5,2025-09-22,2025-10-02,10
1404,Closed Lost,7,2025-10-03,,0
1405,Prospecting,1,2026-06-26,2026-09-24,90
1406,Prospecting,1,2025-12-21,2026-01-09,19
1406,Discovery,2,2026-01-09,2026-01-29,20
1406,Closed Lost,7,2026-01-30,,0
1407,Prospecting,1,2026-02-25,2026-03-01,4
1407,Discovery,2,2026-03-01,2026-03-10,9
1407,Demo,3,2026-03-10,2026-03-14,4
1407,Proposal,4,2026-03-14,2026-03-18,4
1407,Negotiation,5,2026-03-18,2026-03-24,6
1407,Closed Lost,7,2026-03-27,,0
1411,Prospecting,1,2026-01-30,2026-02-02,3
1411,Discovery,2,2026-02-02,2026-03-01,27
1411,Demo,3,2026-03-01,2026-03-02,1
1411,Proposal,4,2026-03-02,2026-03-03,1
1411,Negotiation,5,2026-03-03,2026-03-15,12
1411,Closed Lost,7,2026-03-17,,0
1413,Prospecting,1,2025-08-22,2025-11-06,76
1413,Discovery,2,2025-11-06,2025-12-10,34
1413,Demo,3,2025-12-10,2025-12-19,9
1413,Closed Lost,7,2025-12-21,,0
1414,Prospecting,1,2026-04-07,2026-06-10,64
1414,Discovery,2,2026-06-10,2026-06-22,12
1414,Closed Lost,7,2026-06-23,,0
1416,Prospecting,1,2025-08-18,2025-08-21,3
1416,Discovery,2,2025-08-21,2025-08-26,5
1416,Demo,3,2025-08-26,2025-08-27,1
1416,Proposal,4,2025-08-27,2025-09-03,7
1416,Negotiation,5,2025-09-03,2025-09-17,14
1416,Closed Lost,7,2025-09-20,,0
1417,Prospecting,1,2026-04-06,2026-04-14,8
1417,Discovery,2,2026-04-14,2026-04-24,10
1417,Demo,3,2026-04-24,2026-04-26,2
1417,Proposal,4,2026-04-26,2026-04-27,1
1417,Negotiation,5,2026-04-27,2026-05-04,7
1417,Closed Lost,7,2026-05-06,,0
1419,Prospecting,1,2026-04-26,2026-05-12,16
1419,Discovery,2,2026-05-12,2026-08-23,103
1421,Prospecting,1,2025-05-23,2025-06-05,13
1421,Discovery,2,2025-06-05,2025-06-06,1
1421,Demo,3,2025-06-06,2025-06-09,3
1421,Proposal,4,2025-06-09,2025-06-16,7
1421,Negotiation,5,2025-06-16,2025-06-17,1
1421,Closed Won,6,2025-06-18,,0
1422,Prospecting,1,2026-04-21,2026-04-22,1
1422,Discovery,2,2026-04-22,2026-04-28,6
1422,Demo,3,2026-04-28,2026-05-30,32
1422,Closed Lost,7,2026-05-31,,0
1423,Prospecting,1,2024-11-11,2024-12-02,21
1423,Discovery,2,2024-12-02,2024-12-15,13
1423,Demo,3,2024-12-15,2024-12-21,6
1423,Proposal,4,2024-12-21,2024-12-22,1
1423,Closed Lost,7,2024-12-23,,0
1424,Prospecting,1,2026-04-17,2026-05-22,35
1424,Discovery,2,2026-05-22,2026-05-23,1
1424,Closed Lost,7,2026-05-23,,0
1428,Prospecting,1,2025-05-11,2025-05-22,11
1428,Discovery,2,2025-05-22,2025-07-04,43
1428,Demo,3,2025-07-04,2025-09-10,68
1428,Proposal,4,2025-09-10,2025-10-05,25
1428,Closed Lost,7,2025-10-07,,0
1429,Prospecting,1,2025-08-02,2025-08-03,1
1429,Discovery,2,2025-08-03,2025-08-20,17
1429,Demo,3,2025-08-20,2025-08-30,10
1429,Proposal,4,2025-08-30,2025-08-31,1
1429,Negotiation,5,2025-08-31,2025-09-09,9
1429,Closed Lost,7,2025-09-11,,0
1430,Prospecting,1,2025-03-24,2025-04-04,11
1430,Discovery,2,2025-04-04,2025-04-11,7
1430,Demo,3,2025-04-11,2025-04-16,5
1430,Proposal,4,2025-04-16,2025-04-20,4
1430,Closed Lost,7,2025-04-22,,0
1431,Prospecting,1,2026-03-29,2026-04-11,13
1431,Discovery,2,2026-04-11,2026-04-12,1
1431,Demo,3,2026-04-12,2026-04-21,9
1431,Closed Lost,7,2026-04-21,,0
1435,Prospecting,1,2025-05-11,2025-05-12,1
1435,Discovery,2,2025-05-12,2025-05-31,19
1435,Demo,3,2025-05-31,2025-06-10,10
1435,Proposal,4,2025-06-10,2025-06-11,1
1435,Negotiation,5,2025-06-11,2025-06-15,4
1435,Closed Won,6,2025-06-17,,0
1436,Prospecting,1,2025-11-26,2025-12-05,9
1436,Discovery,2,2025-12-05,2025-12-08,3
1436,Demo,3,2025-12-08,2026-01-03,26
1436,Closed Lost,7,2026-01-05,,0
1437,Prospecting,1,2025-06-25,2025-06-27,2
1437,Discovery,2,2025-06-27,2025-07-08,11
1437,Closed Lost,7,2025-07-09,,0
1438,Prospecting,1,2026-04-22,2026-05-19,27
1438,Discovery,2,2026-05-19,2026-05-20,1
1438,Demo,3,2026-05-20,2026-05-21,1
1438,Closed Lost,7,2026-05-23,,0
1440,Prospecting,1,2024-11-02,2024-11-23,21
1440,Discovery,2,2024-11-23,2024-12-10,17
1440,Demo,3,2024-12-10,2024-12-18,8
1440,Proposal,4,2024-12-18,2024-12-28,10
1440,Negotiation,5,2024-12-28,2025-01-04,7
1440,Closed Won,6,2025-01-07,,0
1441,Prospecting,1,2025-06-27,2025-06-30,3
1441,Discovery,2,2025-06-30,2025-07-19,19
1441,Demo,3,2025-07-19,2025-07-29,10
1441,Proposal,4,2025-07-29,2025-08-01,3
1441,Closed Lost,7,2025-08-03,,0
1442,Prospecting,1,2026-05-28,2026-07-03,36
1442,Discovery,2,2026-07-03,2026-07-07,4
1442,Demo,3,2026-07-07,2026-07-22,15
1443,Prospecting,1,2026-01-28,2026-02-02,5
1443,Discovery,2,2026-02-02,2026-02-09,7
1443,Demo,3,2026-02-09,2026-02-19,10
1443,Proposal,4,2026-02-19,2026-03-13,22
1443,Negotiation,5,2026-03-13,2026-03-23,10
1443,Closed Won,6,2026-03-25,,0
1445,Prospecting,1,2024-10-02,2024-10-29,27
1445,Discovery,2,2024-10-29,2024-10-30,1
1445,Demo,3,2024-10-30,2024-11-23,24
1445,Proposal,4,2024-11-23,2024-12-13,20
1445,Negotiation,5,2024-12-13,2024-12-22,9
1445,Closed Lost,7,2024-12-24,,0
1446,Prospecting,1,2025-07-11,2025-07-12,1
1446,Discovery,2,2025-07-12,2025-08-07,26
1446,Demo,3,2025-08-07,2025-08-16,9
1446,Proposal,4,2025-08-16,2025-08-21,5
1446,Negotiation,5,2025-08-21,2025-08-22,1
1446,Closed Won,6,2025-08-24,,0
1447,Prospecting,1,2025-12-21,2025-12-29,8
1447,Discovery,2,2025-12-29,2026-01-18,20
1447,Demo,3,2026-01-18,2026-01-19,1
1447,Closed Lost,7,2026-01-21,,0
1449,Prospecting,1,2024-11-19,2024-11-22,3
1449,Discovery,2,2024-11-22,2024-11-26,4
1449,Demo,3,2024-11-26,2024-12-09,13
1449,Proposal,4,2024-12-09,2024-12-10,1
1449,Negotiation,5,2024-12-10,2024-12-14,4
1449,Closed Lost,7,2024-12-15,,0
1450,Prospecting,1,2025-09-12,2025-09-20,8
1450,Discovery,2,2025-09-20,2025-09-22,2
1450,Demo,3,2025-09-22,2025-09-25,3
1450,Proposal,4,2025-09-25,2025-09-27,2
1450,Negotiation,5,2025-09-27,2025-09-30,3
1450,Closed Won,6,2025-10-03,,0
1452,Prospecting,1,2025-10-26,2025-11-04,9
1452,Discovery,2,2025-11-04,2025-11-05,1
1452,Demo,3,2025-11-05,2025-11-21,16
1452,Proposal,4,2025-11-21,2025-11-23,2
1452,Closed Lost,7,2025-11-25,,0
1453,Prospecting,1,2026-06-10,2026-07-17,37
1454,Prospecting,1,2026-01-02,2026-01-10,8
1454,Discovery,2,2026-01-10,2026-01-12,2
1454,Demo,3,2026-01-12,2026-01-14,2
1454,Proposal,4,2026-01-14,2026-01-15,1
1454,Negotiation,5,2026-01-15,2026-02-06,22
1454,Closed Won,6,2026-02-08,,0
1459,Prospecting,1,2025-12-30,2026-01-01,2
1459,Discovery,2,2026-01-01,2026-01-22,21
1459,Demo,3,2026-01-22,2026-01-23,1
1459,Proposal,4,2026-01-23,2026-02-17,25
1459,Closed Lost,7,2026-02-17,,0
1469,Prospecting,1,2024-11-18,2024-12-02,14
1469,Discovery,2,2024-12-02,2024-12-03,1
1469,Demo,3,2024-12-03,2024-12-04,1
1469,Proposal,4,2024-12-04,2025-01-02,29
1469,Closed Lost,7,2025-01-03,,0
1470,Prospecting,1,2025-08-09,2025-08-10,1
1470,Discovery,2,2025-08-10,2025-08-11,1
1470,Demo,3,2025-08-11,2025-08-20,9
1470,Proposal,4,2025-08-20,2025-09-02,13
1470,Negotiation,5,2025-09-02,2025-09-07,5
1470,Closed Won,6,2025-09-10,,0
1473,Prospecting,1,2025-08-08,2025-08-16,8
1473,Discovery,2,2025-08-16,2025-08-19,3
1473,Demo,3,2025-08-19,2025-09-01,13
1473,Proposal,4,2025-09-01,2025-09-09,8
1473,Negotiation,5,2025-09-09,2025-09-13,4
1473,Closed Won,6,2025-09-16,,0
1474,Prospecting,1,2026-02-08,2026-02-09,1
1474,Discovery,2,2026-02-09,2026-02-16,7
1474,Demo,3,2026-02-16,2026-03-03,15
1474,Proposal,4,2026-03-03,2026-03-07,4
1474,Closed Lost,7,2026-03-09,,0
1480,Prospecting,1,2025-01-28,2025-01-30,2
1480,Discovery,2,2025-01-30,2025-02-04,5
1480,Demo,3,2025-02-04,2025-02-05,1
1480,Proposal,4,2025-02-05,2025-02-10,5
1480,Closed Lost,7,2025-02-12,,0
1481,Prospecting,1,2026-02-07,2026-02-17,10
1481,Discovery,2,2026-02-17,2026-02-19,2
1481,Closed Lost,7,2026-02-20,,0
1482,Prospecting,1,2026-04-07,2026-04-24,17
1482,Discovery,2,2026-04-24,2026-05-14,20
1482,Closed Lost,7,2026-05-15,,0
1483,Prospecting,1,2025-02-06,2025-02-12,6
1483,Discovery,2,2025-02-12,2025-02-16,4
1483,Demo,3,2025-02-16,2025-02-24,8
1483,Proposal,4,2025-02-24,2025-03-04,8
1483,Closed Lost,7,2025-03-05,,0
1484,Prospecting,1,2025-09-28,2025-10-07,9
1484,Discovery,2,2025-10-07,2025-10-11,4
1484,Demo,3,2025-10-11,2025-10-12,1
1484,Closed Lost,7,2025-10-13,,0
1485,Prospecting,1,2026-05-05,2026-05-29,24
1485,Discovery,2,2026-05-29,2026-06-08,10
1485,Closed Lost,7,2026-06-09,,0
1486,Prospecting,1,2024-11-12,2024-12-16,34
1486,Discovery,2,2024-12-16,2024-12-18,2
1486,Closed Lost,7,2024-12-19,,0
1487,Prospecting,1,2026-04-08,2026-05-09,31
1487,Discovery,2,2026-05-09,2026-06-30,52
1487,Closed Lost,7,2026-07-01,,0
1488,Prospecting,1,2024-10-27,2024-10-28,1
1488,Discovery,2,2024-10-28,2024-11-07,10
1488,Demo,3,2024-11-07,2024-11-08,1
1488,Proposal,4,2024-11-08,2024-11-09,1
1488,Negotiation,5,2024-11-09,2024-11-28,19
1488,Closed Lost,7,2024-11-29,,0
1489,Prospecting,1,2025-06-25,2025-07-02,7
1489,Discovery,2,2025-07-02,2025-07-04,2
1489,Demo,3,2025-07-04,2025-07-06,2
1489,Proposal,4,2025-07-06,2025-07-14,8
1489,Closed Lost,7,2025-07-16,,0
1490,Prospecting,1,2026-01-03,2026-01-11,8
1490,Discovery,2,2026-01-11,2026-01-17,6
1490,Demo,3,2026-01-17,2026-01-18,1
1490,Proposal,4,2026-01-18,2026-01-19,1
1490,Negotiation,5,2026-01-19,2026-01-24,5
1490,Closed Won,6,2026-01-27,,0
1491,Prospecting,1,2025-12-28,2026-01-06,9
1491,Discovery,2,2026-01-06,2026-01-22,16
1491,Demo,3,2026-01-22,2026-01-29,7
1491,Proposal,4,2026-01-29,2026-02-03,5
1491,Negotiation,5,2026-02-03,2026-02-04,1
1491,Closed Won,6,2026-02-06,,0
1495,Prospecting,1,2026-02-04,2026-03-02,26
1495,Discovery,2,2026-03-02,2026-03-04,2
1495,Demo,3,2026-03-04,2026-03-09,5
1495,Closed Lost,7,2026-03-10,,0
1499,Prospecting,1,2026-02-12,2026-04-18,65
1499,Discovery,2,2026-04-18,2026-04-19,1
1499,Closed Lost,7,2026-04-20,,0
1500,Prospecting,1,2025-12-13,2025-12-21,8
1500,Discovery,2,2025-12-21,2026-02-24,65
1500,Demo,3,2026-02-24,2026-03-03,7
1500,Proposal,4,2026-03-03,2026-03-18,15
1500,Negotiation,5,2026-03-18,2026-03-19,1
1500,Closed Lost,7,2026-03-22,,0
1501,Prospecting,1,2026-06-18,2026-08-06,49
1501,Discovery,2,2026-08-06,2026-08-29,23
1501,Demo,3,2026-08-29,2026-09-22,24
1504,Prospecting,1,2025-05-31,2025-06-05,5
1504,Discovery,2,2025-06-05,2025-06-14,9
1504,Demo,3,2025-06-14,2025-06-24,10
1504,Proposal,4,2025-06-24,2025-06-26,2
1504,Negotiation,5,2025-06-26,2025-07-02,6
1504,Closed Lost,7,2025-07-05,,0
1505,Prospecting,1,2026-05-08,2026-05-10,2
1505,Discovery,2,2026-05-10,2026-05-11,1
1505,Demo,3,2026-05-11,2026-05-21,10
1505,Proposal,4,2026-05-21,2026-06-02,12
1505,Negotiation,5,2026-06-02,2026-06-05,3
1505,Closed Lost,7,2026-06-06,,0
1506,Prospecting,1,2025-12-20,2025-12-23,3
1506,Discovery,2,2025-12-23,2026-01-09,17
1506,Demo,3,2026-01-09,2026-01-24,15
1506,Closed Lost,7,2026-01-26,,0
1513,Prospecting,1,2025-12-21,2025-12-24,3
1513,Discovery,2,2025-12-24,2026-01-18,25
1513,Closed Lost,7,2026-01-19,,0
1517,Prospecting,1,2025-04-06,2025-04-08,2
1517,Discovery,2,2025-04-08,2025-04-09,1
1517,Demo,3,2025-04-09,2025-04-17,8
1517,Proposal,4,2025-04-17,2025-04-18,1
1517,Negotiation,5,2025-04-18,2025-04-24,6
1517,Closed Lost,7,2025-04-26,,0
1518,Prospecting,1,2026-02-28,2026-03-13,13
1518,Discovery,2,2026-03-13,2026-04-10,28
1518,Demo,3,2026-04-10,2026-05-14,34
1518,Proposal,4,2026-05-14,2026-05-17,3
1518,Closed Lost,7,2026-05-18,,0
1520,Prospecting,1,2025-04-29,2025-05-10,11
1520,Discovery,2,2025-05-10,2025-05-21,11
1520,Demo,3,2025-05-21,2025-05-22,1
1520,Closed Lost,7,2025-05-22,,0
1521,Prospecting,1,2026-01-19,2026-01-26,7
1521,Discovery,2,2026-01-26,2026-02-26,31
1521,Closed Lost,7,2026-02-27,,0
1522,Prospecting,1,2026-06-20,2026-07-08,18
1522,Discovery,2,2026-07-08,2026-07-09,1
1522,Demo,3,2026-07-09,2026-07-16,7
1524,Prospecting,1,2026-03-27,2026-03-28,1
1524,Discovery,2,2026-03-28,2026-04-09,12
1524,Demo,3,2026-04-09,2026-04-29,20
1524,Proposal,4,2026-04-29,2026-05-03,4
1524,Negotiation,5,2026-05-03,2026-05-04,1
1524,Closed Won,6,2026-05-04,,0
1525,Prospecting,1,2025-07-29,2025-09-19,52
1525,Discovery,2,2025-09-19,2025-10-05,16
1525,Closed Lost,7,2025-10-06,,0
1526,Prospecting,1,2025-12-30,2026-01-08,9
1526,Discovery,2,2026-01-08,2026-01-16,8
1526,Closed Lost,7,2026-01-17,,0
1527,Prospecting,1,2026-01-30,2026-02-10,11
1527,Discovery,2,2026-02-10,2026-02-19,9
1527,Demo,3,2026-02-19,2026-03-16,25
1527,Proposal,4,2026-03-16,2026-03-18,2
1527,Closed Lost,7,2026-03-19,,0
1529,Prospecting,1,2024-12-30,2025-01-09,10
1529,Discovery,2,2025-01-09,2025-01-10,1
1529,Demo,3,2025-01-10,2025-01-21,11
1529,Closed Lost,7,2025-01-21,,0
1530,Prospecting,1,2025-12-29,2026-04-08,100
1530,Discovery,2,2026-04-08,2026-04-09,1
1530,Demo,3,2026-04-09,2026-06-16,68
1530,Proposal,4,2026-06-16,2026-07-27,41
1531,Prospecting,1,2026-03-23,2026-03-24,1
1531,Discovery,2,2026-03-24,2026-03-27,3
1531,Demo,3,2026-03-27,2026-04-17,21
1531,Proposal,4,2026-04-17,2026-05-01,14
1531,Negotiation,5,2026-05-01,2026-05-04,3
1531,Closed Won,6,2026-05-06,,0
1533,Prospecting,1,2026-05-29,2026-06-14,16
1533,Discovery,2,2026-06-14,2026-07-17,33
1537,Prospecting,1,2024-09-09,2024-10-06,27
1537,Discovery,2,2024-10-06,2024-10-23,17
1537,Closed Lost,7,2024-10-24,,0
1538,Prospecting,1,2026-06-29,2026-06-30,1
1538,Discovery,2,2026-06-30,2026-07-17,17
1538,Demo,3,2026-07-17,2026-09-11,56
1539,Prospecting,1,2025-04-13,2025-04-24,11
1539,Discovery,2,2025-04-24,2025-05-22,28
1539,Demo,3,2025-05-22,2025-06-22,31
1539,Proposal,4,2025-06-22,2025-07-17,25
1539,Negotiation,5,2025-07-17,2025-07-20,3
1539,Closed Lost,7,2025-07-23,,0
1540,Prospecting,1,2026-04-07,2026-05-06,29
1540,Discovery,2,2026-05-06,2026-05-10,4
1540,Demo,3,2026-05-10,2026-05-29,19
1540,Proposal,4,2026-05-29,2026-06-17,19
1540,Closed Lost,7,2026-06-19,,0
1541,Prospecting,1,2026-04-05,2026-04-25,20
1541,Discovery,2,2026-04-25,2026-07-12,78
1542,Prospecting,1,2026-06-13,2026-10-06,115
1543,Prospecting,1,2024-07-29,2024-07-30,1
1543,Discovery,2,2024-07-30,2024-08-05,6
1543,Demo,3,2024-08-05,2024-08-21,16
1543,Proposal,4,2024-08-21,2024-09-01,11
1543,Negotiation,5,2024-09-01,2024-09-02,1
1543,Closed Lost,7,2024-09-03,,0
1544,Prospecting,1,2025-07-25,2025-08-01,7
1544,Discovery,2,2025-08-01,2025-08-31,30
1544,Demo,3,2025-08-31,2025-09-01,1
1544,Closed Lost,7,2025-09-02,,0
1545,Prospecting,1,2025-09-30,2025-10-06,6
1545,Discovery,2,2025-10-06,2025-10-18,12
1545,Demo,3,2025-10-18,2025-10-30,12
1545,Proposal,4,2025-10-30,2025-10-31,1
1545,Closed Lost,7,2025-11-01,,0
1546,Prospecting,1,2025-10-29,2025-12-20,52
1546,Discovery,2,2025-12-20,2026-02-01,43
1546,Demo,3,2026-02-01,2026-02-12,11
1546,Proposal,4,2026-02-12,2026-02-25,13
1546,Negotiation,5,2026-02-25,2026-02-27,2
1546,Closed Won,6,2026-03-01,,0
1547,Prospecting,1,2025-11-19,2025-12-01,12
1547,Discovery,2,2025-12-01,2025-12-02,1
1547,Demo,3,2025-12-02,2025-12-30,28
1547,Proposal,4,2025-12-30,2026-01-18,19
1547,Negotiation,5,2026-01-18,2026-02-01,14
1547,Closed Won,6,2026-02-02,,0
1549,Prospecting,1,2026-03-29,2026-04-20,22
1549,Discovery,2,2026-04-20,2026-05-13,23
1549,Demo,3,2026-05-13,2026-05-31,18
1549,Proposal,4,2026-05-31,2026-06-01,1
1549,Negotiation,5,2026-06-01,2026-06-08,7
1549,Closed Lost,7,2026-06-12,,0
1550,Prospecting,1,2025-06-16,2025-06-19,3
1550,Discovery,2,2025-06-19,2025-06-22,3
1550,Demo,3,2025-06-22,2025-06-23,1
1550,Proposal,4,2025-06-23,2025-06-24,1
1550,Negotiation,5,2025-06-24,2025-06-28,4
1550,Closed Lost,7,2025-06-30,,0
1551,Prospecting,1,2026-02-20,2026-02-23,3
1551,Discovery,2,2026-02-23,2026-03-12,17
1551,Closed Lost,7,2026-03-13,,0
1552,Prospecting,1,2024-11-20,2024-11-24,4
1552,Discovery,2,2024-11-24,2024-12-06,12
1552,Demo,3,2024-12-06,2024-12-17,11
1552,Proposal,4,2024-12-17,2024-12-28,11
1552,Negotiation,5,2024-12-28,2025-01-02,5
1552,Closed Won,6,2025-01-04,,0
1553,Prospecting,1,2025-12-05,2026-02-07,64
1553,Discovery,2,2026-02-07,2026-02-08,1
1553,Closed Lost,7,2026-02-09,,0
1554,Prospecting,1,2026-01-05,2026-01-07,2
1554,Discovery,2,2026-01-07,2026-03-26,78
1554,Closed Lost,7,2026-03-27,,0
1555,Prospecting,1,2025-07-27,2025-09-05,40
1555,Discovery,2,2025-09-05,2025-09-28,23
1555,Closed Lost,7,2025-09-29,,0
1556,Prospecting,1,2025-07-20,2025-07-26,6
1556,Discovery,2,2025-07-26,2026-01-01,159
1556,Closed Lost,7,2026-01-02,,0
1557,Prospecting,1,2026-05-21,2026-06-06,16
1557,Discovery,2,2026-06-06,2026-06-13,7
1557,Demo,3,2026-06-13,2026-06-20,7
1557,Proposal,4,2026-06-20,2026-08-06,47
1558,Prospecting,1,2026-03-14,2026-03-15,1
1558,Discovery,2,2026-03-15,2026-03-25,10
1558,Demo,3,2026-03-25,2026-03-26,1
1558,Proposal,4,2026-03-26,2026-04-10,15
1558,Negotiation,5,2026-04-10,2026-04-11,1
1558,Closed Won,6,2026-04-13,,0
1560,Prospecting,1,2025-01-19,2025-01-28,9
1560,Discovery,2,2025-01-28,2025-02-04,7
1560,Demo,3,2025-02-04,2025-02-15,11
1560,Closed Lost,7,2025-02-16,,0
1561,Prospecting,1,2025-10-27,2025-11-22,26
1561,Discovery,2,2025-11-22,2025-11-29,7
1561,Demo,3,2025-11-29,2025-12-05,6
1561,Proposal,4,2025-12-05,2025-12-07,2
1561,Closed Lost,7,2025-12-09,,0
1562,Prospecting,1,2026-01-30,2026-02-16,17
1562,Discovery,2,2026-02-16,2026-03-05,17
1562,Demo,3,2026-03-05,2026-03-30,25
1562,Proposal,4,2026-03-30,2026-04-22,23
1562,Negotiation,5,2026-04-22,2026-04-30,8
1562,Closed Won,6,2026-05-02,,0
1563,Prospecting,1,2025-10-09,2025-10-16,7
1563,Discovery,2,2025-10-16,2025-10-18,2
1563,Demo,3,2025-10-18,2025-10-19,1
1563,Proposal,4,2025-10-19,2025-10-20,1
1563,Negotiation,5,2025-10-20,2025-10-23,3
1563,Closed Lost,7,2025-10-24,,0
1564,Prospecting,1,2026-05-11,2026-05-13,2
1564,Discovery,2,2026-05-13,2026-05-23,10
1564,Demo,3,2026-05-23,2026-06-01,9
1564,Proposal,4,2026-06-01,2026-06-02,1
1564,Negotiation,5,2026-06-02,2026-06-07,5
1564,Closed Won,6,2026-06-09,,0
1567,Prospecting,1,2026-04-23,2026-05-01,8
1567,Discovery,2,2026-05-01,2026-05-05,4
1567,Demo,3,2026-05-05,2026-05-07,2
1567,Closed Lost,7,2026-05-09,,0
1568,Prospecting,1,2026-06-15,2026-08-03,49
1568,Discovery,2,2026-08-03,2026-08-21,18
1569,Prospecting,1,2025-09-07,2025-09-11,4
1569,Discovery,2,2025-09-11,2025-09-19,8
1569,Demo,3,2025-09-19,2025-09-21,2
1569,Proposal,4,2025-09-21,2025-09-23,2
1569,Negotiation,5,2025-09-23,2025-09-27,4
1569,Closed Won,6,2025-09-30,,0
1570,Prospecting,1,2026-04-23,2026-04-30,7
1570,Discovery,2,2026-04-30,2026-05-16,16
1570,Demo,3,2026-05-16,2026-05-30,14
1570,Proposal,4,2026-05-30,2026-06-11,12
1570,Closed Lost,7,2026-06-14,,0
1571,Prospecting,1,2026-05-22,2026-08-14,84
1572,Prospecting,1,2025-01-16,2025-01-24,8
1572,Discovery,2,2025-01-24,2025-01-25,1
1572,Demo,3,2025-01-25,2025-01-26,1
1572,Proposal,4,2025-01-26,2025-02-02,7
1572,Negotiation,5,2025-02-02,2025-02-08,6
1572,Closed Lost,7,2025-02-10,,0
1573,Prospecting,1,2025-07-12,2025-07-19,7
1573,Discovery,2,2025-07-19,2025-07-30,11
1573,Demo,3,2025-07-30,2025-08-07,8
1573,Closed Lost,7,2025-08-09,,0
1576,Prospecting,1,2026-01-26,2026-02-03,8
1576,Discovery,2,2026-02-03,2026-02-17,14
1576,Demo,3,2026-02-17,2026-02-18,1
1576,Proposal,4,2026-02-18,2026-02-20,2
1576,Negotiation,5,2026-02-20,2026-04-13,52
1576,Closed Won,6,2026-04-15,,0
1578,Prospecting,1,2025-11-23,2025-12-15,22
1578,Discovery,2,2025-12-15,2025-12-22,7
1578,Closed Lost,7,2025-12-23,,0
1581,Prospecting,1,2026-06-01,2026-06-29,28
1581,Discovery,2,2026-06-29,2026-07-11,12
1582,Prospecting,1,2025-07-26,2025-07-30,4
1582,Discovery,2,2025-07-30,2025-08-01,2
1582,Demo,3,2025-08-01,2025-08-16,15
1582,Proposal,4,2025-08-16,2025-08-22,6
1582,Closed Lost,7,2025-08-24,,0
1583,Prospecting,1,2026-06-02,2026-06-03,1
1583,Discovery,2,2026-06-03,2026-06-16,13
1583,Demo,3,2026-06-16,2026-07-05,19
1586,Prospecting,1,2026-01-22,2026-02-02,11
1586,Discovery,2,2026-02-02,2026-02-04,2
1586,Demo,3,2026-02-04,2026-02-08,4
1586,Proposal,4,2026-02-08,2026-02-26,18
1586,Negotiation,5,2026-02-26,2026-03-06,8
1586,Closed Lost,7,2026-03-09,,0
1588,Prospecting,1,2025-06-26,2025-07-09,13
1588,Discovery,2,2025-07-09,2025-07-11,2
1588,Demo,3,2025-07-11,2025-08-25,45
1588,Proposal,4,2025-08-25,2025-09-23,29
1588,Negotiation,5,2025-09-23,2025-09-29,6
1588,Closed Won,6,2025-10-02,,0
1589,Prospecting,1,2026-02-20,2026-03-08,16
1589,Discovery,2,2026-03-08,2026-03-20,12
1589,Demo,3,2026-03-20,2026-03-25,5
1589,Closed Lost,7,2026-03-26,,0
1590,Prospecting,1,2025-03-20,2025-03-25,5
1590,Discovery,2,2025-03-25,2025-03-27,2
1590,Demo,3,2025-03-27,2025-05-23,57
1590,Closed Lost,7,2025-05-25,,0
1591,Prospecting,1,2026-02-18,2026-02-27,9
1591,Discovery,2,2026-02-27,2026-03-01,2
1591,Demo,3,2026-03-01,2026-03-07,6
1591,Proposal,4,2026-03-07,2026-04-30,54
1591,Closed Lost,7,2026-05-01,,0
1592,Prospecting,1,2025-05-06,2025-05-10,4
1592,Discovery,2,2025-05-10,2025-05-24,14
1592,Demo,3,2025-05-24,2025-05-25,1
1592,Proposal,4,2025-05-25,2025-05-28,3
1592,Negotiation,5,2025-05-28,2025-06-11,14
1592,Closed Won,6,2025-06-13,,0
1593,Prospecting,1,2026-04-22,2026-04-25,3
1593,Discovery,2,2026-04-25,2026-04-26,1
1593,Demo,3,2026-04-26,2026-04-27,1
1593,Proposal,4,2026-04-27,2026-04-28,1
1593,Negotiation,5,2026-04-28,2026-04-29,1
1593,Closed Won,6,2026-04-29,,0
1595,Prospecting,1,2026-05-20,2026-07-29,70
1595,Discovery,2,2026-07-29,2026-08-11,13
1597,Prospecting,1,2025-03-28,2025-04-01,4
1597,Discovery,2,2025-04-01,2025-04-09,8
1597,Demo,3,2025-04-09,2025-04-21,12
1597,Proposal,4,2025-04-21,2025-05-05,14
1597,Negotiation,5,2025-05-05,2025-05-29,24
1597,Closed Won,6,2025-05-31,,0
1598,Prospecting,1,2026-05-04,2026-05-14,10
1598,Discovery,2,2026-05-14,2026-05-20,6
1598,Demo,3,2026-05-20,2026-05-28,8
1598,Closed Lost,7,2026-05-29,,0
1600,Prospecting,1,2024-12-04,2025-01-21,48
1600,Discovery,2,2025-01-21,2025-02-14,24
1600,Demo,3,2025-02-14,2025-04-09,54
1600,Proposal,4,2025-04-09,2025-04-10,1
1600,Negotiation,5,2025-04-10,2025-04-27,17
1600,Closed Won,6,2025-04-29,,0
1601,Prospecting,1,2025-12-20,2026-01-11,22
1601,Discovery,2,2026-01-11,2026-01-20,9
1601,Demo,3,2026-01-20,2026-02-06,17
1601,Closed Lost,7,2026-02-07,,0
1606,Prospecting,1,2024-10-11,2024-10-16,5
1606,Discovery,2,2024-10-16,2024-10-20,4
1606,Demo,3,2024-10-20,2024-11-02,13
1606,Proposal,4,2024-11-02,2024-11-10,8
1606,Negotiation,5,2024-11-10,2024-11-17,7
1606,Closed Won,6,2024-11-19,,0
1607,Prospecting,1,2025-04-04,2025-04-06,2
1607,Discovery,2,2025-04-06,2025-04-19,13
1607,Demo,3,2025-04-19,2025-04-26,7
1607,Proposal,4,2025-04-26,2025-05-01,5
1607,Closed Lost,7,2025-05-03,,0
1608,Prospecting,1,2026-06-11,2026-06-12,1
1608,Discovery,2,2026-06-12,2026-07-01,19
1608,Closed Lost,7,2026-07-01,,0
1609,Prospecting,1,2026-03-12,2026-03-25,13
1609,Discovery,2,2026-03-25,2026-04-20,26
1609,Demo,3,2026-04-20,2026-04-30,10
1609,Proposal,4,2026-04-30,2026-05-22,22
1609,Closed Lost,7,2026-05-25,,0
1610,Prospecting,1,2025-10-23,2025-11-06,14
1610,Discovery,2,2025-11-06,2025-12-02,26
1610,Demo,3,2025-12-02,2026-01-08,37
1610,Proposal,4,2026-01-08,2026-01-22,14
1610,Closed Lost,7,2026-01-24,,0
1611,Prospecting,1,2025-12-17,2025-12-18,1
1611,Discovery,2,2025-12-18,2025-12-29,11
1611,Demo,3,2025-12-29,2026-01-21,23
1611,Closed Lost,7,2026-01-21,,0
1614,Prospecting,1,2026-05-26,2026-06-02,7
1614,Discovery,2,2026-06-02,2026-07-03,31
1614,Demo,3,2026-07-03,2026-08-13,41
1614,Proposal,4,2026-08-13,2026-09-04,22
1614,Negotiation,5,2026-09-04,2026-09-05,1
1617,Prospecting,1,2026-03-18,2026-04-06,19
1617,Discovery,2,2026-04-06,2026-04-26,20
1617,Demo,3,2026-04-26,2026-05-12,16
1617,Closed Lost,7,2026-05-14,,0
1622,Prospecting,1,2024-10-17,2024-10-21,4
1622,Discovery,2,2024-10-21,2024-10-29,8
1622,Demo,3,2024-10-29,2024-11-06,8
1622,Proposal,4,2024-11-06,2024-11-16,10
1622,Negotiation,5,2024-11-16,2024-11-20,4
1622,Closed Won,6,2024-11-22,,0
1623,Prospecting,1,2025-10-31,2025-11-08,8
1623,Discovery,2,2025-11-08,2025-12-09,31
1623,Closed Lost,7,2025-12-10,,0
1624,Prospecting,1,2026-02-11,2026-02-12,1
1624,Discovery,2,2026-02-12,2026-03-12,28
1624,Demo,3,2026-03-12,2026-03-13,1
1624,Closed Lost,7,2026-03-13,,0
1627,Prospecting,1,2025-07-01,2025-07-09,8
1627,Discovery,2,2025-07-09,2025-07-22,13
1627,Demo,3,2025-07-22,2025-08-02,11
1627,Proposal,4,2025-08-02,2025-08-07,5
1627,Negotiation,5,2025-08-07,2025-08-08,1
1627,Closed Lost,7,2025-08-11,,0
1628,Prospecting,1,2026-06-01,2026-06-05,4
1628,Discovery,2,2026-06-05,2026-06-07,2
1628,Demo,3,2026-06-07,2026-06-18,11
1628,Proposal,4,2026-06-18,2026-06-19,1
1628,Negotiation,5,2026-06-19,2026-06-26,7
1628,Closed Won,6,2026-06-26,,0
1632,Prospecting,1,2026-01-26,2026-04-11,75
1632,Discovery,2,2026-04-11,2026-05-07,26
1632,Demo,3,2026-05-07,2026-05-16,9
1632,Closed Lost,7,2026-05-18,,0
1634,Prospecting,1,2026-05-13,2026-05-27,14
1634,Discovery,2,2026-05-27,2026-05-28,1
1634,Demo,3,2026-05-28,2026-05-31,3
1634,Proposal,4,2026-05-31,2026-06-04,4
1634,Negotiation,5,2026-06-04,2026-06-08,4
1634,Closed Lost,7,2026-06-10,,0
1635,Prospecting,1,2025-05-30,2025-06-17,18
1635,Discovery,2,2025-06-17,2025-06-26,9
1635,Demo,3,2025-06-26,2025-06-27,1
1635,Proposal,4,2025-06-27,2025-07-15,18
1635,Closed Lost,7,2025-07-17,,0
1636,Prospecting,1,2025-12-10,2026-02-05,57
1636,Discovery,2,2026-02-05,2026-02-16,11
1636,Closed Lost,7,2026-02-17,,0
1638,Prospecting,1,2026-05-14,2026-06-07,24
1638,Discovery,2,2026-06-07,2026-06-23,16
1638,Closed Lost,7,2026-06-24,,0
1639,Prospecting,1,2025-03-11,2025-04-04,24
1639,Discovery,2,2025-04-04,2025-05-03,29
1639,Demo,3,2025-05-03,2025-05-11,8
1639,Closed Lost,7,2025-05-12,,0
1640,Prospecting,1,2026-02-25,2026-03-02,5
1640,Discovery,2,2026-03-02,2026-03-21,19
1640,Demo,3,2026-03-21,2026-03-29,8
1640,Proposal,4,2026-03-29,2026-04-12,14
1640,Closed Lost,7,2026-04-15,,0
1641,Prospecting,1,2025-04-05,2025-04-23,18
1641,Discovery,2,2025-04-23,2025-04-24,1
1641,Demo,3,2025-04-24,2025-04-29,5
1641,Proposal,4,2025-04-29,2025-05-07,8
1641,Negotiation,5,2025-05-07,2025-05-09,2
1641,Closed Won,6,2025-05-11,,0
1642,Prospecting,1,2026-02-15,2026-04-06,50
1642,Discovery,2,2026-04-06,2026-04-10,4
1642,Closed Lost,7,2026-04-11,,0
1643,Prospecting,1,2025-03-13,2025-03-25,12
1643,Discovery,2,2025-03-25,2025-04-13,19
1643,Demo,3,2025-04-13,2025-05-10,27
1643,Proposal,4,2025-05-10,2025-05-27,17
1643,Closed Lost,7,2025-05-30,,0
1644,Prospecting,1,2025-10-26,2025-11-13,18
1644,Discovery,2,2025-11-13,2025-11-21,8
1644,Demo,3,2025-11-21,2025-12-09,18
1644,Closed Lost,7,2025-12-10,,0
1645,Prospecting,1,2026-04-25,2026-05-28,33
1645,Discovery,2,2026-05-28,2026-06-27,30
1645,Demo,3,2026-06-27,2026-07-21,24
1645,Proposal,4,2026-07-21,2026-07-25,4
1646,Prospecting,1,2025-10-19,2025-10-20,1
1646,Discovery,2,2025-10-20,2025-10-25,5
1646,Demo,3,2025-10-25,2025-10-26,1
1646,Proposal,4,2025-10-26,2025-11-18,23
1646,Negotiation,5,2025-11-18,2025-11-23,5
1646,Closed Won,6,2025-11-25,,0
1647,Prospecting,1,2026-04-30,2026-05-01,1
1647,Discovery,2,2026-05-01,2026-05-03,2
1647,Demo,3,2026-05-03,2026-05-13,10
1647,Proposal,4,2026-05-13,2026-05-19,6
1647,Closed Lost,7,2026-05-21,,0
1649,Prospecting,1,2026-05-14,2026-05-15,1
1649,Discovery,2,2026-05-15,2026-05-16,1
1649,Demo,3,2026-05-16,2026-05-21,5
1649,Proposal,4,2026-05-21,2026-05-22,1
1649,Negotiation,5,2026-05-22,2026-06-01,10
1649,Closed Won,6,2026-06-04,,0
1650,Prospecting,1,2026-01-11,2026-01-15,4
1650,Discovery,2,2026-01-15,2026-01-17,2
1650,Demo,3,2026-01-17,2026-01-18,1
1650,Proposal,4,2026-01-18,2026-01-19,1
1650,Negotiation,5,2026-01-19,2026-01-28,9
1650,Closed Won,6,2026-01-29,,0
1657,Prospecting,1,2026-05-12,2026-05-16,4
1657,Discovery,2,2026-05-16,2026-05-17,1
1657,Demo,3,2026-05-17,2026-06-03,17
1657,Proposal,4,2026-06-03,2026-06-04,1
1657,Negotiation,5,2026-06-04,2026-06-23,19
1657,Closed Won,6,2026-06-25,,0
1659,Prospecting,1,2026-02-08,2026-02-14,6
1659,Discovery,2,2026-02-14,2026-03-15,29
1659,Closed Lost,7,2026-03-16,,0
1660,Prospecting,1,2026-05-28,2026-05-29,1
1660,Discovery,2,2026-05-29,2026-07-24,56
1660,Demo,3,2026-07-24,2026-07-27,3
1660,Proposal,4,2026-07-27,2026-08-12,16
1660,Negotiation,5,2026-08-12,2026-09-03,22
1663,Prospecting,1,2026-02-10,2026-02-18,8
1663,Discovery,2,2026-02-18,2026-03-08,18
1663,Closed Lost,7,2026-03-09,,0
1666,Prospecting,1,2025-10-04,2025-10-08,4
1666,Discovery,2,2025-10-08,2025-10-18,10
1666,Demo,3,2025-10-18,2025-10-25,7
1666,Proposal,4,2025-10-25,2025-10-29,4
1666,Closed Lost,7,2025-11-01,,0
1667,Prospecting,1,2026-05-18,2026-06-01,14
1667,Discovery,2,2026-06-01,2026-06-07,6
1667,Demo,3,2026-06-07,2026-06-10,3
1667,Proposal,4,2026-06-10,2026-06-12,2
1667,Negotiation,5,2026-06-12,2026-06-13,1
1667,Closed Won,6,2026-06-16,,0
1669,Prospecting,1,2026-05-03,2026-05-04,1
1669,Discovery,2,2026-05-04,2026-05-09,5
1669,Demo,3,2026-05-09,2026-05-10,1
1669,Proposal,4,2026-05-10,2026-05-25,15
1669,Negotiation,5,2026-05-25,2026-05-29,4
1669,Closed Won,6,2026-05-29,,0
1673,Prospecting,1,2025-04-11,2025-05-21,40
1673,Discovery,2,2025-05-21,2025-05-27,6
1673,Demo,3,2025-05-27,2025-06-17,21
1673,Closed Lost,7,2025-06-19,,0
1674,Prospecting,1,2025-03-03,2025-03-23,20
1674,Discovery,2,2025-03-23,2025-04-06,14
1674,Closed Lost,7,2025-04-07,,0
1675,Prospecting,1,2025-11-11,2025-11-13,2
1675,Discovery,2,2025-11-13,2025-11-27,14
1675,Demo,3,2025-11-27,2025-11-30,3
1675,Proposal,4,2025-11-30,2025-12-01,1
1675,Negotiation,5,2025-12-01,2025-12-07,6
1675,Closed Lost,7,2025-12-09,,0
1676,Prospecting,1,2026-01-25,2026-02-04,10
1676,Discovery,2,2026-02-04,2026-02-12,8
1676,Demo,3,2026-02-12,2026-03-02,18
1676,Proposal,4,2026-03-02,2026-03-28,26
1676,Negotiation,5,2026-03-28,2026-04-09,12
1676,Closed Won,6,2026-04-11,,0
1677,Prospecting,1,2025-05-13,2025-05-21,8
1677,Discovery,2,2025-05-21,2025-05-24,3
1677,Demo,3,2025-05-24,2025-05-26,2
1677,Proposal,4,2025-05-26,2025-05-27,1
1677,Negotiation,5,2025-05-27,2025-06-05,9
1677,Closed Lost,7,2025-06-06,,0
1678,Prospecting,1,2026-06-07,2026-06-10,3
1678,Discovery,2,2026-06-10,2026-06-14,4
1678,Demo,3,2026-06-14,2026-06-15,1
1678,Proposal,4,2026-06-15,2026-06-28,13
1678,Negotiation,5,2026-06-28,2026-06-29,1
1678,Closed Won,6,2026-06-29,,0
1681,Prospecting,1,2025-09-29,2025-10-02,3
1681,Discovery,2,2025-10-02,2025-10-10,8
1681,Demo,3,2025-10-10,2025-10-31,21
1681,Proposal,4,2025-10-31,2025-11-09,9
1681,Negotiation,5,2025-11-09,2025-11-10,1
1681,Closed Won,6,2025-11-13,,0
1683,Prospecting,1,2025-02-26,2025-03-31,33
1683,Discovery,2,2025-03-31,2025-04-13,13
1683,Demo,3,2025-04-13,2025-04-14,1
1683,Proposal,4,2025-04-14,2025-04-15,1
1683,Negotiation,5,2025-04-15,2025-04-25,10
1683,Closed Won,6,2025-04-25,,0
1684,Prospecting,1,2026-01-31,2026-02-04,4
1684,Discovery,2,2026-02-04,2026-02-05,1
1684,Demo,3,2026-02-05,2026-02-16,11
1684,Proposal,4,2026-02-16,2026-02-20,4
1684,Closed Lost,7,2026-02-21,,0
1685,Prospecting,1,2026-06-08,2026-06-09,1
1685,Discovery,2,2026-06-09,2026-06-27,18
1685,Demo,3,2026-06-27,2026-07-03,6
1685,Proposal,4,2026-07-03,2026-07-05,2
1685,Negotiation,5,2026-07-05,2026-07-28,23
1687,Prospecting,1,2024-11-22,2025-01-03,42
1687,Discovery,2,2025-01-03,2025-01-14,11
1687,Demo,3,2025-01-14,2025-01-27,13
1687,Proposal,4,2025-01-27,2025-02-15,19
1687,Closed Lost,7,2025-02-17,,0
1688,Prospecting,1,2025-05-24,2025-06-22,29
1688,Discovery,2,2025-06-22,2025-06-23,1
1688,Demo,3,2025-06-23,2025-06-24,1
1688,Proposal,4,2025-06-24,2025-08-03,40
1688,Negotiation,5,2025-08-03,2025-08-06,3
1688,Closed Won,6,2025-08-07,,0
1689,Prospecting,1,2026-01-26,2026-02-11,16
1689,Discovery,2,2026-02-11,2026-03-02,19
1689,Demo,3,2026-03-02,2026-05-09,68
1689,Proposal,4,2026-05-09,2026-05-19,10
1689,Closed Lost,7,2026-05-21,,0
1690,Prospecting,1,2024-10-15,2024-10-17,2
1690,Discovery,2,2024-10-17,2024-10-20,3
1690,Demo,3,2024-10-20,2024-10-28,8
1690,Proposal,4,2024-10-28,2024-10-29,1
1690,Negotiation,5,2024-10-29,2024-11-03,5
1690,Closed Lost,7,2024-11-05,,0
1691,Prospecting,1,2025-07-01,2025-08-01,31
1691,Discovery,2,2025-08-01,2025-08-17,16
1691,Demo,3,2025-08-17,2025-08-20,3
1691,Closed Lost,7,2025-08-21,,0
1692,Prospecting,1,2025-10-17,2025-10-22,5
1692,Discovery,2,2025-10-22,2025-11-03,12
1692,Demo,3,2025-11-03,2025-11-09,6
1692,Proposal,4,2025-11-09,2025-11-19,10
1692,Negotiation,5,2025-11-19,2025-11-21,2
1692,Closed Won,6,2025-11-23,,0
1693,Prospecting,1,2025-05-11,2025-05-14,3
1693,Discovery,2,2025-05-14,2025-06-29,46
1693,Demo,3,2025-06-29,2025-09-07,70
1693,Proposal,4,2025-09-07,2025-10-12,35
1693,Negotiation,5,2025-10-12,2025-10-17,5
1693,Closed Won,6,2025-10-19,,0
1694,Prospecting,1,2026-03-27,2026-03-28,1
1694,Discovery,2,2026-03-28,2026-04-22,25
1694,Demo,3,2026-04-22,2026-04-26,4
1694,Closed Lost,7,2026-04-26,,0
1699,Prospecting,1,2026-02-13,2026-02-26,13
1699,Discovery,2,2026-02-26,2026-03-15,17
1699,Closed Lost,7,2026-03-16,,0
1703,Prospecting,1,2026-01-19,2026-01-28,9
1703,Discovery,2,2026-01-28,2026-02-17,20
1703,Closed Lost,7,2026-02-18,,0
1704,Prospecting,1,2025-08-16,2025-08-26,10
1704,Discovery,2,2025-08-26,2025-08-29,3
1704,Demo,3,2025-08-29,2025-09-03,5
1704,Proposal,4,2025-09-03,2025-09-06,3
1704,Negotiation,5,2025-09-06,2025-10-03,27
1704,Closed Won,6,2025-10-04,,0
1705,Prospecting,1,2026-04-28,2026-05-15,17
1705,Discovery,2,2026-05-15,2026-05-20,5
1705,Demo,3,2026-05-20,2026-05-25,5
1705,Proposal,4,2026-05-25,2026-06-10,16
1705,Closed Lost,7,2026-06-12,,0
1709,Prospecting,1,2025-06-07,2025-06-22,15
1709,Discovery,2,2025-06-22,2025-06-29,7
1709,Demo,3,2025-06-29,2025-07-05,6
1709,Proposal,4,2025-07-05,2025-07-10,5
1709,Negotiation,5,2025-07-10,2025-07-11,1
1709,Closed Won,6,2025-07-12,,0
1710,Prospecting,1,2025-12-30,2026-01-15,16
1710,Discovery,2,2026-01-15,2026-01-19,4
1710,Closed Lost,7,2026-01-20,,0
1714,Prospecting,1,2025-10-28,2025-11-05,8
1714,Discovery,2,2025-11-05,2025-11-11,6
1714,Demo,3,2025-11-11,2026-01-24,74
1714,Closed Lost,7,2026-01-26,,0
1716,Prospecting,1,2026-03-26,2026-03-28,2
1716,Discovery,2,2026-03-28,2026-04-01,4
1716,Demo,3,2026-04-01,2026-04-04,3
1716,Proposal,4,2026-04-04,2026-04-15,11
1716,Negotiation,5,2026-04-15,2026-05-10,25
1716,Closed Won,6,2026-05-14,,0
1717,Prospecting,1,2025-11-11,2025-11-26,15
1717,Discovery,2,2025-11-26,2025-12-01,5
1717,Demo,3,2025-12-01,2025-12-08,7
1717,Closed Lost,7,2025-12-09,,0
1719,Prospecting,1,2025-04-21,2025-04-24,3
1719,Discovery,2,2025-04-24,2025-04-28,4
1719,Demo,3,2025-04-28,2025-04-29,1
1719,Closed Lost,7,2025-04-30,,0
1720,Prospecting,1,2026-05-23,2026-05-31,8
1720,Discovery,2,2026-05-31,2026-06-11,11
1720,Demo,3,2026-06-11,2026-06-14,3
1720,Proposal,4,2026-06-14,2026-06-15,1
1720,Negotiation,5,2026-06-15,2026-07-01,16
1723,Prospecting,1,2026-05-21,2026-05-24,3
1723,Discovery,2,2026-05-24,2026-05-29,5
1723,Demo,3,2026-05-29,2026-06-05,7
1723,Proposal,4,2026-06-05,2026-06-07,2
1723,Negotiation,5,2026-06-07,2026-06-09,2
1723,Closed Lost,7,2026-06-12,,0
1726,Prospecting,1,2024-10-22,2024-10-24,2
1726,Discovery,2,2024-10-24,2024-10-25,1
1726,Demo,3,2024-10-25,2024-11-30,36
1726,Proposal,4,2024-11-30,2025-02-12,74
1726,Negotiation,5,2025-02-12,2025-02-13,1
1726,Closed Won,6,2025-02-13,,0
1727,Prospecting,1,2025-07-13,2025-07-25,12
1727,Discovery,2,2025-07-25,2025-09-21,58
1727,Closed Lost,7,2025-09-22,,0
1728,Prospecting,1,2026-02-16,2026-02-17,1
1728,Discovery,2,2026-02-17,2026-02-24,7
1728,Demo,3,2026-02-24,2026-03-29,33
1728,Closed Lost,7,2026-03-30,,0
1729,Prospecting,1,2024-10-13,2024-10-15,2
1729,Discovery,2,2024-10-15,2024-11-03,19
1729,Demo,3,2024-11-03,2024-11-14,11
1729,Proposal,4,2024-11-14,2024-11-16,2
1729,Closed Lost,7,2024-11-19,,0
1730,Prospecting,1,2026-04-06,2026-04-07,1
1730,Discovery,2,2026-04-07,2026-04-08,1
1730,Demo,3,2026-04-08,2026-04-16,8
1730,Proposal,4,2026-04-16,2026-05-05,19
1730,Negotiation,5,2026-05-05,2026-05-14,9
1730,Closed Won,6,2026-05-16,,0
1732,Prospecting,1,2026-05-11,2026-06-14,34
1732,Discovery,2,2026-06-14,2026-07-02,18
1732,Demo,3,2026-07-02,2026-09-21,81
1732,Proposal,4,2026-09-21,2026-10-04,13
1732,Negotiation,5,2026-10-04,2026-10-22,18
1734,Prospecting,1,2025-01-23,2025-01-26,3
1734,Discovery,2,2025-01-26,2025-02-20,25
1734,Demo,3,2025-02-20,2025-02-27,7
1734,Proposal,4,2025-02-27,2025-02-28,1
1734,Negotiation,5,2025-02-28,2025-03-05,5
1734,Closed Lost,7,2025-03-08,,0
1735,Prospecting,1,2025-11-02,2025-11-12,10
1735,Discovery,2,2025-11-12,2025-11-13,1
1735,Demo,3,2025-11-13,2025-11-17,4
1735,Proposal,4,2025-11-17,2025-11-19,2
1735,Negotiation,5,2025-11-19,2025-11-20,1
1735,Closed Lost,7,2025-11-21,,0
1736,Prospecting,1,2026-05-25,2026-06-01,7
1736,Discovery,2,2026-06-01,2026-06-07,6
1736,Demo,3,2026-06-07,2026-07-03,26
1738,Prospecting,1,2025-11-03,2025-12-07,34
1738,Discovery,2,2025-12-07,2026-01-16,40
1738,Demo,3,2026-01-16,2026-01-31,15
1738,Proposal,4,2026-01-31,2026-02-01,1
1738,Negotiation,5,2026-02-01,2026-02-03,2
1738,Closed Lost,7,2026-02-05,,0
1741,Prospecting,1,2026-04-03,2026-04-30,27
1741,Discovery,2,2026-04-30,2026-05-06,6
1741,Demo,3,2026-05-06,2026-05-12,6
1741,Closed Lost,7,2026-05-14,,0
1743,Prospecting,1,2025-01-22,2025-03-03,40
1743,Discovery,2,2025-03-03,2025-03-05,2
1743,Demo,3,2025-03-05,2025-03-06,1
1743,Proposal,4,2025-03-06,2025-04-29,54
1743,Negotiation,5,2025-04-29,2025-05-14,15
1743,Closed Won,6,2025-05-16,,0
1744,Prospecting,1,2025-10-17,2025-10-28,11
1744,Discovery,2,2025-10-28,2025-11-27,30
1744,Closed Lost,7,2025-11-28,,0
1745,Prospecting,1,2025-07-11,2025-07-23,12
1745,Discovery,2,2025-07-23,2025-07-27,4
1745,Demo,3,2025-07-27,2025-07-28,1
1745,Proposal,4,2025-07-28,2025-08-03,6
1745,Closed Lost,7,2025-08-04,,0
1746,Prospecting,1,2026-04-26,2026-04-27,1
1746,Discovery,2,2026-04-27,2026-05-01,4
1746,Demo,3,2026-05-01,2026-05-02,1
1746,Proposal,4,2026-05-02,2026-05-13,11
1746,Negotiation,5,2026-05-13,2026-05-23,10
1746,Closed Won,6,2026-05-25,,0
1749,Prospecting,1,2026-04-14,2026-08-20,128
1749,Discovery,2,2026-08-20,2026-09-23,34
1751,Prospecting,1,2026-05-05,2026-05-21,16
1751,Discovery,2,2026-05-21,2026-05-29,8
1751,Demo,3,2026-05-29,2026-05-31,2
1751,Proposal,4,2026-05-31,2026-06-03,3
1751,Negotiation,5,2026-06-03,2026-06-17,14
1751,Closed Lost,7,2026-06-20,,0
1752,Prospecting,1,2026-06-20,2026-08-02,43
1752,Discovery,2,2026-08-02,2026-10-13,72
1754,Prospecting,1,2026-02-09,2026-03-05,24
1754,Discovery,2,2026-03-05,2026-03-11,6
1754,Demo,3,2026-03-11,2026-03-20,9
1754,Closed Lost,7,2026-03-22,,0
1755,Prospecting,1,2025-06-07,2025-06-21,14
1755,Discovery,2,2025-06-21,2025-07-21,30
1755,Demo,3,2025-07-21,2025-07-22,1
1755,Closed Lost,7,2025-07-24,,0
1757,Prospecting,1,2025-11-30,2025-12-05,5
1757,Discovery,2,2025-12-05,2025-12-16,11
1757,Demo,3,2025-12-16,2026-01-12,27
1757,Proposal,4,2026-01-12,2026-01-22,10
1757,Closed Lost,7,2026-01-23,,0
1758,Prospecting,1,2025-10-23,2025-11-05,13
1758,Discovery,2,2025-11-05,2025-11-10,5
1758,Demo,3,2025-11-10,2025-11-13,3
1758,Proposal,4,2025-11-13,2025-11-26,13
1758,Negotiation,5,2025-11-26,2025-11-30,4
1758,Closed Won,6,2025-12-02,,0
1759,Prospecting,1,2024-10-26,2025-01-15,81
1759,Discovery,2,2025-01-15,2025-01-19,4
1759,Demo,3,2025-01-19,2025-04-04,75
1759,Proposal,4,2025-04-04,2025-04-05,1
1759,Negotiation,5,2025-04-05,2025-04-11,6
1759,Closed Lost,7,2025-04-14,,0
1760,Prospecting,1,2025-10-27,2025-11-15,19
1760,Discovery,2,2025-11-15,2025-12-04,19
1760,Demo,3,2025-12-04,2026-01-18,45
1760,Proposal,4,2026-01-18,2026-01-22,4
1760,Closed Lost,7,2026-01-23,,0
1761,Prospecting,1,2025-01-25,2025-02-17,23
1761,Discovery,2,2025-02-17,2025-02-23,6
1761,Closed Lost,7,2025-02-24,,0
1762,Prospecting,1,2026-01-06,2026-02-12,37
1762,Discovery,2,2026-02-12,2026-02-26,14
1762,Closed Lost,7,2026-02-27,,0
1763,Prospecting,1,2026-05-27,2026-06-09,13
1763,Discovery,2,2026-06-09,2026-06-26,17
1763,Demo,3,2026-06-26,2026-08-08,43
1763,Proposal,4,2026-08-08,2026-08-20,12
1764,Prospecting,1,2025-02-09,2025-03-16,35
1764,Discovery,2,2025-03-16,2025-03-30,14
1764,Closed Lost,7,2025-03-31,,0
1765,Prospecting,1,2025-09-08,2025-09-26,18
1765,Discovery,2,2025-09-26,2025-09-27,1
1765,Demo,3,2025-09-27,2025-10-17,20
1765,Closed Lost,7,2025-10-18,,0
1768,Prospecting,1,2026-03-16,2026-04-22,37
1768,Discovery,2,2026-04-22,2026-05-30,38
1768,Closed Lost,7,2026-05-31,,0
1771,Prospecting,1,2026-04-29,2026-07-15,77
1772,Prospecting,1,2025-07-19,2025-07-24,5
1772,Discovery,2,2025-07-24,2025-08-10,17
1772,Demo,3,2025-08-10,2025-09-01,22
1772,Proposal,4,2025-09-01,2025-09-26,25
1772,Negotiation,5,2025-09-26,2025-11-17,52
1772,Closed Won,6,2025-11-18,,0
1773,Prospecting,1,2026-04-15,2026-04-16,1
1773,Discovery,2,2026-04-16,2026-04-17,1
1773,Demo,3,2026-04-17,2026-05-29,42
1773,Proposal,4,2026-05-29,2026-07-08,40
1774,Prospecting,1,2025-08-09,2025-08-10,1
1774,Discovery,2,2025-08-10,2025-08-11,1
1774,Demo,3,2025-08-11,2025-08-23,12
1774,Proposal,4,2025-08-23,2025-08-31,8
1774,Closed Lost,7,2025-09-03,,0
1779,Prospecting,1,2025-07-04,2025-08-18,45
1779,Discovery,2,2025-08-18,2025-09-01,14
1779,Demo,3,2025-09-01,2025-10-31,60
1779,Proposal,4,2025-10-31,2025-11-07,7
1779,Closed Lost,7,2025-11-10,,0
1780,Prospecting,1,2026-06-29,2026-10-03,96
1780,Discovery,2,2026-10-03,2026-12-14,72
1781,Prospecting,1,2026-02-21,2026-03-13,20
1781,Discovery,2,2026-03-13,2026-03-17,4
1781,Demo,3,2026-03-17,2026-03-30,13
1781,Proposal,4,2026-03-30,2026-04-04,5
1781,Closed Lost,7,2026-04-06,,0
1782,Prospecting,1,2025-01-27,2025-02-02,6
1782,Discovery,2,2025-02-02,2025-02-04,2
1782,Demo,3,2025-02-04,2025-02-21,17
1782,Proposal,4,2025-02-21,2025-02-22,1
1782,Negotiation,5,2025-02-22,2025-03-02,8
1782,Closed Won,6,2025-03-04,,0
1783,Prospecting,1,2025-12-16,2025-12-25,9
1783,Discovery,2,2025-12-25,2025-12-26,1
1783,Demo,3,2025-12-26,2026-01-04,9
1783,Proposal,4,2026-01-04,2026-01-10,6
1783,Negotiation,5,2026-01-10,2026-01-12,2
1783,Closed Won,6,2026-01-13,,0
1789,Prospecting,1,2024-12-22,2025-01-05,14
1789,Discovery,2,2025-01-05,2025-01-09,4
1789,Demo,3,2025-01-09,2025-01-18,9
1789,Proposal,4,2025-01-18,2025-01-19,1
1789,Closed Lost,7,2025-01-20,,0
1790,Prospecting,1,2025-05-30,2025-06-02,3
1790,Discovery,2,2025-06-02,2025-06-03,1
1790,Demo,3,2025-06-03,2025-06-07,4
1790,Proposal,4,2025-06-07,2025-06-09,2
1790,Negotiation,5,2025-06-09,2025-06-11,2
1790,Closed Won,6,2025-06-14,,0
1791,Prospecting,1,2025-04-11,2025-04-26,15
1791,Discovery,2,2025-04-26,2025-05-04,8
1791,Demo,3,2025-05-04,2025-05-25,21
1791,Proposal,4,2025-05-25,2025-06-09,15
1791,Closed Lost,7,2025-06-11,,0
1792,Prospecting,1,2025-12-24,2026-02-03,41
1792,Discovery,2,2026-02-03,2026-02-17,14
1792,Demo,3,2026-02-17,2026-03-06,17
1792,Proposal,4,2026-03-06,2026-03-14,8
1792,Negotiation,5,2026-03-14,2026-03-30,16
1792,Closed Won,6,2026-04-02,,0
1793,Prospecting,1,2024-09-04,2025-02-25,174
1793,Discovery,2,2025-02-25,2025-03-14,17
1793,Closed Lost,7,2025-03-15,,0
1794,Prospecting,1,2026-04-23,2026-05-20,27
1794,Discovery,2,2026-05-20,2026-05-29,9
1794,Demo,3,2026-05-29,2026-05-30,1
1794,Proposal,4,2026-05-30,2026-05-31,1
1794,Closed Lost,7,2026-06-01,,0
1796,Prospecting,1,2025-06-26,2025-07-08,12
1796,Discovery,2,2025-07-08,2025-07-14,6
1796,Demo,3,2025-07-14,2025-07-21,7
1796,Closed Lost,7,2025-07-22,,0
1797,Prospecting,1,2026-02-15,2026-03-26,39
1797,Discovery,2,2026-03-26,2026-04-01,6
1797,Demo,3,2026-04-01,2026-04-09,8
1797,Proposal,4,2026-04-09,2026-04-10,1
1797,Closed Lost,7,2026-04-10,,0
1798,Prospecting,1,2025-02-19,2025-03-18,27
1798,Discovery,2,2025-03-18,2025-03-24,6
1798,Demo,3,2025-03-24,2025-04-04,11
1798,Closed Lost,7,2025-04-06,,0
1799,Prospecting,1,2025-09-02,2025-09-25,23
1799,Discovery,2,2025-09-25,2025-09-26,1
1799,Demo,3,2025-09-26,2025-09-27,1
1799,Proposal,4,2025-09-27,2025-10-22,25
1799,Closed Lost,7,2025-10-23,,0
1801,Prospecting,1,2025-11-14,2025-11-17,3
1801,Discovery,2,2025-11-17,2025-11-19,2
1801,Demo,3,2025-11-19,2025-12-07,18
1801,Proposal,4,2025-12-07,2025-12-13,6
1801,Negotiation,5,2025-12-13,2026-01-03,21
1801,Closed Lost,7,2026-01-06,,0
1803,Prospecting,1,2025-10-12,2025-11-01,20
1803,Discovery,2,2025-11-01,2025-11-05,4
1803,Demo,3,2025-11-05,2025-11-08,3
1803,Closed Lost,7,2025-11-09,,0
1807,Prospecting,1,2025-12-14,2025-12-31,17
1807,Discovery,2,2025-12-31,2026-01-06,6
1807,Demo,3,2026-01-06,2026-01-07,1
1807,Proposal,4,2026-01-07,2026-01-08,1
1807,Negotiation,5,2026-01-08,2026-01-09,1
1807,Closed Won,6,2026-01-09,,0
1811,Prospecting,1,2026-06-21,2026-06-28,7
1811,Discovery,2,2026-06-28,2026-07-16,18
1811,Demo,3,2026-07-16,2026-07-18,2
1811,Proposal,4,2026-07-18,2026-07-19,1
1813,Prospecting,1,2025-04-07,2025-04-13,6
1813,Discovery,2,2025-04-13,2025-04-14,1
1813,Demo,3,2025-04-14,2025-04-15,1
1813,Proposal,4,2025-04-15,2025-04-29,14
1813,Negotiation,5,2025-04-29,2025-04-30,1
1813,Closed Lost,7,2025-05-01,,0
1814,Prospecting,1,2025-08-12,2025-09-17,36
1814,Discovery,2,2025-09-17,2025-10-05,18
1814,Demo,3,2025-10-05,2025-10-16,11
1814,Proposal,4,2025-10-16,2025-10-20,4
1814,Closed Lost,7,2025-10-22,,0
1815,Prospecting,1,2026-05-20,2026-06-13,24
1815,Discovery,2,2026-06-13,2026-06-14,1
1815,Demo,3,2026-06-14,2026-06-15,1
1815,Proposal,4,2026-06-15,2026-06-26,11
1815,Negotiation,5,2026-06-26,2026-06-27,1
1815,Closed Lost,7,2026-06-29,,0
1816,Prospecting,1,2025-03-09,2025-03-13,4
1816,Discovery,2,2025-03-13,2025-03-15,2
1816,Demo,3,2025-03-15,2025-04-11,27
1816,Proposal,4,2025-04-11,2025-04-23,12
1816,Closed Lost,7,2025-04-25,,0
1817,Prospecting,1,2025-09-24,2025-09-25,1
1817,Discovery,2,2025-09-25,2025-09-26,1
1817,Demo,3,2025-09-26,2025-10-06,10
1817,Proposal,4,2025-10-06,2025-10-07,1
1817,Negotiation,5,2025-10-07,2025-10-10,3
1817,Closed Won,6,2025-10-11,,0
1818,Prospecting,1,2026-03-04,2026-03-05,1
1818,Discovery,2,2026-03-05,2026-03-06,1
1818,Demo,3,2026-03-06,2026-03-23,17
1818,Proposal,4,2026-03-23,2026-03-27,4
1818,Negotiation,5,2026-03-27,2026-03-30,3
1818,Closed Won,6,2026-03-31,,0
1821,Prospecting,1,2025-10-04,2025-10-12,8
1821,Discovery,2,2025-10-12,2025-11-01,20
1821,Demo,3,2025-11-01,2025-11-06,5
1821,Proposal,4,2025-11-06,2025-12-12,36
1821,Negotiation,5,2025-12-12,2025-12-19,7
1821,Closed Lost,7,2025-12-21,,0
1823,Prospecting,1,2025-05-09,2025-05-17,8
1823,Discovery,2,2025-05-17,2025-05-19,2
1823,Demo,3,2025-05-19,2025-05-26,7
1823,Proposal,4,2025-05-26,2025-06-16,21
1823,Negotiation,5,2025-06-16,2025-10-12,118
1823,Closed Won,6,2025-10-15,,0
1824,Prospecting,1,2025-09-20,2025-10-08,18
1824,Discovery,2,2025-10-08,2025-10-09,1
1824,Demo,3,2025-10-09,2025-10-10,1
1824,Proposal,4,2025-10-10,2025-10-16,6
1824,Negotiation,5,2025-10-16,2025-10-21,5
1824,Closed Lost,7,2025-10-22,,0
1825,Prospecting,1,2025-06-18,2025-06-20,2
1825,Discovery,2,2025-06-20,2025-06-21,1
1825,Demo,3,2025-06-21,2025-06-23,2
1825,Proposal,4,2025-06-23,2025-06-29,6
1825,Negotiation,5,2025-06-29,2025-07-21,22
1825,Closed Won,6,2025-07-22,,0
1826,Prospecting,1,2026-03-04,2026-04-17,44
1826,Discovery,2,2026-04-17,2026-04-24,7
1826,Demo,3,2026-04-24,2026-06-12,49
1826,Closed Lost,7,2026-06-13,,0
1827,Prospecting,1,2025-03-02,2025-06-15,105
1827,Discovery,2,2025-06-15,2025-08-14,60
1827,Closed Lost,7,2025-08-15,,0
1828,Prospecting,1,2026-06-11,2026-06-16,5
1828,Discovery,2,2026-06-16,2026-07-03,17
1828,Demo,3,2026-07-03,2026-07-08,5
1831,Prospecting,1,2026-04-30,2026-05-01,1
1831,Discovery,2,2026-05-01,2026-05-02,1
1831,Demo,3,2026-05-02,2026-05-03,1
1831,Proposal,4,2026-05-03,2026-05-07,4
1831,Negotiation,5,2026-05-07,2026-05-08,1
1831,Closed Won,6,2026-05-07,,0
1833,Prospecting,1,2026-03-17,2026-03-18,1
1833,Discovery,2,2026-03-18,2026-03-25,7
1833,Demo,3,2026-03-25,2026-04-13,19
1833,Proposal,4,2026-04-13,2026-05-07,24
1833,Negotiation,5,2026-05-07,2026-05-26,19
1833,Closed Won,6,2026-05-29,,0
1834,Prospecting,1,2026-03-23,2026-05-03,41
1834,Discovery,2,2026-05-03,2026-05-08,5
1834,Closed Lost,7,2026-05-09,,0
1836,Prospecting,1,2025-10-07,2025-10-08,1
1836,Discovery,2,2025-10-08,2025-10-11,3
1836,Demo,3,2025-10-11,2025-10-24,13
1836,Proposal,4,2025-10-24,2025-11-08,15
1836,Negotiation,5,2025-11-08,2025-11-13,5
1836,Closed Won,6,2025-11-14,,0
1837,Prospecting,1,2026-06-25,2026-06-28,3
1837,Discovery,2,2026-06-28,2026-07-11,13
1837,Demo,3,2026-07-11,2026-08-04,24
1837,Proposal,4,2026-08-04,2026-08-10,6
1841,Prospecting,1,2025-12-04,2025-12-19,15
1841,Discovery,2,2025-12-19,2025-12-22,3
1841,Demo,3,2025-12-22,2026-01-19,28
1841,Proposal,4,2026-01-19,2026-01-30,11
1841,Negotiation,5,2026-01-30,2026-02-22,23
1841,Closed Won,6,2026-02-25,,0
1843,Prospecting,1,2025-11-23,2025-12-01,8
1843,Discovery,2,2025-12-01,2025-12-28,27
1843,Demo,3,2025-12-28,2026-01-07,10
1843,Proposal,4,2026-01-07,2026-01-13,6
1843,Negotiation,5,2026-01-13,2026-01-14,1
1843,Closed Won,6,2026-01-15,,0
1846,Prospecting,1,2026-05-12,2026-06-05,24
1846,Discovery,2,2026-06-05,2026-06-07,2
1846,Demo,3,2026-06-07,2026-06-18,11
1846,Proposal,4,2026-06-18,2026-06-19,1
1846,Closed Lost,7,2026-06-21,,0
1851,Prospecting,1,2026-02-02,2026-02-10,8
1851,Discovery,2,2026-02-10,2026-02-12,2
1851,Demo,3,2026-02-12,2026-02-28,16
1851,Closed Lost,7,2026-03-01,,0
1854,Prospecting,1,2026-04-17,2026-04-21,4
1854,Discovery,2,2026-04-21,2026-06-02,42
1854,Closed Lost,7,2026-06-03,,0
1856,Prospecting,1,2025-08-10,2025-11-11,93
1856,Discovery,2,2025-11-11,2025-12-08,27
1856,Closed Lost,7,2025-12-09,,0
1857,Prospecting,1,2026-04-06,2026-05-19,43
1857,Discovery,2,2026-05-19,2026-06-24,36
1857,Demo,3,2026-06-24,2026-07-28,34
1857,Proposal,4,2026-07-28,2026-09-25,59
1859,Prospecting,1,2026-03-21,2026-03-25,4
1859,Discovery,2,2026-03-25,2026-03-26,1
1859,Demo,3,2026-03-26,2026-04-02,7
1859,Proposal,4,2026-04-02,2026-04-28,26
1859,Closed Lost,7,2026-04-30,,0
1865,Prospecting,1,2026-03-09,2026-04-07,29
1865,Discovery,2,2026-04-07,2026-04-12,5
1865,Closed Lost,7,2026-04-13,,0
1866,Prospecting,1,2025-10-24,2025-10-25,1
1866,Discovery,2,2025-10-25,2025-10-27,2
1866,Demo,3,2025-10-27,2025-11-08,12
1866,Proposal,4,2025-11-08,2025-11-11,3
1866,Negotiation,5,2025-11-11,2025-11-30,19
1866,Closed Won,6,2025-12-01,,0
1867,Prospecting,1,2025-12-25,2026-01-13,19
1867,Discovery,2,2026-01-13,2026-01-14,1
1867,Demo,3,2026-01-14,2026-01-22,8
1867,Proposal,4,2026-01-22,2026-02-04,13
1867,Negotiation,5,2026-02-04,2026-02-09,5
1867,Closed Lost,7,2026-02-11,,0
1868,Prospecting,1,2025-03-01,2025-03-20,19
1868,Discovery,2,2025-03-20,2025-03-30,10
1868,Demo,3,2025-03-30,2025-04-03,4
1868,Closed Lost,7,2025-04-05,,0
1869,Prospecting,1,2026-02-21,2026-02-24,3
1869,Discovery,2,2026-02-24,2026-03-06,10
1869,Demo,3,2026-03-06,2026-03-07,1
1869,Proposal,4,2026-03-07,2026-03-08,1
1869,Negotiation,5,2026-03-08,2026-03-19,11
1869,Closed Won,6,2026-03-19,,0
1870,Prospecting,1,2025-10-02,2025-10-07,5
1870,Discovery,2,2025-10-07,2025-10-08,1
1870,Demo,3,2025-10-08,2025-10-17,9
1870,Proposal,4,2025-10-17,2025-10-27,10
1870,Negotiation,5,2025-10-27,2025-11-12,16
1870,Closed Won,6,2025-11-14,,0
1871,Prospecting,1,2026-06-19,2026-06-26,7
1871,Discovery,2,2026-06-26,2026-07-02,6
1871,Demo,3,2026-07-02,2026-07-07,5
1871,Proposal,4,2026-07-07,2026-07-17,10
1871,Negotiation,5,2026-07-17,2026-07-26,9
1876,Prospecting,1,2025-10-26,2025-11-12,17
1876,Discovery,2,2025-11-12,2025-11-16,4
1876,Demo,3,2025-11-16,2025-11-20,4
1876,Proposal,4,2025-11-20,2025-12-30,40
1876,Negotiation,5,2025-12-30,2026-01-07,8
1876,Closed Lost,7,2026-01-09,,0
1877,Prospecting,1,2024-08-20,2024-08-27,7
1877,Discovery,2,2024-08-27,2024-09-01,5
1877,Demo,3,2024-09-01,2024-09-12,11
1877,Closed Lost,7,2024-09-14,,0
1878,Prospecting,1,2025-05-28,2025-06-03,6
1878,Discovery,2,2025-06-03,2025-06-10,7
1878,Demo,3,2025-06-10,2025-07-02,22
1878,Closed Lost,7,2025-07-04,,0
1879,Prospecting,1,2026-02-21,2026-02-25,4
1879,Discovery,2,2026-02-25,2026-06-06,101
1879,Demo,3,2026-06-06,2026-07-09,33
1879,Proposal,4,2026-07-09,2026-07-12,3
1879,Negotiation,5,2026-07-12,2026-08-02,21
1881,Prospecting,1,2025-12-07,2026-01-05,29
1881,Discovery,2,2026-01-05,2026-01-24,19
1881,Demo,3,2026-01-24,2026-02-09,16
1881,Proposal,4,2026-02-09,2026-02-14,5
1881,Closed Lost,7,2026-02-15,,0
1885,Prospecting,1,2026-04-24,2026-04-28,4
1885,Discovery,2,2026-04-28,2026-05-18,20
1885,Demo,3,2026-05-18,2026-07-04,47
1885,Proposal,4,2026-07-04,2026-07-14,10
1885,Negotiation,5,2026-07-14,2026-08-29,46
1886,Prospecting,1,2026-02-19,2026-03-07,16
1886,Discovery,2,2026-03-07,2026-04-20,44
1886,Demo,3,2026-04-20,2026-04-24,4
1886,Closed Lost,7,2026-04-26,,0
1889,Prospecting,1,2026-04-01,2026-04-10,9
1889,Discovery,2,2026-04-10,2026-04-17,7
1889,Demo,3,2026-04-17,2026-04-24,7
1889,Proposal,4,2026-04-24,2026-04-30,6
1889,Negotiation,5,2026-04-30,2026-05-01,1
1889,Closed Won,6,2026-05-02,,0
1892,Prospecting,1,2025-12-04,2025-12-11,7
1892,Discovery,2,2025-12-11,2026-01-08,28
1892,Closed Lost,7,2026-01-09,,0
1893,Prospecting,1,2025-04-15,2025-04-18,3
1893,Discovery,2,2025-04-18,2025-04-21,3
1893,Demo,3,2025-04-21,2025-04-27,6
1893,Proposal,4,2025-04-27,2025-05-11,14
1893,Negotiation,5,2025-05-11,2025-05-17,6
1893,Closed Won,6,2025-05-20,,0
1894,Prospecting,1,2025-12-31,2026-01-10,10
1894,Discovery,2,2026-01-10,2026-01-11,1
1894,Demo,3,2026-01-11,2026-01-12,1
1894,Proposal,4,2026-01-12,2026-01-15,3
1894,Negotiation,5,2026-01-15,2026-01-20,5
1894,Closed Won,6,2026-01-22,,0
1897,Prospecting,1,2025-12-27,2026-01-18,22
1897,Discovery,2,2026-01-18,2026-01-31,13
1897,Demo,3,2026-01-31,2026-02-02,2
1897,Closed Lost,7,2026-02-03,,0
1899,Prospecting,1,2025-05-15,2025-05-29,14
1899,Discovery,2,2025-05-29,2025-06-15,17
1899,Demo,3,2025-06-15,2025-06-16,1
1899,Closed Lost,7,2025-06-17,,0
1900,Prospecting,1,2026-03-01,2026-03-02,1
1900,Discovery,2,2026-03-02,2026-03-12,10
1900,Demo,3,2026-03-12,2026-03-14,2
1900,Closed Lost,7,2026-03-14,,0
1905,Prospecting,1,2025-04-25,2025-06-09,45
1905,Discovery,2,2025-06-09,2025-06-20,11
1905,Closed Lost,7,2025-06-21,,0
1906,Prospecting,1,2025-11-01,2025-11-09,8
1906,Discovery,2,2025-11-09,2025-11-11,2
1906,Demo,3,2025-11-11,2025-12-09,28
1906,Proposal,4,2025-12-09,2025-12-10,1
1906,Negotiation,5,2025-12-10,2025-12-19,9
1906,Closed Lost,7,2025-12-21,,0
1907,Prospecting,1,2025-09-23,2025-09-27,4
1907,Discovery,2,2025-09-27,2025-09-29,2
1907,Demo,3,2025-09-29,2025-10-07,8
1907,Proposal,4,2025-10-07,2025-10-12,5
1907,Closed Lost,7,2025-10-14,,0
1911,Prospecting,1,2025-06-28,2025-07-10,12
1911,Discovery,2,2025-07-10,2025-07-20,10
1911,Closed Lost,7,2025-07-21,,0
1912,Prospecting,1,2026-02-18,2026-03-10,20
1912,Discovery,2,2026-03-10,2026-04-02,23
1912,Demo,3,2026-04-02,2026-04-08,6
1912,Closed Lost,7,2026-04-10,,0
1915,Prospecting,1,2025-11-29,2025-11-30,1
1915,Discovery,2,2025-11-30,2025-12-01,1
1915,Demo,3,2025-12-01,2025-12-14,13
1915,Proposal,4,2025-12-14,2026-01-07,24
1915,Closed Lost,7,2026-01-06,,0
1916,Prospecting,1,2025-03-18,2025-07-01,105
1916,Discovery,2,2025-07-01,2025-08-16,46
1916,Demo,3,2025-08-16,2025-09-04,19
1916,Proposal,4,2025-09-04,2025-09-06,2
1916,Closed Lost,7,2025-09-08,,0
1917,Prospecting,1,2026-06-10,2026-06-11,1
1917,Discovery,2,2026-06-11,2026-06-21,10
1917,Demo,3,2026-06-21,2026-06-24,3
1917,Closed Lost,7,2026-06-25,,0
1919,Prospecting,1,2025-12-23,2026-01-08,16
1919,Discovery,2,2026-01-08,2026-01-16,8
1919,Demo,3,2026-01-16,2026-02-03,18
1919,Closed Lost,7,2026-02-04,,0
1921,Prospecting,1,2026-02-24,2026-02-25,1
1921,Discovery,2,2026-02-25,2026-02-26,1
1921,Demo,3,2026-02-26,2026-03-19,21
1921,Proposal,4,2026-03-19,2026-03-20,1
1921,Negotiation,5,2026-03-20,2026-03-26,6
1921,Closed Won,6,2026-03-29,,0
1926,Prospecting,1,2025-01-03,2025-01-14,11
1926,Discovery,2,2025-01-14,2025-01-15,1
1926,Demo,3,2025-01-15,2025-02-11,27
1926,Closed Lost,7,2025-02-11,,0
1927,Prospecting,1,2025-11-15,2025-11-20,5
1927,Discovery,2,2025-11-20,2025-11-21,1
1927,Demo,3,2025-11-21,2025-12-11,20
1927,Proposal,4,2025-12-11,2025-12-14,3
1927,Negotiation,5,2025-12-14,2025-12-20,6
1927,Closed Lost,7,2025-12-23,,0
1928,Prospecting,1,2026-04-14,2026-04-25,11
1928,Discovery,2,2026-04-25,2026-04-29,4
1928,Demo,3,2026-04-29,2026-05-07,8
1928,Proposal,4,2026-05-07,2026-05-17,10
1928,Closed Lost,7,2026-05-18,,0
1929,Prospecting,1,2025-03-14,2025-04-02,19
1929,Discovery,2,2025-04-02,2025-04-27,25
1929,Closed Lost,7,2025-04-28,,0
1930,Prospecting,1,2026-01-03,2026-01-14,11
1930,Discovery,2,2026-01-14,2026-01-19,5
1930,Demo,3,2026-01-19,2026-01-24,5
1930,Proposal,4,2026-01-24,2026-01-29,5
1930,Negotiation,5,2026-01-29,2026-02-03,5
1930,Closed Lost,7,2026-02-06,,0
1931,Prospecting,1,2025-11-10,2025-11-11,1
1931,Discovery,2,2025-11-11,2025-11-12,1
1931,Demo,3,2025-11-12,2025-11-14,2
1931,Proposal,4,2025-11-14,2025-11-22,8
1931,Negotiation,5,2025-11-22,2025-12-07,15
1931,Closed Won,6,2025-12-07,,0
1933,Prospecting,1,2026-02-04,2026-02-05,1
1933,Discovery,2,2026-02-05,2026-02-24,19
1933,Demo,3,2026-02-24,2026-03-16,20
1933,Closed Lost,7,2026-03-16,,0
1941,Prospecting,1,2025-04-07,2025-04-08,1
1941,Discovery,2,2025-04-08,2025-04-12,4
1941,Demo,3,2025-04-12,2025-04-14,2
1941,Proposal,4,2025-04-14,2025-05-13,29
1941,Negotiation,5,2025-05-13,2025-05-15,2
1941,Closed Won,6,2025-05-17,,0
1942,Prospecting,1,2026-02-13,2026-02-15,2
1942,Discovery,2,2026-02-15,2026-03-31,44
1942,Demo,3,2026-03-31,2026-05-16,46
1942,Proposal,4,2026-05-16,2026-05-29,13
1942,Closed Lost,7,2026-05-31,,0
1943,Prospecting,1,2025-02-27,2025-03-01,2
1943,Discovery,2,2025-03-01,2025-03-14,13
1943,Demo,3,2025-03-14,2025-03-17,3
1943,Proposal,4,2025-03-17,2025-04-02,16
1943,Negotiation,5,2025-04-02,2025-04-03,1
1943,Closed Won,6,2025-04-06,,0
1944,Prospecting,1,2026-04-11,2026-06-26,76
1944,Discovery,2,2026-06-26,2026-07-11,15
1945,Prospecting,1,2026-05-28,2026-07-30,63
1949,Prospecting,1,2025-10-09,2025-10-10,1
1949,Discovery,2,2025-10-10,2025-10-24,14
1949,Demo,3,2025-10-24,2025-11-08,15
1949,Closed Lost,7,2025-11-10,,0
1950,Prospecting,1,2025-02-05,2025-02-06,1
1950,Discovery,2,2025-02-06,2025-02-13,7
1950,Demo,3,2025-02-13,2025-02-24,11
1950,Proposal,4,2025-02-24,2025-02-28,4
1950,Negotiation,5,2025-02-28,2025-03-02,2
1950,Closed Lost,7,2025-03-05,,0
1951,Prospecting,1,2025-11-05,2025-11-06,1
1951,Discovery,2,2025-11-06,2025-11-07,1
1951,Demo,3,2025-11-07,2025-11-24,17
1951,Proposal,4,2025-11-24,2025-12-13,19
1951,Negotiation,5,2025-12-13,2025-12-19,6
1951,Closed Won,6,2025-12-20,,0
1954,Prospecting,1,2026-04-22,2026-05-01,9
1954,Discovery,2,2026-05-01,2026-06-29,59
1954,Demo,3,2026-06-29,2026-07-16,17
1956,Prospecting,1,2025-02-19,2025-02-28,9
1956,Discovery,2,2025-02-28,2025-03-10,10
1956,Demo,3,2025-03-10,2025-03-21,11
1956,Proposal,4,2025-03-21,2025-04-06,16
1956,Negotiation,5,2025-04-06,2025-04-08,2
1956,Closed Won,6,2025-04-11,,0
1957,Prospecting,1,2025-11-01,2025-11-25,24
1957,Discovery,2,2025-11-25,2026-02-01,68
1957,Closed Lost,7,2026-02-02,,0
1960,Prospecting,1,2026-04-23,2026-11-23,214
1961,Prospecting,1,2025-10-18,2025-10-31,13
1961,Discovery,2,2025-10-31,2025-11-14,14
1961,Demo,3,2025-11-14,2025-11-17,3
1961,Proposal,4,2025-11-17,2025-11-22,5
1961,Negotiation,5,2025-11-22,2025-11-23,1
1961,Closed Won,6,2025-11-25,,0
1962,Prospecting,1,2026-04-21,2026-05-16,25
1962,Discovery,2,2026-05-16,2026-05-17,1
1962,Demo,3,2026-05-17,2026-05-18,1
1962,Proposal,4,2026-05-18,2026-05-21,3
1962,Negotiation,5,2026-05-21,2026-05-22,1
1962,Closed Lost,7,2026-05-22,,0
1965,Prospecting,1,2025-10-18,2026-03-09,142
1965,Discovery,2,2026-03-09,2026-03-16,7
1965,Closed Lost,7,2026-03-17,,0
1966,Prospecting,1,2026-06-06,2026-06-23,17
1966,Discovery,2,2026-06-23,2026-07-17,24
1966,Demo,3,2026-07-17,2026-07-18,1
1966,Proposal,4,2026-07-18,2026-07-27,9
1967,Prospecting,1,2025-07-02,2025-07-14,12
1967,Discovery,2,2025-07-14,2025-07-23,9
1967,Demo,3,2025-07-23,2025-08-08,16
1967,Proposal,4,2025-08-08,2025-09-30,53
1967,Closed Lost,7,2025-10-01,,0
1968,Prospecting,1,2025-11-07,2026-01-31,85
1968,Discovery,2,2026-01-31,2026-02-24,24
1968,Demo,3,2026-02-24,2026-03-24,28
1968,Proposal,4,2026-03-24,2026-04-05,12
1968,Closed Lost,7,2026-04-07,,0
1970,Prospecting,1,2025-04-25,2025-05-04,9
1970,Discovery,2,2025-05-04,2025-05-08,4
1970,Demo,3,2025-05-08,2025-05-12,4
1970,Proposal,4,2025-05-12,2025-05-20,8
1970,Closed Lost,7,2025-05-22,,0
1971,Prospecting,1,2025-12-04,2026-01-31,58
1971,Discovery,2,2026-01-31,2026-02-02,2
1971,Closed Lost,7,2026-02-03,,0
1973,Prospecting,1,2025-08-06,2025-08-07,1
1973,Discovery,2,2025-08-07,2025-08-11,4
1973,Demo,3,2025-08-11,2025-08-23,12
1973,Proposal,4,2025-08-23,2025-08-29,6
1973,Negotiation,5,2025-08-29,2025-09-28,30
1973,Closed Won,6,2025-10-02,,0
1974,Prospecting,1,2026-03-03,2026-03-04,1
1974,Discovery,2,2026-03-04,2026-03-08,4
1974,Demo,3,2026-03-08,2026-03-15,7
1974,Proposal,4,2026-03-15,2026-03-17,2
1974,Negotiation,5,2026-03-17,2026-03-22,5
1974,Closed Won,6,2026-03-23,,0
1976,Prospecting,1,2025-09-04,2025-09-08,4
1976,Discovery,2,2025-09-08,2025-10-01,23
1976,Demo,3,2025-10-01,2025-10-16,15
1976,Proposal,4,2025-10-16,2025-11-04,19
1976,Closed Lost,7,2025-11-05,,0
1977,Prospecting,1,2025-09-05,2025-10-19,44
1977,Discovery,2,2025-10-19,2025-12-01,43
1977,Demo,3,2025-12-01,2025-12-03,2
1977,Proposal,4,2025-12-03,2026-03-13,100
1977,Closed Lost,7,2026-03-14,,0
1979,Prospecting,1,2026-06-15,2026-07-17,32
1984,Prospecting,1,2025-01-10,2025-06-02,143
1984,Discovery,2,2025-06-02,2025-06-03,1
1984,Closed Lost,7,2025-06-03,,0
1985,Prospecting,1,2025-01-25,2025-01-26,1
1985,Discovery,2,2025-01-26,2025-01-31,5
1985,Demo,3,2025-01-31,2025-02-27,27
1985,Proposal,4,2025-02-27,2025-03-07,8
1985,Negotiation,5,2025-03-07,2025-03-13,6
1985,Closed Lost,7,2025-03-16,,0
1986,Prospecting,1,2025-10-12,2025-10-14,2
1986,Discovery,2,2025-10-14,2025-11-24,41
1986,Demo,3,2025-11-24,2025-11-25,1
1986,Closed Lost,7,2025-11-25,,0
1987,Prospecting,1,2026-02-27,2026-02-28,1
1987,Discovery,2,2026-02-28,2026-03-03,3
1987,Demo,3,2026-03-03,2026-03-26,23
1987,Proposal,4,2026-03-26,2026-04-04,9
1987,Closed Lost,7,2026-04-05,,0
1989,Prospecting,1,2025-07-22,2025-07-25,3
1989,Discovery,2,2025-07-25,2025-07-29,4
1989,Demo,3,2025-07-29,2025-09-01,34
1989,Proposal,4,2025-09-01,2025-09-05,4
1989,Negotiation,5,2025-09-05,2025-09-06,1
1989,Closed Won,6,2025-09-07,,0
1990,Prospecting,1,2026-06-05,2026-06-26,21
1990,Discovery,2,2026-06-26,2026-06-28,2
1990,Demo,3,2026-06-28,2026-07-12,14
1990,Proposal,4,2026-07-12,2026-07-23,11
1991,Prospecting,1,2024-11-04,2024-11-30,26
1991,Discovery,2,2024-11-30,2024-12-13,13
1991,Closed Lost,7,2024-12-14,,0
1992,Prospecting,1,2024-09-16,2024-09-26,10
1992,Discovery,2,2024-09-26,2024-10-02,6
1992,Demo,3,2024-10-02,2024-10-05,3
1992,Proposal,4,2024-10-05,2024-10-16,11
1992,Closed Lost,7,2024-10-18,,0
1993,Prospecting,1,2025-10-16,2025-10-24,8
1993,Discovery,2,2025-10-24,2025-10-31,7
1993,Demo,3,2025-10-31,2025-11-03,3
1993,Proposal,4,2025-11-03,2025-11-05,2
1993,Negotiation,5,2025-11-05,2025-11-06,1
1993,Closed Lost,7,2025-11-08,,0
1995,Prospecting,1,2025-02-02,2025-02-09,7
1995,Discovery,2,2025-02-09,2025-02-13,4
1995,Demo,3,2025-02-13,2025-02-14,1
1995,Proposal,4,2025-02-14,2025-02-27,13
1995,Negotiation,5,2025-02-27,2025-04-06,38
1995,Closed Won,6,2025-04-08,,0
1996,Prospecting,1,2026-04-20,2026-04-25,5
1996,Discovery,2,2026-04-25,2026-05-14,19
1996,Demo,3,2026-05-14,2026-05-18,4
1996,Proposal,4,2026-05-18,2026-05-19,1
1996,Negotiation,5,2026-05-19,2026-06-04,16
1996,Closed Lost,7,2026-06-06,,0
1999,Prospecting,1,2026-01-28,2026-02-18,21
1999,Discovery,2,2026-02-18,2026-02-20,2
1999,Demo,3,2026-02-20,2026-02-27,7
1999,Proposal,4,2026-02-27,2026-03-12,13
1999,Negotiation,5,2026-03-12,2026-04-07,26
1999,Closed Won,6,2026-04-10,,0
2000,Prospecting,1,2026-04-11,2026-04-13,2
2000,Discovery,2,2026-04-13,2026-05-29,46
2000,Demo,3,2026-05-29,2026-06-14,16
2000,Closed Lost,7,2026-06-16,,0
2006,Prospecting,1,2024-09-26,2024-09-29,3
2006,Discovery,2,2024-09-29,2024-10-22,23
2006,Demo,3,2024-10-22,2024-11-04,13
2006,Proposal,4,2024-11-04,2024-11-12,8
2006,Negotiation,5,2024-11-12,2024-11-22,10
2006,Closed Won,6,2024-11-25,,0
2007,Prospecting,1,2025-09-15,2025-10-12,27
2007,Discovery,2,2025-10-12,2025-10-13,1
2007,Closed Lost,7,2025-10-13,,0
2008,Prospecting,1,2026-04-20,2026-04-21,1
2008,Discovery,2,2026-04-21,2026-04-22,1
2008,Demo,3,2026-04-22,2026-04-28,6
2008,Proposal,4,2026-04-28,2026-04-29,1
2008,Closed Lost,7,2026-04-28,,0
2009,Prospecting,1,2024-08-03,2024-08-12,9
2009,Discovery,2,2024-08-12,2024-08-24,12
2009,Demo,3,2024-08-24,2024-08-25,1
2009,Proposal,4,2024-08-25,2024-08-26,1
2009,Negotiation,5,2024-08-26,2024-08-29,3
2009,Closed Won,6,2024-08-30,,0
2010,Prospecting,1,2025-06-14,2025-06-16,2
2010,Discovery,2,2025-06-16,2025-06-17,1
2010,Demo,3,2025-06-17,2025-07-01,14
2010,Proposal,4,2025-07-01,2025-07-17,16
2010,Negotiation,5,2025-07-17,2025-07-20,3
2010,Closed Won,6,2025-07-22,,0
2011,Prospecting,1,2026-01-25,2026-02-03,9
2011,Discovery,2,2026-02-03,2026-02-04,1
2011,Demo,3,2026-02-04,2026-02-09,5
2011,Proposal,4,2026-02-09,2026-02-10,1
2011,Closed Lost,7,2026-02-11,,0
2013,Prospecting,1,2025-02-22,2025-03-23,29
2013,Discovery,2,2025-03-23,2025-04-04,12
2013,Demo,3,2025-04-04,2025-04-15,11
2013,Proposal,4,2025-04-15,2025-04-20,5
2013,Closed Lost,7,2025-04-21,,0
2014,Prospecting,1,2026-03-18,2026-03-19,1
2014,Discovery,2,2026-03-19,2026-03-24,5
2014,Demo,3,2026-03-24,2026-03-26,2
2014,Proposal,4,2026-03-26,2026-04-13,18
2014,Negotiation,5,2026-04-13,2026-04-15,2
2014,Closed Lost,7,2026-04-16,,0
2017,Prospecting,1,2026-04-02,2026-04-09,7
2017,Discovery,2,2026-04-09,2026-04-21,12
2017,Demo,3,2026-04-21,2026-06-18,58
2017,Closed Lost,7,2026-06-20,,0
2018,Prospecting,1,2026-05-11,2026-05-12,1
2018,Discovery,2,2026-05-12,2026-05-22,10
2018,Demo,3,2026-05-22,2026-05-30,8
2018,Proposal,4,2026-05-30,2026-06-14,15
2018,Negotiation,5,2026-06-14,2026-06-26,12
2018,Closed Lost,7,2026-06-29,,0
2020,Prospecting,1,2026-03-09,2026-03-13,4
2020,Discovery,2,2026-03-13,2026-03-20,7
2020,Demo,3,2026-03-20,2026-04-03,14
2020,Closed Lost,7,2026-04-05,,0
2023,Prospecting,1,2026-01-08,2026-01-09,1
2023,Discovery,2,2026-01-09,2026-01-23,14
2023,Demo,3,2026-01-23,2026-02-03,11
2023,Proposal,4,2026-02-03,2026-02-18,15
2023,Negotiation,5,2026-02-18,2026-03-08,18
2023,Closed Won,6,2026-03-10,,0
2024,Prospecting,1,2026-05-02,2026-07-02,61
2024,Discovery,2,2026-07-02,2026-08-14,43
2027,Prospecting,1,2026-03-30,2026-04-24,25
2027,Discovery,2,2026-04-24,2026-04-25,1
2027,Demo,3,2026-04-25,2026-04-26,1
2027,Proposal,4,2026-04-26,2026-05-19,23
2027,Negotiation,5,2026-05-19,2026-05-25,6
2027,Closed Lost,7,2026-05-26,,0
2028,Prospecting,1,2026-01-24,2026-02-04,11
2028,Discovery,2,2026-02-04,2026-02-20,16
2028,Demo,3,2026-02-20,2026-02-25,5
2028,Closed Lost,7,2026-02-26,,0
2030,Prospecting,1,2026-06-25,2026-07-27,32
2030,Discovery,2,2026-07-27,2026-08-03,7
2035,Prospecting,1,2025-09-21,2025-09-28,7
2035,Discovery,2,2025-09-28,2025-10-17,19
2035,Demo,3,2025-10-17,2025-10-18,1
2035,Proposal,4,2025-10-18,2025-10-25,7
2035,Closed Lost,7,2025-10-26,,0
2037,Prospecting,1,2025-04-07,2025-04-08,1
2037,Discovery,2,2025-04-08,2025-04-16,8
2037,Demo,3,2025-04-16,2025-04-23,7
2037,Proposal,4,2025-04-23,2025-05-07,14
2037,Negotiation,5,2025-05-07,2025-06-09,33
2037,Closed Lost,7,2025-06-11,,0
2038,Prospecting,1,2026-04-18,2026-04-19,1
2038,Discovery,2,2026-04-19,2026-05-11,22
2038,Demo,3,2026-05-11,2026-05-14,3
2038,Proposal,4,2026-05-14,2026-05-15,1
2038,Negotiation,5,2026-05-15,2026-05-29,14
2038,Closed Won,6,2026-05-30,,0
2039,Prospecting,1,2025-12-09,2025-12-28,19
2039,Discovery,2,2025-12-28,2026-01-01,4
2039,Demo,3,2026-01-01,2026-01-17,16
2039,Proposal,4,2026-01-17,2026-01-27,10
2039,Closed Lost,7,2026-01-29,,0
2040,Prospecting,1,2026-03-02,2026-03-31,29
2040,Discovery,2,2026-03-31,2026-04-15,15
2040,Closed Lost,7,2026-04-16,,0
2046,Prospecting,1,2025-09-25,2025-09-26,1
2046,Discovery,2,2025-09-26,2025-10-13,17
2046,Demo,3,2025-10-13,2025-10-14,1
2046,Proposal,4,2025-10-14,2025-10-20,6
2046,Negotiation,5,2025-10-20,2025-11-02,13
2046,Closed Lost,7,2025-11-05,,0
2049,Prospecting,1,2024-10-22,2024-10-25,3
2049,Discovery,2,2024-10-25,2024-11-01,7
2049,Demo,3,2024-11-01,2024-11-04,3
2049,Proposal,4,2024-11-04,2024-11-10,6
2049,Closed Lost,7,2024-11-12,,0
2050,Prospecting,1,2025-07-17,2025-07-22,5
2050,Discovery,2,2025-07-22,2025-08-20,29
2050,Demo,3,2025-08-20,2025-09-01,12
2050,Closed Lost,7,2025-09-03,,0
2051,Prospecting,1,2025-08-16,2025-09-08,23
2051,Discovery,2,2025-09-08,2025-09-14,6
2051,Demo,3,2025-09-14,2025-09-22,8
2051,Closed Lost,7,2025-09-23,,0
2052,Prospecting,1,2026-06-17,2026-07-13,26
2052,Discovery,2,2026-07-13,2026-07-17,4
2052,Demo,3,2026-07-17,2026-07-19,2
2052,Proposal,4,2026-07-19,2026-07-21,2
2052,Negotiation,5,2026-07-21,2026-07-22,1
2053,Prospecting,1,2025-04-11,2025-06-04,54
2053,Discovery,2,2025-06-04,2025-06-14,10
2053,Demo,3,2025-06-14,2025-06-28,14
2053,Closed Lost,7,2025-06-30,,0
2054,Prospecting,1,2026-05-07,2026-07-12,66
2055,Prospecting,1,2026-04-14,2026-04-17,3
2055,Discovery,2,2026-04-17,2026-06-25,69
2055,Closed Lost,7,2026-06-26,,0
2057,Prospecting,1,2025-10-08,2025-10-15,7
2057,Discovery,2,2025-10-15,2025-10-16,1
2057,Demo,3,2025-10-16,2025-10-17,1
2057,Proposal,4,2025-10-17,2025-11-03,17
2057,Closed Lost,7,2025-11-05,,0
2058,Prospecting,1,2026-05-17,2026-05-18,1
2058,Discovery,2,2026-05-18,2026-06-11,24
2058,Closed Lost,7,2026-06-11,,0
2061,Prospecting,1,2024-10-11,2024-10-14,3
2061,Discovery,2,2024-10-14,2024-11-19,36
2061,Closed Lost,7,2024-11-20,,0
2062,Prospecting,1,2025-08-18,2025-09-11,24
2062,Discovery,2,2025-09-11,2025-09-25,14
2062,Demo,3,2025-09-25,2025-09-30,5
2062,Proposal,4,2025-09-30,2025-10-05,5
2062,Negotiation,5,2025-10-05,2025-10-30,25
2062,Closed Won,6,2025-11-02,,0
2063,Prospecting,1,2025-08-08,2025-09-05,28
2063,Discovery,2,2025-09-05,2025-09-23,18
2063,Demo,3,2025-09-23,2025-11-15,53
2063,Closed Lost,7,2025-11-16,,0
2064,Prospecting,1,2026-03-16,2026-05-11,56
2064,Discovery,2,2026-05-11,2026-06-13,33
2064,Demo,3,2026-06-13,2026-06-14,1
2064,Proposal,4,2026-06-14,2026-06-15,1
2064,Closed Lost,7,2026-06-16,,0
2065,Prospecting,1,2026-06-14,2026-06-25,11
2065,Discovery,2,2026-06-25,2026-06-29,4
2065,Closed Lost,7,2026-06-30,,0
2068,Prospecting,1,2026-03-15,2026-03-16,1
2068,Discovery,2,2026-03-16,2026-03-17,1
2068,Demo,3,2026-03-17,2026-03-18,1
2068,Proposal,4,2026-03-18,2026-03-24,6
2068,Negotiation,5,2026-03-24,2026-03-28,4
2068,Closed Won,6,2026-03-30,,0
2071,Prospecting,1,2026-06-14,2026-06-29,15
2071,Discovery,2,2026-06-29,2026-08-30,62
2071,Demo,3,2026-08-30,2026-12-14,106
2074,Prospecting,1,2026-04-20,2026-04-23,3
2074,Discovery,2,2026-04-23,2026-04-27,4
2074,Demo,3,2026-04-27,2026-05-05,8
2074,Proposal,4,2026-05-05,2026-05-10,5
2074,Negotiation,5,2026-05-10,2026-05-27,17
2074,Closed Won,6,2026-05-30,,0
2079,Prospecting,1,2025-07-20,2025-07-21,1
2079,Discovery,2,2025-07-21,2025-07-22,1
2079,Demo,3,2025-07-22,2025-07-30,8
2079,Proposal,4,2025-07-30,2025-08-02,3
2079,Negotiation,5,2025-08-02,2025-08-10,8
2079,Closed Won,6,2025-08-12,,0
2080,Prospecting,1,2026-06-28,2026-12-01,156
2081,Prospecting,1,2025-03-17,2025-04-04,18
2081,Discovery,2,2025-04-04,2025-04-06,2
2081,Demo,3,2025-04-06,2025-05-26,50
2081,Closed Lost,7,2025-05-28,,0
2082,Prospecting,1,2026-03-03,2026-03-20,17
2082,Discovery,2,2026-03-20,2026-04-07,18
2082,Demo,3,2026-04-07,2026-04-26,19
2082,Proposal,4,2026-04-26,2026-04-27,1
2082,Negotiation,5,2026-04-27,2026-04-29,2
2082,Closed Won,6,2026-04-30,,0
2083,Prospecting,1,2026-05-07,2026-07-05,59
2083,Discovery,2,2026-07-05,2026-10-13,100
2084,Prospecting,1,2026-04-02,2026-04-14,12
2084,Discovery,2,2026-04-14,2026-05-05,21
2084,Demo,3,2026-05-05,2026-05-14,9
2084,Closed Lost,7,2026-05-15,,0
2087,Prospecting,1,2025-05-07,2025-05-08,1
2087,Discovery,2,2025-05-08,2025-07-25,78
2087,Closed Lost,7,2025-07-26,,0
2088,Prospecting,1,2026-01-04,2026-03-28,83
2088,Discovery,2,2026-03-28,2026-03-30,2
2088,Demo,3,2026-03-30,2026-04-05,6
2088,Proposal,4,2026-04-05,2026-05-01,26
2088,Negotiation,5,2026-05-01,2026-05-02,1
2088,Closed Lost,7,2026-05-04,,0
2089,Prospecting,1,2026-04-17,2026-04-20,3
2089,Discovery,2,2026-04-20,2026-05-02,12
2089,Demo,3,2026-05-02,2026-05-23,21
2089,Proposal,4,2026-05-23,2026-06-17,25
2089,Negotiation,5,2026-06-17,2026-06-24,7
2089,Closed Lost,7,2026-06-26,,0
2091,Prospecting,1,2026-05-13,2026-05-14,1
2091,Discovery,2,2026-05-14,2026-05-22,8
2091,Demo,3,2026-05-22,2026-05-31,9
2091,Proposal,4,2026-05-31,2026-06-13,13
2091,Negotiation,5,2026-06-13,2026-06-16,3
2091,Closed Won,6,2026-06-17,,0
2095,Prospecting,1,2024-10-03,2024-10-06,3
2095,Discovery,2,2024-10-06,2024-11-30,55
2095,Demo,3,2024-11-30,2024-12-07,7
2095,Proposal,4,2024-12-07,2024-12-25,18
2095,Negotiation,5,2024-12-25,2025-01-04,10
2095,Closed Lost,7,2025-01-07,,0
2096,Prospecting,1,2025-08-04,2025-08-06,2
2096,Discovery,2,2025-08-06,2025-08-14,8
2096,Demo,3,2025-08-14,2025-09-28,45
2096,Proposal,4,2025-09-28,2025-12-16,79
2096,Closed Lost,7,2025-12-18,,0
2097,Prospecting,1,2024-12-19,2024-12-20,1
2097,Discovery,2,2024-12-20,2025-01-27,38
2097,Demo,3,2025-01-27,2025-02-08,12
2097,Proposal,4,2025-02-08,2025-02-15,7
2097,Negotiation,5,2025-02-15,2025-02-16,1
2097,Closed Lost,7,2025-02-17,,0
2104,Prospecting,1,2026-06-28,2026-07-02,4
2104,Discovery,2,2026-07-02,2026-07-10,8
2104,Demo,3,2026-07-10,2026-11-05,118
2104,Proposal,4,2026-11-05,2027-01-02,58
2104,Negotiation,5,2027-01-02,2027-01-06,4
2105,Prospecting,1,2024-11-18,2024-12-15,27
2105,Discovery,2,2024-12-15,2024-12-18,3
2105,Demo,3,2024-12-18,2024-12-26,8
2105,Proposal,4,2024-12-26,2025-01-10,15
2105,Closed Lost,7,2025-01-11,,0
2106,Prospecting,1,2025-09-03,2025-09-10,7
2106,Discovery,2,2025-09-10,2025-09-14,4
2106,Demo,3,2025-09-14,2025-09-15,1
2106,Proposal,4,2025-09-15,2025-09-16,1
2106,Negotiation,5,2025-09-16,2025-09-18,2
2106,Closed Won,6,2025-09-18,,0
2107,Prospecting,1,2026-05-05,2026-07-02,58
2107,Discovery,2,2026-07-02,2026-07-03,1
2107,Demo,3,2026-07-03,2026-07-09,6
2108,Prospecting,1,2025-09-17,2025-10-11,24
2108,Discovery,2,2025-10-11,2025-10-22,11
2108,Demo,3,2025-10-22,2025-10-29,7
2108,Proposal,4,2025-10-29,2025-10-30,1
2108,Closed Lost,7,2025-11-01,,0
2109,Prospecting,1,2026-03-18,2026-04-02,15
2109,Discovery,2,2026-04-02,2026-04-10,8
2109,Demo,3,2026-04-10,2026-04-11,1
2109,Proposal,4,2026-04-11,2026-04-14,3
2109,Negotiation,5,2026-04-14,2026-04-17,3
2109,Closed Won,6,2026-04-19,,0
2111,Prospecting,1,2025-10-18,2025-10-21,3
2111,Discovery,2,2025-10-21,2025-10-23,2
2111,Demo,3,2025-10-23,2025-10-27,4
2111,Proposal,4,2025-10-27,2025-11-05,9
2111,Negotiation,5,2025-11-05,2025-11-19,14
2111,Closed Won,6,2025-11-22,,0
2117,Prospecting,1,2024-09-29,2024-09-30,1
2117,Discovery,2,2024-09-30,2024-10-08,8
2117,Demo,3,2024-10-08,2024-11-22,45
2117,Proposal,4,2024-11-22,2024-11-28,6
2117,Negotiation,5,2024-11-28,2024-12-08,10
2117,Closed Lost,7,2024-12-08,,0
2118,Prospecting,1,2025-06-25,2025-08-27,63
2118,Discovery,2,2025-08-27,2025-09-21,25
2118,Closed Lost,7,2025-09-22,,0
2119,Prospecting,1,2026-02-17,2026-03-09,20
2119,Discovery,2,2026-03-09,2026-03-26,17
2119,Demo,3,2026-03-26,2026-04-03,8
2119,Proposal,4,2026-04-03,2026-04-06,3
2119,Negotiation,5,2026-04-06,2026-04-12,6
2119,Closed Won,6,2026-04-14,,0
2123,Prospecting,1,2024-11-09,2024-11-21,12
2123,Discovery,2,2024-11-21,2024-12-03,12
2123,Demo,3,2024-12-03,2025-02-23,82
2123,Closed Lost,7,2025-02-25,,0
2124,Prospecting,1,2026-06-30,2026-07-23,23
2124,Discovery,2,2026-07-23,2026-08-07,15
2125,Prospecting,1,2025-05-19,2025-05-20,1
2125,Discovery,2,2025-05-20,2025-05-26,6
2125,Demo,3,2025-05-26,2025-05-28,2
2125,Proposal,4,2025-05-28,2025-06-05,8
2125,Closed Lost,7,2025-06-05,,0
2126,Prospecting,1,2026-04-28,2026-05-02,4
2126,Discovery,2,2026-05-02,2026-05-03,1
2126,Demo,3,2026-05-03,2026-05-26,23
2126,Proposal,4,2026-05-26,2026-05-29,3
2126,Closed Lost,7,2026-05-31,,0
2127,Prospecting,1,2026-06-15,2026-06-22,7
2127,Discovery,2,2026-06-22,2026-06-23,1
2127,Demo,3,2026-06-23,2026-06-24,1
2127,Proposal,4,2026-06-24,2026-06-26,2
2127,Negotiation,5,2026-06-26,2026-06-28,2
2127,Closed Won,6,2026-06-29,,0
2128,Prospecting,1,2025-09-11,2025-09-18,7
2128,Discovery,2,2025-09-18,2025-10-10,22
2128,Demo,3,2025-10-10,2025-10-22,12
2128,Proposal,4,2025-10-22,2025-10-30,8
2128,Closed Lost,7,2025-11-02,,0
2129,Prospecting,1,2026-04-23,2026-04-25,2
2129,Discovery,2,2026-04-25,2026-05-21,26
2129,Demo,3,2026-05-21,2026-05-25,4
2129,Closed Lost,7,2026-05-27,,0
2131,Prospecting,1,2025-04-02,2025-04-14,12
2131,Discovery,2,2025-04-14,2025-04-22,8
2131,Demo,3,2025-04-22,2025-04-25,3
2131,Proposal,4,2025-04-25,2025-04-26,1
2131,Closed Lost,7,2025-04-27,,0
2132,Prospecting,1,2025-04-07,2025-04-13,6
2132,Discovery,2,2025-04-13,2025-04-27,14
2132,Demo,3,2025-04-27,2025-05-17,20
2132,Proposal,4,2025-05-17,2025-05-19,2
2132,Negotiation,5,2025-05-19,2025-07-09,51
2132,Closed Lost,7,2025-07-11,,0
2133,Prospecting,1,2026-03-18,2026-03-22,4
2133,Discovery,2,2026-03-22,2026-03-27,5
2133,Demo,3,2026-03-27,2026-04-19,23
2133,Proposal,4,2026-04-19,2026-05-11,22
2133,Negotiation,5,2026-05-11,2026-06-01,21
2133,Closed Lost,7,2026-06-03,,0
2134,Prospecting,1,2026-06-29,2026-07-14,15
2134,Discovery,2,2026-07-14,2026-07-23,9
2136,Prospecting,1,2024-10-14,2024-10-27,13
2136,Discovery,2,2024-10-27,2024-11-02,6
2136,Demo,3,2024-11-02,2024-11-11,9
2136,Proposal,4,2024-11-11,2024-11-14,3
2136,Negotiation,5,2024-11-14,2024-11-21,7
2136,Closed Won,6,2024-11-23,,0
2137,Prospecting,1,2025-05-12,2025-05-28,16
2137,Discovery,2,2025-05-28,2025-05-30,2
2137,Demo,3,2025-05-30,2025-06-15,16
2137,Proposal,4,2025-06-15,2025-06-20,5
2137,Negotiation,5,2025-06-20,2025-07-01,11
2137,Closed Won,6,2025-07-04,,0
2138,Prospecting,1,2025-09-01,2025-09-24,23
2138,Discovery,2,2025-09-24,2025-10-24,30
2138,Demo,3,2025-10-24,2025-11-04,11
2138,Proposal,4,2025-11-04,2025-12-12,38
2138,Negotiation,5,2025-12-12,2026-01-06,25
2138,Closed Won,6,2026-01-08,,0
2140,Prospecting,1,2025-06-25,2025-06-27,2
2140,Discovery,2,2025-06-27,2025-06-30,3
2140,Demo,3,2025-06-30,2025-07-01,1
2140,Closed Lost,7,2025-07-02,,0
2141,Prospecting,1,2026-05-05,2026-05-19,14
2141,Discovery,2,2026-05-19,2026-05-21,2
2141,Demo,3,2026-05-21,2026-05-22,1
2141,Proposal,4,2026-05-22,2026-05-24,2
2141,Closed Lost,7,2026-05-26,,0
2143,Prospecting,1,2025-04-08,2025-04-26,18
2143,Discovery,2,2025-04-26,2025-05-09,13
2143,Demo,3,2025-05-09,2025-05-21,12
2143,Proposal,4,2025-05-21,2025-06-01,11
2143,Negotiation,5,2025-06-01,2025-06-07,6
2143,Closed Lost,7,2025-06-10,,0
2144,Prospecting,1,2025-10-19,2025-10-28,9
2144,Discovery,2,2025-10-28,2025-12-14,47
2144,Demo,3,2025-12-14,2025-12-30,16
2144,Proposal,4,2025-12-30,2026-01-07,8
2144,Closed Lost,7,2026-01-09,,0
2145,Prospecting,1,2025-11-19,2025-11-23,4
2145,Discovery,2,2025-11-23,2025-11-30,7
2145,Demo,3,2025-11-30,2025-12-07,7
2145,Proposal,4,2025-12-07,2025-12-16,9
2145,Negotiation,5,2025-12-16,2025-12-19,3
2145,Closed Won,6,2025-12-22,,0
2146,Prospecting,1,2026-05-27,2026-06-01,5
2146,Discovery,2,2026-06-01,2026-06-11,10
2146,Demo,3,2026-06-11,2026-06-14,3
2146,Proposal,4,2026-06-14,2026-06-15,1
2146,Closed Lost,7,2026-06-16,,0
2147,Prospecting,1,2026-01-10,2026-01-15,5
2147,Discovery,2,2026-01-15,2026-01-24,9
2147,Demo,3,2026-01-24,2026-01-26,2
2147,Proposal,4,2026-01-26,2026-02-16,21
2147,Negotiation,5,2026-02-16,2026-02-17,1
2147,Closed Won,6,2026-02-21,,0
2153,Prospecting,1,2025-04-07,2025-04-08,1
2153,Discovery,2,2025-04-08,2025-04-11,3
2153,Demo,3,2025-04-11,2025-04-21,10
2153,Proposal,4,2025-04-21,2025-04-26,5
2153,Negotiation,5,2025-04-26,2025-05-03,7
2153,Closed Won,6,2025-05-06,,0
2154,Prospecting,1,2026-03-14,2026-03-17,3
2154,Discovery,2,2026-03-17,2026-03-20,3
2154,Demo,3,2026-03-20,2026-03-25,5
2154,Proposal,4,2026-03-25,2026-03-26,1
2154,Closed Lost,7,2026-03-27,,0
2155,Prospecting,1,2025-02-22,2025-02-26,4
2155,Discovery,2,2025-02-26,2025-04-05,38
2155,Demo,3,2025-04-05,2025-05-06,31
2155,Proposal,4,2025-05-06,2025-05-11,5
2155,Closed Lost,7,2025-05-12,,0
2156,Prospecting,1,2025-07-14,2025-07-15,1
2156,Discovery,2,2025-07-15,2025-07-16,1
2156,Demo,3,2025-07-16,2025-07-18,2
2156,Proposal,4,2025-07-18,2025-07-29,11
2156,Negotiation,5,2025-07-29,2025-08-04,6
2156,Closed Lost,7,2025-08-06,,0
2157,Prospecting,1,2024-10-22,2024-12-18,57
2157,Discovery,2,2024-12-18,2025-01-11,24
2157,Demo,3,2025-01-11,2025-01-19,8
2157,Proposal,4,2025-01-19,2025-02-05,17
2157,Negotiation,5,2025-02-05,2025-02-09,4
2157,Closed Won,6,2025-02-12,,0
2158,Prospecting,1,2024-10-09,2024-10-11,2
2158,Discovery,2,2024-10-11,2024-10-14,3
2158,Demo,3,2024-10-14,2024-11-12,29
2158,Closed Lost,7,2024-11-13,,0
2159,Prospecting,1,2025-07-17,2025-07-24,7
2159,Discovery,2,2025-07-24,2025-07-28,4
2159,Demo,3,2025-07-28,2025-08-22,25
2159,Proposal,4,2025-08-22,2025-08-25,3
2159,Negotiation,5,2025-08-25,2025-08-26,1
2159,Closed Won,6,2025-08-28,,0
2160,Prospecting,1,2024-09-23,2024-10-12,19
2160,Discovery,2,2024-10-12,2024-11-03,22
2160,Demo,3,2024-11-03,2024-11-11,8
2160,Proposal,4,2024-11-11,2024-12-14,33
2160,Negotiation,5,2024-12-14,2024-12-26,12
2160,Closed Lost,7,2024-12-29,,0
2161,Prospecting,1,2025-04-20,2025-04-21,1
2161,Discovery,2,2025-04-21,2025-05-03,12
2161,Demo,3,2025-05-03,2025-06-04,32
2161,Proposal,4,2025-06-04,2025-06-06,2
2161,Negotiation,5,2025-06-06,2025-07-17,41
2161,Closed Lost,7,2025-07-20,,0
2162,Prospecting,1,2026-03-07,2026-03-18,11
2162,Discovery,2,2026-03-18,2026-04-09,22
2162,Demo,3,2026-04-09,2026-04-14,5
2162,Proposal,4,2026-04-14,2026-06-08,55
2162,Negotiation,5,2026-06-08,2026-06-13,5
2162,Closed Won,6,2026-06-16,,0
2164,Prospecting,1,2025-12-14,2025-12-20,6
2164,Discovery,2,2025-12-20,2025-12-29,9
2164,Demo,3,2025-12-29,2026-01-27,29
2164,Proposal,4,2026-01-27,2026-01-28,1
2164,Negotiation,5,2026-01-28,2026-02-14,17
2164,Closed Won,6,2026-02-16,,0
2165,Prospecting,1,2025-07-08,2025-07-09,1
2165,Discovery,2,2025-07-09,2025-07-18,9
2165,Demo,3,2025-07-18,2025-07-22,4
2165,Proposal,4,2025-07-22,2025-07-30,8
2165,Negotiation,5,2025-07-30,2025-08-05,6
2165,Closed Lost,7,2025-08-07,,0
2166,Prospecting,1,2026-02-20,2026-02-22,2
2166,Discovery,2,2026-02-22,2026-02-23,1
2166,Demo,3,2026-02-23,2026-02-26,3
2166,Proposal,4,2026-02-26,2026-03-01,3
2166,Negotiation,5,2026-03-01,2026-03-16,15
2166,Closed Won,6,2026-03-19,,0
2167,Prospecting,1,2025-04-02,2025-04-03,1
2167,Discovery,2,2025-04-03,2025-04-16,13
2167,Demo,3,2025-04-16,2025-04-25,9
2167,Proposal,4,2025-04-25,2025-05-01,6
2167,Negotiation,5,2025-05-01,2025-05-06,5
2167,Closed Lost,7,2025-05-08,,0
2168,Prospecting,1,2025-10-28,2025-10-29,1
2168,Discovery,2,2025-10-29,2025-11-02,4
2168,Demo,3,2025-11-02,2025-11-05,3
2168,Proposal,4,2025-11-05,2025-11-10,5
2168,Closed Lost,7,2025-11-12,,0
2169,Prospecting,1,2026-05-30,2026-07-01,32
2169,Discovery,2,2026-07-01,2026-07-30,29
2171,Prospecting,1,2024-12-17,2025-01-25,39
2171,Discovery,2,2025-01-25,2025-01-28,3
2171,Closed Lost,7,2025-01-29,,0
2172,Prospecting,1,2025-08-07,2025-09-06,30
2172,Discovery,2,2025-09-06,2025-09-08,2
2172,Demo,3,2025-09-08,2025-10-14,36
2172,Closed Lost,7,2025-10-15,,0
2178,Prospecting,1,2026-04-22,2026-05-04,12
2178,Discovery,2,2026-05-04,2026-05-10,6
2178,Demo,3,2026-05-10,2026-05-18,8
2178,Proposal,4,2026-05-18,2026-05-26,8
2178,Negotiation,5,2026-05-26,2026-05-27,1
2178,Closed Won,6,2026-05-29,,0
2180,Prospecting,1,2026-01-27,2026-01-30,3
2180,Discovery,2,2026-01-30,2026-02-01,2
2180,Demo,3,2026-02-01,2026-02-02,1
2180,Proposal,4,2026-02-02,2026-02-03,1
2180,Negotiation,5,2026-02-03,2026-02-18,15
2180,Closed Lost,7,2026-02-19,,0
2182,Prospecting,1,2025-07-22,2025-07-26,4
2182,Discovery,2,2025-07-26,2025-07-30,4
2182,Demo,3,2025-07-30,2025-08-05,6
2182,Proposal,4,2025-08-05,2025-08-08,3
2182,Negotiation,5,2025-08-08,2025-08-17,9
2182,Closed Lost,7,2025-08-20,,0
2185,Prospecting,1,2025-11-12,2025-11-24,12
2185,Discovery,2,2025-11-24,2025-11-27,3
2185,Demo,3,2025-11-27,2025-12-04,7
2185,Proposal,4,2025-12-04,2025-12-07,3
2185,Closed Lost,7,2025-12-08,,0
2192,Prospecting,1,2025-09-11,2025-10-17,36
2192,Discovery,2,2025-10-17,2025-10-19,2
2192,Closed Lost,7,2025-10-20,,0
2193,Prospecting,1,2025-09-16,2025-09-19,3
2193,Discovery,2,2025-09-19,2025-09-22,3
2193,Demo,3,2025-09-22,2025-10-11,19
2193,Proposal,4,2025-10-11,2025-10-17,6
2193,Closed Lost,7,2025-10-19,,0
2194,Prospecting,1,2025-04-06,2025-04-23,17
2194,Discovery,2,2025-04-23,2025-05-02,9
2194,Closed Lost,7,2025-05-03,,0
2195,Prospecting,1,2026-01-30,2026-01-31,1
2195,Discovery,2,2026-01-31,2026-02-04,4
2195,Demo,3,2026-02-04,2026-02-05,1
2195,Proposal,4,2026-02-05,2026-02-06,1
2195,Negotiation,5,2026-02-06,2026-02-09,3
2195,Closed Lost,7,2026-02-08,,0
2196,Prospecting,1,2025-08-25,2025-08-27,2
2196,Discovery,2,2025-08-27,2025-09-05,9
2196,Demo,3,2025-09-05,2025-09-20,15
2196,Proposal,4,2025-09-20,2025-11-12,53
2196,Closed Lost,7,2025-11-14,,0
2201,Prospecting,1,2026-04-24,2026-05-23,29
2201,Discovery,2,2026-05-23,2026-06-05,13
2201,Demo,3,2026-06-05,2026-06-07,2
2201,Proposal,4,2026-06-07,2026-08-08,62
2202,Prospecting,1,2025-08-22,2025-10-11,50
2202,Discovery,2,2025-10-11,2025-10-13,2
2202,Demo,3,2025-10-13,2025-10-19,6
2202,Closed Lost,7,2025-10-21,,0
2203,Prospecting,1,2026-03-19,2026-05-19,61
2203,Discovery,2,2026-05-19,2026-05-23,4
2203,Closed Lost,7,2026-05-24,,0
2204,Prospecting,1,2025-08-26,2025-08-27,1
2204,Discovery,2,2025-08-27,2025-09-17,21
2204,Demo,3,2025-09-17,2025-09-18,1
2204,Proposal,4,2025-09-18,2025-09-20,2
2204,Closed Lost,7,2025-09-22,,0
2205,Prospecting,1,2026-04-29,2026-04-30,1
2205,Discovery,2,2026-04-30,2026-05-27,27
2205,Demo,3,2026-05-27,2026-07-30,64
2206,Prospecting,1,2026-03-19,2026-03-20,1
2206,Discovery,2,2026-03-20,2026-03-21,1
2206,Demo,3,2026-03-21,2026-03-22,1
2206,Proposal,4,2026-03-22,2026-03-23,1
2206,Negotiation,5,2026-03-23,2026-03-25,2
2206,Closed Won,6,2026-03-26,,0
2213,Prospecting,1,2025-02-10,2025-02-17,7
2213,Discovery,2,2025-02-17,2025-03-11,22
2213,Demo,3,2025-03-11,2025-03-18,7
2213,Closed Lost,7,2025-03-20,,0
2214,Prospecting,1,2025-11-13,2025-11-21,8
2214,Discovery,2,2025-11-21,2025-12-03,12
2214,Demo,3,2025-12-03,2025-12-11,8
2214,Proposal,4,2025-12-11,2025-12-12,1
2214,Closed Lost,7,2025-12-13,,0
2216,Prospecting,1,2026-02-28,2026-03-07,7
2216,Discovery,2,2026-03-07,2026-03-16,9
2216,Demo,3,2026-03-16,2026-03-19,3
2216,Proposal,4,2026-03-19,2026-04-19,31
2216,Negotiation,5,2026-04-19,2026-04-26,7
2216,Closed Lost,7,2026-04-28,,0
2218,Prospecting,1,2025-10-04,2025-10-05,1
2218,Discovery,2,2025-10-05,2025-10-06,1
2218,Demo,3,2025-10-06,2025-10-09,3
2218,Proposal,4,2025-10-09,2025-10-15,6
2218,Closed Lost,7,2025-10-15,,0
2219,Prospecting,1,2025-03-24,2025-03-25,1
2219,Discovery,2,2025-03-25,2025-04-13,19
2219,Demo,3,2025-04-13,2025-05-28,45
2219,Proposal,4,2025-05-28,2025-06-21,24
2219,Negotiation,5,2025-06-21,2025-06-24,3
2219,Closed Won,6,2025-06-25,,0
2222,Prospecting,1,2025-06-02,2025-06-12,10
2222,Discovery,2,2025-06-12,2025-06-25,13
2222,Demo,3,2025-06-25,2025-07-08,13
2222,Proposal,4,2025-07-08,2025-07-20,12
2222,Negotiation,5,2025-07-20,2025-07-21,1
2222,Closed Won,6,2025-07-25,,0
2224,Prospecting,1,2025-09-26,2025-09-28,2
2224,Discovery,2,2025-09-28,2025-11-12,45
2224,Demo,3,2025-11-12,2025-11-13,1
2224,Closed Lost,7,2025-11-14,,0
2225,Prospecting,1,2026-02-23,2026-03-05,10
2225,Discovery,2,2026-03-05,2026-03-07,2
2225,Demo,3,2026-03-07,2026-03-12,5
2225,Proposal,4,2026-03-12,2026-03-14,2
2225,Closed Lost,7,2026-03-15,,0
2228,Prospecting,1,2025-11-25,2025-12-10,15
2228,Discovery,2,2025-12-10,2025-12-11,1
2228,Demo,3,2025-12-11,2025-12-21,10
2228,Proposal,4,2025-12-21,2025-12-29,8
2228,Closed Lost,7,2025-12-30,,0
2230,Prospecting,1,2026-04-14,2026-04-17,3
2230,Discovery,2,2026-04-17,2026-04-29,12
2230,Demo,3,2026-04-29,2026-05-14,15
2230,Closed Lost,7,2026-05-15,,0
2233,Prospecting,1,2025-03-07,2025-04-11,35
2233,Discovery,2,2025-04-11,2025-04-19,8
2233,Demo,3,2025-04-19,2025-05-12,23
2233,Closed Lost,7,2025-05-13,,0
2234,Prospecting,1,2025-09-16,2025-09-27,11
2234,Discovery,2,2025-09-27,2026-01-29,124
2234,Closed Lost,7,2026-01-30,,0
2235,Prospecting,1,2026-05-22,2026-05-26,4
2235,Discovery,2,2026-05-26,2026-06-01,6
2235,Demo,3,2026-06-01,2026-06-09,8
2235,Proposal,4,2026-06-09,2026-06-11,2
2235,Negotiation,5,2026-06-11,2026-06-15,4
2235,Closed Won,6,2026-06-18,,0
2236,Prospecting,1,2026-06-12,2026-06-17,5
2236,Discovery,2,2026-06-17,2026-06-20,3
2236,Demo,3,2026-06-20,2026-06-22,2
2236,Proposal,4,2026-06-22,2026-06-23,1
2236,Negotiation,5,2026-06-23,2026-06-24,1
2236,Closed Won,6,2026-06-24,,0
2238,Prospecting,1,2025-03-08,2025-04-09,32
2238,Discovery,2,2025-04-09,2025-04-21,12
2238,Closed Lost,7,2025-04-22,,0
2239,Prospecting,1,2026-02-05,2026-02-23,18
2239,Discovery,2,2026-02-23,2026-03-03,8
2239,Demo,3,2026-03-03,2026-03-07,4
2239,Proposal,4,2026-03-07,2026-03-12,5
2239,Negotiation,5,2026-03-12,2026-03-17,5
2239,Closed Won,6,2026-03-19,,0
2240,Prospecting,1,2026-05-06,2026-06-04,29
2240,Discovery,2,2026-06-04,2026-06-10,6
2240,Demo,3,2026-06-10,2026-06-15,5
2240,Closed Lost,7,2026-06-17,,0
2244,Prospecting,1,2025-09-21,2025-11-05,45
2244,Discovery,2,2025-11-05,2025-11-19,14
2244,Closed Lost,7,2025-11-20,,0
2245,Prospecting,1,2025-10-26,2025-10-27,1
2245,Discovery,2,2025-10-27,2025-10-28,1
2245,Demo,3,2025-10-28,2025-12-10,43
2245,Proposal,4,2025-12-10,2026-01-04,25
2245,Closed Lost,7,2026-01-06,,0
2246,Prospecting,1,2025-07-28,2025-08-24,27
2246,Discovery,2,2025-08-24,2025-08-28,4
2246,Demo,3,2025-08-28,2025-09-04,7
2246,Proposal,4,2025-09-04,2025-09-05,1
2246,Negotiation,5,2025-09-05,2025-09-18,13
2246,Closed Lost,7,2025-09-20,,0
2247,Prospecting,1,2026-03-22,2026-04-06,15
2247,Discovery,2,2026-04-06,2026-04-08,2
2247,Demo,3,2026-04-08,2026-04-24,16
2247,Closed Lost,7,2026-04-26,,0
2248,Prospecting,1,2026-02-26,2026-03-07,9
2248,Discovery,2,2026-03-07,2026-03-21,14
2248,Demo,3,2026-03-21,2026-04-04,14
2248,Proposal,4,2026-04-04,2026-04-28,24
2248,Closed Lost,7,2026-04-29,,0
2250,Prospecting,1,2026-06-02,2026-06-24,22
2250,Discovery,2,2026-06-24,2026-06-28,4
2250,Demo,3,2026-06-28,2026-06-29,1
2250,Proposal,4,2026-06-29,2026-07-05,6
2250,Negotiation,5,2026-07-05,2026-07-17,12
2256,Prospecting,1,2025-07-16,2025-07-31,15
2256,Discovery,2,2025-07-31,2025-08-11,11
2256,Demo,3,2025-08-11,2025-08-24,13
2256,Proposal,4,2025-08-24,2025-09-05,12
2256,Closed Lost,7,2025-09-07,,0
2257,Prospecting,1,2025-08-09,2025-08-19,10
2257,Discovery,2,2025-08-19,2025-09-11,23
2257,Demo,3,2025-09-11,2025-09-28,17
2257,Closed Lost,7,2025-09-30,,0
2260,Prospecting,1,2026-05-24,2026-06-10,17
2260,Discovery,2,2026-06-10,2026-06-13,3
2260,Demo,3,2026-06-13,2026-09-15,94
2263,Prospecting,1,2025-11-20,2025-11-23,3
2263,Discovery,2,2025-11-23,2025-11-24,1
2263,Demo,3,2025-11-24,2025-12-06,12
2263,Proposal,4,2025-12-06,2025-12-14,8
2263,Negotiation,5,2025-12-14,2025-12-16,2
2263,Closed Won,6,2025-12-19,,0
2266,Prospecting,1,2025-04-07,2025-06-18,72
2266,Discovery,2,2025-06-18,2025-06-25,7
2266,Demo,3,2025-06-25,2025-07-11,16
2266,Closed Lost,7,2025-07-12,,0
2267,Prospecting,1,2024-10-29,2024-11-07,9
2267,Discovery,2,2024-11-07,2024-11-20,13
2267,Demo,3,2024-11-20,2024-12-01,11
2267,Proposal,4,2024-12-01,2024-12-04,3
2267,Negotiation,5,2024-12-04,2025-01-25,52
2267,Closed Lost,7,2025-01-28,,0
2268,Prospecting,1,2025-10-06,2025-10-11,5
2268,Discovery,2,2025-10-11,2025-10-29,18
2268,Demo,3,2025-10-29,2025-11-23,25
2268,Proposal,4,2025-11-23,2025-12-21,28
2268,Negotiation,5,2025-12-21,2025-12-24,3
2268,Closed Lost,7,2025-12-26,,0
2269,Prospecting,1,2026-04-17,2026-05-24,37
2269,Discovery,2,2026-05-24,2026-06-03,10
2269,Demo,3,2026-06-03,2026-07-19,46
2271,Prospecting,1,2025-10-06,2025-10-07,1
2271,Discovery,2,2025-10-07,2025-10-08,1
2271,Demo,3,2025-10-08,2025-10-14,6
2271,Proposal,4,2025-10-14,2025-10-18,4
2271,Negotiation,5,2025-10-18,2025-10-19,1
2271,Closed Lost,7,2025-10-19,,0
2275,Prospecting,1,2024-08-30,2024-09-28,29
2275,Discovery,2,2024-09-28,2024-10-05,7
2275,Demo,3,2024-10-05,2024-12-13,69
2275,Proposal,4,2024-12-13,2024-12-30,17
2275,Negotiation,5,2024-12-30,2025-01-13,14
2275,Closed Lost,7,2025-01-15,,0
2276,Prospecting,1,2026-04-27,2026-05-19,22
2276,Discovery,2,2026-05-19,2026-05-20,1
2276,Demo,3,2026-05-20,2026-05-28,8
2276,Proposal,4,2026-05-28,2026-06-30,33
2279,Prospecting,1,2025-12-15,2026-01-22,38
2279,Discovery,2,2026-01-22,2026-01-26,4
2279,Demo,3,2026-01-26,2026-02-09,14
2279,Proposal,4,2026-02-09,2026-02-19,10
2279,Negotiation,5,2026-02-19,2026-03-10,19
2279,Closed Won,6,2026-03-13,,0
2281,Prospecting,1,2026-03-12,2026-03-18,6
2281,Discovery,2,2026-03-18,2026-03-25,7
2281,Demo,3,2026-03-25,2026-03-27,2
2281,Proposal,4,2026-03-27,2026-03-30,3
2281,Negotiation,5,2026-03-30,2026-03-31,1
2281,Closed Won,6,2026-04-03,,0
2284,Prospecting,1,2025-11-14,2025-11-15,1
2284,Discovery,2,2025-11-15,2025-11-20,5
2284,Demo,3,2025-11-20,2025-11-24,4
2284,Proposal,4,2025-11-24,2025-11-25,1
2284,Negotiation,5,2025-11-25,2025-11-29,4
2284,Closed Won,6,2025-12-02,,0
2288,Prospecting,1,2025-12-18,2025-12-21,3
2288,Discovery,2,2025-12-21,2025-12-22,1
2288,Demo,3,2025-12-22,2025-12-31,9
2288,Closed Lost,7,2026-01-01,,0
2293,Prospecting,1,2026-03-03,2026-03-25,22
2293,Discovery,2,2026-03-25,2026-03-30,5
2293,Closed Lost,7,2026-03-31,,0
2294,Prospecting,1,2026-06-27,2026-08-11,45
2297,Prospecting,1,2025-05-01,2025-05-04,3
2297,Discovery,2,2025-05-04,2025-05-13,9
2297,Demo,3,2025-05-13,2025-05-25,12
2297,Proposal,4,2025-05-25,2025-05-28,3
2297,Closed Lost,7,2025-05-30,,0
2298,Prospecting,1,2025-11-04,2025-11-12,8
2298,Discovery,2,2025-11-12,2025-12-01,19
2298,Demo,3,2025-12-01,2025-12-10,9
2298,Proposal,4,2025-12-10,2025-12-18,8
2298,Closed Lost,7,2025-12-20,,0
2300,Prospecting,1,2025-09-15,2025-09-29,14
2300,Discovery,2,2025-09-29,2025-10-10,11
2300,Demo,3,2025-10-10,2025-10-19,9
2300,Proposal,4,2025-10-19,2025-10-20,1
2300,Negotiation,5,2025-10-20,2025-10-21,1
2300,Closed Won,6,2025-10-22,,0
2301,Prospecting,1,2025-02-20,2025-04-25,64
2301,Discovery,2,2025-04-25,2025-05-02,7
2301,Demo,3,2025-05-02,2025-05-03,1
2301,Proposal,4,2025-05-03,2025-05-05,2
2301,Negotiation,5,2025-05-05,2025-05-06,1
2301,Closed Lost,7,2025-05-06,,0
2302,Prospecting,1,2026-02-13,2026-02-23,10
2302,Discovery,2,2026-02-23,2026-02-26,3
2302,Demo,3,2026-02-26,2026-02-28,2
2302,Proposal,4,2026-02-28,2026-03-04,4
2302,Negotiation,5,2026-03-04,2026-03-05,1
2302,Closed Won,6,2026-03-08,,0
2306,Prospecting,1,2025-08-01,2025-11-04,95
2306,Discovery,2,2025-11-04,2026-01-08,65
2306,Closed Lost,7,2026-01-09,,0
2307,Prospecting,1,2025-04-29,2025-06-25,57
2307,Discovery,2,2025-06-25,2025-07-05,10
2307,Demo,3,2025-07-05,2025-07-07,2
2307,Proposal,4,2025-07-07,2025-10-04,89
2307,Negotiation,5,2025-10-04,2025-11-09,36
2307,Closed Won,6,2025-11-11,,0
2308,Prospecting,1,2025-12-15,2025-12-25,10
2308,Discovery,2,2025-12-25,2026-01-03,9
2308,Demo,3,2026-01-03,2026-01-28,25
2308,Proposal,4,2026-01-28,2026-02-19,22
2308,Negotiation,5,2026-02-19,2026-03-10,19
2308,Closed Won,6,2026-03-13,,0
2313,Prospecting,1,2026-04-17,2026-04-22,5
2313,Discovery,2,2026-04-22,2026-05-09,17
2313,Demo,3,2026-05-09,2026-05-10,1
2313,Proposal,4,2026-05-10,2026-05-15,5
2313,Closed Lost,7,2026-05-16,,0
2314,Prospecting,1,2026-06-30,2026-07-30,30
2319,Prospecting,1,2024-11-25,2025-03-27,122
2319,Discovery,2,2025-03-27,2025-04-15,19
2319,Demo,3,2025-04-15,2025-05-03,18
2319,Proposal,4,2025-05-03,2025-06-02,30
2319,Closed Lost,7,2025-06-04,,0
2320,Prospecting,1,2026-01-13,2026-02-01,19
2320,Discovery,2,2026-02-01,2026-03-22,49
2320,Demo,3,2026-03-22,2026-03-23,1
2320,Proposal,4,2026-03-23,2026-03-31,8
2320,Negotiation,5,2026-03-31,2026-04-07,7
2320,Closed Lost,7,2026-04-09,,0
2321,Prospecting,1,2026-05-31,2026-07-16,46
2323,Prospecting,1,2026-06-11,2026-07-29,48
2323,Discovery,2,2026-07-29,2026-08-06,8
2323,Demo,3,2026-08-06,2026-08-12,6
2326,Prospecting,1,2025-08-23,2025-09-12,20
2326,Discovery,2,2025-09-12,2025-09-13,1
2326,Demo,3,2025-09-13,2025-09-20,7
2326,Closed Lost,7,2025-09-22,,0
2327,Prospecting,1,2026-05-03,2026-05-05,2
2327,Discovery,2,2026-05-05,2026-05-12,7
2327,Demo,3,2026-05-12,2026-05-18,6
2327,Proposal,4,2026-05-18,2026-05-31,13
2327,Closed Lost,7,2026-06-01,,0
2329,Prospecting,1,2026-06-19,2026-08-25,67
2329,Discovery,2,2026-08-25,2026-09-01,7
2329,Demo,3,2026-09-01,2026-10-01,30
2329,Proposal,4,2026-10-01,2026-10-21,20
2329,Negotiation,5,2026-10-21,2026-12-01,41
2331,Prospecting,1,2025-02-15,2025-04-03,47
2331,Discovery,2,2025-04-03,2025-04-06,3
2331,Closed Lost,7,2025-04-07,,0
2332,Prospecting,1,2025-11-06,2025-11-19,13
2332,Discovery,2,2025-11-19,2025-12-12,23
2332,Demo,3,2025-12-12,2025-12-26,14
2332,Closed Lost,7,2025-12-27,,0
2333,Prospecting,1,2024-10-04,2024-11-04,31
2333,Discovery,2,2024-11-04,2024-11-18,14
2333,Demo,3,2024-11-18,2024-11-19,1
2333,Proposal,4,2024-11-19,2024-12-03,14
2333,Closed Lost,7,2024-12-04,,0
2334,Prospecting,1,2025-07-04,2025-07-10,6
2334,Discovery,2,2025-07-10,2025-07-29,19
2334,Closed Lost,7,2025-07-30,,0
2335,Prospecting,1,2026-02-16,2026-02-17,1
2335,Discovery,2,2026-02-17,2026-02-22,5
2335,Demo,3,2026-02-22,2026-02-28,6
2335,Proposal,4,2026-02-28,2026-03-01,1
2335,Negotiation,5,2026-03-01,2026-03-11,10
2335,Closed Won,6,2026-03-13,,0
2336,Prospecting,1,2025-10-09,2025-10-20,11
2336,Discovery,2,2025-10-20,2025-10-27,7
2336,Demo,3,2025-10-27,2025-11-19,23
2336,Proposal,4,2025-11-19,2025-11-26,7
2336,Closed Lost,7,2025-11-28,,0
2340,Prospecting,1,2025-12-16,2025-12-17,1
2340,Discovery,2,2025-12-17,2026-01-01,15
2340,Demo,3,2026-01-01,2026-01-02,1
2340,Proposal,4,2026-01-02,2026-01-03,1
2340,Negotiation,5,2026-01-03,2026-01-07,4
2340,Closed Won,6,2026-01-05,,0
2342,Prospecting,1,2025-05-11,2025-05-14,3
2342,Discovery,2,2025-05-14,2025-05-17,3
2342,Demo,3,2025-05-17,2025-05-27,10
2342,Proposal,4,2025-05-27,2025-05-28,1
2342,Negotiation,5,2025-05-28,2025-06-01,4
2342,Closed Won,6,2025-06-03,,0
2343,Prospecting,1,2026-02-20,2026-02-28,8
2343,Discovery,2,2026-02-28,2026-03-07,7
2343,Demo,3,2026-03-07,2026-03-21,14
2343,Proposal,4,2026-03-21,2026-03-26,5
2343,Negotiation,5,2026-03-26,2026-04-05,10
2343,Closed Lost,7,2026-04-07,,0
2345,Prospecting,1,2026-02-08,2026-05-17,98
2345,Discovery,2,2026-05-17,2026-06-28,42
2345,Demo,3,2026-06-28,2026-07-07,9
2346,Prospecting,1,2026-01-16,2026-01-28,12
2346,Discovery,2,2026-01-28,2026-02-01,4
2346,Demo,3,2026-02-01,2026-02-03,2
2346,Proposal,4,2026-02-03,2026-02-06,3
2346,Negotiation,5,2026-02-06,2026-02-14,8
2346,Closed Lost,7,2026-02-18,,0
2349,Prospecting,1,2025-11-28,2025-12-19,21
2349,Discovery,2,2025-12-19,2026-04-28,130
2349,Closed Lost,7,2026-04-29,,0
2350,Prospecting,1,2025-03-03,2025-03-14,11
2350,Discovery,2,2025-03-14,2025-03-22,8
2350,Demo,3,2025-03-22,2025-06-06,76
2350,Closed Lost,7,2025-06-08,,0
2351,Prospecting,1,2026-01-23,2026-01-24,1
2351,Discovery,2,2026-01-24,2026-01-25,1
2351,Demo,3,2026-01-25,2026-02-20,26
2351,Proposal,4,2026-02-20,2026-02-27,7
2351,Negotiation,5,2026-02-27,2026-04-04,36
2351,Closed Won,6,2026-04-05,,0
2353,Prospecting,1,2026-04-16,2026-07-07,82
2353,Discovery,2,2026-07-07,2026-08-06,30
2354,Prospecting,1,2024-10-18,2024-11-05,18
2354,Discovery,2,2024-11-05,2024-11-10,5
2354,Demo,3,2024-11-10,2024-11-27,17
2354,Closed Lost,7,2024-11-28,,0
2355,Prospecting,1,2025-09-02,2025-09-09,7
2355,Discovery,2,2025-09-09,2025-09-11,2
2355,Demo,3,2025-09-11,2025-09-14,3
2355,Closed Lost,7,2025-09-16,,0
2356,Prospecting,1,2026-06-04,2026-07-24,50
2357,Prospecting,1,2024-08-27,2024-09-09,13
2357,Discovery,2,2024-09-09,2024-09-14,5
2357,Demo,3,2024-09-14,2024-09-20,6
2357,Proposal,4,2024-09-20,2024-09-26,6
2357,Closed Lost,7,2024-09-27,,0
2358,Prospecting,1,2025-05-15,2025-05-20,5
2358,Discovery,2,2025-05-20,2025-05-24,4
2358,Demo,3,2025-05-24,2025-05-27,3
2358,Proposal,4,2025-05-27,2025-05-28,1
2358,Negotiation,5,2025-05-28,2025-05-29,1
2358,Closed Won,6,2025-06-01,,0
2360,Prospecting,1,2025-12-20,2025-12-25,5
2360,Discovery,2,2025-12-25,2026-01-03,9
2360,Demo,3,2026-01-03,2026-01-15,12
2360,Proposal,4,2026-01-15,2026-01-22,7
2360,Negotiation,5,2026-01-22,2026-01-28,6
2360,Closed Lost,7,2026-01-30,,0
2363,Prospecting,1,2026-02-06,2026-02-23,17
2363,Discovery,2,2026-02-23,2026-04-18,54
2363,Demo,3,2026-04-18,2026-04-26,8
2363,Proposal,4,2026-04-26,2026-05-02,6
2363,Negotiation,5,2026-05-02,2026-05-08,6
2363,Closed Won,6,2026-05-10,,0
2365,Prospecting,1,2024-09-05,2024-10-01,26
2365,Discovery,2,2024-10-01,2024-10-02,1
2365,Demo,3,2024-10-02,2024-10-11,9
2365,Proposal,4,2024-10-11,2024-10-12,1
2365,Negotiation,5,2024-10-12,2024-10-15,3
2365,Closed Lost,7,2024-10-17,,0
2366,Prospecting,1,2025-05-14,2025-07-01,48
2366,Discovery,2,2025-07-01,2025-08-05,35
2366,Demo,3,2025-08-05,2025-08-19,14
2366,Closed Lost,7,2025-08-21,,0
2367,Prospecting,1,2025-04-29,2025-05-26,27
2367,Discovery,2,2025-05-26,2025-05-30,4
2367,Demo,3,2025-05-30,2025-06-01,2
2367,Proposal,4,2025-06-01,2025-06-03,2
2367,Closed Lost,7,2025-06-05,,0
2368,Prospecting,1,2026-01-06,2026-01-16,10
2368,Discovery,2,2026-01-16,2026-02-03,18
2368,Demo,3,2026-02-03,2026-02-09,6
2368,Proposal,4,2026-02-09,2026-02-16,7
2368,Negotiation,5,2026-02-16,2026-02-17,1
2368,Closed Lost,7,2026-02-20,,0
2369,Prospecting,1,2025-04-11,2025-04-19,8
2369,Discovery,2,2025-04-19,2025-05-09,20
2369,Demo,3,2025-05-09,2025-05-20,11
2369,Proposal,4,2025-05-20,2025-06-07,18
2369,Negotiation,5,2025-06-07,2025-06-08,1
2369,Closed Lost,7,2025-06-10,,0
2370,Prospecting,1,2026-01-08,2026-02-05,28
2370,Discovery,2,2026-02-05,2026-02-18,13
2370,Demo,3,2026-02-18,2026-02-20,2
2370,Closed Lost,7,2026-02-21,,0
2371,Prospecting,1,2026-06-18,2026-06-22,4
2371,Discovery,2,2026-06-22,2026-07-13,21
2371,Demo,3,2026-07-13,2026-07-19,6
2372,Prospecting,1,2026-02-02,2026-03-15,41
2372,Discovery,2,2026-03-15,2026-04-12,28
2372,Closed Lost,7,2026-04-13,,0
2373,Prospecting,1,2026-04-20,2026-05-06,16
2373,Discovery,2,2026-05-06,2026-05-07,1
2373,Demo,3,2026-05-07,2026-05-15,8
2373,Proposal,4,2026-05-15,2026-05-18,3
2373,Negotiation,5,2026-05-18,2026-06-01,14
2373,Closed Won,6,2026-06-03,,0
2375,Prospecting,1,2024-12-30,2025-01-24,25
2375,Discovery,2,2025-01-24,2025-01-31,7
2375,Demo,3,2025-01-31,2025-02-05,5
2375,Closed Lost,7,2025-02-06,,0
2376,Prospecting,1,2026-04-12,2026-06-04,53
2376,Discovery,2,2026-06-04,2026-07-12,38
2378,Prospecting,1,2025-05-11,2025-05-20,9
2378,Discovery,2,2025-05-20,2025-05-24,4
2378,Demo,3,2025-05-24,2025-05-30,6
2378,Proposal,4,2025-05-30,2025-06-07,8
2378,Negotiation,5,2025-06-07,2025-06-19,12
2378,Closed Lost,7,2025-06-21,,0
2379,Prospecting,1,2025-02-17,2025-02-24,7
2379,Discovery,2,2025-02-24,2025-02-25,1
2379,Demo,3,2025-02-25,2025-03-31,34
2379,Closed Lost,7,2025-03-31,,0
2380,Prospecting,1,2026-01-14,2026-01-16,2
2380,Discovery,2,2026-01-16,2026-01-29,13
2380,Demo,3,2026-01-29,2026-02-03,5
2380,Proposal,4,2026-02-03,2026-02-08,5
2380,Negotiation,5,2026-02-08,2026-02-13,5
2380,Closed Lost,7,2026-02-16,,0
2383,Prospecting,1,2025-01-20,2025-01-22,2
2383,Discovery,2,2025-01-22,2025-01-31,9
2383,Demo,3,2025-01-31,2025-02-11,11
2383,Proposal,4,2025-02-11,2025-03-07,24
2383,Closed Lost,7,2025-03-09,,0
2384,Prospecting,1,2025-10-20,2025-10-30,10
2384,Discovery,2,2025-10-30,2025-11-28,29
2384,Demo,3,2025-11-28,2025-12-18,20
2384,Proposal,4,2025-12-18,2025-12-19,1
2384,Closed Lost,7,2025-12-21,,0
2386,Prospecting,1,2024-10-13,2024-10-17,4
2386,Discovery,2,2024-10-17,2024-10-18,1
2386,Demo,3,2024-10-18,2024-10-30,12
2386,Proposal,4,2024-10-30,2024-11-02,3
2386,Negotiation,5,2024-11-02,2024-11-14,12
2386,Closed Won,6,2024-11-16,,0
2387,Prospecting,1,2025-10-19,2025-10-23,4
2387,Discovery,2,2025-10-23,2025-11-27,35
2387,Demo,3,2025-11-27,2025-12-08,11
2387,Proposal,4,2025-12-08,2025-12-09,1
2387,Closed Lost,7,2025-12-10,,0
2388,Prospecting,1,2026-05-16,2026-06-19,34
2388,Discovery,2,2026-06-19,2026-07-07,18
2388,Demo,3,2026-07-07,2026-07-16,9
2388,Proposal,4,2026-07-16,2026-08-16,31
2388,Negotiation,5,2026-08-16,2026-08-17,1
2390,Prospecting,1,2026-01-09,2026-02-03,25
2390,Discovery,2,2026-02-03,2026-02-27,24
2390,Demo,3,2026-02-27,2026-02-28,1
2390,Proposal,4,2026-02-28,2026-05-04,65
2390,Negotiation,5,2026-05-04,2026-05-20,16
2390,Closed Won,6,2026-05-24,,0
2391,Prospecting,1,2024-10-23,2024-11-14,22
2391,Discovery,2,2024-11-14,2025-03-15,121
2391,Closed Lost,7,2025-03-16,,0
2392,Prospecting,1,2024-11-30,2024-12-30,30
2392,Discovery,2,2024-12-30,2025-01-09,10
2392,Demo,3,2025-01-09,2025-03-02,52
2392,Proposal,4,2025-03-02,2025-03-26,24
2392,Negotiation,5,2025-03-26,2025-05-14,49
2392,Closed Lost,7,2025-05-16,,0
2393,Prospecting,1,2025-05-08,2025-05-27,19
2393,Discovery,2,2025-05-27,2025-09-01,97
2393,Demo,3,2025-09-01,2025-10-01,30
2393,Proposal,4,2025-10-01,2025-12-26,86
2393,Closed Lost,7,2025-12-27,,0
2394,Prospecting,1,2026-03-17,2026-08-06,142
2396,Prospecting,1,2024-08-29,2024-08-30,1
2396,Discovery,2,2024-08-30,2024-09-13,14
2396,Demo,3,2024-09-13,2024-09-25,12
2396,Proposal,4,2024-09-25,2024-10-20,25
2396,Closed Lost,7,2024-10-21,,0
2397,Prospecting,1,2024-10-19,2024-11-02,14
2397,Discovery,2,2024-11-02,2025-01-15,74
2397,Demo,3,2025-01-15,2025-01-16,1
2397,Proposal,4,2025-01-16,2025-02-03,18
2397,Negotiation,5,2025-02-03,2025-02-27,24
2397,Closed Lost,7,2025-03-01,,0
2398,Prospecting,1,2025-08-24,2025-08-25,1
2398,Discovery,2,2025-08-25,2025-09-10,16
2398,Demo,3,2025-09-10,2025-09-18,8
2398,Proposal,4,2025-09-18,2025-09-21,3
2398,Negotiation,5,2025-09-21,2025-09-28,7
2398,Closed Won,6,2025-09-30,,0
2399,Prospecting,1,2026-06-01,2026-07-14,43
2403,Prospecting,1,2025-06-01,2025-06-22,21
2403,Discovery,2,2025-06-22,2025-07-13,21
2403,Demo,3,2025-07-13,2025-07-27,14
2403,Proposal,4,2025-07-27,2025-07-28,1
2403,Negotiation,5,2025-07-28,2025-08-10,13
2403,Closed Won,6,2025-08-13,,0
2404,Prospecting,1,2025-05-13,2025-05-17,4
2404,Discovery,2,2025-05-17,2025-05-31,14
2404,Demo,3,2025-05-31,2025-06-01,1
2404,Proposal,4,2025-06-01,2025-06-08,7
2404,Negotiation,5,2025-06-08,2025-06-09,1
2404,Closed Won,6,2025-06-09,,0
2405,Prospecting,1,2026-05-06,2026-05-16,10
2405,Discovery,2,2026-05-16,2026-05-30,14
2405,Demo,3,2026-05-30,2026-06-08,9
2405,Closed Lost,7,2026-06-09,,0
2408,Prospecting,1,2026-02-21,2026-02-26,5
2408,Discovery,2,2026-02-26,2026-02-27,1
2408,Demo,3,2026-02-27,2026-03-04,5
2408,Proposal,4,2026-03-04,2026-03-08,4
2408,Negotiation,5,2026-03-08,2026-04-01,24
2408,Closed Lost,7,2026-04-02,,0
2409,Prospecting,1,2024-10-20,2024-10-24,4
2409,Discovery,2,2024-10-24,2024-11-16,23
2409,Closed Lost,7,2024-11-17,,0
2410,Prospecting,1,2025-11-03,2025-11-08,5
2410,Discovery,2,2025-11-08,2025-11-09,1
2410,Demo,3,2025-11-09,2025-11-12,3
2410,Proposal,4,2025-11-12,2025-11-25,13
2410,Negotiation,5,2025-11-25,2025-11-29,4
2410,Closed Won,6,2025-12-01,,0
2412,Prospecting,1,2025-11-15,2025-11-23,8
2412,Discovery,2,2025-11-23,2025-11-25,2
2412,Demo,3,2025-11-25,2026-01-03,39
2412,Closed Lost,7,2026-01-04,,0
2413,Prospecting,1,2026-06-04,2026-06-21,17
2413,Discovery,2,2026-06-21,2026-06-26,5
2413,Closed Lost,7,2026-06-27,,0
2415,Prospecting,1,2026-02-12,2026-02-20,8
2415,Discovery,2,2026-02-20,2026-02-25,5
2415,Demo,3,2026-02-25,2026-02-27,2
2415,Proposal,4,2026-02-27,2026-02-28,1
2415,Negotiation,5,2026-02-28,2026-03-07,7
2415,Closed Won,6,2026-03-09,,0
2416,Prospecting,1,2026-02-02,2026-03-25,51
2416,Discovery,2,2026-03-25,2026-03-29,4
2416,Demo,3,2026-03-29,2026-05-31,63
2416,Proposal,4,2026-05-31,2026-08-21,82
2417,Prospecting,1,2026-02-22,2026-03-25,31
2417,Discovery,2,2026-03-25,2026-05-02,38
2417,Demo,3,2026-05-02,2026-05-15,13
2417,Closed Lost,7,2026-05-16,,0
2418,Prospecting,1,2025-11-30,2025-12-23,23
2418,Discovery,2,2025-12-23,2026-01-12,20
2418,Closed Lost,7,2026-01-13,,0
2420,Prospecting,1,2025-01-02,2025-01-03,1
2420,Discovery,2,2025-01-03,2025-01-23,20
2420,Demo,3,2025-01-23,2025-01-29,6
2420,Proposal,4,2025-01-29,2025-01-30,1
2420,Negotiation,5,2025-01-30,2025-02-01,2
2420,Closed Won,6,2025-02-02,,0
2421,Prospecting,1,2025-07-15,2025-07-26,11
2421,Discovery,2,2025-07-26,2025-08-04,9
2421,Demo,3,2025-08-04,2025-08-05,1
2421,Proposal,4,2025-08-05,2025-08-12,7
2421,Closed Lost,7,2025-08-13,,0
2422,Prospecting,1,2026-04-23,2026-05-11,18
2422,Discovery,2,2026-05-11,2026-05-19,8
2422,Closed Lost,7,2026-05-20,,0
2425,Prospecting,1,2025-12-04,2026-01-15,42
2425,Discovery,2,2026-01-15,2026-02-10,26
2425,Demo,3,2026-02-10,2026-02-27,17
2425,Proposal,4,2026-02-27,2026-03-08,9
2425,Negotiation,5,2026-03-08,2026-04-13,36
2425,Closed Lost,7,2026-04-15,,0
2429,Prospecting,1,2025-02-19,2025-03-07,16
2429,Discovery,2,2025-03-07,2025-03-12,5
2429,Demo,3,2025-03-12,2025-03-20,8
2429,Proposal,4,2025-03-20,2025-03-24,4
2429,Closed Lost,7,2025-03-26,,0
2430,Prospecting,1,2025-10-04,2025-10-10,6
2430,Discovery,2,2025-10-10,2025-10-25,15
2430,Demo,3,2025-10-25,2025-11-09,15
2430,Closed Lost,7,2025-11-11,,0
2439,Prospecting,1,2025-05-29,2025-06-15,17
2439,Discovery,2,2025-06-15,2025-06-18,3
2439,Demo,3,2025-06-18,2025-06-19,1
2439,Proposal,4,2025-06-19,2025-06-20,1
2439,Negotiation,5,2025-06-20,2025-06-21,1
2439,Closed Won,6,2025-06-21,,0
2440,Prospecting,1,2025-11-13,2025-12-03,20
2440,Discovery,2,2025-12-03,2025-12-22,19
2440,Demo,3,2025-12-22,2025-12-24,2
2440,Closed Lost,7,2025-12-25,,0
2443,Prospecting,1,2024-10-16,2024-11-12,27
2443,Discovery,2,2024-11-12,2024-11-15,3
2443,Demo,3,2024-11-15,2024-11-22,7
2443,Proposal,4,2024-11-22,2024-11-23,1
2443,Negotiation,5,2024-11-23,2024-11-24,1
2443,Closed Lost,7,2024-11-25,,0
2444,Prospecting,1,2025-09-16,2025-09-18,2
2444,Discovery,2,2025-09-18,2025-10-31,43
2444,Demo,3,2025-10-31,2025-11-20,20
2444,Proposal,4,2025-11-20,2025-12-02,12
2444,Negotiation,5,2025-12-02,2025-12-06,4
2444,Closed Won,6,2025-12-08,,0
2445,Prospecting,1,2026-06-04,2026-06-14,10
2445,Discovery,2,2026-06-14,2026-08-17,64
2445,Demo,3,2026-08-17,2026-10-06,50
2446,Prospecting,1,2025-08-29,2025-09-08,10
2446,Discovery,2,2025-09-08,2025-10-18,40
2446,Demo,3,2025-10-18,2025-11-04,17
2446,Proposal,4,2025-11-04,2025-11-29,25
2446,Negotiation,5,2025-11-29,2026-01-08,40
2446,Closed Lost,7,2026-01-10,,0
2447,Prospecting,1,2026-05-08,2026-05-09,1
2447,Discovery,2,2026-05-09,2026-05-26,17
2447,Demo,3,2026-05-26,2026-06-22,27
2447,Proposal,4,2026-06-22,2026-06-23,1
2447,Closed Lost,7,2026-06-24,,0
2449,Prospecting,1,2025-08-02,2025-08-03,1
2449,Discovery,2,2025-08-03,2025-08-09,6
2449,Demo,3,2025-08-09,2025-08-23,14
2449,Proposal,4,2025-08-23,2025-09-03,11
2449,Negotiation,5,2025-09-03,2025-09-05,2
2449,Closed Won,6,2025-09-07,,0
2450,Prospecting,1,2026-03-14,2026-03-20,6
2450,Discovery,2,2026-03-20,2026-03-26,6
2450,Demo,3,2026-03-26,2026-04-11,16
2450,Proposal,4,2026-04-11,2026-04-23,12
2450,Negotiation,5,2026-04-23,2026-04-27,4
2450,Closed Lost,7,2026-04-29,,0
2453,Prospecting,1,2024-09-01,2024-09-19,18
2453,Discovery,2,2024-09-19,2024-09-22,3
2453,Demo,3,2024-09-22,2024-10-09,17
2453,Proposal,4,2024-10-09,2024-11-02,24
2453,Negotiation,5,2024-11-02,2024-11-22,20
2453,Closed Won,6,2024-11-25,,0
2454,Prospecting,1,2025-07-31,2025-08-26,26
2454,Discovery,2,2025-08-26,2025-08-29,3
2454,Closed Lost,7,2025-08-30,,0
2455,Prospecting,1,2026-06-26,2026-06-28,2
2455,Discovery,2,2026-06-28,2026-07-10,12
2455,Demo,3,2026-07-10,2026-07-28,18
2455,Proposal,4,2026-07-28,2026-07-29,1
2456,Prospecting,1,2026-04-09,2026-05-24,45
2456,Discovery,2,2026-05-24,2026-05-25,1
2456,Demo,3,2026-05-25,2026-06-25,31
2456,Closed Lost,7,2026-06-25,,0
2459,Prospecting,1,2025-10-31,2025-11-03,3
2459,Discovery,2,2025-11-03,2025-11-04,1
2459,Demo,3,2025-11-04,2025-11-05,1
2459,Proposal,4,2025-11-05,2025-11-07,2
2459,Negotiation,5,2025-11-07,2025-11-08,1
2459,Closed Won,6,2025-11-08,,0
2465,Prospecting,1,2026-06-19,2026-08-05,47
2465,Discovery,2,2026-08-05,2026-08-29,24
2465,Demo,3,2026-08-29,2026-09-29,31
2465,Proposal,4,2026-09-29,2026-10-27,28
2466,Prospecting,1,2026-01-16,2026-01-19,3
2466,Discovery,2,2026-01-19,2026-01-30,11
2466,Demo,3,2026-01-30,2026-02-03,4
2466,Proposal,4,2026-02-03,2026-02-08,5
2466,Negotiation,5,2026-02-08,2026-02-10,2
2466,Closed Lost,7,2026-02-13,,0
2467,Prospecting,1,2024-10-20,2024-10-23,3
2467,Discovery,2,2024-10-23,2024-10-29,6
2467,Demo,3,2024-10-29,2024-10-30,1
2467,Proposal,4,2024-10-30,2024-11-05,6
2467,Negotiation,5,2024-11-05,2024-11-09,4
2467,Closed Won,6,2024-11-11,,0
2468,Prospecting,1,2025-07-19,2025-08-04,16
2468,Discovery,2,2025-08-04,2025-08-12,8
2468,Demo,3,2025-08-12,2025-08-13,1
2468,Proposal,4,2025-08-13,2025-08-14,1
2468,Negotiation,5,2025-08-14,2025-08-21,7
2468,Closed Won,6,2025-08-23,,0
2469,Prospecting,1,2026-06-16,2026-06-18,2
2469,Discovery,2,2026-06-18,2026-06-20,2
2469,Demo,3,2026-06-20,2026-06-21,1
2469,Proposal,4,2026-06-21,2026-06-23,2
2469,Negotiation,5,2026-06-23,2026-06-25,2
2469,Closed Won,6,2026-06-27,,0
2471,Prospecting,1,2025-07-01,2025-07-11,10
2471,Discovery,2,2025-07-11,2025-07-12,1
2471,Demo,3,2025-07-12,2025-07-21,9
2471,Proposal,4,2025-07-21,2025-07-24,3
2471,Negotiation,5,2025-07-24,2025-10-14,82
2471,Closed Won,6,2025-10-17,,0
2472,Prospecting,1,2025-01-12,2025-01-13,1
2472,Discovery,2,2025-01-13,2025-01-16,3
2472,Demo,3,2025-01-16,2025-01-26,10
2472,Proposal,4,2025-01-26,2025-02-01,6
2472,Closed Lost,7,2025-02-02,,0
2473,Prospecting,1,2026-05-18,2026-06-14,27
2473,Discovery,2,2026-06-14,2026-07-12,28
2473,Demo,3,2026-07-12,2026-07-21,9
2473,Proposal,4,2026-07-21,2026-07-24,3
2473,Negotiation,5,2026-07-24,2026-08-20,27
2474,Prospecting,1,2025-10-11,2025-10-15,4
2474,Discovery,2,2025-10-15,2025-10-30,15
2474,Demo,3,2025-10-30,2025-11-13,14
2474,Closed Lost,7,2025-11-15,,0
2476,Prospecting,1,2026-01-11,2026-01-12,1
2476,Discovery,2,2026-01-12,2026-01-28,16
2476,Demo,3,2026-01-28,2026-02-08,11
2476,Closed Lost,7,2026-02-08,,0
2478,Prospecting,1,2024-10-29,2024-11-14,16
2478,Discovery,2,2024-11-14,2024-12-20,36
2478,Demo,3,2024-12-20,2025-02-05,47
2478,Closed Lost,7,2025-02-06,,0
2479,Prospecting,1,2025-09-30,2025-10-20,20
2479,Discovery,2,2025-10-20,2025-10-22,2
2479,Closed Lost,7,2025-10-23,,0
2480,Prospecting,1,2026-04-07,2026-04-20,13
2480,Discovery,2,2026-04-20,2026-04-21,1
2480,Demo,3,2026-04-21,2026-05-02,11
2480,Proposal,4,2026-05-02,2026-05-14,12
2480,Negotiation,5,2026-05-14,2026-05-15,1
2480,Closed Won,6,2026-05-17,,0
2482,Prospecting,1,2026-06-25,2026-08-24,60
2484,Prospecting,1,2024-12-28,2025-02-24,58
2484,Discovery,2,2025-02-24,2025-03-31,35
2484,Demo,3,2025-03-31,2025-06-13,74
2484,Proposal,4,2025-06-13,2025-06-18,5
2484,Closed Lost,7,2025-06-21,,0
2485,Prospecting,1,2025-08-21,2025-09-27,37
2485,Discovery,2,2025-09-27,2025-10-29,32
2485,Demo,3,2025-10-29,2025-11-26,28
2485,Proposal,4,2025-11-26,2025-12-07,11
2485,Closed Lost,7,2025-12-09,,0
2488,Prospecting,1,2025-04-15,2025-04-24,9
2488,Discovery,2,2025-04-24,2025-05-05,11
2488,Demo,3,2025-05-05,2025-05-13,8
2488,Proposal,4,2025-05-13,2025-05-20,7
2488,Negotiation,5,2025-05-20,2025-05-22,2
2488,Closed Won,6,2025-05-24,,0
2489,Prospecting,1,2026-01-17,2026-01-18,1
2489,Discovery,2,2026-01-18,2026-02-02,15
2489,Demo,3,2026-02-02,2026-02-09,7
2489,Proposal,4,2026-02-09,2026-02-11,2
2489,Closed Lost,7,2026-02-12,,0
2491,Prospecting,1,2026-05-17,2026-06-25,39
2491,Discovery,2,2026-06-25,2026-08-12,48
2493,Prospecting,1,2025-01-12,2025-01-28,16
2493,Discovery,2,2025-01-28,2025-01-30,2
2493,Demo,3,2025-01-30,2025-02-10,11
2493,Closed Lost,7,2025-02-11,,0
2494,Prospecting,1,2025-08-12,2025-08-18,6
2494,Discovery,2,2025-08-18,2025-08-20,2
2494,Demo,3,2025-08-20,2025-08-21,1
2494,Proposal,4,2025-08-21,2025-08-29,8
2494,Negotiation,5,2025-08-29,2025-08-30,1
2494,Closed Lost,7,2025-08-31,,0
2495,Prospecting,1,2025-02-26,2025-03-19,21
2495,Discovery,2,2025-03-19,2025-03-30,11
2495,Demo,3,2025-03-30,2025-04-07,8
2495,Proposal,4,2025-04-07,2025-05-04,27
2495,Negotiation,5,2025-05-04,2025-06-17,44
2495,Closed Lost,7,2025-06-20,,0
2496,Prospecting,1,2024-09-21,2024-10-07,16
2496,Discovery,2,2024-10-07,2024-10-16,9
2496,Demo,3,2024-10-16,2024-10-17,1
2496,Closed Lost,7,2024-10-17,,0
2497,Prospecting,1,2024-11-23,2025-01-05,43
2497,Discovery,2,2025-01-05,2025-03-31,85
2497,Closed Lost,7,2025-04-01,,0
2498,Prospecting,1,2025-07-30,2025-09-04,36
2498,Discovery,2,2025-09-04,2025-09-28,24
2498,Demo,3,2025-09-28,2025-10-10,12
2498,Proposal,4,2025-10-10,2025-10-30,20
2498,Closed Lost,7,2025-11-01,,0
2499,Prospecting,1,2025-10-02,2025-10-09,7
2499,Discovery,2,2025-10-09,2025-10-11,2
2499,Demo,3,2025-10-11,2025-10-15,4
2499,Proposal,4,2025-10-15,2025-10-18,3
2499,Negotiation,5,2025-10-18,2025-11-10,23
2499,Closed Lost,7,2025-11-12,,0
2500,Prospecting,1,2026-04-13,2026-04-14,1
2500,Discovery,2,2026-04-14,2026-04-15,1
2500,Demo,3,2026-04-15,2026-04-28,13
2500,Proposal,4,2026-04-28,2026-05-04,6
2500,Negotiation,5,2026-05-04,2026-05-09,5
2500,Closed Won,6,2026-05-09,,0
2504,Prospecting,1,2024-08-03,2024-08-10,7
2504,Discovery,2,2024-08-10,2024-09-02,23
2504,Closed Lost,7,2024-09-03,,0
2505,Prospecting,1,2025-09-21,2025-09-26,5
2505,Discovery,2,2025-09-26,2025-10-02,6
2505,Demo,3,2025-10-02,2025-10-03,1
2505,Proposal,4,2025-10-03,2025-10-31,28
2505,Negotiation,5,2025-10-31,2025-11-09,9
2505,Closed Won,6,2025-11-12,,0
2506,Prospecting,1,2026-03-30,2026-05-30,61
2506,Discovery,2,2026-05-30,2026-06-13,14
2506,Demo,3,2026-06-13,2026-06-14,1
2506,Closed Lost,7,2026-06-15,,0
2507,Prospecting,1,2025-01-26,2025-03-05,38
2507,Discovery,2,2025-03-05,2025-03-06,1
2507,Demo,3,2025-03-06,2025-03-12,6
2507,Closed Lost,7,2025-03-13,,0
2508,Prospecting,1,2025-10-21,2025-11-30,40
2508,Discovery,2,2025-11-30,2025-12-08,8
2508,Demo,3,2025-12-08,2025-12-14,6
2508,Proposal,4,2025-12-14,2025-12-26,12
2508,Negotiation,5,2025-12-26,2026-01-12,17
2508,Closed Won,6,2026-01-14,,0
2510,Prospecting,1,2026-01-17,2026-01-18,1
2510,Discovery,2,2026-01-18,2026-01-19,1
2510,Demo,3,2026-01-19,2026-01-26,7
2510,Proposal,4,2026-01-26,2026-01-28,2
2510,Negotiation,5,2026-01-28,2026-02-24,27
2510,Closed Won,6,2026-02-25,,0
2511,Prospecting,1,2026-02-28,2026-03-09,9
2511,Discovery,2,2026-03-09,2026-03-18,9
2511,Demo,3,2026-03-18,2026-03-29,11
2511,Proposal,4,2026-03-29,2026-04-03,5
2511,Negotiation,5,2026-04-03,2026-04-14,11
2511,Closed Won,6,2026-04-17,,0
2516,Prospecting,1,2024-10-03,2024-11-04,32
2516,Discovery,2,2024-11-04,2024-11-10,6
2516,Demo,3,2024-11-10,2024-12-11,31
2516,Proposal,4,2024-12-11,2025-01-23,43
2516,Closed Lost,7,2025-01-26,,0
2517,Prospecting,1,2026-06-01,2026-06-08,7
2517,Discovery,2,2026-06-08,2026-06-12,4
2517,Demo,3,2026-06-12,2026-06-28,16
2517,Proposal,4,2026-06-28,2026-07-10,12
2522,Prospecting,1,2026-02-11,2026-02-13,2
2522,Discovery,2,2026-02-13,2026-02-18,5
2522,Demo,3,2026-02-18,2026-02-19,1
2522,Proposal,4,2026-02-19,2026-02-22,3
2522,Negotiation,5,2026-02-22,2026-04-26,63
2522,Closed Won,6,2026-04-28,,0
2525,Prospecting,1,2025-09-19,2025-09-27,8
2525,Discovery,2,2025-09-27,2025-10-11,14
2525,Closed Lost,7,2025-10-12,,0
2530,Prospecting,1,2025-08-14,2025-08-21,7
2530,Discovery,2,2025-08-21,2025-08-26,5
2530,Demo,3,2025-08-26,2025-08-28,2
2530,Proposal,4,2025-08-28,2025-09-05,8
2530,Negotiation,5,2025-09-05,2025-09-07,2
2530,Closed Won,6,2025-09-09,,0
2533,Prospecting,1,2025-11-06,2025-11-10,4
2533,Discovery,2,2025-11-10,2026-01-18,69
2533,Demo,3,2026-01-18,2026-03-20,61
2533,Closed Lost,7,2026-03-22,,0
2534,Prospecting,1,2026-06-10,2026-08-30,81
2534,Discovery,2,2026-08-30,2026-09-22,23
2534,Demo,3,2026-09-22,2026-10-21,29
2534,Proposal,4,2026-10-21,2026-10-26,5
2534,Negotiation,5,2026-10-26,2026-11-06,11
2535,Prospecting,1,2026-06-16,2026-07-02,16
2535,Discovery,2,2026-07-02,2026-07-05,3
2535,Demo,3,2026-07-05,2026-07-26,21
2537,Prospecting,1,2026-05-18,2026-05-21,3
2537,Discovery,2,2026-05-21,2026-07-19,59
2537,Demo,3,2026-07-19,2026-07-21,2
2538,Prospecting,1,2026-06-20,2026-08-14,55
2539,Prospecting,1,2025-07-20,2025-08-07,18
2539,Discovery,2,2025-08-07,2025-08-13,6
2539,Demo,3,2025-08-13,2025-08-18,5
2539,Closed Lost,7,2025-08-20,,0
2540,Prospecting,1,2026-05-18,2026-07-06,49
2541,Prospecting,1,2025-09-08,2025-09-15,7
2541,Discovery,2,2025-09-15,2025-09-16,1
2541,Demo,3,2025-09-16,2025-10-06,20
2541,Proposal,4,2025-10-06,2025-10-07,1
2541,Negotiation,5,2025-10-07,2025-10-11,4
2541,Closed Lost,7,2025-10-12,,0
2542,Prospecting,1,2026-06-26,2026-06-28,2
2542,Discovery,2,2026-06-28,2026-07-09,11
2542,Demo,3,2026-07-09,2026-07-12,3
2542,Proposal,4,2026-07-12,2026-07-15,3
2548,Prospecting,1,2025-12-15,2025-12-19,4
2548,Discovery,2,2025-12-19,2025-12-27,8
2548,Demo,3,2025-12-27,2025-12-28,1
2548,Proposal,4,2025-12-28,2026-01-19,22
2548,Negotiation,5,2026-01-19,2026-01-20,1
2548,Closed Lost,7,2026-01-23,,0
2549,Prospecting,1,2025-12-08,2026-01-02,25
2549,Discovery,2,2026-01-02,2026-01-31,29
2549,Demo,3,2026-01-31,2026-02-12,12
2549,Closed Lost,7,2026-02-14,,0
2550,Prospecting,1,2025-11-21,2025-12-27,36
2550,Discovery,2,2025-12-27,2026-02-08,43
2550,Demo,3,2026-02-08,2026-03-20,40
2550,Closed Lost,7,2026-03-22,,0
2551,Prospecting,1,2026-06-11,2026-07-21,40
2551,Discovery,2,2026-07-21,2026-08-01,11
2551,Demo,3,2026-08-01,2026-08-09,8
2551,Proposal,4,2026-08-09,2026-09-27,49
2556,Prospecting,1,2026-05-21,2026-08-15,86
2557,Prospecting,1,2026-04-24,2026-04-30,6
2557,Discovery,2,2026-04-30,2026-05-06,6
2557,Demo,3,2026-05-06,2026-05-21,15
2557,Proposal,4,2026-05-21,2026-05-22,1
2557,Negotiation,5,2026-05-22,2026-05-23,1
2557,Closed Won,6,2026-05-25,,0
2560,Prospecting,1,2025-12-31,2026-01-13,13
2560,Discovery,2,2026-01-13,2026-01-23,10
2560,Demo,3,2026-01-23,2026-01-25,2
2560,Proposal,4,2026-01-25,2026-02-08,14
2560,Negotiation,5,2026-02-08,2026-02-11,3
2560,Closed Won,6,2026-02-15,,0
2561,Prospecting,1,2025-11-12,2025-11-19,7
2561,Discovery,2,2025-11-19,2025-11-26,7
2561,Demo,3,2025-11-26,2025-12-06,10
2561,Proposal,4,2025-12-06,2025-12-07,1
2561,Negotiation,5,2025-12-07,2025-12-12,5
2561,Closed Lost,7,2025-12-14,,0
2568,Prospecting,1,2025-08-12,2025-08-22,10
2568,Discovery,2,2025-08-22,2025-08-24,2
2568,Demo,3,2025-08-24,2025-08-25,1
2568,Proposal,4,2025-08-25,2025-08-28,3
2568,Negotiation,5,2025-08-28,2025-09-06,9
2568,Closed Won,6,2025-09-08,,0
2569,Prospecting,1,2026-02-17,2026-02-18,1
2569,Discovery,2,2026-02-18,2026-03-04,14
2569,Demo,3,2026-03-04,2026-03-06,2
2569,Proposal,4,2026-03-06,2026-03-07,1
2569,Negotiation,5,2026-03-07,2026-04-01,25
2569,Closed Won,6,2026-04-04,,0
2573,Prospecting,1,2026-05-15,2026-06-14,30
2573,Discovery,2,2026-06-14,2026-07-01,17
2573,Demo,3,2026-07-01,2026-07-23,22
2573,Proposal,4,2026-07-23,2026-07-24,1
2573,Negotiation,5,2026-07-24,2026-07-26,2
2574,Prospecting,1,2026-06-11,2026-06-27,16
2574,Discovery,2,2026-06-27,2026-07-02,5
2577,Prospecting,1,2026-06-01,2026-06-14,13
2577,Discovery,2,2026-06-14,2026-07-04,20
2577,Demo,3,2026-07-04,2026-07-18,14
2577,Proposal,4,2026-07-18,2026-07-19,1
2579,Prospecting,1,2025-01-13,2025-02-05,23
2579,Discovery,2,2025-02-05,2025-02-06,1
2579,Demo,3,2025-02-06,2025-02-09,3
2579,Proposal,4,2025-02-09,2025-02-12,3
2579,Negotiation,5,2025-02-12,2025-02-22,10
2579,Closed Lost,7,2025-02-24,,0
2580,Prospecting,1,2025-10-12,2025-10-22,10
2580,Discovery,2,2025-10-22,2025-10-31,9
2580,Demo,3,2025-10-31,2025-11-07,7
2580,Closed Lost,7,2025-11-09,,0
2581,Prospecting,1,2026-04-14,2026-04-18,4
2581,Discovery,2,2026-04-18,2026-04-19,1
2581,Demo,3,2026-04-19,2026-04-26,7
2581,Proposal,4,2026-04-26,2026-04-27,1
2581,Negotiation,5,2026-04-27,2026-05-05,8
2581,Closed Won,6,2026-05-07,,0
2584,Prospecting,1,2025-01-05,2025-01-10,5
2584,Discovery,2,2025-01-10,2025-01-25,15
2584,Closed Lost,7,2025-01-26,,0
2585,Prospecting,1,2025-09-03,2025-10-09,36
2585,Discovery,2,2025-10-09,2025-10-17,8
2585,Closed Lost,7,2025-10-18,,0
2586,Prospecting,1,2024-11-11,2024-11-26,15
2586,Discovery,2,2024-11-26,2024-12-26,30
2586,Closed Lost,7,2024-12-27,,0
2587,Prospecting,1,2025-06-10,2025-06-18,8
2587,Discovery,2,2025-06-18,2025-06-25,7
2587,Demo,3,2025-06-25,2025-06-26,1
2587,Proposal,4,2025-06-26,2025-07-03,7
2587,Negotiation,5,2025-07-03,2025-08-09,37
2587,Closed Lost,7,2025-08-11,,0
2588,Prospecting,1,2026-06-17,2026-07-25,38
2588,Discovery,2,2026-07-25,2026-08-11,17
2590,Prospecting,1,2025-04-28,2025-05-20,22
2590,Discovery,2,2025-05-20,2025-05-21,1
2590,Demo,3,2025-05-21,2025-06-04,14
2590,Proposal,4,2025-06-04,2025-06-07,3
2590,Negotiation,5,2025-06-07,2025-06-13,6
2590,Closed Lost,7,2025-06-16,,0
2591,Prospecting,1,2024-12-12,2025-02-23,73
2591,Discovery,2,2025-02-23,2025-02-24,1
2591,Demo,3,2025-02-24,2025-06-07,103
2591,Proposal,4,2025-06-07,2025-06-20,13
2591,Negotiation,5,2025-06-20,2025-07-09,19
2591,Closed Lost,7,2025-07-12,,0
2592,Prospecting,1,2026-06-14,2026-06-27,13
2592,Discovery,2,2026-06-27,2026-06-29,2
2592,Demo,3,2026-06-29,2026-07-28,29
2594,Prospecting,1,2026-03-01,2026-03-10,9
2594,Discovery,2,2026-03-10,2026-03-14,4
2594,Demo,3,2026-03-14,2026-03-30,16
2594,Proposal,4,2026-03-30,2026-03-31,1
2594,Closed Lost,7,2026-04-02,,0
2597,Prospecting,1,2025-10-31,2026-01-29,90
2597,Discovery,2,2026-01-29,2026-02-15,17
2597,Demo,3,2026-02-15,2026-03-17,30
2597,Proposal,4,2026-03-17,2026-05-03,47
2597,Closed Lost,7,2026-05-06,,0
2599,Prospecting,1,2025-01-19,2025-03-14,54
2599,Discovery,2,2025-03-14,2025-05-12,59
2599,Demo,3,2025-05-12,2025-05-23,11
2599,Proposal,4,2025-05-23,2025-05-30,7
2599,Negotiation,5,2025-05-30,2025-06-10,11
2599,Closed Lost,7,2025-06-12,,0
2600,Prospecting,1,2025-10-21,2025-11-09,19
2600,Discovery,2,2025-11-09,2025-11-22,13
2600,Demo,3,2025-11-22,2025-12-12,20
2600,Proposal,4,2025-12-12,2026-02-04,54
2600,Negotiation,5,2026-02-04,2026-02-08,4
2600,Closed Lost,7,2026-02-11,,0
2601,Prospecting,1,2026-03-27,2026-04-09,13
2601,Discovery,2,2026-04-09,2026-05-18,39
2601,Demo,3,2026-05-18,2026-07-04,47
2601,Proposal,4,2026-07-04,2026-07-06,2
2602,Prospecting,1,2024-11-03,2024-11-14,11
2602,Discovery,2,2024-11-14,2024-11-16,2
2602,Demo,3,2024-11-16,2025-01-02,47
2602,Proposal,4,2025-01-02,2025-01-05,3
2602,Closed Lost,7,2025-01-07,,0
2603,Prospecting,1,2025-01-16,2025-01-21,5
2603,Discovery,2,2025-01-21,2025-01-28,7
2603,Demo,3,2025-01-28,2025-02-04,7
2603,Closed Lost,7,2025-02-05,,0
2604,Prospecting,1,2026-01-29,2026-01-30,1
2604,Discovery,2,2026-01-30,2026-02-08,9
2604,Demo,3,2026-02-08,2026-02-09,1
2604,Proposal,4,2026-02-09,2026-02-15,6
2604,Negotiation,5,2026-02-15,2026-03-04,17
2604,Closed Won,6,2026-03-06,,0
2609,Prospecting,1,2024-10-30,2024-11-12,13
2609,Discovery,2,2024-11-12,2024-11-16,4
2609,Demo,3,2024-11-16,2024-11-17,1
2609,Proposal,4,2024-11-17,2024-11-18,1
2609,Closed Lost,7,2024-11-17,,0
2610,Prospecting,1,2025-07-16,2025-07-22,6
2610,Discovery,2,2025-07-22,2025-08-26,35
2610,Closed Lost,7,2025-08-27,,0
2611,Prospecting,1,2025-09-05,2025-10-02,27
2611,Discovery,2,2025-10-02,2025-10-10,8
2611,Demo,3,2025-10-10,2025-10-17,7
2611,Closed Lost,7,2025-10-18,,0
2612,Prospecting,1,2026-04-06,2026-04-19,13
2612,Discovery,2,2026-04-19,2026-07-17,89
2613,Prospecting,1,2026-04-09,2026-07-07,89
2614,Prospecting,1,2025-01-01,2025-01-12,11
2614,Discovery,2,2025-01-12,2025-01-13,1
2614,Demo,3,2025-01-13,2025-01-15,2
2614,Proposal,4,2025-01-15,2025-01-20,5
2614,Closed Lost,7,2025-01-22,,0
2615,Prospecting,1,2026-03-14,2026-03-22,8
2615,Discovery,2,2026-03-22,2026-03-29,7
2615,Demo,3,2026-03-29,2026-04-05,7
2615,Proposal,4,2026-04-05,2026-04-10,5
2615,Closed Lost,7,2026-04-13,,0
2616,Prospecting,1,2025-07-01,2025-07-12,11
2616,Discovery,2,2025-07-12,2025-07-20,8
2616,Demo,3,2025-07-20,2025-07-21,1
2616,Proposal,4,2025-07-21,2025-07-24,3
2616,Closed Lost,7,2025-07-25,,0
2617,Prospecting,1,2024-12-30,2025-02-16,48
2617,Discovery,2,2025-02-16,2025-02-23,7
2617,Demo,3,2025-02-23,2025-03-09,14
2617,Closed Lost,7,2025-03-11,,0
2618,Prospecting,1,2025-03-01,2025-03-13,12
2618,Discovery,2,2025-03-13,2025-03-17,4
2618,Demo,3,2025-03-17,2025-03-20,3
2618,Proposal,4,2025-03-20,2025-03-28,8
2618,Negotiation,5,2025-03-28,2025-04-07,10
2618,Closed Lost,7,2025-04-10,,0
2619,Prospecting,1,2025-11-10,2025-11-13,3
2619,Discovery,2,2025-11-13,2025-11-16,3
2619,Demo,3,2025-11-16,2025-11-23,7
2619,Proposal,4,2025-11-23,2025-11-24,1
2619,Negotiation,5,2025-11-24,2025-12-21,27
2619,Closed Won,6,2025-12-22,,0
2623,Prospecting,1,2025-03-17,2025-03-23,6
2623,Discovery,2,2025-03-23,2025-04-02,10
2623,Demo,3,2025-04-02,2025-04-09,7
2623,Proposal,4,2025-04-09,2025-04-13,4
2623,Negotiation,5,2025-04-13,2025-04-21,8
2623,Closed Lost,7,2025-04-22,,0
2624,Prospecting,1,2026-02-27,2026-02-28,1
2624,Discovery,2,2026-02-28,2026-03-11,11
2624,Demo,3,2026-03-11,2026-06-29,110
2624,Closed Lost,7,2026-06-29,,0
2625,Prospecting,1,2026-06-12,2026-06-26,14
2625,Discovery,2,2026-06-26,2026-07-19,23
2630,Prospecting,1,2026-06-15,2026-07-02,17
2630,Discovery,2,2026-07-02,2026-07-11,9
2630,Demo,3,2026-07-11,2026-07-16,5
2633,Prospecting,1,2025-05-08,2025-05-16,8
2633,Discovery,2,2025-05-16,2025-05-17,1
2633,Demo,3,2025-05-17,2025-05-18,1
2633,Proposal,4,2025-05-18,2025-05-23,5
2633,Negotiation,5,2025-05-23,2025-05-24,1
2633,Closed Won,6,2025-05-24,,0
2634,Prospecting,1,2026-03-17,2026-03-25,8
2634,Discovery,2,2026-03-25,2026-03-27,2
2634,Demo,3,2026-03-27,2026-04-24,28
2634,Proposal,4,2026-04-24,2026-04-27,3
2634,Closed Lost,7,2026-04-29,,0
2635,Prospecting,1,2024-11-10,2025-01-14,65
2635,Discovery,2,2025-01-14,2025-01-25,11
2635,Closed Lost,7,2025-01-26,,0
2636,Prospecting,1,2025-08-28,2025-09-03,6
2636,Discovery,2,2025-09-03,2025-09-18,15
2636,Demo,3,2025-09-18,2025-09-26,8
2636,Closed Lost,7,2025-09-27,,0
2637,Prospecting,1,2024-11-05,2024-11-15,10
2637,Discovery,2,2024-11-15,2024-11-22,7
2637,Demo,3,2024-11-22,2024-12-05,13
2637,Closed Lost,7,2024-12-06,,0
2638,Prospecting,1,2025-09-25,2025-10-18,23
2638,Discovery,2,2025-10-18,2025-10-19,1
2638,Demo,3,2025-10-19,2025-10-20,1
2638,Closed Lost,7,2025-10-20,,0
2639,Prospecting,1,2025-03-08,2025-03-31,23
2639,Discovery,2,2025-03-31,2025-04-02,2
2639,Demo,3,2025-04-02,2025-05-28,56
2639,Proposal,4,2025-05-28,2025-06-02,5
2639,Closed Lost,7,2025-06-04,,0
2640,Prospecting,1,2025-12-31,2026-01-04,4
2640,Discovery,2,2026-01-04,2026-01-23,19
2640,Demo,3,2026-01-23,2026-03-02,38
2640,Proposal,4,2026-03-02,2026-04-23,52
2640,Closed Lost,7,2026-04-25,,0
2642,Prospecting,1,2025-03-24,2025-04-14,21
2642,Discovery,2,2025-04-14,2025-04-27,13
2642,Closed Lost,7,2025-04-28,,0
2643,Prospecting,1,2025-09-27,2025-10-03,6
2643,Discovery,2,2025-10-03,2025-10-22,19
2643,Closed Lost,7,2025-10-23,,0
2646,Prospecting,1,2024-11-23,2025-01-18,56
2646,Discovery,2,2025-01-18,2025-01-30,12
2646,Closed Lost,7,2025-01-31,,0
2647,Prospecting,1,2025-02-11,2025-03-07,24
2647,Discovery,2,2025-03-07,2025-03-12,5
2647,Closed Lost,7,2025-03-13,,0
2648,Prospecting,1,2024-09-17,2024-09-18,1
2648,Discovery,2,2024-09-18,2024-09-20,2
2648,Demo,3,2024-09-20,2024-09-29,9
2648,Proposal,4,2024-09-29,2024-09-30,1
2648,Negotiation,5,2024-09-30,2024-10-01,1
2648,Closed Won,6,2024-10-02,,0
2649,Prospecting,1,2025-07-01,2025-07-07,6
2649,Discovery,2,2025-07-07,2025-07-30,23
2649,Demo,3,2025-07-30,2025-08-09,10
2649,Closed Lost,7,2025-08-11,,0
2651,Prospecting,1,2024-08-31,2024-09-04,4
2651,Discovery,2,2024-09-04,2024-09-09,5
2651,Demo,3,2024-09-09,2024-09-30,21
2651,Closed Lost,7,2024-10-01,,0
2652,Prospecting,1,2026-06-30,2026-07-15,15
2652,Discovery,2,2026-07-15,2026-07-25,10
2652,Demo,3,2026-07-25,2026-08-05,11
2654,Prospecting,1,2025-04-30,2025-05-14,14
2654,Discovery,2,2025-05-14,2025-06-01,18
2654,Demo,3,2025-06-01,2025-07-19,48
2654,Closed Lost,7,2025-07-20,,0
2655,Prospecting,1,2026-01-29,2026-03-04,34
2655,Discovery,2,2026-03-04,2026-03-12,8
2655,Demo,3,2026-03-12,2026-06-12,92
2655,Closed Lost,7,2026-06-14,,0
2657,Prospecting,1,2025-10-07,2025-11-07,31
2657,Discovery,2,2025-11-07,2025-11-17,10
2657,Demo,3,2025-11-17,2025-11-19,2
2657,Closed Lost,7,2025-11-21,,0
2658,Prospecting,1,2026-01-04,2026-01-05,1
2658,Discovery,2,2026-01-05,2026-01-23,18
2658,Demo,3,2026-01-23,2026-02-09,17
2658,Proposal,4,2026-02-09,2026-02-10,1
2658,Negotiation,5,2026-02-10,2026-02-11,1
2658,Closed Won,6,2026-02-11,,0
2659,Prospecting,1,2026-03-11,2026-03-29,18
2659,Discovery,2,2026-03-29,2026-05-15,47
2659,Demo,3,2026-05-15,2026-09-06,114
2659,Proposal,4,2026-09-06,2026-10-01,25
2660,Prospecting,1,2025-12-08,2026-02-19,73
2660,Discovery,2,2026-02-19,2026-03-22,31
2660,Demo,3,2026-03-22,2026-04-05,14
2660,Proposal,4,2026-04-05,2026-04-08,3
2660,Negotiation,5,2026-04-08,2026-06-05,58
2660,Closed Lost,7,2026-06-07,,0
2661,Prospecting,1,2026-06-21,2026-09-24,95
2661,Discovery,2,2026-09-24,2026-12-02,69
2662,Prospecting,1,2026-04-01,2026-07-03,93
2664,Prospecting,1,2026-03-11,2026-03-29,18
2664,Discovery,2,2026-03-29,2026-03-30,1
2664,Demo,3,2026-03-30,2026-04-17,18
2664,Proposal,4,2026-04-17,2026-04-18,1
2664,Closed Lost,7,2026-04-19,,0
2669,Prospecting,1,2025-08-14,2025-08-22,8
2669,Discovery,2,2025-08-22,2025-08-26,4
2669,Demo,3,2025-08-26,2025-09-03,8
2669,Proposal,4,2025-09-03,2025-09-11,8
2669,Negotiation,5,2025-09-11,2025-09-20,9
2669,Closed Won,6,2025-09-23,,0
2670,Prospecting,1,2026-04-14,2026-05-04,20
2670,Discovery,2,2026-05-04,2026-05-17,13
2670,Closed Lost,7,2026-05-18,,0
2671,Prospecting,1,2025-12-15,2025-12-28,13
2671,Discovery,2,2025-12-28,2026-01-05,8
2671,Demo,3,2026-01-05,2026-01-07,2
2671,Proposal,4,2026-01-07,2026-01-24,17
2671,Closed Lost,7,2026-01-25,,0
2672,Prospecting,1,2025-11-13,2025-11-14,1
2672,Discovery,2,2025-11-14,2025-11-21,7
2672,Demo,3,2025-11-21,2025-11-24,3
2672,Proposal,4,2025-11-24,2025-12-02,8
2672,Negotiation,5,2025-12-02,2025-12-06,4
2672,Closed Lost,7,2025-12-07,,0
2674,Prospecting,1,2025-09-02,2025-09-13,11
2674,Discovery,2,2025-09-13,2025-10-17,34
2674,Demo,3,2025-10-17,2025-11-03,17
2674,Proposal,4,2025-11-03,2025-12-26,53
2674,Negotiation,5,2025-12-26,2026-01-08,13
2674,Closed Lost,7,2026-01-11,,0
2675,Prospecting,1,2025-06-25,2025-06-26,1
2675,Discovery,2,2025-06-26,2025-07-30,34
2675,Demo,3,2025-07-30,2025-08-07,8
2675,Proposal,4,2025-08-07,2025-08-31,24
2675,Negotiation,5,2025-08-31,2025-10-02,32
2675,Closed Won,6,2025-10-05,,0
2676,Prospecting,1,2025-08-28,2025-09-17,20
2676,Discovery,2,2025-09-17,2025-09-20,3
2676,Demo,3,2025-09-20,2025-09-30,10
2676,Proposal,4,2025-09-30,2025-10-08,8
2676,Closed Lost,7,2025-10-09,,0
2677,Prospecting,1,2026-05-25,2026-06-11,17
2677,Discovery,2,2026-06-11,2026-06-29,18
2677,Demo,3,2026-06-29,2026-07-01,2
2681,Prospecting,1,2026-06-30,2026-07-01,1
2681,Discovery,2,2026-07-01,2026-07-10,9
2681,Demo,3,2026-07-10,2026-07-15,5
2681,Proposal,4,2026-07-15,2026-07-25,10
2681,Negotiation,5,2026-07-25,2026-07-28,3
2683,Prospecting,1,2024-11-28,2024-12-13,15
2683,Discovery,2,2024-12-13,2024-12-29,16
2683,Demo,3,2024-12-29,2024-12-31,2
2683,Proposal,4,2024-12-31,2025-02-04,35
2683,Closed Lost,7,2025-02-05,,0
2684,Prospecting,1,2025-10-02,2025-10-08,6
2684,Discovery,2,2025-10-08,2025-10-21,13
2684,Demo,3,2025-10-21,2025-10-25,4
2684,Proposal,4,2025-10-25,2025-11-28,34
2684,Negotiation,5,2025-11-28,2025-11-29,1
2684,Closed Lost,7,2025-12-01,,0
2685,Prospecting,1,2026-03-26,2026-03-28,2
2685,Discovery,2,2026-03-28,2026-05-11,44
2685,Closed Lost,7,2026-05-12,,0
2690,Prospecting,1,2026-06-25,2026-07-05,10
2690,Discovery,2,2026-07-05,2026-08-10,36
2690,Demo,3,2026-08-10,2026-08-30,20
2690,Proposal,4,2026-08-30,2026-08-31,1
2690,Negotiation,5,2026-08-31,2026-10-08,38
2691,Prospecting,1,2025-09-01,2025-09-02,1
2691,Discovery,2,2025-09-02,2025-09-06,4
2691,Demo,3,2025-09-06,2025-09-07,1
2691,Proposal,4,2025-09-07,2025-09-08,1
2691,Negotiation,5,2025-09-08,2025-09-16,8
2691,Closed Won,6,2025-09-18,,0
2692,Prospecting,1,2026-05-26,2026-06-02,7
2692,Discovery,2,2026-06-02,2026-06-26,24
2692,Closed Lost,7,2026-06-27,,0
2696,Prospecting,1,2025-09-22,2025-09-23,1
2696,Discovery,2,2025-09-23,2025-10-24,31
2696,Closed Lost,7,2025-10-25,,0
2697,Prospecting,1,2024-12-23,2025-02-22,61
2697,Discovery,2,2025-02-22,2025-03-14,20
2697,Closed Lost,7,2025-03-15,,0
2698,Prospecting,1,2025-08-05,2025-08-09,4
2698,Discovery,2,2025-08-09,2025-08-14,5
2698,Demo,3,2025-08-14,2025-09-05,22
2698,Proposal,4,2025-09-05,2025-09-06,1
2698,Closed Lost,7,2025-09-08,,0
2699,Prospecting,1,2026-02-26,2026-03-08,10
2699,Discovery,2,2026-03-08,2026-03-24,16
2699,Demo,3,2026-03-24,2026-04-14,21
2699,Proposal,4,2026-04-14,2026-05-19,35
2699,Negotiation,5,2026-05-19,2026-06-01,13
2699,Closed Lost,7,2026-06-03,,0
2701,Prospecting,1,2025-08-29,2025-09-05,7
2701,Discovery,2,2025-09-05,2025-10-12,37
2701,Closed Lost,7,2025-10-13,,0
2702,Prospecting,1,2025-01-09,2025-01-11,2
2702,Discovery,2,2025-01-11,2025-01-21,10
2702,Demo,3,2025-01-21,2025-01-22,1
2702,Proposal,4,2025-01-22,2025-02-02,11
2702,Negotiation,5,2025-02-02,2025-02-26,24
2702,Closed Lost,7,2025-02-28,,0
2703,Prospecting,1,2025-02-11,2025-03-05,22
2703,Discovery,2,2025-03-05,2025-06-18,105
2703,Demo,3,2025-06-18,2025-06-19,1
2703,Closed Lost,7,2025-06-19,,0
2704,Prospecting,1,2025-12-12,2025-12-31,19
2704,Discovery,2,2025-12-31,2026-01-19,19
2704,Demo,3,2026-01-19,2026-01-21,2
2704,Proposal,4,2026-01-21,2026-01-26,5
2704,Closed Lost,7,2026-01-28,,0
2706,Prospecting,1,2026-05-13,2026-05-15,2
2706,Discovery,2,2026-05-15,2026-06-20,36
2706,Closed Lost,7,2026-06-21,,0
2709,Prospecting,1,2025-06-14,2025-06-30,16
2709,Discovery,2,2025-06-30,2025-07-01,1
2709,Demo,3,2025-07-01,2025-07-02,1
2709,Proposal,4,2025-07-02,2025-07-04,2
2709,Negotiation,5,2025-07-04,2025-07-07,3
2709,Closed Won,6,2025-07-07,,0
2710,Prospecting,1,2026-02-21,2026-03-03,10
2710,Discovery,2,2026-03-03,2026-03-12,9
2710,Demo,3,2026-03-12,2026-03-13,1
2710,Proposal,4,2026-03-13,2026-03-15,2
2710,Negotiation,5,2026-03-15,2026-03-19,4
2710,Closed Lost,7,2026-03-21,,0
2711,Prospecting,1,2025-08-30,2025-09-09,10
2711,Discovery,2,2025-09-09,2025-11-19,71
2711,Demo,3,2025-11-19,2025-11-25,6
2711,Closed Lost,7,2025-11-27,,0
2713,Prospecting,1,2025-08-28,2025-09-03,6
2713,Discovery,2,2025-09-03,2025-09-12,9
2713,Demo,3,2025-09-12,2025-09-17,5
2713,Proposal,4,2025-09-17,2025-09-23,6
2713,Negotiation,5,2025-09-23,2025-09-24,1
2713,Closed Won,6,2025-09-26,,0
2714,Prospecting,1,2024-12-10,2024-12-11,1
2714,Discovery,2,2024-12-11,2024-12-12,1
2714,Demo,3,2024-12-12,2024-12-16,4
2714,Proposal,4,2024-12-16,2024-12-31,15
2714,Negotiation,5,2024-12-31,2025-01-10,10
2714,Closed Won,6,2025-01-11,,0
2715,Prospecting,1,2024-10-13,2024-10-14,1
2715,Discovery,2,2024-10-14,2024-10-15,1
2715,Demo,3,2024-10-15,2024-11-03,19
2715,Proposal,4,2024-11-03,2024-11-11,8
2715,Closed Lost,7,2024-11-14,,0
2716,Prospecting,1,2025-12-13,2025-12-25,12
2716,Discovery,2,2025-12-25,2025-12-30,5
2716,Demo,3,2025-12-30,2026-01-01,2
2716,Proposal,4,2026-01-01,2026-01-03,2
2716,Negotiation,5,2026-01-03,2026-02-01,29
2716,Closed Won,6,2026-02-03,,0
2719,Prospecting,1,2025-12-09,2025-12-12,3
2719,Discovery,2,2025-12-12,2025-12-13,1
2719,Demo,3,2025-12-13,2026-01-07,25
2719,Proposal,4,2026-01-07,2026-01-21,14
2719,Negotiation,5,2026-01-21,2026-02-16,26
2719,Closed Won,6,2026-02-19,,0
2722,Prospecting,1,2026-02-15,2026-08-22,188
2724,Prospecting,1,2025-02-23,2025-03-11,16
2724,Discovery,2,2025-03-11,2025-03-24,13
2724,Demo,3,2025-03-24,2025-05-17,54
2724,Closed Lost,7,2025-05-18,,0
2725,Prospecting,1,2025-12-18,2026-02-01,45
2725,Discovery,2,2026-02-01,2026-03-04,31
2725,Demo,3,2026-03-04,2026-04-02,29
2725,Proposal,4,2026-04-02,2026-04-09,7
2725,Closed Lost,7,2026-04-11,,0
2726,Prospecting,1,2025-04-13,2025-05-12,29
2726,Discovery,2,2025-05-12,2025-05-24,12
2726,Demo,3,2025-05-24,2025-06-01,8
2726,Proposal,4,2025-06-01,2025-06-15,14
2726,Negotiation,5,2025-06-15,2025-06-20,5
2726,Closed Lost,7,2025-06-23,,0
2727,Prospecting,1,2026-01-07,2026-01-10,3
2727,Discovery,2,2026-01-10,2026-02-22,43
2727,Demo,3,2026-02-22,2026-03-09,15
2727,Proposal,4,2026-03-09,2026-03-12,3
2727,Closed Lost,7,2026-03-14,,0
2729,Prospecting,1,2025-07-17,2025-07-22,5
2729,Discovery,2,2025-07-22,2025-07-30,8
2729,Demo,3,2025-07-30,2025-08-15,16
2729,Proposal,4,2025-08-15,2025-08-16,1
2729,Negotiation,5,2025-08-16,2025-08-25,9
2729,Closed Won,6,2025-08-28,,0
2730,Prospecting,1,2026-02-23,2026-03-06,11
2730,Discovery,2,2026-03-06,2026-04-06,31
2730,Closed Lost,7,2026-04-07,,0
2732,Prospecting,1,2024-11-17,2024-11-19,2
2732,Discovery,2,2024-11-19,2024-12-15,26
2732,Demo,3,2024-12-15,2025-01-03,19
2732,Proposal,4,2025-01-03,2025-01-21,18
2732,Closed Lost,7,2025-01-23,,0
2733,Prospecting,1,2025-07-29,2025-08-25,27
2733,Discovery,2,2025-08-25,2025-09-13,19
2733,Demo,3,2025-09-13,2025-09-29,16
2733,Closed Lost,7,2025-09-30,,0
2734,Prospecting,1,2026-03-25,2026-04-09,15
2734,Discovery,2,2026-04-09,2026-04-19,10
2734,Demo,3,2026-04-19,2026-04-27,8
2734,Proposal,4,2026-04-27,2026-05-21,24
2734,Negotiation,5,2026-05-21,2026-06-03,13
2734,Closed Lost,7,2026-06-06,,0
2735,Prospecting,1,2026-04-16,2026-07-07,82
2736,Prospecting,1,2025-11-04,2025-11-18,14
2736,Discovery,2,2025-11-18,2025-11-21,3
2736,Demo,3,2025-11-21,2025-11-27,6
2736,Proposal,4,2025-11-27,2025-12-05,8
2736,Closed Lost,7,2025-12-07,,0
2737,Prospecting,1,2025-04-14,2025-04-17,3
2737,Discovery,2,2025-04-17,2025-05-02,15
2737,Demo,3,2025-05-02,2025-05-03,1
2737,Proposal,4,2025-05-03,2025-05-10,7
2737,Negotiation,5,2025-05-10,2025-05-27,17
2737,Closed Lost,7,2025-05-28,,0
2738,Prospecting,1,2026-01-13,2026-01-14,1
2738,Discovery,2,2026-01-14,2026-01-25,11
2738,Demo,3,2026-01-25,2026-01-28,3
2738,Proposal,4,2026-01-28,2026-02-02,5
2738,Closed Lost,7,2026-02-03,,0
2742,Prospecting,1,2025-10-07,2025-10-21,14
2742,Discovery,2,2025-10-21,2025-10-29,8
2742,Demo,3,2025-10-29,2025-11-07,9
2742,Closed Lost,7,2025-11-08,,0
2743,Prospecting,1,2026-06-04,2026-06-13,9
2743,Discovery,2,2026-06-13,2026-06-25,12
2743,Demo,3,2026-06-25,2026-07-09,14
2747,Prospecting,1,2026-02-11,2026-03-29,46
2747,Discovery,2,2026-03-29,2026-06-18,81
2747,Closed Lost,7,2026-06-19,,0
2748,Prospecting,1,2025-11-10,2025-11-24,14
2748,Discovery,2,2025-11-24,2025-12-01,7
2748,Demo,3,2025-12-01,2025-12-02,1
2748,Proposal,4,2025-12-02,2025-12-22,20
2748,Negotiation,5,2025-12-22,2026-01-21,30
2748,Closed Lost,7,2026-01-23,,0
2749,Prospecting,1,2024-12-29,2025-02-03,36
2749,Discovery,2,2025-02-03,2025-02-16,13
2749,Demo,3,2025-02-16,2025-02-23,7
2749,Proposal,4,2025-02-23,2025-02-28,5
2749,Negotiation,5,2025-02-28,2025-03-28,28
2749,Closed Won,6,2025-03-30,,0
2750,Prospecting,1,2025-07-31,2025-08-01,1
2750,Discovery,2,2025-08-01,2025-08-02,1
2750,Demo,3,2025-08-02,2025-08-06,4
2750,Proposal,4,2025-08-06,2025-08-07,1
2750,Negotiation,5,2025-08-07,2025-09-12,36
2750,Closed Won,6,2025-09-11,,0
2751,Prospecting,1,2026-05-26,2026-06-01,6
2751,Discovery,2,2026-06-01,2026-06-11,10
2751,Demo,3,2026-06-11,2026-06-13,2
2751,Proposal,4,2026-06-13,2026-06-24,11
2751,Closed Lost,7,2026-06-25,,0
2752,Prospecting,1,2026-04-04,2026-05-09,35
2752,Discovery,2,2026-05-09,2026-10-01,145
2752,Demo,3,2026-10-01,2026-10-07,6
2755,Prospecting,1,2025-11-25,2025-12-12,17
2755,Discovery,2,2025-12-12,2025-12-18,6
2755,Demo,3,2025-12-18,2025-12-24,6
2755,Proposal,4,2025-12-24,2025-12-25,1
2755,Negotiation,5,2025-12-25,2025-12-27,2
2755,Closed Won,6,2025-12-30,,0
2756,Prospecting,1,2025-05-05,2025-05-06,1
2756,Discovery,2,2025-05-06,2025-05-07,1
2756,Demo,3,2025-05-07,2025-05-15,8
2756,Proposal,4,2025-05-15,2025-05-24,9
2756,Negotiation,5,2025-05-24,2025-06-02,9
2756,Closed Won,6,2025-06-03,,0
2757,Prospecting,1,2026-01-18,2026-02-02,15
2757,Discovery,2,2026-02-02,2026-02-11,9
2757,Demo,3,2026-02-11,2026-02-19,8
2757,Proposal,4,2026-02-19,2026-02-20,1
2757,Negotiation,5,2026-02-20,2026-02-21,1
2757,Closed Lost,7,2026-02-22,,0
2759,Prospecting,1,2026-04-15,2026-04-21,6
2759,Discovery,2,2026-04-21,2026-04-29,8
2759,Demo,3,2026-04-29,2026-06-28,60
2759,Proposal,4,2026-06-28,2026-07-18,20
2759,Negotiation,5,2026-07-18,2026-07-28,10
2760,Prospecting,1,2026-06-17,2026-06-18,1
2760,Discovery,2,2026-06-18,2026-06-21,3
2760,Demo,3,2026-06-21,2026-07-22,31
2760,Proposal,4,2026-07-22,2026-08-07,16
2760,Negotiation,5,2026-08-07,2026-08-12,5
2764,Prospecting,1,2024-11-05,2024-11-13,8
2764,Discovery,2,2024-11-13,2024-11-23,10
2764,Demo,3,2024-11-23,2024-11-30,7
2764,Proposal,4,2024-11-30,2024-12-05,5
2764,Closed Lost,7,2024-12-07,,0
2765,Prospecting,1,2025-09-20,2025-10-01,11
2765,Discovery,2,2025-10-01,2025-10-07,6
2765,Demo,3,2025-10-07,2025-10-27,20
2765,Closed Lost,7,2025-10-28,,0
2766,Prospecting,1,2026-05-13,2026-07-31,79
2767,Prospecting,1,2025-12-13,2025-12-17,4
2767,Discovery,2,2025-12-17,2026-01-24,38
2767,Closed Lost,7,2026-01-25,,0
2770,Prospecting,1,2025-10-09,2025-10-10,1
2770,Discovery,2,2025-10-10,2025-10-20,10
2770,Demo,3,2025-10-20,2025-11-03,14
2770,Proposal,4,2025-11-03,2025-11-04,1
2770,Closed Lost,7,2025-11-06,,0
2773,Prospecting,1,2026-06-14,2026-07-15,31
2775,Prospecting,1,2024-09-28,2024-10-02,4
2775,Discovery,2,2024-10-02,2024-10-03,1
2775,Demo,3,2024-10-03,2024-10-18,15
2775,Proposal,4,2024-10-18,2024-10-22,4
2775,Negotiation,5,2024-10-22,2024-10-29,7
2775,Closed Won,6,2024-11-01,,0
2776,Prospecting,1,2025-05-19,2025-05-22,3
2776,Discovery,2,2025-05-22,2025-05-31,9
2776,Demo,3,2025-05-31,2025-06-27,27
2776,Closed Lost,7,2025-06-28,,0
2777,Prospecting,1,2025-05-02,2025-05-03,1
2777,Discovery,2,2025-05-03,2025-05-09,6
2777,Demo,3,2025-05-09,2025-05-25,16
2777,Proposal,4,2025-05-25,2025-08-05,72
2777,Negotiation,5,2025-08-05,2025-08-21,16
2777,Closed Lost,7,2025-08-22,,0
2778,Prospecting,1,2025-03-31,2025-04-19,19
2778,Discovery,2,2025-04-19,2025-04-21,2
2778,Demo,3,2025-04-21,2025-04-23,2
2778,Proposal,4,2025-04-23,2025-05-14,21
2778,Closed Lost,7,2025-05-17,,0
2780,Prospecting,1,2026-02-22,2026-03-03,9
2780,Discovery,2,2026-03-03,2026-03-11,8
2780,Demo,3,2026-03-11,2026-03-20,9
2780,Closed Lost,7,2026-03-21,,0
2782,Prospecting,1,2025-12-05,2025-12-08,3
2782,Discovery,2,2025-12-08,2025-12-11,3
2782,Demo,3,2025-12-11,2025-12-17,6
2782,Proposal,4,2025-12-17,2025-12-25,8
2782,Negotiation,5,2025-12-25,2025-12-28,3
2782,Closed Won,6,2025-12-30,,0
2783,Prospecting,1,2026-02-20,2026-02-22,2
2783,Discovery,2,2026-02-22,2026-03-09,15
2783,Demo,3,2026-03-09,2026-03-13,4
2783,Proposal,4,2026-03-13,2026-03-30,17
2783,Negotiation,5,2026-03-30,2026-04-04,5
2783,Closed Lost,7,2026-04-06,,0
2785,Prospecting,1,2025-10-25,2025-11-08,14
2785,Discovery,2,2025-11-08,2025-11-10,2
2785,Demo,3,2025-11-10,2025-11-13,3
2785,Proposal,4,2025-11-13,2025-11-19,6
2785,Negotiation,5,2025-11-19,2025-11-20,1
2785,Closed Won,6,2025-11-22,,0
2786,Prospecting,1,2024-12-08,2024-12-24,16
2786,Discovery,2,2024-12-24,2024-12-25,1
2786,Demo,3,2024-12-25,2025-01-13,19
2786,Proposal,4,2025-01-13,2025-01-18,5
2786,Negotiation,5,2025-01-18,2025-01-24,6
2786,Closed Won,6,2025-01-25,,0
2787,Prospecting,1,2025-12-16,2026-01-05,20
2787,Discovery,2,2026-01-05,2026-02-11,37
2787,Demo,3,2026-02-11,2026-05-03,81
2787,Proposal,4,2026-05-03,2026-05-15,12
2787,Closed Lost,7,2026-05-17,,0
2788,Prospecting,1,2025-09-15,2025-11-11,57
2788,Discovery,2,2025-11-11,2025-11-12,1
2788,Demo,3,2025-11-12,2025-11-13,1
2788,Proposal,4,2025-11-13,2025-11-19,6
2788,Negotiation,5,2025-11-19,2025-11-24,5
2788,Closed Won,6,2025-11-25,,0
2789,Prospecting,1,2025-02-16,2025-03-27,39
2789,Discovery,2,2025-03-27,2025-04-14,18
2789,Demo,3,2025-04-14,2025-05-14,30
2789,Proposal,4,2025-05-14,2025-06-22,39
2789,Closed Lost,7,2025-06-23,,0
2790,Prospecting,1,2025-10-13,2025-11-21,39
2790,Discovery,2,2025-11-21,2025-12-14,23
2790,Demo,3,2025-12-14,2026-01-17,34
2790,Closed Lost,7,2026-01-18,,0
2791,Prospecting,1,2024-08-02,2024-08-04,2
2791,Discovery,2,2024-08-04,2024-09-04,31
2791,Demo,3,2024-09-04,2024-09-23,19
2791,Proposal,4,2024-09-23,2024-09-24,1
2791,Closed Lost,7,2024-09-25,,0
2792,Prospecting,1,2025-05-21,2025-05-26,5
2792,Discovery,2,2025-05-26,2025-05-27,1
2792,Demo,3,2025-05-27,2025-05-28,1
2792,Proposal,4,2025-05-28,2025-06-03,6
2792,Negotiation,5,2025-06-03,2025-06-25,22
2792,Closed Won,6,2025-06-26,,0
2793,Prospecting,1,2025-11-27,2025-12-10,13
2793,Discovery,2,2025-12-10,2025-12-13,3
2793,Demo,3,2025-12-13,2025-12-16,3
2793,Proposal,4,2025-12-16,2025-12-21,5
2793,Closed Lost,7,2025-12-24,,0
2794,Prospecting,1,2026-06-26,2026-06-27,1
2794,Discovery,2,2026-06-27,2026-07-03,6
2794,Demo,3,2026-07-03,2026-07-12,9
2794,Proposal,4,2026-07-12,2026-07-21,9
2794,Negotiation,5,2026-07-21,2026-07-25,4
2796,Prospecting,1,2025-06-09,2025-06-20,11
2796,Discovery,2,2025-06-20,2025-06-21,1
2796,Demo,3,2025-06-21,2025-06-25,4
2796,Proposal,4,2025-06-25,2025-06-28,3
2796,Negotiation,5,2025-06-28,2025-07-06,8
2796,Closed Lost,7,2025-07-09,,0
2797,Prospecting,1,2026-02-08,2026-03-07,27
2797,Discovery,2,2026-03-07,2026-03-14,7
2797,Demo,3,2026-03-14,2026-03-28,14
2797,Proposal,4,2026-03-28,2026-04-01,4
2797,Negotiation,5,2026-04-01,2026-04-24,23
2797,Closed Lost,7,2026-04-26,,0
2801,Prospecting,1,2025-10-05,2025-10-12,7
2801,Discovery,2,2025-10-12,2025-10-21,9
2801,Demo,3,2025-10-21,2025-10-26,5
2801,Proposal,4,2025-10-26,2025-11-14,19
2801,Negotiation,5,2025-11-14,2025-11-15,1
2801,Closed Won,6,2025-11-17,,0
2803,Prospecting,1,2025-11-14,2025-11-27,13
2803,Discovery,2,2025-11-27,2025-12-08,11
2803,Demo,3,2025-12-08,2025-12-09,1
2803,Proposal,4,2025-12-09,2025-12-16,7
2803,Negotiation,5,2025-12-16,2025-12-21,5
2803,Closed Won,6,2025-12-23,,0
2804,Prospecting,1,2025-09-28,2025-10-02,4
2804,Discovery,2,2025-10-02,2025-10-17,15
2804,Demo,3,2025-10-17,2025-10-21,4
2804,Proposal,4,2025-10-21,2025-10-22,1
2804,Negotiation,5,2025-10-22,2025-10-25,3
2804,Closed Lost,7,2025-10-27,,0
2805,Prospecting,1,2026-05-28,2026-06-08,11
2805,Discovery,2,2026-06-08,2026-06-12,4
2805,Demo,3,2026-06-12,2026-06-16,4
2805,Proposal,4,2026-06-16,2026-06-26,10
2805,Closed Lost,7,2026-06-28,,0
2808,Prospecting,1,2026-05-28,2026-07-18,51
2811,Prospecting,1,2026-06-15,2026-06-29,14
2811,Discovery,2,2026-06-29,2026-07-09,10
2811,Demo,3,2026-07-09,2026-07-10,1
2811,Proposal,4,2026-07-10,2026-07-12,2
2811,Negotiation,5,2026-07-12,2026-07-13,1
2813,Prospecting,1,2026-02-09,2026-02-20,11
2813,Discovery,2,2026-02-20,2026-04-25,64
2813,Closed Lost,7,2026-04-26,,0
2814,Prospecting,1,2026-02-17,2026-02-19,2
2814,Discovery,2,2026-02-19,2026-02-22,3
2814,Demo,3,2026-02-22,2026-02-23,1
2814,Proposal,4,2026-02-23,2026-05-04,70
2814,Negotiation,5,2026-05-04,2026-05-09,5
2814,Closed Lost,7,2026-05-11,,0
2816,Prospecting,1,2025-10-31,2025-11-21,21
2816,Discovery,2,2025-11-21,2026-03-01,100
2816,Demo,3,2026-03-01,2026-04-13,43
2816,Closed Lost,7,2026-04-15,,0
2817,Prospecting,1,2026-04-29,2026-11-12,197
2818,Prospecting,1,2025-02-18,2025-02-19,1
2818,Discovery,2,2025-02-19,2025-04-18,58
2818,Demo,3,2025-04-18,2025-04-19,1
2818,Proposal,4,2025-04-19,2025-04-23,4
2818,Negotiation,5,2025-04-23,2025-05-02,9
2818,Closed Won,6,2025-05-04,,0
2819,Prospecting,1,2024-10-21,2024-10-23,2
2819,Discovery,2,2024-10-23,2024-10-27,4
2819,Demo,3,2024-10-27,2024-11-25,29
2819,Proposal,4,2024-11-25,2024-12-01,6
2819,Closed Lost,7,2024-12-03,,0
2820,Prospecting,1,2025-07-20,2025-07-29,9
2820,Discovery,2,2025-07-29,2025-08-06,8
2820,Closed Lost,7,2025-08-07,,0
2824,Prospecting,1,2026-03-03,2026-03-06,3
2824,Discovery,2,2026-03-06,2026-03-10,4
2824,Demo,3,2026-03-10,2026-03-22,12
2824,Proposal,4,2026-03-22,2026-03-24,2
2824,Negotiation,5,2026-03-24,2026-04-02,9
2824,Closed Lost,7,2026-04-05,,0
2826,Prospecting,1,2025-12-10,2025-12-18,8
2826,Discovery,2,2025-12-18,2025-12-19,1
2826,Demo,3,2025-12-19,2025-12-21,2
2826,Proposal,4,2025-12-21,2026-01-01,11
2826,Negotiation,5,2026-01-01,2026-01-10,9
2826,Closed Lost,7,2026-01-11,,0
2832,Prospecting,1,2025-05-05,2025-05-14,9
2832,Discovery,2,2025-05-14,2025-05-27,13
2832,Demo,3,2025-05-27,2025-07-31,65
2832,Closed Lost,7,2025-08-02,,0
2833,Prospecting,1,2026-06-10,2026-07-19,39
2833,Discovery,2,2026-07-19,2026-08-18,30
2833,Demo,3,2026-08-18,2026-08-26,8
2833,Proposal,4,2026-08-26,2026-09-06,11
2835,Prospecting,1,2024-09-06,2024-10-15,39
2835,Discovery,2,2024-10-15,2024-10-21,6
2835,Demo,3,2024-10-21,2024-11-06,16
2835,Proposal,4,2024-11-06,2024-11-12,6
2835,Closed Lost,7,2024-11-14,,0
2836,Prospecting,1,2026-02-12,2026-03-16,32
2836,Discovery,2,2026-03-16,2026-03-24,8
2836,Demo,3,2026-03-24,2026-05-11,48
2836,Closed Lost,7,2026-05-12,,0
2837,Prospecting,1,2024-09-10,2024-09-18,8
2837,Discovery,2,2024-09-18,2024-09-21,3
2837,Demo,3,2024-09-21,2024-10-30,39
2837,Proposal,4,2024-10-30,2024-11-29,30
2837,Negotiation,5,2024-11-29,2024-12-18,19
2837,Closed Won,6,2024-12-21,,0
2838,Prospecting,1,2025-05-23,2025-06-03,11
2838,Discovery,2,2025-06-03,2025-06-05,2
2838,Demo,3,2025-06-05,2025-06-18,13
2838,Proposal,4,2025-06-18,2025-06-26,8
2838,Negotiation,5,2025-06-26,2025-06-27,1
2838,Closed Won,6,2025-06-28,,0
2839,Prospecting,1,2024-10-26,2024-10-31,5
2839,Discovery,2,2024-10-31,2024-11-12,12
2839,Demo,3,2024-11-12,2024-11-29,17
2839,Proposal,4,2024-11-29,2024-11-30,1
2839,Negotiation,5,2024-11-30,2024-12-01,1
2839,Closed Won,6,2024-12-03,,0
2840,Prospecting,1,2025-02-26,2025-03-15,17
2840,Discovery,2,2025-03-15,2025-03-16,1
2840,Demo,3,2025-03-16,2025-03-27,11
2840,Proposal,4,2025-03-27,2025-03-31,4
2840,Negotiation,5,2025-03-31,2025-04-03,3
2840,Closed Lost,7,2025-04-05,,0
2841,Prospecting,1,2026-02-08,2026-02-14,6
2841,Discovery,2,2026-02-14,2026-03-18,32
2841,Closed Lost,7,2026-03-19,,0
2847,Prospecting,1,2025-08-17,2025-08-18,1
2847,Discovery,2,2025-08-18,2025-09-18,31
2847,Demo,3,2025-09-18,2025-11-05,48
2847,Closed Lost,7,2025-11-06,,0
2848,Prospecting,1,2025-09-24,2025-10-03,9
2848,Discovery,2,2025-10-03,2025-10-10,7
2848,Demo,3,2025-10-10,2025-10-25,15
2848,Closed Lost,7,2025-10-26,,0
2851,Prospecting,1,2025-12-25,2026-01-09,15
2851,Discovery,2,2026-01-09,2026-01-10,1
2851,Demo,3,2026-01-10,2026-01-12,2
2851,Proposal,4,2026-01-12,2026-01-22,10
2851,Negotiation,5,2026-01-22,2026-01-29,7
2851,Closed Won,6,2026-01-30,,0
2856,Prospecting,1,2025-11-14,2025-11-16,2
2856,Discovery,2,2025-11-16,2025-11-17,1
2856,Demo,3,2025-11-17,2025-11-20,3
2856,Proposal,4,2025-11-20,2025-12-02,12
2856,Negotiation,5,2025-12-02,2025-12-03,1
2856,Closed Won,6,2025-12-05,,0
2857,Prospecting,1,2024-11-13,2024-11-17,4
2857,Discovery,2,2024-11-17,2024-11-21,4
2857,Demo,3,2024-11-21,2024-12-10,19
2857,Proposal,4,2024-12-10,2024-12-18,8
2857,Negotiation,5,2024-12-18,2024-12-20,2
2857,Closed Lost,7,2024-12-23,,0
2860,Prospecting,1,2025-03-09,2025-03-15,6
2860,Discovery,2,2025-03-15,2025-03-25,10
2860,Demo,3,2025-03-25,2025-03-26,1
2860,Proposal,4,2025-03-26,2025-04-03,8
2860,Negotiation,5,2025-04-03,2025-04-21,18
2860,Closed Won,6,2025-04-23,,0
2861,Prospecting,1,2025-12-05,2025-12-27,22
2861,Discovery,2,2025-12-27,2025-12-28,1
2861,Demo,3,2025-12-28,2026-01-17,20
2861,Proposal,4,2026-01-17,2026-01-18,1
2861,Closed Lost,7,2026-01-18,,0
2863,Prospecting,1,2025-06-11,2025-06-29,18
2863,Discovery,2,2025-06-29,2025-06-30,1
2863,Demo,3,2025-06-30,2025-07-01,1
2863,Proposal,4,2025-07-01,2025-07-02,1
2863,Negotiation,5,2025-07-02,2025-07-07,5
2863,Closed Lost,7,2025-07-08,,0
2864,Prospecting,1,2026-05-10,2026-05-11,1
2864,Discovery,2,2026-05-11,2026-05-24,13
2864,Demo,3,2026-05-24,2026-06-14,21
2864,Closed Lost,7,2026-06-15,,0
2866,Prospecting,1,2024-10-30,2024-10-31,1
2866,Discovery,2,2024-10-31,2024-11-01,1
2866,Demo,3,2024-11-01,2024-11-05,4
2866,Proposal,4,2024-11-05,2024-11-19,14
2866,Negotiation,5,2024-11-19,2024-11-20,1
2866,Closed Won,6,2024-11-21,,0
2867,Prospecting,1,2025-11-13,2025-11-14,1
2867,Discovery,2,2025-11-14,2025-11-20,6
2867,Demo,3,2025-11-20,2025-11-27,7
2867,Proposal,4,2025-11-27,2025-11-30,3
2867,Negotiation,5,2025-11-30,2025-12-09,9
2867,Closed Won,6,2025-12-11,,0
2868,Prospecting,1,2026-02-21,2026-02-22,1
2868,Discovery,2,2026-02-22,2026-03-04,10
2868,Demo,3,2026-03-04,2026-03-05,1
2868,Proposal,4,2026-03-05,2026-03-23,18
2868,Negotiation,5,2026-03-23,2026-03-29,6
2868,Closed Won,6,2026-03-30,,0
2872,Prospecting,1,2024-10-26,2024-11-20,25
2872,Discovery,2,2024-11-20,2024-11-23,3
2872,Demo,3,2024-11-23,2024-11-24,1
2872,Proposal,4,2024-11-24,2024-12-25,31
2872,Negotiation,5,2024-12-25,2025-01-05,11
2872,Closed Won,6,2025-01-07,,0
2873,Prospecting,1,2025-03-27,2025-03-28,1
2873,Discovery,2,2025-03-28,2025-03-30,2
2873,Demo,3,2025-03-30,2025-03-31,1
2873,Proposal,4,2025-03-31,2025-04-07,7
2873,Closed Lost,7,2025-04-07,,0
2874,Prospecting,1,2026-02-07,2026-02-10,3
2874,Discovery,2,2026-02-10,2026-02-11,1
2874,Demo,3,2026-02-11,2026-03-05,22
2874,Closed Lost,7,2026-03-05,,0
2875,Prospecting,1,2024-07-31,2024-08-04,4
2875,Discovery,2,2024-08-04,2024-08-16,12
2875,Demo,3,2024-08-16,2024-09-17,32
2875,Proposal,4,2024-09-17,2024-12-09,83
2875,Closed Lost,7,2024-12-12,,0
2876,Prospecting,1,2025-06-21,2025-06-24,3
2876,Discovery,2,2025-06-24,2025-09-11,79
2876,Demo,3,2025-09-11,2025-09-15,4
2876,Closed Lost,7,2025-09-17,,0
2877,Prospecting,1,2026-05-26,2026-07-30,65
2877,Discovery,2,2026-07-30,2026-08-01,2
2877,Demo,3,2026-08-01,2026-08-02,1
2879,Prospecting,1,2025-01-08,2025-01-24,16
2879,Discovery,2,2025-01-24,2025-02-21,28
2879,Demo,3,2025-02-21,2025-03-08,15
2879,Proposal,4,2025-03-08,2025-04-05,28
2879,Negotiation,5,2025-04-05,2025-04-13,8
2879,Closed Lost,7,2025-04-16,,0
2880,Prospecting,1,2024-12-15,2025-01-07,23
2880,Discovery,2,2025-01-07,2025-01-22,15
2880,Demo,3,2025-01-22,2025-03-29,66
2880,Proposal,4,2025-03-29,2025-03-30,1
2880,Closed Lost,7,2025-04-01,,0
2881,Prospecting,1,2025-01-27,2025-02-08,12
2881,Discovery,2,2025-02-08,2025-03-17,37
2881,Closed Lost,7,2025-03-18,,0
2890,Prospecting,1,2025-01-08,2025-01-17,9
2890,Discovery,2,2025-01-17,2025-01-21,4
2890,Demo,3,2025-01-21,2025-02-05,15
2890,Proposal,4,2025-02-05,2025-02-06,1
2890,Closed Lost,7,2025-02-07,,0
2891,Prospecting,1,2025-09-04,2025-09-06,2
2891,Discovery,2,2025-09-06,2025-09-13,7
2891,Demo,3,2025-09-13,2025-09-17,4
2891,Proposal,4,2025-09-17,2025-09-22,5
2891,Closed Lost,7,2025-09-24,,0
2893,Prospecting,1,2025-10-20,2025-11-07,18
2893,Discovery,2,2025-11-07,2025-11-18,11
2893,Closed Lost,7,2025-11-19,,0
2894,Prospecting,1,2026-02-15,2026-02-21,6
2894,Discovery,2,2026-02-21,2026-02-22,1
2894,Demo,3,2026-02-22,2026-02-23,1
2894,Proposal,4,2026-02-23,2026-02-26,3
2894,Negotiation,5,2026-02-26,2026-02-28,2
2894,Closed Won,6,2026-03-01,,0
2896,Prospecting,1,2026-06-01,2026-06-02,1
2896,Discovery,2,2026-06-02,2026-09-06,96
2896,Demo,3,2026-09-06,2026-09-27,21
2898,Prospecting,1,2025-02-14,2025-02-26,12
2898,Discovery,2,2025-02-26,2025-03-13,15
2898,Demo,3,2025-03-13,2025-03-29,16
2898,Proposal,4,2025-03-29,2025-04-05,7
2898,Negotiation,5,2025-04-05,2025-04-28,23
2898,Closed Won,6,2025-05-01,,0
2899,Prospecting,1,2026-05-02,2026-07-01,60
2899,Discovery,2,2026-07-01,2026-07-02,1
2906,Prospecting,1,2024-11-21,2025-03-18,117
2906,Discovery,2,2025-03-18,2025-04-05,18
2906,Closed Lost,7,2025-04-06,,0
2907,Prospecting,1,2025-03-18,2025-03-19,1
2907,Discovery,2,2025-03-19,2025-05-03,45
2907,Closed Lost,7,2025-05-04,,0
2908,Prospecting,1,2025-11-26,2025-11-27,1
2908,Discovery,2,2025-11-27,2025-12-13,16
2908,Demo,3,2025-12-13,2025-12-14,1
2908,Proposal,4,2025-12-14,2025-12-15,1
2908,Closed Lost,7,2025-12-15,,0
2909,Prospecting,1,2025-04-07,2025-04-08,1
2909,Discovery,2,2025-04-08,2025-04-11,3
2909,Demo,3,2025-04-11,2025-04-12,1
2909,Proposal,4,2025-04-12,2025-04-20,8
2909,Negotiation,5,2025-04-20,2025-04-25,5
2909,Closed Won,6,2025-04-25,,0
2910,Prospecting,1,2026-03-24,2026-04-06,13
2910,Discovery,2,2026-04-06,2026-04-07,1
2910,Closed Lost,7,2026-04-08,,0
2915,Prospecting,1,2025-03-06,2025-03-14,8
2915,Discovery,2,2025-03-14,2025-06-21,99
2915,Closed Lost,7,2025-06-22,,0
2916,Prospecting,1,2025-12-14,2025-12-19,5
2916,Discovery,2,2025-12-19,2025-12-25,6
2916,Demo,3,2025-12-25,2025-12-26,1
2916,Proposal,4,2025-12-26,2026-01-06,11
2916,Closed Lost,7,2026-01-06,,0
2918,Prospecting,1,2026-02-14,2026-03-10,24
2918,Discovery,2,2026-03-10,2026-04-10,31
2918,Demo,3,2026-04-10,2026-06-19,70
2918,Proposal,4,2026-06-19,2026-07-11,22
2920,Prospecting,1,2024-09-16,2024-09-17,1
2920,Discovery,2,2024-09-17,2024-09-20,3
2920,Demo,3,2024-09-20,2024-10-17,27
2920,Proposal,4,2024-10-17,2024-10-24,7
2920,Negotiation,5,2024-10-24,2024-11-01,8
2920,Closed Lost,7,2024-11-04,,0
2921,Prospecting,1,2025-05-25,2025-05-26,1
2921,Discovery,2,2025-05-26,2025-06-07,12
2921,Demo,3,2025-06-07,2025-06-09,2
2921,Proposal,4,2025-06-09,2025-06-13,4
2921,Negotiation,5,2025-06-13,2025-08-13,61
2921,Closed Lost,7,2025-08-15,,0
2922,Prospecting,1,2025-11-28,2025-12-06,8
2922,Discovery,2,2025-12-06,2026-01-28,53
2922,Closed Lost,7,2026-01-29,,0
2923,Prospecting,1,2026-06-29,2026-06-30,1
2923,Discovery,2,2026-06-30,2026-07-09,9
2923,Demo,3,2026-07-09,2026-07-11,2
2923,Proposal,4,2026-07-11,2026-07-12,1
2923,Negotiation,5,2026-07-12,2026-07-27,15
2924,Prospecting,1,2025-04-20,2025-05-11,21
2924,Discovery,2,2025-05-11,2025-05-12,1
2924,Demo,3,2025-05-12,2025-05-21,9
2924,Proposal,4,2025-05-21,2025-05-25,4
2924,Negotiation,5,2025-05-25,2025-06-04,10
2924,Closed Lost,7,2025-06-06,,0
2925,Prospecting,1,2025-09-09,2025-09-20,11
2925,Discovery,2,2025-09-20,2025-09-22,2
2925,Demo,3,2025-09-22,2025-09-29,7
2925,Proposal,4,2025-09-29,2025-10-02,3
2925,Closed Lost,7,2025-10-04,,0
2927,Prospecting,1,2026-02-16,2026-02-21,5
2927,Discovery,2,2026-02-21,2026-02-22,1
2927,Closed Lost,7,2026-02-23,,0
2928,Prospecting,1,2025-06-21,2025-07-19,28
2928,Discovery,2,2025-07-19,2025-07-21,2
2928,Closed Lost,7,2025-07-22,,0
2929,Prospecting,1,2026-01-19,2026-01-20,1
2929,Discovery,2,2026-01-20,2026-01-25,5
2929,Demo,3,2026-01-25,2026-02-12,18
2929,Proposal,4,2026-02-12,2026-02-16,4
2929,Negotiation,5,2026-02-16,2026-02-17,1
2929,Closed Won,6,2026-02-17,,0
2932,Prospecting,1,2026-01-14,2026-01-15,1
2932,Discovery,2,2026-01-15,2026-01-23,8
2932,Demo,3,2026-01-23,2026-01-28,5
2932,Proposal,4,2026-01-28,2026-02-01,4
2932,Negotiation,5,2026-02-01,2026-02-03,2
2932,Closed Won,6,2026-02-05,,0
2934,Prospecting,1,2025-11-29,2025-12-01,2
2934,Discovery,2,2025-12-01,2025-12-03,2
2934,Demo,3,2025-12-03,2025-12-23,20
2934,Proposal,4,2025-12-23,2025-12-31,8
2934,Negotiation,5,2025-12-31,2026-01-06,6
2934,Closed Won,6,2026-01-08,,0
2936,Prospecting,1,2025-10-26,2025-11-03,8
2936,Discovery,2,2025-11-03,2025-11-25,22
2936,Demo,3,2025-11-25,2025-12-15,20
2936,Proposal,4,2025-12-15,2026-01-12,28
2936,Negotiation,5,2026-01-12,2026-01-29,17
2936,Closed Won,6,2026-01-31,,0
2939,Prospecting,1,2025-08-03,2025-09-02,30
2939,Discovery,2,2025-09-02,2025-09-08,6
2939,Demo,3,2025-09-08,2025-09-09,1
2939,Closed Lost,7,2025-09-11,,0
2940,Prospecting,1,2026-03-05,2026-03-12,7
2940,Discovery,2,2026-03-12,2026-03-18,6
2940,Closed Lost,7,2026-03-19,,0
2944,Prospecting,1,2025-05-24,2025-06-17,24
2944,Discovery,2,2025-06-17,2025-06-23,6
2944,Demo,3,2025-06-23,2025-08-22,60
2944,Proposal,4,2025-08-22,2025-09-20,29
2944,Negotiation,5,2025-09-20,2025-09-24,4
2944,Closed Won,6,2025-09-27,,0
2945,Prospecting,1,2026-03-29,2026-10-16,201
2947,Prospecting,1,2025-12-21,2025-12-23,2
2947,Discovery,2,2025-12-23,2025-12-31,8
2947,Demo,3,2025-12-31,2026-01-15,15
2947,Closed Lost,7,2026-01-17,,0
2948,Prospecting,1,2025-07-31,2025-08-16,16
2948,Discovery,2,2025-08-16,2025-08-27,11
2948,Demo,3,2025-08-27,2025-08-28,1
2948,Proposal,4,2025-08-28,2025-08-29,1
2948,Negotiation,5,2025-08-29,2025-08-31,2
2948,Closed Won,6,2025-09-02,,0
2949,Prospecting,1,2026-04-04,2026-04-12,8
2949,Discovery,2,2026-04-12,2026-04-15,3
2949,Demo,3,2026-04-15,2026-04-17,2
2949,Proposal,4,2026-04-17,2026-04-29,12
2949,Negotiation,5,2026-04-29,2026-05-04,5
2949,Closed Won,6,2026-05-06,,0
2950,Prospecting,1,2025-12-24,2025-12-25,1
2950,Discovery,2,2025-12-25,2026-01-14,20
2950,Demo,3,2026-01-14,2026-01-24,10
2950,Proposal,4,2026-01-24,2026-01-26,2
2950,Negotiation,5,2026-01-26,2026-01-28,2
2950,Closed Lost,7,2026-01-29,,0
2951,Prospecting,1,2024-12-16,2025-02-16,62
2951,Discovery,2,2025-02-16,2025-03-17,29
2951,Closed Lost,7,2025-03-18,,0
2952,Prospecting,1,2024-10-29,2024-10-30,1
2952,Discovery,2,2024-10-30,2024-11-18,19
2952,Demo,3,2024-11-18,2024-11-21,3
2952,Closed Lost,7,2024-11-21,,0
2953,Prospecting,1,2025-07-14,2025-08-03,20
2953,Discovery,2,2025-08-03,2025-08-30,27
2953,Closed Lost,7,2025-08-31,,0
2954,Prospecting,1,2024-09-24,2024-10-06,12
2954,Discovery,2,2024-10-06,2024-10-07,1
2954,Demo,3,2024-10-07,2025-01-10,95
2954,Proposal,4,2025-01-10,2025-02-16,37
2954,Closed Lost,7,2025-02-17,,0
2955,Prospecting,1,2025-08-25,2025-10-10,46
2955,Discovery,2,2025-10-10,2025-10-19,9
2955,Demo,3,2025-10-19,2025-10-27,8
2955,Closed Lost,7,2025-10-28,,0
2956,Prospecting,1,2026-01-12,2026-02-07,26
2956,Discovery,2,2026-02-07,2026-02-19,12
2956,Demo,3,2026-02-19,2026-03-28,37
2956,Closed Lost,7,2026-03-30,,0
2957,Prospecting,1,2025-06-19,2025-07-12,23
2957,Discovery,2,2025-07-12,2025-07-30,18
2957,Demo,3,2025-07-30,2025-08-17,18
2957,Proposal,4,2025-08-17,2025-08-29,12
2957,Negotiation,5,2025-08-29,2025-09-11,13
2957,Closed Won,6,2025-09-13,,0
2958,Prospecting,1,2026-03-06,2026-03-19,13
2958,Discovery,2,2026-03-19,2026-03-29,10
2958,Demo,3,2026-03-29,2026-03-30,1
2958,Proposal,4,2026-03-30,2026-04-03,4
2958,Negotiation,5,2026-04-03,2026-04-08,5
2958,Closed Lost,7,2026-04-10,,0
2959,Prospecting,1,2025-10-13,2025-10-14,1
2959,Discovery,2,2025-10-14,2025-10-24,10
2959,Demo,3,2025-10-24,2025-10-26,2
2959,Proposal,4,2025-10-26,2025-11-02,7
2959,Negotiation,5,2025-11-02,2025-11-08,6
2959,Closed Won,6,2025-11-09,,0
2960,Prospecting,1,2026-06-24,2026-07-01,7
2960,Discovery,2,2026-07-01,2026-07-02,1
2960,Demo,3,2026-07-02,2026-07-07,5
2960,Proposal,4,2026-07-07,2026-07-08,1
2961,Prospecting,1,2026-05-07,2026-06-21,45
2961,Discovery,2,2026-06-21,2026-08-07,47
2962,Prospecting,1,2025-01-30,2025-02-02,3
2962,Discovery,2,2025-02-02,2025-03-09,35
2962,Demo,3,2025-03-09,2025-03-23,14
2962,Proposal,4,2025-03-23,2025-03-24,1
2962,Negotiation,5,2025-03-24,2025-03-27,3
2962,Closed Lost,7,2025-03-28,,0
2963,Prospecting,1,2025-07-22,2025-07-31,9
2963,Discovery,2,2025-07-31,2025-08-13,13
2963,Demo,3,2025-08-13,2025-08-14,1
2963,Proposal,4,2025-08-14,2025-09-01,18
2963,Negotiation,5,2025-09-01,2025-09-25,24
2963,Closed Lost,7,2025-09-26,,0
2964,Prospecting,1,2025-06-14,2025-06-15,1
2964,Discovery,2,2025-06-15,2025-06-17,2
2964,Demo,3,2025-06-17,2025-07-01,14
2964,Proposal,4,2025-07-01,2025-07-08,7
2964,Closed Lost,7,2025-07-09,,0
2965,Prospecting,1,2024-11-23,2024-11-24,1
2965,Discovery,2,2024-11-24,2024-12-19,25
2965,Demo,3,2024-12-19,2024-12-23,4
2965,Proposal,4,2024-12-23,2024-12-28,5
2965,Closed Lost,7,2024-12-28,,0
2966,Prospecting,1,2025-10-14,2025-10-15,1
2966,Discovery,2,2025-10-15,2025-10-16,1
2966,Demo,3,2025-10-16,2025-10-22,6
2966,Proposal,4,2025-10-22,2025-11-05,14
2966,Negotiation,5,2025-11-05,2025-11-06,1
2966,Closed Won,6,2025-11-07,,0
2968,Prospecting,1,2024-09-22,2024-11-05,44
2968,Discovery,2,2024-11-05,2024-12-02,27
2968,Demo,3,2024-12-02,2024-12-06,4
2968,Closed Lost,7,2024-12-07,,0
2969,Prospecting,1,2025-09-23,2025-11-21,59
2969,Discovery,2,2025-11-21,2025-12-03,12
2969,Demo,3,2025-12-03,2026-01-10,38
2969,Closed Lost,7,2026-01-12,,0
2970,Prospecting,1,2025-08-26,2025-08-29,3
2970,Discovery,2,2025-08-29,2025-09-07,9
2970,Demo,3,2025-09-07,2025-09-17,10
2970,Proposal,4,2025-09-17,2025-10-12,25
2970,Negotiation,5,2025-10-12,2025-10-13,1
2970,Closed Won,6,2025-10-15,,0
2971,Prospecting,1,2026-04-24,2026-04-26,2
2971,Discovery,2,2026-04-26,2026-04-28,2
2971,Demo,3,2026-04-28,2026-05-04,6
2971,Proposal,4,2026-05-04,2026-05-11,7
2971,Negotiation,5,2026-05-11,2026-05-16,5
2971,Closed Won,6,2026-05-18,,0
2976,Prospecting,1,2025-10-21,2025-12-14,54
2976,Discovery,2,2025-12-14,2025-12-20,6
2976,Closed Lost,7,2025-12-21,,0
2978,Prospecting,1,2026-06-29,2026-07-10,11
2978,Discovery,2,2026-07-10,2026-07-12,2
2978,Demo,3,2026-07-12,2026-07-28,16
2978,Proposal,4,2026-07-28,2026-08-11,14
2979,Prospecting,1,2025-04-28,2025-05-05,7
2979,Discovery,2,2025-05-05,2025-05-06,1
2979,Demo,3,2025-05-06,2025-05-07,1
2979,Proposal,4,2025-05-07,2025-05-15,8
2979,Negotiation,5,2025-05-15,2025-06-02,18
2979,Closed Lost,7,2025-06-03,,0
2980,Prospecting,1,2026-03-14,2026-03-25,11
2980,Discovery,2,2026-03-25,2026-04-07,13
2980,Demo,3,2026-04-07,2026-04-16,9
2980,Proposal,4,2026-04-16,2026-04-19,3
2980,Negotiation,5,2026-04-19,2026-04-21,2
2980,Closed Won,6,2026-04-23,,0
2981,Prospecting,1,2025-08-28,2025-09-28,31
2981,Discovery,2,2025-09-28,2025-09-29,1
2981,Demo,3,2025-09-29,2025-10-06,7
2981,Proposal,4,2025-10-06,2025-10-21,15
2981,Closed Lost,7,2025-10-23,,0
2982,Prospecting,1,2025-03-05,2025-03-07,2
2982,Discovery,2,2025-03-07,2025-03-26,19
2982,Demo,3,2025-03-26,2025-04-07,12
2982,Proposal,4,2025-04-07,2025-04-08,1
2982,Negotiation,5,2025-04-08,2025-04-12,4
2982,Closed Won,6,2025-04-15,,0
2983,Prospecting,1,2025-10-16,2025-10-17,1
2983,Discovery,2,2025-10-17,2025-10-18,1
2983,Demo,3,2025-10-18,2025-11-20,33
2983,Closed Lost,7,2025-11-21,,0
2985,Prospecting,1,2025-10-13,2025-10-20,7
2985,Discovery,2,2025-10-20,2025-11-01,12
2985,Demo,3,2025-11-01,2025-11-15,14
2985,Proposal,4,2025-11-15,2025-11-21,6
2985,Closed Lost,7,2025-11-23,,0
2989,Prospecting,1,2025-06-12,2025-07-03,21
2989,Discovery,2,2025-07-03,2025-07-22,19
2989,Closed Lost,7,2025-07-23,,0
2990,Prospecting,1,2026-03-10,2026-03-19,9
2990,Discovery,2,2026-03-19,2026-03-29,10
2990,Demo,3,2026-03-29,2026-04-03,5
2990,Closed Lost,7,2026-04-04,,0
2994,Prospecting,1,2025-05-04,2025-05-27,23
2994,Discovery,2,2025-05-27,2025-06-08,12
2994,Closed Lost,7,2025-06-09,,0
2995,Prospecting,1,2026-05-14,2026-07-06,53
2997,Prospecting,1,2025-06-07,2025-09-01,86
2997,Discovery,2,2025-09-01,2025-09-20,19
2997,Demo,3,2025-09-20,2025-10-31,41
2997,Proposal,4,2025-10-31,2025-11-03,3
2997,Closed Lost,7,2025-11-05,,0
2998,Prospecting,1,2026-06-23,2026-07-06,13
2998,Discovery,2,2026-07-06,2026-07-28,22
2998,Demo,3,2026-07-28,2026-08-01,4
2998,Proposal,4,2026-08-01,2026-09-26,56
2998,Negotiation,5,2026-09-26,2026-10-06,10
2999,Prospecting,1,2026-02-16,2026-03-05,17
2999,Discovery,2,2026-03-05,2026-03-11,6
2999,Demo,3,2026-03-11,2026-03-24,13
2999,Closed Lost,7,2026-03-25,,0
3000,Prospecting,1,2026-06-05,2026-06-08,3
3000,Discovery,2,2026-06-08,2026-06-11,3
3000,Demo,3,2026-06-11,2026-06-13,2
3000,Proposal,4,2026-06-13,2026-06-29,16
3000,Negotiation,5,2026-06-29,2026-07-08,9
3002,Prospecting,1,2025-09-21,2025-10-03,12
3002,Discovery,2,2025-10-03,2025-10-22,19
3002,Demo,3,2025-10-22,2025-11-16,25
3002,Proposal,4,2025-11-16,2025-11-30,14
3002,Closed Lost,7,2025-12-02,,0
3003,Prospecting,1,2026-04-12,2026-04-24,12
3003,Discovery,2,2026-04-24,2026-04-27,3
3003,Demo,3,2026-04-27,2026-05-11,14
3003,Proposal,4,2026-05-11,2026-05-12,1
3003,Negotiation,5,2026-05-12,2026-05-18,6
3003,Closed Won,6,2026-05-20,,0
3007,Prospecting,1,2026-01-29,2026-02-11,13
3007,Discovery,2,2026-02-11,2026-02-25,14
3007,Demo,3,2026-02-25,2026-03-01,4
3007,Proposal,4,2026-03-01,2026-03-02,1
3007,Negotiation,5,2026-03-02,2026-03-03,1
3007,Closed Won,6,2026-03-04,,0
3008,Prospecting,1,2025-06-14,2025-06-30,16
3008,Discovery,2,2025-06-30,2025-08-18,49
3008,Closed Lost,7,2025-08-19,,0
3009,Prospecting,1,2026-05-17,2026-05-20,3
3009,Discovery,2,2026-05-20,2026-05-31,11
3009,Demo,3,2026-05-31,2026-06-04,4
3009,Proposal,4,2026-06-04,2026-06-25,21
3009,Negotiation,5,2026-06-25,2026-06-26,1
3009,Closed Lost,7,2026-06-28,,0
3012,Prospecting,1,2025-09-04,2025-09-19,15
3012,Discovery,2,2025-09-19,2025-09-29,10
3012,Demo,3,2025-09-29,2025-10-02,3
3012,Proposal,4,2025-10-02,2025-10-07,5
3012,Negotiation,5,2025-10-07,2025-10-10,3
3012,Closed Lost,7,2025-10-12,,0
3018,Prospecting,1,2026-05-18,2026-06-20,33
3018,Discovery,2,2026-06-20,2026-08-30,71
3019,Prospecting,1,2024-08-18,2024-08-20,2
3019,Discovery,2,2024-08-20,2024-09-01,12
3019,Demo,3,2024-09-01,2024-09-08,7
3019,Proposal,4,2024-09-08,2024-09-15,7
3019,Negotiation,5,2024-09-15,2024-09-16,1
3019,Closed Lost,7,2024-09-19,,0
3020,Prospecting,1,2025-05-29,2025-06-30,32
3020,Discovery,2,2025-06-30,2025-07-01,1
3020,Demo,3,2025-07-01,2025-07-02,1
3020,Closed Lost,7,2025-07-01,,0
3021,Prospecting,1,2025-08-18,2025-08-28,10
3021,Discovery,2,2025-08-28,2025-09-11,14
3021,Demo,3,2025-09-11,2025-09-12,1
3021,Proposal,4,2025-09-12,2025-09-23,11
3021,Closed Lost,7,2025-09-25,,0
3022,Prospecting,1,2024-11-04,2024-11-18,14
3022,Discovery,2,2024-11-18,2024-11-29,11
3022,Closed Lost,7,2024-11-30,,0
3023,Prospecting,1,2024-10-09,2024-12-05,57
3023,Discovery,2,2024-12-05,2024-12-08,3
3023,Demo,3,2024-12-08,2024-12-18,10
3023,Closed Lost,7,2024-12-20,,0
3024,Prospecting,1,2025-09-18,2025-10-27,39
3024,Discovery,2,2025-10-27,2025-11-18,22
3024,Demo,3,2025-11-18,2025-12-08,20
3024,Proposal,4,2025-12-08,2025-12-09,1
3024,Closed Lost,7,2025-12-11,,0
3025,Prospecting,1,2025-01-31,2025-02-11,11
3025,Discovery,2,2025-02-11,2025-03-27,44
3025,Closed Lost,7,2025-03-28,,0
3026,Prospecting,1,2026-04-16,2026-07-03,78
3026,Discovery,2,2026-07-03,2026-07-18,15
3027,Prospecting,1,2024-12-30,2024-12-31,1
3027,Discovery,2,2024-12-31,2025-01-01,1
3027,Demo,3,2025-01-01,2025-01-03,2
3027,Proposal,4,2025-01-03,2025-01-16,13
3027,Negotiation,5,2025-01-16,2025-01-17,1
3027,Closed Lost,7,2025-01-19,,0
3028,Prospecting,1,2025-11-13,2025-11-25,12
3028,Discovery,2,2025-11-25,2025-11-29,4
3028,Demo,3,2025-11-29,2025-12-12,13
3028,Proposal,4,2025-12-12,2025-12-19,7
3028,Closed Lost,7,2025-12-21,,0
3029,Prospecting,1,2026-06-02,2026-06-13,11
3029,Discovery,2,2026-06-13,2026-06-14,1
3029,Demo,3,2026-06-14,2026-06-28,14
3029,Proposal,4,2026-06-28,2026-07-10,12
3029,Negotiation,5,2026-07-10,2026-07-12,2
3032,Prospecting,1,2026-03-16,2026-04-04,19
3032,Discovery,2,2026-04-04,2026-04-06,2
3032,Demo,3,2026-04-06,2026-04-12,6
3032,Proposal,4,2026-04-12,2026-04-13,1
3032,Negotiation,5,2026-04-13,2026-04-30,17
3032,Closed Won,6,2026-05-02,,0
3035,Prospecting,1,2025-05-26,2025-06-02,7
3035,Discovery,2,2025-06-02,2025-06-10,8
3035,Demo,3,2025-06-10,2025-06-12,2
3035,Proposal,4,2025-06-12,2025-07-02,20
3035,Negotiation,5,2025-07-02,2025-07-04,2
3035,Closed Won,6,2025-07-06,,0
3036,Prospecting,1,2026-03-16,2026-03-17,1
3036,Discovery,2,2026-03-17,2026-03-19,2
3036,Demo,3,2026-03-19,2026-04-15,27
3036,Proposal,4,2026-04-15,2026-04-17,2
3036,Closed Lost,7,2026-04-17,,0
3040,Prospecting,1,2025-12-29,2026-01-05,7
3040,Discovery,2,2026-01-05,2026-03-30,84
3040,Demo,3,2026-03-30,2026-04-10,11
3040,Proposal,4,2026-04-10,2026-04-22,12
3040,Negotiation,5,2026-04-22,2026-05-11,19
3040,Closed Won,6,2026-05-14,,0
3045,Prospecting,1,2026-06-05,2026-06-09,4
3045,Discovery,2,2026-06-09,2026-06-18,9
3045,Demo,3,2026-06-18,2026-07-04,16
3045,Proposal,4,2026-07-04,2026-07-12,8
3048,Prospecting,1,2026-01-14,2026-01-18,4
3048,Discovery,2,2026-01-18,2026-02-12,25
3048,Demo,3,2026-02-12,2026-02-21,9
3048,Proposal,4,2026-02-21,2026-03-03,10
3048,Negotiation,5,2026-03-03,2026-03-27,24
3048,Closed Won,6,2026-03-30,,0
3050,Prospecting,1,2024-09-19,2024-09-27,8
3050,Discovery,2,2024-09-27,2024-10-05,8
3050,Demo,3,2024-10-05,2024-11-06,32
3050,Proposal,4,2024-11-06,2024-11-24,18
3050,Negotiation,5,2024-11-24,2024-12-29,35
3050,Closed Lost,7,2024-12-31,,0
3051,Prospecting,1,2024-10-08,2025-01-25,109
3051,Discovery,2,2025-01-25,2025-01-31,6
3051,Demo,3,2025-01-31,2025-02-02,2
3051,Proposal,4,2025-02-02,2025-02-07,5
3051,Closed Lost,7,2025-02-08,,0
3052,Prospecting,1,2025-10-29,2025-11-18,20
3052,Discovery,2,2025-11-18,2025-12-09,21
3052,Closed Lost,7,2025-12-10,,0
3053,Prospecting,1,2025-12-28,2025-12-29,1
3053,Discovery,2,2025-12-29,2026-01-02,4
3053,Demo,3,2026-01-02,2026-01-03,1
3053,Proposal,4,2026-01-03,2026-01-04,1
3053,Negotiation,5,2026-01-04,2026-01-05,1
3053,Closed Won,6,2026-01-06,,0
3057,Prospecting,1,2025-04-23,2025-04-24,1
3057,Discovery,2,2025-04-24,2025-04-27,3
3057,Demo,3,2025-04-27,2025-05-12,15
3057,Proposal,4,2025-05-12,2025-05-13,1
3057,Negotiation,5,2025-05-13,2025-05-19,6
3057,Closed Lost,7,2025-05-21,,0
3058,Prospecting,1,2025-12-01,2025-12-02,1
3058,Discovery,2,2025-12-02,2026-01-04,33
3058,Demo,3,2026-01-04,2026-01-05,1
3058,Proposal,4,2026-01-05,2026-01-16,11
3058,Closed Lost,7,2026-01-15,,0
3059,Prospecting,1,2025-01-06,2025-04-09,93
3059,Discovery,2,2025-04-09,2025-05-28,49
3059,Demo,3,2025-05-28,2025-06-12,15
3059,Proposal,4,2025-06-12,2025-06-22,10
3059,Closed Lost,7,2025-06-24,,0
3060,Prospecting,1,2025-12-04,2026-01-19,46
3060,Discovery,2,2026-01-19,2026-06-17,149
3060,Closed Lost,7,2026-06-18,,0
3061,Prospecting,1,2026-06-02,2026-06-03,1
3061,Discovery,2,2026-06-03,2026-06-05,2
3061,Demo,3,2026-06-05,2026-06-11,6
3061,Proposal,4,2026-06-11,2026-06-12,1
3061,Negotiation,5,2026-06-12,2026-06-21,9
3061,Closed Won,6,2026-06-23,,0
3064,Prospecting,1,2026-05-04,2026-05-11,7
3064,Discovery,2,2026-05-11,2026-06-09,29
3064,Closed Lost,7,2026-06-10,,0
3067,Prospecting,1,2026-05-11,2026-07-28,78
3069,Prospecting,1,2026-04-07,2026-04-11,4
3069,Discovery,2,2026-04-11,2026-04-12,1
3069,Demo,3,2026-04-12,2026-04-18,6
3069,Proposal,4,2026-04-18,2026-04-19,1
3069,Negotiation,5,2026-04-19,2026-04-21,2
3069,Closed Won,6,2026-04-24,,0
3071,Prospecting,1,2026-06-02,2026-06-17,15
3071,Discovery,2,2026-06-17,2026-06-21,4
3071,Demo,3,2026-06-21,2026-06-24,3
3071,Closed Lost,7,2026-06-25,,0
3073,Prospecting,1,2025-06-21,2025-07-27,36
3073,Discovery,2,2025-07-27,2025-08-19,23
3073,Demo,3,2025-08-19,2025-09-11,23
3073,Proposal,4,2025-09-11,2025-10-25,44
3073,Negotiation,5,2025-10-25,2025-10-26,1
3073,Closed Won,6,2025-10-28,,0
3074,Prospecting,1,2026-04-27,2026-05-31,34
3074,Discovery,2,2026-05-31,2026-06-02,2
3074,Closed Lost,7,2026-06-03,,0
3079,Prospecting,1,2024-10-16,2024-11-25,40
3079,Discovery,2,2024-11-25,2024-12-14,19
3079,Demo,3,2024-12-14,2024-12-24,10
3079,Proposal,4,2024-12-24,2024-12-27,3
3079,Negotiation,5,2024-12-27,2025-01-07,11
3079,Closed Lost,7,2025-01-10,,0
3080,Prospecting,1,2025-07-30,2025-08-05,6
3080,Discovery,2,2025-08-05,2025-08-19,14
3080,Demo,3,2025-08-19,2025-09-03,15
3080,Proposal,4,2025-09-03,2025-09-04,1
3080,Negotiation,5,2025-09-04,2025-09-27,23
3080,Closed Won,6,2025-09-30,,0
3083,Prospecting,1,2026-05-21,2026-07-12,52
3085,Prospecting,1,2025-02-07,2025-02-17,10
3085,Discovery,2,2025-02-17,2025-02-18,1
3085,Demo,3,2025-02-18,2025-02-20,2
3085,Proposal,4,2025-02-20,2025-02-21,1
3085,Negotiation,5,2025-02-21,2025-03-12,19
3085,Closed Won,6,2025-03-13,,0
3086,Prospecting,1,2026-01-10,2026-01-11,1
3086,Discovery,2,2026-01-11,2026-01-19,8
3086,Demo,3,2026-01-19,2026-01-27,8
3086,Proposal,4,2026-01-27,2026-01-28,1
3086,Negotiation,5,2026-01-28,2026-02-14,17
3086,Closed Won,6,2026-02-14,,0
3088,Prospecting,1,2026-05-04,2026-05-05,1
3088,Discovery,2,2026-05-05,2026-06-15,41
3088,Closed Lost,7,2026-06-16,,0
3091,Prospecting,1,2026-06-26,2026-07-19,23
3093,Prospecting,1,2025-07-12,2025-07-13,1
3093,Discovery,2,2025-07-13,2025-07-27,14
3093,Demo,3,2025-07-27,2025-08-30,34
3093,Proposal,4,2025-08-30,2025-09-11,12
3093,Negotiation,5,2025-09-11,2025-10-11,30
3093,Closed Won,6,2025-10-13,,0
3094,Prospecting,1,2025-10-24,2025-10-28,4
3094,Discovery,2,2025-10-28,2025-11-08,11
3094,Demo,3,2025-11-08,2025-11-09,1
3094,Proposal,4,2025-11-09,2025-11-23,14
3094,Closed Lost,7,2025-11-24,,0
3103,Prospecting,1,2025-03-23,2025-04-21,29
3103,Discovery,2,2025-04-21,2025-05-25,34
3103,Closed Lost,7,2025-05-26,,0
3104,Prospecting,1,2025-12-09,2025-12-22,13
3104,Discovery,2,2025-12-22,2026-01-06,15
3104,Demo,3,2026-01-06,2026-01-14,8
3104,Proposal,4,2026-01-14,2026-01-25,11
3104,Negotiation,5,2026-01-25,2026-02-24,30
3104,Closed Won,6,2026-02-26,,0
3105,Prospecting,1,2026-02-18,2026-03-10,20
3105,Discovery,2,2026-03-10,2026-03-23,13
3105,Demo,3,2026-03-23,2026-04-25,33
3105,Closed Lost,7,2026-04-26,,0
3108,Prospecting,1,2026-02-18,2026-03-02,12
3108,Discovery,2,2026-03-02,2026-03-03,1
3108,Demo,3,2026-03-03,2026-03-16,13
3108,Proposal,4,2026-03-16,2026-03-21,5
3108,Closed Lost,7,2026-03-23,,0
3110,Prospecting,1,2025-01-15,2025-01-16,1
3110,Discovery,2,2025-01-16,2025-01-17,1
3110,Demo,3,2025-01-17,2025-01-18,1
3110,Proposal,4,2025-01-18,2025-01-19,1
3110,Negotiation,5,2025-01-19,2025-01-22,3
3110,Closed Won,6,2025-01-22,,0
3111,Prospecting,1,2025-01-22,2025-02-06,15
3111,Discovery,2,2025-02-06,2025-02-07,1
3111,Demo,3,2025-02-07,2025-02-11,4
3111,Proposal,4,2025-02-11,2025-02-20,9
3111,Negotiation,5,2025-02-20,2025-04-06,45
3111,Closed Won,6,2025-04-09,,0
3112,Prospecting,1,2025-09-22,2025-10-19,27
3112,Discovery,2,2025-10-19,2025-11-19,31
3112,Demo,3,2025-11-19,2025-11-25,6
3112,Proposal,4,2025-11-25,2025-12-25,30
3112,Negotiation,5,2025-12-25,2026-01-22,28
3112,Closed Won,6,2026-01-25,,0
3113,Prospecting,1,2026-04-07,2026-04-16,9
3113,Discovery,2,2026-04-16,2026-04-25,9
3113,Demo,3,2026-04-25,2026-04-26,1
3113,Proposal,4,2026-04-26,2026-05-03,7
3113,Closed Lost,7,2026-05-04,,0
3114,Prospecting,1,2025-01-21,2025-02-01,11
3114,Discovery,2,2025-02-01,2025-02-05,4
3114,Demo,3,2025-02-05,2025-04-22,76
3114,Proposal,4,2025-04-22,2025-05-01,9
3114,Closed Lost,7,2025-05-04,,0
3115,Prospecting,1,2026-06-15,2026-06-16,1
3115,Discovery,2,2026-06-16,2026-06-20,4
3115,Demo,3,2026-06-20,2026-06-21,1
3115,Proposal,4,2026-06-21,2026-06-22,1
3115,Negotiation,5,2026-06-22,2026-06-26,4
3115,Closed Won,6,2026-06-26,,0
3117,Prospecting,1,2025-04-20,2025-05-02,12
3117,Discovery,2,2025-05-02,2025-05-27,25
3117,Demo,3,2025-05-27,2025-06-07,11
3117,Proposal,4,2025-06-07,2025-06-17,10
3117,Negotiation,5,2025-06-17,2025-06-25,8
3117,Closed Lost,7,2025-06-27,,0
3118,Prospecting,1,2026-02-14,2026-04-17,62
3118,Discovery,2,2026-04-17,2026-05-05,18
3118,Closed Lost,7,2026-05-06,,0
3119,Prospecting,1,2026-04-09,2026-04-19,10
3119,Discovery,2,2026-04-19,2026-04-20,1
3119,Demo,3,2026-04-20,2026-04-22,2
3119,Closed Lost,7,2026-04-23,,0
3120,Prospecting,1,2026-02-28,2026-03-02,2
3120,Discovery,2,2026-03-02,2026-03-26,24
3120,Demo,3,2026-03-26,2026-03-28,2
3120,Proposal,4,2026-03-28,2026-03-29,1
3120,Closed Lost,7,2026-03-30,,0
3122,Prospecting,1,2026-03-17,2026-06-21,96
3122,Discovery,2,2026-06-21,2026-06-22,1
3122,Closed Lost,7,2026-06-22,,0
3123,Prospecting,1,2026-02-22,2026-02-23,1
3123,Discovery,2,2026-02-23,2026-02-24,1
3123,Demo,3,2026-02-24,2026-03-04,8
3123,Proposal,4,2026-03-04,2026-03-12,8
3123,Negotiation,5,2026-03-12,2026-03-13,1
3123,Closed Won,6,2026-03-15,,0
3124,Prospecting,1,2024-09-02,2024-09-27,25
3124,Discovery,2,2024-09-27,2024-09-28,1
3124,Demo,3,2024-09-28,2024-09-30,2
3124,Proposal,4,2024-09-30,2024-10-06,6
3124,Negotiation,5,2024-10-06,2024-10-11,5
3124,Closed Lost,7,2024-10-13,,0
3125,Prospecting,1,2025-07-10,2025-07-11,1
3125,Discovery,2,2025-07-11,2025-07-14,3
3125,Demo,3,2025-07-14,2025-07-24,10
3125,Proposal,4,2025-07-24,2025-07-28,4
3125,Negotiation,5,2025-07-28,2025-08-11,14
3125,Closed Won,6,2025-08-13,,0
3126,Prospecting,1,2025-11-10,2025-11-17,7
3126,Discovery,2,2025-11-17,2025-11-28,11
3126,Demo,3,2025-11-28,2025-12-03,5
3126,Proposal,4,2025-12-03,2025-12-10,7
3126,Negotiation,5,2025-12-10,2025-12-21,11
3126,Closed Lost,7,2025-12-22,,0
3127,Prospecting,1,2026-05-30,2026-07-25,56
3128,Prospecting,1,2026-02-14,2026-02-26,12
3128,Discovery,2,2026-02-26,2026-02-27,1
3128,Demo,3,2026-02-27,2026-03-01,2
3128,Proposal,4,2026-03-01,2026-03-16,15
3128,Negotiation,5,2026-03-16,2026-03-20,4
3128,Closed Won,6,2026-03-23,,0
3132,Prospecting,1,2025-10-10,2025-10-16,6
3132,Discovery,2,2025-10-16,2025-10-19,3
3132,Demo,3,2025-10-19,2025-11-06,18
3132,Proposal,4,2025-11-06,2025-11-07,1
3132,Closed Lost,7,2025-11-09,,0
3134,Prospecting,1,2026-02-06,2026-02-14,8
3134,Discovery,2,2026-02-14,2026-02-23,9
3134,Demo,3,2026-02-23,2026-04-01,37
3134,Closed Lost,7,2026-04-03,,0
3136,Prospecting,1,2025-11-11,2025-12-13,32
3136,Discovery,2,2025-12-13,2026-01-01,19
3136,Demo,3,2026-01-01,2026-01-04,3
3136,Proposal,4,2026-01-04,2026-01-10,6
3136,Negotiation,5,2026-01-10,2026-01-26,16
3136,Closed Won,6,2026-01-28,,0
3138,Prospecting,1,2025-10-25,2025-10-26,1
3138,Discovery,2,2025-10-26,2025-12-05,40
3138,Demo,3,2025-12-05,2025-12-20,15
3138,Proposal,4,2025-12-20,2026-01-01,12
3138,Negotiation,5,2026-01-01,2026-01-16,15
3138,Closed Won,6,2026-01-18,,0
3140,Prospecting,1,2025-10-06,2026-01-19,105
3140,Discovery,2,2026-01-19,2026-01-22,3
3140,Demo,3,2026-01-22,2026-02-05,14
3140,Proposal,4,2026-02-05,2026-02-16,11
3140,Negotiation,5,2026-02-16,2026-02-19,3
3140,Closed Lost,7,2026-02-23,,0
3141,Prospecting,1,2026-01-28,2026-01-29,1
3141,Discovery,2,2026-01-29,2026-02-22,24
3141,Demo,3,2026-02-22,2026-03-03,9
3141,Proposal,4,2026-03-03,2026-03-09,6
3141,Closed Lost,7,2026-03-10,,0
3143,Prospecting,1,2026-04-30,2026-05-13,13
3143,Discovery,2,2026-05-13,2026-05-17,4
3143,Demo,3,2026-05-17,2026-05-30,13
3143,Proposal,4,2026-05-30,2026-06-04,5
3143,Negotiation,5,2026-06-04,2026-06-09,5
3143,Closed Won,6,2026-06-11,,0
3149,Prospecting,1,2026-06-06,2026-06-07,1
3149,Discovery,2,2026-06-07,2026-06-10,3
3149,Demo,3,2026-06-10,2026-06-11,1
3149,Proposal,4,2026-06-11,2026-06-12,1
3149,Negotiation,5,2026-06-12,2026-06-15,3
3149,Closed Won,6,2026-06-17,,0
3151,Prospecting,1,2025-09-09,2025-09-13,4
3151,Discovery,2,2025-09-13,2025-10-15,32
3151,Demo,3,2025-10-15,2025-11-13,29
3151,Closed Lost,7,2025-11-14,,0
3155,Prospecting,1,2024-09-03,2024-09-07,4
3155,Discovery,2,2024-09-07,2024-09-13,6
3155,Demo,3,2024-09-13,2024-09-16,3
3155,Proposal,4,2024-09-16,2024-09-23,7
3155,Closed Lost,7,2024-09-25,,0
3156,Prospecting,1,2025-04-21,2025-05-21,30
3156,Discovery,2,2025-05-21,2025-06-01,11
3156,Closed Lost,7,2025-06-02,,0
3157,Prospecting,1,2026-05-18,2026-05-20,2
3157,Discovery,2,2026-05-20,2026-05-22,2
3157,Demo,3,2026-05-22,2026-05-23,1
3157,Proposal,4,2026-05-23,2026-05-27,4
3157,Negotiation,5,2026-05-27,2026-06-03,7
3157,Closed Won,6,2026-06-06,,0
3158,Prospecting,1,2026-03-14,2026-03-28,14
3158,Discovery,2,2026-03-28,2026-03-29,1
3158,Demo,3,2026-03-29,2026-04-05,7
3158,Proposal,4,2026-04-05,2026-04-10,5
3158,Negotiation,5,2026-04-10,2026-04-11,1
3158,Closed Lost,7,2026-04-13,,0
3161,Prospecting,1,2026-02-10,2026-02-12,2
3161,Discovery,2,2026-02-12,2026-02-15,3
3161,Demo,3,2026-02-15,2026-02-17,2
3161,Proposal,4,2026-02-17,2026-02-27,10
3161,Negotiation,5,2026-02-27,2026-03-07,8
3161,Closed Won,6,2026-03-09,,0
3163,Prospecting,1,2025-06-05,2025-07-06,31
3163,Discovery,2,2025-07-06,2025-09-28,84
3163,Demo,3,2025-09-28,2025-10-23,25
3163,Proposal,4,2025-10-23,2025-12-06,44
3163,Negotiation,5,2025-12-06,2025-12-15,9
3163,Closed Lost,7,2025-12-17,,0
3164,Prospecting,1,2025-08-03,2025-11-03,92
3164,Discovery,2,2025-11-03,2025-11-07,4
3164,Demo,3,2025-11-07,2025-11-18,11
3164,Proposal,4,2025-11-18,2025-11-19,1
3164,Closed Lost,7,2025-11-21,,0
3165,Prospecting,1,2025-08-16,2025-08-28,12
3165,Discovery,2,2025-08-28,2025-09-27,30
3165,Demo,3,2025-09-27,2025-11-01,35
3165,Closed Lost,7,2025-11-03,,0
3166,Prospecting,1,2026-01-23,2026-02-05,13
3166,Discovery,2,2026-02-05,2026-02-09,4
3166,Demo,3,2026-02-09,2026-02-14,5
3166,Proposal,4,2026-02-14,2026-02-17,3
3166,Closed Lost,7,2026-02-18,,0
3171,Prospecting,1,2026-03-07,2026-03-17,10
3171,Discovery,2,2026-03-17,2026-03-27,10
3171,Demo,3,2026-03-27,2026-04-01,5
3171,Proposal,4,2026-04-01,2026-04-21,20
3171,Negotiation,5,2026-04-21,2026-04-22,1
3171,Closed Won,6,2026-04-24,,0
3172,Prospecting,1,2025-09-30,2025-10-01,1
3172,Discovery,2,2025-10-01,2025-11-22,52
3172,Demo,3,2025-11-22,2025-12-04,12
3172,Proposal,4,2025-12-04,2026-02-23,81
3172,Closed Lost,7,2026-02-24,,0
3173,Prospecting,1,2025-06-20,2025-06-22,2
3173,Discovery,2,2025-06-22,2025-06-28,6
3173,Demo,3,2025-06-28,2025-06-30,2
3173,Proposal,4,2025-06-30,2025-07-01,1
3173,Negotiation,5,2025-07-01,2025-07-18,17
3173,Closed Lost,7,2025-07-21,,0
3174,Prospecting,1,2026-02-10,2026-02-15,5
3174,Discovery,2,2026-02-15,2026-02-20,5
3174,Demo,3,2026-02-20,2026-02-25,5
3174,Proposal,4,2026-02-25,2026-02-26,1
3174,Closed Lost,7,2026-02-28,,0
3175,Prospecting,1,2025-11-18,2026-01-09,52
3175,Discovery,2,2026-01-09,2026-01-25,16
3175,Demo,3,2026-01-25,2026-03-08,42
3175,Proposal,4,2026-03-08,2026-03-11,3
3175,Negotiation,5,2026-03-11,2026-04-21,41
3175,Closed Lost,7,2026-04-24,,0
3178,Prospecting,1,2025-05-10,2025-05-14,4
3178,Discovery,2,2025-05-14,2025-05-18,4
3178,Demo,3,2025-05-18,2025-05-24,6
3178,Proposal,4,2025-05-24,2025-06-10,17
3178,Negotiation,5,2025-06-10,2025-07-08,28
3178,Closed Lost,7,2025-07-11,,0
3179,Prospecting,1,2025-06-03,2025-06-04,1
3179,Discovery,2,2025-06-04,2025-06-17,13
3179,Demo,3,2025-06-17,2025-06-22,5
3179,Proposal,4,2025-06-22,2025-07-03,11
3179,Negotiation,5,2025-07-03,2025-07-04,1
3179,Closed Lost,7,2025-07-05,,0
3180,Prospecting,1,2026-05-18,2026-05-27,9
3180,Discovery,2,2026-05-27,2026-06-06,10
3180,Demo,3,2026-06-06,2026-06-10,4
3180,Proposal,4,2026-06-10,2026-06-11,1
3180,Negotiation,5,2026-06-11,2026-06-22,11
3180,Closed Lost,7,2026-06-23,,0
3182,Prospecting,1,2025-03-08,2025-03-16,8
3182,Discovery,2,2025-03-16,2025-04-03,18
3182,Demo,3,2025-04-03,2025-04-05,2
3182,Proposal,4,2025-04-05,2025-04-18,13
3182,Negotiation,5,2025-04-18,2025-04-23,5
3182,Closed Won,6,2025-04-25,,0
3183,Prospecting,1,2026-05-24,2026-06-07,14
3183,Discovery,2,2026-06-07,2026-07-05,28
3188,Prospecting,1,2024-11-25,2024-12-09,14
3188,Discovery,2,2024-12-09,2024-12-10,1
3188,Demo,3,2024-12-10,2024-12-11,1
3188,Proposal,4,2024-12-11,2024-12-20,9
3188,Negotiation,5,2024-12-20,2024-12-29,9
3188,Closed Won,6,2024-12-30,,0
3189,Prospecting,1,2025-06-30,2025-07-22,22
3189,Discovery,2,2025-07-22,2025-08-03,12
3189,Closed Lost,7,2025-08-04,,0
3190,Prospecting,1,2026-06-25,2026-06-26,1
3190,Discovery,2,2026-06-26,2026-06-29,3
3190,Demo,3,2026-06-29,2026-07-23,24
3192,Prospecting,1,2025-10-17,2025-10-27,10
3192,Discovery,2,2025-10-27,2025-10-31,4
3192,Demo,3,2025-10-31,2025-11-02,2
3192,Proposal,4,2025-11-02,2025-11-03,1
3192,Negotiation,5,2025-11-03,2025-11-09,6
3192,Closed Lost,7,2025-11-11,,0
3194,Prospecting,1,2025-09-20,2025-09-23,3
3194,Discovery,2,2025-09-23,2025-10-15,22
3194,Demo,3,2025-10-15,2025-10-18,3
3194,Closed Lost,7,2025-10-19,,0
3195,Prospecting,1,2026-06-15,2026-06-29,14
3195,Discovery,2,2026-06-29,2026-06-30,1
3195,Demo,3,2026-06-30,2026-07-01,1
3195,Closed Lost,7,2026-07-01,,0
3196,Prospecting,1,2025-11-08,2025-12-13,35
3196,Discovery,2,2025-12-13,2026-01-23,41
3196,Demo,3,2026-01-23,2026-03-10,46
3196,Closed Lost,7,2026-03-11,,0
3199,Prospecting,1,2026-04-22,2026-05-10,18
3199,Discovery,2,2026-05-10,2026-05-11,1
3199,Demo,3,2026-05-11,2026-05-12,1
3199,Proposal,4,2026-05-12,2026-05-14,2
3199,Closed Lost,7,2026-05-14,,0
3203,Prospecting,1,2025-05-24,2025-05-29,5
3203,Discovery,2,2025-05-29,2025-06-28,30
3203,Demo,3,2025-06-28,2025-06-29,1
3203,Proposal,4,2025-06-29,2025-07-13,14
3203,Negotiation,5,2025-07-13,2025-07-18,5
3203,Closed Won,6,2025-07-19,,0
3204,Prospecting,1,2026-02-17,2026-02-18,1
3204,Discovery,2,2026-02-18,2026-02-19,1
3204,Demo,3,2026-02-19,2026-02-28,9
3204,Proposal,4,2026-02-28,2026-03-16,16
3204,Negotiation,5,2026-03-16,2026-03-21,5
3204,Closed Lost,7,2026-03-24,,0
3205,Prospecting,1,2025-05-27,2025-07-01,35
3205,Discovery,2,2025-07-01,2025-08-25,55
3205,Demo,3,2025-08-25,2025-08-29,4
3205,Proposal,4,2025-08-29,2025-09-08,10
3205,Closed Lost,7,2025-09-10,,0
3206,Prospecting,1,2026-01-15,2026-02-18,34
3206,Discovery,2,2026-02-18,2026-03-06,16
3206,Demo,3,2026-03-06,2026-04-15,40
3206,Closed Lost,7,2026-04-17,,0
3209,Prospecting,1,2025-08-13,2025-08-18,5
3209,Discovery,2,2025-08-18,2025-08-28,10
3209,Demo,3,2025-08-28,2025-09-07,10
3209,Proposal,4,2025-09-07,2025-10-01,24
3209,Negotiation,5,2025-10-01,2025-10-02,1
3209,Closed Won,6,2025-10-04,,0
3210,Prospecting,1,2026-05-13,2026-05-14,1
3210,Discovery,2,2026-05-14,2026-05-24,10
3210,Demo,3,2026-05-24,2026-06-01,8
3210,Proposal,4,2026-06-01,2026-06-02,1
3210,Negotiation,5,2026-06-02,2026-06-04,2
3210,Closed Won,6,2026-06-05,,0
3211,Prospecting,1,2026-02-13,2026-03-12,27
3211,Discovery,2,2026-03-12,2026-03-21,9
3211,Demo,3,2026-03-21,2026-03-22,1
3211,Closed Lost,7,2026-03-23,,0
3212,Prospecting,1,2026-04-16,2026-04-17,1
3212,Discovery,2,2026-04-17,2026-04-23,6
3212,Demo,3,2026-04-23,2026-04-30,7
3212,Proposal,4,2026-04-30,2026-05-01,1
3212,Negotiation,5,2026-05-01,2026-05-11,10
3212,Closed Lost,7,2026-05-12,,0
3218,Prospecting,1,2025-03-02,2025-03-17,15
3218,Discovery,2,2025-03-17,2025-03-27,10
3218,Demo,3,2025-03-27,2025-07-01,96
3218,Proposal,4,2025-07-01,2025-08-27,57
3218,Closed Lost,7,2025-08-29,,0
3219,Prospecting,1,2026-02-28,2026-03-09,9
3219,Discovery,2,2026-03-09,2026-06-08,91
3219,Demo,3,2026-06-08,2026-06-19,11
3219,Closed Lost,7,2026-06-20,,0
3220,Prospecting,1,2025-04-15,2025-05-05,20
3220,Discovery,2,2025-05-05,2025-05-17,12
3220,Demo,3,2025-05-17,2025-05-19,2
3220,Closed Lost,7,2025-05-21,,0
3221,Prospecting,1,2025-10-08,2025-10-27,19
3221,Discovery,2,2025-10-27,2025-11-11,15
3221,Demo,3,2025-11-11,2025-11-12,1
3221,Proposal,4,2025-11-12,2025-11-13,1
3221,Negotiation,5,2025-11-13,2025-11-14,1
3221,Closed Won,6,2025-11-16,,0
3222,Prospecting,1,2025-10-21,2025-11-03,13
3222,Discovery,2,2025-11-03,2025-12-04,31
3222,Demo,3,2025-12-04,2025-12-10,6
3222,Closed Lost,7,2025-12-11,,0
3223,Prospecting,1,2026-04-18,2026-04-20,2
3223,Discovery,2,2026-04-20,2026-04-22,2
3223,Demo,3,2026-04-22,2026-05-01,9
3223,Proposal,4,2026-05-01,2026-05-06,5
3223,Negotiation,5,2026-05-06,2026-05-15,9
3223,Closed Lost,7,2026-05-18,,0
3224,Prospecting,1,2026-05-21,2026-06-13,23
3224,Discovery,2,2026-06-13,2026-07-08,25
3224,Demo,3,2026-07-08,2026-07-09,1
3225,Prospecting,1,2025-07-15,2025-07-16,1
3225,Discovery,2,2025-07-16,2025-07-23,7
3225,Demo,3,2025-07-23,2025-08-11,19
3225,Proposal,4,2025-08-11,2025-08-12,1
3225,Negotiation,5,2025-08-12,2025-09-17,36
3225,Closed Won,6,2025-09-18,,0
3226,Prospecting,1,2025-07-22,2025-07-23,1
3226,Discovery,2,2025-07-23,2025-08-06,14
3226,Demo,3,2025-08-06,2025-08-09,3
3226,Proposal,4,2025-08-09,2025-08-25,16
3226,Closed Lost,7,2025-08-27,,0
3227,Prospecting,1,2026-03-03,2026-03-21,18
3227,Discovery,2,2026-03-21,2026-03-29,8
3227,Demo,3,2026-03-29,2026-04-07,9
3227,Proposal,4,2026-04-07,2026-04-08,1
3227,Closed Lost,7,2026-04-10,,0
3228,Prospecting,1,2025-08-28,2025-09-06,9
3228,Discovery,2,2025-09-06,2025-10-11,35
3228,Demo,3,2025-10-11,2025-11-10,30
3228,Proposal,4,2025-11-10,2025-12-21,41
3228,Negotiation,5,2025-12-21,2026-02-03,44
3228,Closed Won,6,2026-02-06,,0
3229,Prospecting,1,2026-04-21,2026-04-24,3
3229,Discovery,2,2026-04-24,2026-05-17,23
3229,Demo,3,2026-05-17,2026-06-07,21
3229,Proposal,4,2026-06-07,2026-08-08,62
3229,Negotiation,5,2026-08-08,2026-08-14,6
3230,Prospecting,1,2024-10-08,2024-10-23,15
3230,Discovery,2,2024-10-23,2024-10-25,2
3230,Closed Lost,7,2024-10-26,,0
3231,Prospecting,1,2025-04-11,2025-04-24,13
3231,Discovery,2,2025-04-24,2025-05-13,19
3231,Closed Lost,7,2025-05-14,,0
3232,Prospecting,1,2025-12-21,2025-12-24,3
3232,Discovery,2,2025-12-24,2025-12-25,1
3232,Demo,3,2025-12-25,2025-12-26,1
3232,Proposal,4,2025-12-26,2025-12-28,2
3232,Negotiation,5,2025-12-28,2026-01-01,4
3232,Closed Won,6,2026-01-02,,0
3236,Prospecting,1,2026-06-13,2026-08-30,78
3237,Prospecting,1,2026-06-30,2026-08-29,60
3239,Prospecting,1,2025-09-07,2025-10-12,35
3239,Discovery,2,2025-10-12,2025-10-16,4
3239,Closed Lost,7,2025-10-17,,0
3242,Prospecting,1,2025-05-28,2025-05-31,3
3242,Discovery,2,2025-05-31,2025-06-09,9
3242,Demo,3,2025-06-09,2025-06-17,8
3242,Proposal,4,2025-06-17,2025-06-18,1
3242,Negotiation,5,2025-06-18,2025-07-04,16
3242,Closed Won,6,2025-07-06,,0
3243,Prospecting,1,2025-11-17,2025-12-17,30
3243,Discovery,2,2025-12-17,2025-12-18,1
3243,Demo,3,2025-12-18,2025-12-19,1
3243,Closed Lost,7,2025-12-21,,0
3245,Prospecting,1,2025-04-19,2025-05-18,29
3245,Discovery,2,2025-05-18,2025-05-20,2
3245,Closed Lost,7,2025-05-21,,0
3246,Prospecting,1,2026-02-28,2026-03-23,23
3246,Discovery,2,2026-03-23,2026-03-27,4
3246,Demo,3,2026-03-27,2026-04-05,9
3246,Closed Lost,7,2026-04-07,,0
3247,Prospecting,1,2024-12-10,2024-12-14,4
3247,Discovery,2,2024-12-14,2024-12-15,1
3247,Demo,3,2024-12-15,2025-01-05,21
3247,Proposal,4,2025-01-05,2025-01-08,3
3247,Negotiation,5,2025-01-08,2025-01-12,4
3247,Closed Won,6,2025-01-15,,0
3248,Prospecting,1,2025-04-28,2025-06-04,37
3248,Discovery,2,2025-06-04,2025-07-19,45
3248,Demo,3,2025-07-19,2025-08-10,22
3248,Proposal,4,2025-08-10,2025-09-09,30
3248,Closed Lost,7,2025-09-11,,0
3249,Prospecting,1,2026-03-02,2026-05-04,63
3249,Discovery,2,2026-05-04,2026-06-27,54
3249,Demo,3,2026-06-27,2026-07-02,5
3250,Prospecting,1,2025-03-29,2025-04-14,16
3250,Discovery,2,2025-04-14,2025-05-09,25
3250,Closed Lost,7,2025-05-10,,0
3251,Prospecting,1,2025-10-11,2025-10-16,5
3251,Discovery,2,2025-10-16,2025-11-02,17
3251,Demo,3,2025-11-02,2025-11-06,4
3251,Proposal,4,2025-11-06,2025-11-18,12
3251,Negotiation,5,2025-11-18,2025-11-30,12
3251,Closed Won,6,2025-12-03,,0
3254,Prospecting,1,2025-09-06,2025-09-23,17
3254,Discovery,2,2025-09-23,2025-09-24,1
3254,Demo,3,2025-09-24,2025-09-25,1
3254,Proposal,4,2025-09-25,2025-10-21,26
3254,Closed Lost,7,2025-10-22,,0
3255,Prospecting,1,2026-06-18,2026-08-14,57
3258,Prospecting,1,2025-12-15,2025-12-16,1
3258,Discovery,2,2025-12-16,2025-12-17,1
3258,Demo,3,2025-12-17,2025-12-26,9
3258,Proposal,4,2025-12-26,2025-12-27,1
3258,Negotiation,5,2025-12-27,2026-01-09,13
3258,Closed Lost,7,2026-01-09,,0
3264,Prospecting,1,2026-02-03,2026-03-13,38
3264,Discovery,2,2026-03-13,2026-04-03,21
3264,Demo,3,2026-04-03,2026-04-13,10
3264,Proposal,4,2026-04-13,2026-08-30,139
3266,Prospecting,1,2025-07-18,2025-07-19,1
3266,Discovery,2,2025-07-19,2025-08-19,31
3266,Demo,3,2025-08-19,2025-08-25,6
3266,Proposal,4,2025-08-25,2025-09-17,23
3266,Closed Lost,7,2025-09-19,,0
3267,Prospecting,1,2025-05-13,2025-05-21,8
3267,Discovery,2,2025-05-21,2025-05-25,4
3267,Demo,3,2025-05-25,2025-06-06,12
3267,Closed Lost,7,2025-06-07,,0
3268,Prospecting,1,2026-03-14,2026-03-17,3
3268,Discovery,2,2026-03-17,2026-03-31,14
3268,Demo,3,2026-03-31,2026-04-05,5
3268,Proposal,4,2026-04-05,2026-04-07,2
3268,Closed Lost,7,2026-04-09,,0
3270,Prospecting,1,2025-05-22,2025-05-31,9
3270,Discovery,2,2025-05-31,2025-06-14,14
3270,Demo,3,2025-06-14,2025-06-20,6
3270,Proposal,4,2025-06-20,2025-06-21,1
3270,Negotiation,5,2025-06-21,2025-06-22,1
3270,Closed Lost,7,2025-06-23,,0
3271,Prospecting,1,2026-05-23,2026-06-07,15
3271,Discovery,2,2026-06-07,2026-07-11,34
3273,Prospecting,1,2025-02-23,2025-04-01,37
3273,Discovery,2,2025-04-01,2025-04-05,4
3273,Demo,3,2025-04-05,2025-04-06,1
3273,Closed Lost,7,2025-04-06,,0
3274,Prospecting,1,2025-09-01,2025-09-21,20
3274,Discovery,2,2025-09-21,2025-09-25,4
3274,Closed Lost,7,2025-09-26,,0
3276,Prospecting,1,2025-09-10,2025-10-08,28
3276,Discovery,2,2025-10-08,2025-11-18,41
3276,Closed Lost,7,2025-11-19,,0
3277,Prospecting,1,2025-03-29,2025-04-10,12
3277,Discovery,2,2025-04-10,2025-04-11,1
3277,Demo,3,2025-04-11,2025-04-16,5
3277,Proposal,4,2025-04-16,2025-05-08,22
3277,Negotiation,5,2025-05-08,2025-05-15,7
3277,Closed Lost,7,2025-05-18,,0
3278,Prospecting,1,2026-05-16,2026-05-17,1
3278,Discovery,2,2026-05-17,2026-06-13,27
3278,Closed Lost,7,2026-06-14,,0
3280,Prospecting,1,2024-12-18,2024-12-23,5
3280,Discovery,2,2024-12-23,2025-01-26,34
3280,Demo,3,2025-01-26,2025-01-27,1
3280,Closed Lost,7,2025-01-28,,0
3281,Prospecting,1,2024-09-11,2024-09-18,7
3281,Discovery,2,2024-09-18,2024-10-04,16
3281,Demo,3,2024-10-04,2024-10-05,1
3281,Proposal,4,2024-10-05,2024-10-07,2
3281,Negotiation,5,2024-10-07,2024-10-09,2
3281,Closed Won,6,2024-10-12,,0
3282,Prospecting,1,2025-02-09,2025-04-01,51
3282,Discovery,2,2025-04-01,2025-04-25,24
3282,Demo,3,2025-04-25,2025-04-26,1
3282,Closed Lost,7,2025-04-27,,0
3283,Prospecting,1,2026-01-13,2026-01-15,2
3283,Discovery,2,2026-01-15,2026-02-07,23
3283,Demo,3,2026-02-07,2026-03-01,22
3283,Proposal,4,2026-03-01,2026-03-07,6
3283,Negotiation,5,2026-03-07,2026-03-09,2
3283,Closed Won,6,2026-03-12,,0
3284,Prospecting,1,2026-04-19,2026-06-09,51
3284,Discovery,2,2026-06-09,2026-07-07,28
3284,Demo,3,2026-07-07,2026-07-13,6
3286,Prospecting,1,2026-05-05,2026-05-10,5
3286,Discovery,2,2026-05-10,2026-05-21,11
3286,Demo,3,2026-05-21,2026-05-22,1
3286,Proposal,4,2026-05-22,2026-05-29,7
3286,Negotiation,5,2026-05-29,2026-06-17,19
3286,Closed Won,6,2026-06-18,,0
3288,Prospecting,1,2025-11-20,2025-12-09,19
3288,Discovery,2,2025-12-09,2025-12-19,10
3288,Demo,3,2025-12-19,2025-12-21,2
3288,Closed Lost,7,2025-12-22,,0
3290,Prospecting,1,2026-06-21,2026-06-23,2
3290,Discovery,2,2026-06-23,2026-07-12,19
3290,Demo,3,2026-07-12,2026-07-22,10
3291,Prospecting,1,2025-03-17,2025-03-18,1
3291,Discovery,2,2025-03-18,2025-06-09,83
3291,Closed Lost,7,2025-06-10,,0
3292,Prospecting,1,2026-01-17,2026-02-02,16
3292,Discovery,2,2026-02-02,2026-02-21,19
3292,Demo,3,2026-02-21,2026-03-16,23
3292,Closed Lost,7,2026-03-18,,0
3295,Prospecting,1,2026-05-26,2026-06-15,20
3295,Discovery,2,2026-06-15,2026-07-06,21
3296,Prospecting,1,2026-02-26,2026-02-27,1
3296,Discovery,2,2026-02-27,2026-03-10,11
3296,Demo,3,2026-03-10,2026-03-11,1
3296,Proposal,4,2026-03-11,2026-03-12,1
3296,Negotiation,5,2026-03-12,2026-03-17,5
3296,Closed Won,6,2026-03-20,,0
3297,Prospecting,1,2025-02-07,2025-03-16,37
3297,Discovery,2,2025-03-16,2025-03-19,3
3297,Demo,3,2025-03-19,2025-03-26,7
3297,Proposal,4,2025-03-26,2025-04-13,18
3297,Negotiation,5,2025-04-13,2025-04-24,11
3297,Closed Lost,7,2025-04-26,,0
3298,Prospecting,1,2026-04-19,2026-05-08,19
3298,Discovery,2,2026-05-08,2026-06-12,35
3298,Demo,3,2026-06-12,2026-07-31,49
3300,Prospecting,1,2025-06-03,2025-06-04,1
3300,Discovery,2,2025-06-04,2025-06-21,17
3300,Demo,3,2025-06-21,2025-06-26,5
3300,Proposal,4,2025-06-26,2025-07-14,18
3300,Negotiation,5,2025-07-14,2025-07-25,11
3300,Closed Won,6,2025-07-26,,0
3301,Prospecting,1,2026-04-09,2026-05-29,50
3301,Discovery,2,2026-05-29,2026-06-08,10
3301,Demo,3,2026-06-08,2026-06-09,1
3301,Closed Lost,7,2026-06-10,,0
3303,Prospecting,1,2025-10-29,2025-11-21,23
3303,Discovery,2,2025-11-21,2025-12-10,19
3303,Demo,3,2025-12-10,2026-01-08,29
3303,Closed Lost,7,2026-01-09,,0
3305,Prospecting,1,2025-06-22,2025-07-02,10
3305,Discovery,2,2025-07-02,2025-07-05,3
3305,Demo,3,2025-07-05,2025-07-10,5
3305,Proposal,4,2025-07-10,2025-07-15,5
3305,Closed Lost,7,2025-07-17,,0
3306,Prospecting,1,2026-03-25,2026-04-12,18
3306,Discovery,2,2026-04-12,2026-04-13,1
3306,Closed Lost,7,2026-04-14,,0
3307,Prospecting,1,2025-06-13,2025-06-22,9
3307,Discovery,2,2025-06-22,2025-07-18,26
3307,Demo,3,2025-07-18,2025-08-09,22
3307,Closed Lost,7,2025-08-11,,0
3308,Prospecting,1,2026-02-12,2026-03-17,33
3308,Discovery,2,2026-03-17,2026-03-18,1
3308,Closed Lost,7,2026-03-18,,0
3320,Prospecting,1,2025-02-10,2025-02-12,2
3320,Discovery,2,2025-02-12,2025-02-21,9
3320,Demo,3,2025-02-21,2025-02-23,2
3320,Proposal,4,2025-02-23,2025-02-24,1
3320,Closed Lost,7,2025-02-26,,0
3321,Prospecting,1,2025-12-03,2025-12-12,9
3321,Discovery,2,2025-12-12,2025-12-17,5
3321,Demo,3,2025-12-17,2025-12-20,3
3321,Proposal,4,2025-12-20,2025-12-26,6
3321,Negotiation,5,2025-12-26,2026-01-08,13
3321,Closed Lost,7,2026-01-11,,0
3322,Prospecting,1,2026-05-13,2026-05-30,17
3322,Discovery,2,2026-05-30,2026-06-02,3
3322,Closed Lost,7,2026-06-03,,0
3325,Prospecting,1,2026-05-22,2026-06-02,11
3325,Discovery,2,2026-06-02,2026-06-06,4
3325,Demo,3,2026-06-06,2026-07-17,41
3325,Proposal,4,2026-07-17,2026-07-23,6
3326,Prospecting,1,2026-03-27,2026-03-28,1
3326,Discovery,2,2026-03-28,2026-05-10,43
3326,Closed Lost,7,2026-05-10,,0
3329,Prospecting,1,2026-04-02,2026-04-08,6
3329,Discovery,2,2026-04-08,2026-06-06,59
3329,Closed Lost,7,2026-06-07,,0
3330,Prospecting,1,2025-07-19,2025-08-08,20
3330,Discovery,2,2025-08-08,2025-08-09,1
3330,Demo,3,2025-08-09,2025-08-10,1
3330,Proposal,4,2025-08-10,2025-08-15,5
3330,Closed Lost,7,2025-08-16,,0
3331,Prospecting,1,2026-05-16,2026-05-20,4
3331,Discovery,2,2026-05-20,2026-05-24,4
3331,Demo,3,2026-05-24,2026-06-06,13
3331,Proposal,4,2026-06-06,2026-06-09,3
3331,Negotiation,5,2026-06-09,2026-06-11,2
3331,Closed Won,6,2026-06-13,,0
3332,Prospecting,1,2026-05-28,2026-07-05,38
3333,Prospecting,1,2025-12-17,2026-01-04,18
3333,Discovery,2,2026-01-04,2026-01-13,9
3333,Closed Lost,7,2026-01-14,,0
3334,Prospecting,1,2026-04-28,2026-05-07,9
3334,Discovery,2,2026-05-07,2026-05-28,21
3334,Demo,3,2026-05-28,2026-05-29,1
3334,Closed Lost,7,2026-05-29,,0
3337,Prospecting,1,2025-11-19,2025-11-30,11
3337,Discovery,2,2025-11-30,2025-12-08,8
3337,Demo,3,2025-12-08,2025-12-09,1
3337,Closed Lost,7,2025-12-11,,0
3338,Prospecting,1,2024-10-30,2024-12-10,41
3338,Discovery,2,2024-12-10,2024-12-13,3
3338,Closed Lost,7,2024-12-14,,0
3339,Prospecting,1,2025-09-18,2025-10-23,35
3339,Discovery,2,2025-10-23,2025-10-25,2
3339,Closed Lost,7,2025-10-26,,0
3341,Prospecting,1,2025-02-15,2025-02-16,1
3341,Discovery,2,2025-02-16,2025-02-18,2
3341,Demo,3,2025-02-18,2025-02-24,6
3341,Proposal,4,2025-02-24,2025-03-15,19
3341,Negotiation,5,2025-03-15,2025-04-16,32
3341,Closed Won,6,2025-04-18,,0
3342,Prospecting,1,2026-02-09,2026-02-16,7
3342,Discovery,2,2026-02-16,2026-03-01,13
3342,Demo,3,2026-03-01,2026-03-30,29
3342,Closed Lost,7,2026-03-31,,0
3343,Prospecting,1,2024-12-29,2025-01-19,21
3343,Discovery,2,2025-01-19,2025-01-29,10
3343,Demo,3,2025-01-29,2025-02-23,25
3343,Closed Lost,7,2025-02-24,,0
3344,Prospecting,1,2025-09-19,2025-09-24,5
3344,Discovery,2,2025-09-24,2025-11-02,39
3344,Demo,3,2025-11-02,2025-11-18,16
3344,Proposal,4,2025-11-18,2025-12-17,29
3344,Closed Lost,7,2025-12-19,,0
3345,Prospecting,1,2026-04-12,2026-04-16,4
3345,Discovery,2,2026-04-16,2026-05-04,18
3345,Demo,3,2026-05-04,2026-05-17,13
3345,Closed Lost,7,2026-05-19,,0
3349,Prospecting,1,2025-09-04,2025-09-05,1
3349,Discovery,2,2025-09-05,2025-11-29,85
3349,Closed Lost,7,2025-11-29,,0
3350,Prospecting,1,2025-12-30,2026-01-06,7
3350,Discovery,2,2026-01-06,2026-02-19,44
3350,Demo,3,2026-02-19,2026-02-21,2
3350,Proposal,4,2026-02-21,2026-02-22,1
3350,Closed Lost,7,2026-02-24,,0
3351,Prospecting,1,2025-04-22,2025-04-24,2
3351,Discovery,2,2025-04-24,2025-04-29,5
3351,Demo,3,2025-04-29,2025-05-06,7
3351,Proposal,4,2025-05-06,2025-05-08,2
3351,Negotiation,5,2025-05-08,2025-05-10,2
3351,Closed Won,6,2025-05-12,,0
3352,Prospecting,1,2026-02-20,2026-03-02,10
3352,Discovery,2,2026-03-02,2026-03-09,7
3352,Demo,3,2026-03-09,2026-03-10,1
3352,Proposal,4,2026-03-10,2026-03-11,1
3352,Negotiation,5,2026-03-11,2026-03-14,3
3352,Closed Lost,7,2026-03-16,,0
3353,Prospecting,1,2026-01-13,2026-01-22,9
3353,Discovery,2,2026-01-22,2026-01-25,3
3353,Demo,3,2026-01-25,2026-01-26,1
3353,Proposal,4,2026-01-26,2026-01-31,5
3353,Negotiation,5,2026-01-31,2026-02-02,2
3353,Closed Won,6,2026-02-03,,0
3355,Prospecting,1,2026-03-31,2026-04-04,4
3355,Discovery,2,2026-04-04,2026-04-16,12
3355,Demo,3,2026-04-16,2026-04-22,6
3355,Proposal,4,2026-04-22,2026-04-23,1
3355,Negotiation,5,2026-04-23,2026-05-08,15
3355,Closed Won,6,2026-05-09,,0
3356,Prospecting,1,2026-06-17,2026-10-18,123
3358,Prospecting,1,2026-03-31,2026-04-04,4
3358,Discovery,2,2026-04-04,2026-04-19,15
3358,Closed Lost,7,2026-04-20,,0
3364,Prospecting,1,2025-02-17,2025-03-02,13
3364,Discovery,2,2025-03-02,2025-04-13,42
3364,Demo,3,2025-04-13,2025-04-20,7
3364,Proposal,4,2025-04-20,2025-04-30,10
3364,Negotiation,5,2025-04-30,2025-05-10,10
3364,Closed Lost,7,2025-05-11,,0
3365,Prospecting,1,2026-05-01,2026-05-02,1
3365,Discovery,2,2026-05-02,2026-05-06,4
3365,Demo,3,2026-05-06,2026-05-24,18
3365,Proposal,4,2026-05-24,2026-05-28,4
3365,Negotiation,5,2026-05-28,2026-05-29,1
3365,Closed Lost,7,2026-05-31,,0
3367,Prospecting,1,2025-11-28,2025-12-02,4
3367,Discovery,2,2025-12-02,2025-12-16,14
3367,Demo,3,2025-12-16,2025-12-24,8
3367,Proposal,4,2025-12-24,2025-12-25,1
3367,Negotiation,5,2025-12-25,2026-01-03,9
3367,Closed Won,6,2026-01-05,,0
3369,Prospecting,1,2026-04-15,2026-04-24,9
3369,Discovery,2,2026-04-24,2026-05-02,8
3369,Demo,3,2026-05-02,2026-05-12,10
3369,Proposal,4,2026-05-12,2026-05-25,13
3369,Negotiation,5,2026-05-25,2026-05-26,1
3369,Closed Lost,7,2026-05-27,,0
3371,Prospecting,1,2025-11-28,2026-01-04,37
3371,Discovery,2,2026-01-04,2026-01-09,5
3371,Demo,3,2026-01-09,2026-01-10,1
3371,Proposal,4,2026-01-10,2026-01-19,9
3371,Negotiation,5,2026-01-19,2026-02-13,25
3371,Closed Lost,7,2026-02-15,,0
3374,Prospecting,1,2026-03-07,2026-03-08,1
3374,Discovery,2,2026-03-08,2026-04-13,36
3374,Demo,3,2026-04-13,2026-04-20,7
3374,Proposal,4,2026-04-20,2026-04-23,3
3374,Negotiation,5,2026-04-23,2026-04-25,2
3374,Closed Won,6,2026-04-28,,0
3375,Prospecting,1,2025-05-15,2025-05-23,8
3375,Discovery,2,2025-05-23,2025-05-28,5
3375,Demo,3,2025-05-28,2025-05-30,2
3375,Proposal,4,2025-05-30,2025-06-10,11
3375,Closed Lost,7,2025-06-13,,0
3376,Prospecting,1,2026-01-20,2026-01-31,11
3376,Discovery,2,2026-01-31,2026-02-28,28
3376,Closed Lost,7,2026-03-01,,0
3379,Prospecting,1,2025-08-28,2025-09-01,4
3379,Discovery,2,2025-09-01,2025-09-02,1
3379,Demo,3,2025-09-02,2025-09-05,3
3379,Proposal,4,2025-09-05,2025-09-28,23
3379,Negotiation,5,2025-09-28,2025-10-05,7
3379,Closed Lost,7,2025-10-09,,0
3380,Prospecting,1,2026-04-18,2026-04-25,7
3380,Discovery,2,2026-04-25,2026-05-02,7
3380,Demo,3,2026-05-02,2026-05-06,4
3380,Proposal,4,2026-05-06,2026-05-16,10
3380,Closed Lost,7,2026-05-18,,0
3386,Prospecting,1,2025-07-07,2025-08-03,27
3386,Discovery,2,2025-08-03,2025-08-19,16
3386,Demo,3,2025-08-19,2025-09-04,16
3386,Proposal,4,2025-09-04,2025-09-19,15
3386,Negotiation,5,2025-09-19,2025-09-20,1
3386,Closed Won,6,2025-09-23,,0
3387,Prospecting,1,2026-03-12,2026-03-13,1
3387,Discovery,2,2026-03-13,2026-03-18,5
3387,Demo,3,2026-03-18,2026-03-29,11
3387,Proposal,4,2026-03-29,2026-04-12,14
3387,Negotiation,5,2026-04-12,2026-04-14,2
3387,Closed Won,6,2026-04-16,,0
3389,Prospecting,1,2025-07-15,2025-07-19,4
3389,Discovery,2,2025-07-19,2025-08-12,24
3389,Demo,3,2025-08-12,2025-08-13,1
3389,Closed Lost,7,2025-08-13,,0
3390,Prospecting,1,2026-04-30,2026-05-04,4
3390,Discovery,2,2026-05-04,2026-05-25,21
3390,Demo,3,2026-05-25,2026-05-26,1
3390,Proposal,4,2026-05-26,2026-05-27,1
3390,Negotiation,5,2026-05-27,2026-06-03,7
3390,Closed Won,6,2026-06-03,,0
3394,Prospecting,1,2025-06-14,2025-06-27,13
3394,Discovery,2,2025-06-27,2025-08-25,59
3394,Demo,3,2025-08-25,2025-09-23,29
3394,Proposal,4,2025-09-23,2025-10-04,11
3394,Negotiation,5,2025-10-04,2025-12-26,83
3394,Closed Lost,7,2025-12-29,,0
3395,Prospecting,1,2025-11-20,2025-11-21,1
3395,Discovery,2,2025-11-21,2025-12-10,19
3395,Demo,3,2025-12-10,2026-01-06,27
3395,Proposal,4,2026-01-06,2026-01-10,4
3395,Negotiation,5,2026-01-10,2026-01-23,13
3395,Closed Won,6,2026-01-25,,0
3396,Prospecting,1,2025-02-15,2025-02-27,12
3396,Discovery,2,2025-02-27,2025-03-09,10
3396,Demo,3,2025-03-09,2025-03-10,1
3396,Proposal,4,2025-03-10,2025-03-28,18
3396,Negotiation,5,2025-03-28,2025-03-31,3
3396,Closed Won,6,2025-04-01,,0
3397,Prospecting,1,2025-11-26,2025-12-06,10
3397,Discovery,2,2025-12-06,2025-12-12,6
3397,Demo,3,2025-12-12,2026-01-03,22
3397,Closed Lost,7,2026-01-05,,0
3401,Prospecting,1,2025-08-25,2026-03-02,189
3401,Discovery,2,2026-03-02,2026-03-26,24
3401,Closed Lost,7,2026-03-27,,0
3402,Prospecting,1,2026-05-07,2026-06-05,29
3402,Discovery,2,2026-06-05,2026-06-09,4
3402,Demo,3,2026-06-09,2026-11-03,147
3402,Proposal,4,2026-11-03,2026-11-29,26
3406,Prospecting,1,2026-01-29,2026-03-03,33
3406,Discovery,2,2026-03-03,2026-03-11,8
3406,Demo,3,2026-03-11,2026-03-13,2
3406,Proposal,4,2026-03-13,2026-03-17,4
3406,Negotiation,5,2026-03-17,2026-03-18,1
3406,Closed Lost,7,2026-03-21,,0
3411,Prospecting,1,2025-11-06,2025-11-22,16
3411,Discovery,2,2025-11-22,2025-12-03,11
3411,Demo,3,2025-12-03,2026-01-15,43
3411,Proposal,4,2026-01-15,2026-01-20,5
3411,Negotiation,5,2026-01-20,2026-03-21,60
3411,Closed Lost,7,2026-03-23,,0
3412,Prospecting,1,2026-03-28,2026-03-31,3
3412,Discovery,2,2026-03-31,2026-04-01,1
3412,Demo,3,2026-04-01,2026-04-02,1
3412,Proposal,4,2026-04-02,2026-04-04,2
3412,Negotiation,5,2026-04-04,2026-04-19,15
3412,Closed Lost,7,2026-04-18,,0
3413,Prospecting,1,2025-12-13,2025-12-28,15
3413,Discovery,2,2025-12-28,2025-12-30,2
3413,Demo,3,2025-12-30,2026-01-03,4
3413,Proposal,4,2026-01-03,2026-01-05,2
3413,Negotiation,5,2026-01-05,2026-01-13,8
3413,Closed Lost,7,2026-01-15,,0
3417,Prospecting,1,2025-04-20,2025-04-25,5
3417,Discovery,2,2025-04-25,2025-05-02,7
3417,Demo,3,2025-05-02,2025-05-04,2
3417,Proposal,4,2025-05-04,2025-05-19,15
3417,Negotiation,5,2025-05-19,2025-05-26,7
3417,Closed Lost,7,2025-05-28,,0
3418,Prospecting,1,2026-05-27,2026-06-14,18
3418,Discovery,2,2026-06-14,2026-06-20,6
3418,Demo,3,2026-06-20,2026-06-23,3
3418,Proposal,4,2026-06-23,2026-06-24,1
3418,Closed Lost,7,2026-06-26,,0
3422,Prospecting,1,2024-10-27,2024-12-24,58
3422,Discovery,2,2024-12-24,2025-01-01,8
3422,Demo,3,2025-01-01,2025-01-11,10
3422,Closed Lost,7,2025-01-13,,0
3423,Prospecting,1,2026-06-27,2026-07-25,28
3423,Discovery,2,2026-07-25,2026-07-29,4
3427,Prospecting,1,2025-07-13,2025-07-16,3
3427,Discovery,2,2025-07-16,2025-07-22,6
3427,Demo,3,2025-07-22,2025-10-01,71
3427,Proposal,4,2025-10-01,2025-10-24,23
3427,Negotiation,5,2025-10-24,2025-11-21,28
3427,Closed Lost,7,2025-11-24,,0
3428,Prospecting,1,2026-02-14,2026-03-30,44
3428,Discovery,2,2026-03-30,2026-04-06,7
3428,Demo,3,2026-04-06,2026-05-11,35
3428,Proposal,4,2026-05-11,2026-06-05,25
3428,Negotiation,5,2026-06-05,2026-06-20,15
3428,Closed Won,6,2026-06-23,,0
3429,Prospecting,1,2026-02-11,2026-02-12,1
3429,Discovery,2,2026-02-12,2026-03-15,31
3429,Demo,3,2026-03-15,2026-03-16,1
3429,Proposal,4,2026-03-16,2026-04-13,28
3429,Negotiation,5,2026-04-13,2026-05-11,28
3429,Closed Lost,7,2026-05-14,,0
3430,Prospecting,1,2025-09-18,2025-09-25,7
3430,Discovery,2,2025-09-25,2025-10-16,21
3430,Demo,3,2025-10-16,2025-10-17,1
3430,Closed Lost,7,2025-10-17,,0
3431,Prospecting,1,2026-06-20,2026-07-14,24
3433,Prospecting,1,2025-04-08,2025-05-03,25
3433,Discovery,2,2025-05-03,2025-07-20,78
3433,Closed Lost,7,2025-07-21,,0
3434,Prospecting,1,2026-04-12,2026-04-22,10
3434,Discovery,2,2026-04-22,2026-07-13,82
3434,Demo,3,2026-07-13,2026-07-27,14
3436,Prospecting,1,2025-09-05,2025-10-28,53
3436,Discovery,2,2025-10-28,2026-01-08,72
3436,Closed Lost,7,2026-01-09,,0
3437,Prospecting,1,2024-09-23,2024-10-02,9
3437,Discovery,2,2024-10-02,2024-10-09,7
3437,Demo,3,2024-10-09,2024-10-28,19
3437,Closed Lost,7,2024-10-29,,0
3438,Prospecting,1,2026-02-26,2026-02-28,2
3438,Discovery,2,2026-02-28,2026-03-05,5
3438,Demo,3,2026-03-05,2026-03-25,20
3438,Proposal,4,2026-03-25,2026-03-26,1
3438,Closed Lost,7,2026-03-27,,0
3442,Prospecting,1,2025-04-19,2025-04-20,1
3442,Discovery,2,2025-04-20,2025-05-02,12
3442,Demo,3,2025-05-02,2025-05-04,2
3442,Proposal,4,2025-05-04,2025-05-07,3
3442,Closed Lost,7,2025-05-08,,0
3443,Prospecting,1,2026-02-02,2026-02-23,21
3443,Discovery,2,2026-02-23,2026-02-24,1
3443,Demo,3,2026-02-24,2026-02-25,1
3443,Proposal,4,2026-02-25,2026-03-02,5
3443,Closed Lost,7,2026-03-02,,0
3446,Prospecting,1,2025-02-20,2025-04-03,42
3446,Discovery,2,2025-04-03,2025-06-13,71
3446,Demo,3,2025-06-13,2025-06-26,13
3446,Closed Lost,7,2025-06-28,,0
3447,Prospecting,1,2026-02-08,2026-03-21,41
3447,Discovery,2,2026-03-21,2026-06-06,77
3447,Closed Lost,7,2026-06-07,,0
3448,Prospecting,1,2025-05-19,2025-06-01,13
3448,Discovery,2,2025-06-01,2025-06-04,3
3448,Closed Lost,7,2025-06-05,,0
3449,Prospecting,1,2024-10-11,2024-10-17,6
3449,Discovery,2,2024-10-17,2024-10-30,13
3449,Demo,3,2024-10-30,2024-11-02,3
3449,Proposal,4,2024-11-02,2024-11-08,6
3449,Closed Lost,7,2024-11-11,,0
3450,Prospecting,1,2025-06-04,2025-06-07,3
3450,Discovery,2,2025-06-07,2025-06-17,10
3450,Demo,3,2025-06-17,2025-06-26,9
3450,Proposal,4,2025-06-26,2025-06-27,1
3450,Negotiation,5,2025-06-27,2025-06-28,1
3450,Closed Won,6,2025-06-29,,0
3451,Prospecting,1,2026-06-19,2026-07-07,18
3451,Discovery,2,2026-07-07,2026-07-13,6
3451,Demo,3,2026-07-13,2026-07-18,5
3452,Prospecting,1,2026-02-13,2026-02-26,13
3452,Discovery,2,2026-02-26,2026-04-23,56
3452,Demo,3,2026-04-23,2026-06-03,41
3452,Proposal,4,2026-06-03,2026-06-06,3
3452,Negotiation,5,2026-06-06,2026-06-10,4
3452,Closed Won,6,2026-06-11,,0
3455,Prospecting,1,2026-06-25,2026-06-30,5
3455,Discovery,2,2026-06-30,2026-07-14,14
3455,Demo,3,2026-07-14,2026-07-21,7
3457,Prospecting,1,2026-04-03,2026-04-21,18
3457,Discovery,2,2026-04-21,2026-04-22,1
3457,Demo,3,2026-04-22,2026-04-25,3
3457,Closed Lost,7,2026-04-26,,0
3460,Prospecting,1,2025-01-14,2025-01-29,15
3460,Discovery,2,2025-01-29,2025-02-02,4
3460,Demo,3,2025-02-02,2025-02-03,1
3460,Proposal,4,2025-02-03,2025-02-16,13
3460,Closed Lost,7,2025-02-17,,0
3461,Prospecting,1,2026-06-14,2026-06-15,1
3461,Discovery,2,2026-06-15,2026-06-19,4
3461,Demo,3,2026-06-19,2026-07-05,16
3461,Proposal,4,2026-07-05,2026-07-07,2
3464,Prospecting,1,2026-03-02,2026-03-04,2
3464,Discovery,2,2026-03-04,2026-03-11,7
3464,Demo,3,2026-03-11,2026-03-15,4
3464,Proposal,4,2026-03-15,2026-03-24,9
3464,Negotiation,5,2026-03-24,2026-04-06,13
3464,Closed Won,6,2026-04-08,,0
3465,Prospecting,1,2024-11-15,2024-11-22,7
3465,Discovery,2,2024-11-22,2024-12-12,20
3465,Demo,3,2024-12-12,2024-12-19,7
3465,Proposal,4,2024-12-19,2025-01-01,13
3465,Negotiation,5,2025-01-01,2025-01-04,3
3465,Closed Won,6,2025-01-07,,0
3466,Prospecting,1,2026-05-28,2026-06-11,14
3466,Discovery,2,2026-06-11,2026-06-15,4
3466,Demo,3,2026-06-15,2026-06-18,3
3466,Proposal,4,2026-06-18,2026-07-06,18
3466,Negotiation,5,2026-07-06,2026-07-07,1
3467,Prospecting,1,2025-03-20,2025-04-03,14
3467,Discovery,2,2025-04-03,2025-09-05,155
3467,Closed Lost,7,2025-09-06,,0
3468,Prospecting,1,2026-02-03,2026-06-12,129
3468,Discovery,2,2026-06-12,2026-07-29,47
3468,Demo,3,2026-07-29,2026-10-17,80
3469,Prospecting,1,2026-06-24,2026-07-09,15
3469,Discovery,2,2026-07-09,2026-07-10,1
3469,Demo,3,2026-07-10,2026-07-23,13
3469,Proposal,4,2026-07-23,2026-08-10,18
3470,Prospecting,1,2025-04-15,2025-04-18,3
3470,Discovery,2,2025-04-18,2025-04-23,5
3470,Demo,3,2025-04-23,2025-04-25,2
3470,Proposal,4,2025-04-25,2025-04-26,1
3470,Negotiation,5,2025-04-26,2025-05-05,9
3470,Closed Lost,7,2025-05-07,,0
3471,Prospecting,1,2026-04-02,2026-05-02,30
3471,Discovery,2,2026-05-02,2026-05-04,2
3471,Demo,3,2026-05-04,2026-06-08,35
3471,Proposal,4,2026-06-08,2026-06-16,8
3471,Negotiation,5,2026-06-16,2026-07-04,18
3472,Prospecting,1,2026-01-04,2026-01-15,11
3472,Discovery,2,2026-01-15,2026-01-25,10
3472,Demo,3,2026-01-25,2026-02-01,7
3472,Proposal,4,2026-02-01,2026-02-02,1
3472,Negotiation,5,2026-02-02,2026-02-11,9
3472,Closed Won,6,2026-02-13,,0
3474,Prospecting,1,2025-06-17,2025-06-19,2
3474,Discovery,2,2025-06-19,2025-06-28,9
3474,Demo,3,2025-06-28,2025-07-08,10
3474,Proposal,4,2025-07-08,2025-07-09,1
3474,Negotiation,5,2025-07-09,2025-07-24,15
3474,Closed Won,6,2025-07-25,,0
3475,Prospecting,1,2026-04-24,2026-04-25,1
3475,Discovery,2,2026-04-25,2026-05-08,13
3475,Demo,3,2026-05-08,2026-06-06,29
3475,Closed Lost,7,2026-06-07,,0
3476,Prospecting,1,2025-11-20,2025-11-25,5
3476,Discovery,2,2025-11-25,2025-11-27,2
3476,Demo,3,2025-11-27,2025-12-27,30
3476,Closed Lost,7,2025-12-29,,0
3482,Prospecting,1,2025-05-26,2025-05-28,2
3482,Discovery,2,2025-05-28,2025-05-29,1
3482,Demo,3,2025-05-29,2025-06-04,6
3482,Proposal,4,2025-06-04,2025-06-08,4
3482,Closed Lost,7,2025-06-09,,0
3483,Prospecting,1,2026-03-08,2026-03-11,3
3483,Discovery,2,2026-03-11,2026-03-12,1
3483,Demo,3,2026-03-12,2026-03-30,18
3483,Proposal,4,2026-03-30,2026-04-02,3
3483,Closed Lost,7,2026-04-03,,0
3485,Prospecting,1,2025-07-12,2025-08-25,44
3485,Discovery,2,2025-08-25,2025-08-29,4
3485,Demo,3,2025-08-29,2025-09-07,9
3485,Proposal,4,2025-09-07,2025-12-08,92
3485,Closed Lost,7,2025-12-10,,0
3486,Prospecting,1,2025-10-03,2025-10-09,6
3486,Discovery,2,2025-10-09,2025-10-21,12
3486,Demo,3,2025-10-21,2025-10-25,4
3486,Proposal,4,2025-10-25,2025-11-06,12
3486,Closed Lost,7,2025-11-07,,0
3487,Prospecting,1,2026-03-31,2026-04-03,3
3487,Discovery,2,2026-04-03,2026-04-14,11
3487,Demo,3,2026-04-14,2026-04-24,10
3487,Proposal,4,2026-04-24,2026-04-27,3
3487,Negotiation,5,2026-04-27,2026-05-14,17
3487,Closed Won,6,2026-05-16,,0
3488,Prospecting,1,2026-03-01,2026-04-08,38
3488,Discovery,2,2026-04-08,2026-04-18,10
3488,Closed Lost,7,2026-04-19,,0
3489,Prospecting,1,2025-01-20,2025-03-16,55
3489,Discovery,2,2025-03-16,2025-03-19,3
3489,Closed Lost,7,2025-03-20,,0
3490,Prospecting,1,2026-01-18,2026-01-21,3
3490,Discovery,2,2026-01-21,2026-02-02,12
3490,Demo,3,2026-02-02,2026-02-21,19
3490,Proposal,4,2026-02-21,2026-02-26,5
3490,Negotiation,5,2026-02-26,2026-02-27,1
3490,Closed Won,6,2026-03-01,,0
3493,Prospecting,1,2026-02-05,2026-08-11,187
3494,Prospecting,1,2025-07-24,2025-08-02,9
3494,Discovery,2,2025-08-02,2025-09-18,47
3494,Closed Lost,7,2025-09-19,,0
3495,Prospecting,1,2025-09-09,2025-09-28,19
3495,Discovery,2,2025-09-28,2026-03-01,154
3495,Closed Lost,7,2026-03-02,,0
3496,Prospecting,1,2025-01-05,2025-01-11,6
3496,Discovery,2,2025-01-11,2025-01-28,17
3496,Demo,3,2025-01-28,2025-02-03,6
3496,Proposal,4,2025-02-03,2025-02-04,1
3496,Negotiation,5,2025-02-04,2025-03-15,39
3496,Closed Lost,7,2025-03-17,,0
3497,Prospecting,1,2025-08-29,2025-09-04,6
3497,Discovery,2,2025-09-04,2025-09-05,1
3497,Demo,3,2025-09-05,2025-09-06,1
3497,Proposal,4,2025-09-06,2025-09-19,13
3497,Negotiation,5,2025-09-19,2025-09-26,7
3497,Closed Won,6,2025-09-29,,0
3498,Prospecting,1,2025-06-10,2025-06-25,15
3498,Discovery,2,2025-06-25,2025-07-04,9
3498,Demo,3,2025-07-04,2025-07-12,8
3498,Closed Lost,7,2025-07-14,,0
3499,Prospecting,1,2025-10-22,2025-10-24,2
3499,Discovery,2,2025-10-24,2025-12-01,38
3499,Demo,3,2025-12-01,2026-01-19,49
3499,Proposal,4,2026-01-19,2026-01-20,1
3499,Negotiation,5,2026-01-20,2026-02-01,12
3499,Closed Won,6,2026-02-04,,0
3500,Prospecting,1,2025-07-30,2025-08-13,14
3500,Discovery,2,2025-08-13,2025-08-25,12
3500,Demo,3,2025-08-25,2025-09-15,21
3500,Closed Lost,7,2025-09-17,,0
3503,Prospecting,1,2025-08-17,2025-08-18,1
3503,Discovery,2,2025-08-18,2025-08-23,5
3503,Demo,3,2025-08-23,2025-09-06,14
3503,Proposal,4,2025-09-06,2025-09-08,2
3503,Negotiation,5,2025-09-08,2025-09-21,13
3503,Closed Lost,7,2025-09-23,,0
3504,Prospecting,1,2026-02-09,2026-02-13,4
3504,Discovery,2,2026-02-13,2026-03-19,34
3504,Closed Lost,7,2026-03-20,,0
3511,Prospecting,1,2025-10-04,2025-10-05,1
3511,Discovery,2,2025-10-05,2025-11-08,34
3511,Demo,3,2025-11-08,2025-11-25,17
3511,Proposal,4,2025-11-25,2025-12-02,7
3511,Negotiation,5,2025-12-02,2026-02-16,76
3511,Closed Lost,7,2026-02-18,,0
3515,Prospecting,1,2024-10-17,2024-11-01,15
3515,Discovery,2,2024-11-01,2024-11-20,19
3515,Demo,3,2024-11-20,2024-11-21,1
3515,Proposal,4,2024-11-21,2024-12-25,34
3515,Negotiation,5,2024-12-25,2024-12-26,1
3515,Closed Won,6,2024-12-29,,0
3516,Prospecting,1,2025-11-22,2025-11-25,3
3516,Discovery,2,2025-11-25,2025-11-28,3
3516,Demo,3,2025-11-28,2025-11-30,2
3516,Proposal,4,2025-11-30,2025-12-03,3
3516,Negotiation,5,2025-12-03,2025-12-09,6
3516,Closed Lost,7,2025-12-12,,0
3517,Prospecting,1,2026-01-07,2026-04-11,94
3517,Discovery,2,2026-04-11,2026-04-25,14
3517,Demo,3,2026-04-25,2026-04-29,4
3517,Closed Lost,7,2026-05-01,,0
3519,Prospecting,1,2024-11-19,2024-12-13,24
3519,Discovery,2,2024-12-13,2024-12-29,16
3519,Demo,3,2024-12-29,2025-01-05,7
3519,Proposal,4,2025-01-05,2025-01-06,1
3519,Negotiation,5,2025-01-06,2025-01-08,2
3519,Closed Lost,7,2025-01-09,,0
3520,Prospecting,1,2024-08-26,2024-08-28,2
3520,Discovery,2,2024-08-28,2024-09-11,14
3520,Demo,3,2024-09-11,2024-11-17,67
3520,Closed Lost,7,2024-11-19,,0
3521,Prospecting,1,2026-02-11,2026-02-27,16
3521,Discovery,2,2026-02-27,2026-06-09,102
3521,Closed Lost,7,2026-06-10,,0
3523,Prospecting,1,2026-03-24,2026-03-25,1
3523,Discovery,2,2026-03-25,2026-04-13,19
3523,Demo,3,2026-04-13,2026-04-14,1
3523,Closed Lost,7,2026-04-16,,0
3526,Prospecting,1,2025-08-31,2025-09-01,1
3526,Discovery,2,2025-09-01,2025-10-01,30
3526,Demo,3,2025-10-01,2025-10-02,1
3526,Proposal,4,2025-10-02,2025-10-13,11
3526,Closed Lost,7,2025-10-14,,0
3527,Prospecting,1,2026-04-14,2026-04-17,3
3527,Discovery,2,2026-04-17,2026-04-26,9
3527,Demo,3,2026-04-26,2026-04-29,3
3527,Proposal,4,2026-04-29,2026-05-11,12
3527,Negotiation,5,2026-05-11,2026-05-16,5
3527,Closed Lost,7,2026-05-17,,0
3530,Prospecting,1,2024-11-21,2024-11-22,1
3530,Discovery,2,2024-11-22,2024-11-24,2
3530,Demo,3,2024-11-24,2024-11-25,1
3530,Proposal,4,2024-11-25,2024-11-28,3
3530,Negotiation,5,2024-11-28,2024-12-16,18
3530,Closed Won,6,2024-12-17,,0
3531,Prospecting,1,2025-11-30,2026-02-26,88
3531,Discovery,2,2026-02-26,2026-04-29,62
3531,Demo,3,2026-04-29,2026-05-22,23
3531,Closed Lost,7,2026-05-24,,0
3534,Prospecting,1,2026-03-13,2026-04-04,22
3534,Discovery,2,2026-04-04,2026-04-14,10
3534,Closed Lost,7,2026-04-15,,0
3536,Prospecting,1,2026-03-29,2026-04-08,10
3536,Discovery,2,2026-04-08,2026-04-21,13
3536,Demo,3,2026-04-21,2026-05-01,10
3536,Proposal,4,2026-05-01,2026-05-29,28
3536,Closed Lost,7,2026-05-31,,0
3542,Prospecting,1,2025-03-31,2025-04-22,22
3542,Discovery,2,2025-04-22,2025-04-26,4
3542,Demo,3,2025-04-26,2025-05-12,16
3542,Closed Lost,7,2025-05-14,,0
3543,Prospecting,1,2026-03-30,2026-04-02,3
3543,Discovery,2,2026-04-02,2026-04-12,10
3543,Demo,3,2026-04-12,2026-04-13,1
3543,Proposal,4,2026-04-13,2026-04-14,1
3543,Negotiation,5,2026-04-14,2026-04-19,5
3543,Closed Lost,7,2026-04-19,,0
3546,Prospecting,1,2026-02-18,2026-03-01,11
3546,Discovery,2,2026-03-01,2026-03-15,14
3546,Demo,3,2026-03-15,2026-03-22,7
3546,Proposal,4,2026-03-22,2026-03-31,9
3546,Negotiation,5,2026-03-31,2026-04-08,8
3546,Closed Won,6,2026-04-10,,0
3551,Prospecting,1,2025-05-06,2025-05-10,4
3551,Discovery,2,2025-05-10,2025-05-14,4
3551,Demo,3,2025-05-14,2025-05-21,7
3551,Proposal,4,2025-05-21,2025-06-01,11
3551,Negotiation,5,2025-06-01,2025-06-02,1
3551,Closed Won,6,2025-06-03,,0
3552,Prospecting,1,2025-01-28,2025-01-29,1
3552,Discovery,2,2025-01-29,2025-02-15,17
3552,Closed Lost,7,2025-02-16,,0
3553,Prospecting,1,2026-05-14,2026-05-29,15
3553,Discovery,2,2026-05-29,2026-07-25,57
3553,Demo,3,2026-07-25,2026-08-07,13
3553,Proposal,4,2026-08-07,2026-08-29,22
3553,Negotiation,5,2026-08-29,2026-09-07,9
3555,Prospecting,1,2025-09-24,2025-10-27,33
3555,Discovery,2,2025-10-27,2025-10-29,2
3555,Demo,3,2025-10-29,2025-11-08,10
3555,Proposal,4,2025-11-08,2025-11-10,2
3555,Closed Lost,7,2025-11-12,,0
3556,Prospecting,1,2025-02-09,2025-02-18,9
3556,Discovery,2,2025-02-18,2025-02-26,8
3556,Demo,3,2025-02-26,2025-03-03,5
3556,Proposal,4,2025-03-03,2025-03-04,1
3556,Negotiation,5,2025-03-04,2025-03-10,6
3556,Closed Lost,7,2025-03-12,,0
3557,Prospecting,1,2025-09-30,2025-10-01,1
3557,Discovery,2,2025-10-01,2025-10-03,2
3557,Demo,3,2025-10-03,2025-10-04,1
3557,Proposal,4,2025-10-04,2025-10-06,2
3557,Negotiation,5,2025-10-06,2025-10-07,1
3557,Closed Lost,7,2025-10-07,,0
3558,Prospecting,1,2026-05-21,2026-06-09,19
3558,Discovery,2,2026-06-09,2026-06-10,1
3558,Closed Lost,7,2026-06-10,,0
3559,Prospecting,1,2025-01-04,2025-01-29,25
3559,Discovery,2,2025-01-29,2025-02-18,20
3559,Demo,3,2025-02-18,2025-05-04,75
3559,Closed Lost,7,2025-05-05,,0
3560,Prospecting,1,2024-12-31,2025-01-09,9
3560,Discovery,2,2025-01-09,2025-01-17,8
3560,Demo,3,2025-01-17,2025-01-18,1
3560,Proposal,4,2025-01-18,2025-01-25,7
3560,Negotiation,5,2025-01-25,2025-01-27,2
3560,Closed Won,6,2025-01-28,,0
3561,Prospecting,1,2025-09-26,2025-10-23,27
3561,Discovery,2,2025-10-23,2025-10-28,5
3561,Closed Lost,7,2025-10-29,,0
3562,Prospecting,1,2026-04-27,2026-05-13,16
3562,Discovery,2,2026-05-13,2026-05-18,5
3562,Demo,3,2026-05-18,2026-05-26,8
3562,Proposal,4,2026-05-26,2026-05-30,4
3562,Negotiation,5,2026-05-30,2026-05-31,1
3562,Closed Won,6,2026-06-02,,0
3563,Prospecting,1,2026-06-08,2026-07-02,24
3563,Discovery,2,2026-07-02,2026-07-13,11
3563,Demo,3,2026-07-13,2026-07-15,2
3569,Prospecting,1,2026-04-17,2026-04-22,5
3569,Discovery,2,2026-04-22,2026-04-30,8
3569,Demo,3,2026-04-30,2026-05-03,3
3569,Proposal,4,2026-05-03,2026-05-14,11
3569,Closed Lost,7,2026-05-15,,0
3575,Prospecting,1,2026-01-02,2026-01-18,16
3575,Discovery,2,2026-01-18,2026-02-01,14
3575,Demo,3,2026-02-01,2026-02-25,24
3575,Proposal,4,2026-02-25,2026-03-08,11
3575,Negotiation,5,2026-03-08,2026-03-11,3
3575,Closed Lost,7,2026-03-13,,0
3577,Prospecting,1,2025-12-06,2025-12-14,8
3577,Discovery,2,2025-12-14,2025-12-24,10
3577,Demo,3,2025-12-24,2026-03-08,74
3577,Proposal,4,2026-03-08,2026-03-28,20
3577,Negotiation,5,2026-03-28,2026-04-06,9
3577,Closed Won,6,2026-04-09,,0
3578,Prospecting,1,2026-06-22,2026-10-01,101
3578,Discovery,2,2026-10-01,2026-11-14,44
3580,Prospecting,1,2025-05-19,2025-07-08,50
3580,Discovery,2,2025-07-08,2025-12-06,151
3580,Closed Lost,7,2025-12-07,,0
3581,Prospecting,1,2024-12-12,2025-01-13,32
3581,Discovery,2,2025-01-13,2025-01-18,5
3581,Closed Lost,7,2025-01-19,,0
3582,Prospecting,1,2025-10-08,2025-10-31,23
3582,Discovery,2,2025-10-31,2025-11-01,1
3582,Demo,3,2025-11-01,2025-11-02,1
3582,Proposal,4,2025-11-02,2025-11-08,6
3582,Closed Lost,7,2025-11-11,,0
3585,Prospecting,1,2026-06-03,2026-06-09,6
3585,Discovery,2,2026-06-09,2026-06-18,9
3585,Demo,3,2026-06-18,2026-07-26,38
3585,Proposal,4,2026-07-26,2026-09-13,49
3585,Negotiation,5,2026-09-13,2026-10-11,28
3587,Prospecting,1,2025-07-08,2025-07-19,11
3587,Discovery,2,2025-07-19,2025-07-20,1
3587,Demo,3,2025-07-20,2025-08-07,18
3587,Closed Lost,7,2025-08-07,,0
3588,Prospecting,1,2026-03-13,2026-03-21,8
3588,Discovery,2,2026-03-21,2026-04-27,37
3588,Closed Lost,7,2026-04-28,,0
3590,Prospecting,1,2025-09-09,2025-09-18,9
3590,Discovery,2,2025-09-18,2025-11-25,68
3590,Demo,3,2025-11-25,2025-12-04,9
3590,Proposal,4,2025-12-04,2025-12-05,1
3590,Negotiation,5,2025-12-05,2025-12-25,20
3590,Closed Won,6,2025-12-26,,0
3591,Prospecting,1,2026-05-21,2026-05-24,3
3591,Discovery,2,2026-05-24,2026-06-18,25
3591,Demo,3,2026-06-18,2026-07-13,25
3591,Proposal,4,2026-07-13,2026-07-14,1
3591,Negotiation,5,2026-07-14,2026-07-24,10
3592,Prospecting,1,2026-06-16,2026-06-27,11
3592,Discovery,2,2026-06-27,2026-07-05,8
3592,Demo,3,2026-07-05,2026-07-14,9
3593,Prospecting,1,2026-03-11,2026-03-30,19
3593,Discovery,2,2026-03-30,2026-04-06,7
3593,Demo,3,2026-04-06,2026-04-11,5
3593,Proposal,4,2026-04-11,2026-04-22,11
3593,Negotiation,5,2026-04-22,2026-04-23,1
3593,Closed Lost,7,2026-04-24,,0
3595,Prospecting,1,2025-08-05,2025-08-29,24
3595,Discovery,2,2025-08-29,2025-09-05,7
3595,Demo,3,2025-09-05,2025-09-16,11
3595,Proposal,4,2025-09-16,2025-09-17,1
3595,Negotiation,5,2025-09-17,2025-10-01,14
3595,Closed Lost,7,2025-10-04,,0
3596,Prospecting,1,2026-03-01,2026-03-18,17
3596,Discovery,2,2026-03-18,2026-03-22,4
3596,Demo,3,2026-03-22,2026-04-02,11
3596,Closed Lost,7,2026-04-03,,0
3597,Prospecting,1,2024-10-16,2024-12-06,51
3597,Discovery,2,2024-12-06,2025-01-23,48
3597,Closed Lost,7,2025-01-24,,0
3598,Prospecting,1,2025-03-12,2025-03-21,9
3598,Discovery,2,2025-03-21,2025-04-24,34
3598,Demo,3,2025-04-24,2025-08-11,109
3598,Proposal,4,2025-08-11,2025-08-20,9
3598,Closed Lost,7,2025-08-21,,0
3599,Prospecting,1,2025-10-31,2025-11-10,10
3599,Discovery,2,2025-11-10,2025-11-23,13
3599,Closed Lost,7,2025-11-24,,0
3604,Prospecting,1,2025-09-19,2025-09-20,1
3604,Discovery,2,2025-09-20,2025-11-12,53
3604,Closed Lost,7,2025-11-12,,0
3605,Prospecting,1,2025-12-01,2025-12-07,6
3605,Discovery,2,2025-12-07,2025-12-17,10
3605,Demo,3,2025-12-17,2025-12-18,1
3605,Proposal,4,2025-12-18,2025-12-19,1
3605,Negotiation,5,2025-12-19,2025-12-29,10
3605,Closed Lost,7,2025-12-29,,0
3606,Prospecting,1,2025-10-03,2025-10-04,1
3606,Discovery,2,2025-10-04,2025-10-09,5
3606,Demo,3,2025-10-09,2025-10-10,1
3606,Proposal,4,2025-10-10,2025-10-14,4
3606,Negotiation,5,2025-10-14,2025-10-15,1
3606,Closed Won,6,2025-10-15,,0
3609,Prospecting,1,2025-02-25,2025-03-14,17
3609,Discovery,2,2025-03-14,2025-03-21,7
3609,Demo,3,2025-03-21,2025-04-01,11
3609,Proposal,4,2025-04-01,2025-04-05,4
3609,Closed Lost,7,2025-04-07,,0
3610,Prospecting,1,2026-06-12,2026-08-01,50
3613,Prospecting,1,2025-12-11,2025-12-22,11
3613,Discovery,2,2025-12-22,2025-12-23,1
3613,Demo,3,2025-12-23,2026-01-03,11
3613,Proposal,4,2026-01-03,2026-01-09,6
3613,Closed Lost,7,2026-01-11,,0
3614,Prospecting,1,2025-08-23,2025-08-26,3
3614,Discovery,2,2025-08-26,2025-09-08,13
3614,Demo,3,2025-09-08,2025-09-19,11
3614,Proposal,4,2025-09-19,2025-09-20,1
3614,Negotiation,5,2025-09-20,2025-09-28,8
3614,Closed Won,6,2025-09-29,,0
3615,Prospecting,1,2026-05-01,2026-05-04,3
3615,Discovery,2,2026-05-04,2026-05-05,1
3615,Demo,3,2026-05-05,2026-05-20,15
3615,Proposal,4,2026-05-20,2026-05-23,3
3615,Negotiation,5,2026-05-23,2026-05-25,2
3615,Closed Won,6,2026-05-27,,0
3616,Prospecting,1,2026-03-15,2026-04-06,22
3616,Discovery,2,2026-04-06,2026-04-13,7
3616,Closed Lost,7,2026-04-14,,0
3617,Prospecting,1,2026-03-18,2026-03-21,3
3617,Discovery,2,2026-03-21,2026-05-19,59
3617,Demo,3,2026-05-19,2026-05-28,9
3617,Closed Lost,7,2026-05-29,,0
3622,Prospecting,1,2024-10-13,2024-12-08,56
3622,Discovery,2,2024-12-08,2025-01-06,29
3622,Demo,3,2025-01-06,2025-02-04,29
3622,Closed Lost,7,2025-02-05,,0
3623,Prospecting,1,2025-02-04,2025-02-14,10
3623,Discovery,2,2025-02-14,2025-02-25,11
3623,Demo,3,2025-02-25,2025-02-26,1
3623,Proposal,4,2025-02-26,2025-03-10,12
3623,Negotiation,5,2025-03-10,2025-03-19,9
3623,Closed Won,6,2025-03-21,,0
3624,Prospecting,1,2026-01-09,2026-01-10,1
3624,Discovery,2,2026-01-10,2026-01-14,4
3624,Demo,3,2026-01-14,2026-02-02,19
3624,Proposal,4,2026-02-02,2026-02-03,1
3624,Negotiation,5,2026-02-03,2026-02-04,1
3624,Closed Won,6,2026-02-03,,0
3625,Prospecting,1,2026-04-05,2026-04-12,7
3625,Discovery,2,2026-04-12,2026-04-15,3
3625,Demo,3,2026-04-15,2026-05-01,16
3625,Proposal,4,2026-05-01,2026-05-03,2
3625,Negotiation,5,2026-05-03,2026-05-05,2
3625,Closed Won,6,2026-05-08,,0
3627,Prospecting,1,2025-10-20,2025-11-07,18
3627,Discovery,2,2025-11-07,2026-01-07,61
3627,Demo,3,2026-01-07,2026-01-21,14
3627,Proposal,4,2026-01-21,2026-01-25,4
3627,Closed Lost,7,2026-01-26,,0
3628,Prospecting,1,2026-04-12,2026-07-22,101
3629,Prospecting,1,2026-01-05,2026-01-06,1
3629,Discovery,2,2026-01-06,2026-01-11,5
3629,Demo,3,2026-01-11,2026-01-14,3
3629,Proposal,4,2026-01-14,2026-01-18,4
3629,Negotiation,5,2026-01-18,2026-01-24,6
3629,Closed Won,6,2026-01-25,,0
3633,Prospecting,1,2025-10-13,2025-10-22,9
3633,Discovery,2,2025-10-22,2025-11-10,19
3633,Demo,3,2025-11-10,2025-12-11,31
3633,Closed Lost,7,2025-12-13,,0
3634,Prospecting,1,2026-05-24,2026-08-11,79
3635,Prospecting,1,2025-12-18,2026-01-07,20
3635,Discovery,2,2026-01-07,2026-01-19,12
3635,Closed Lost,7,2026-01-20,,0
3637,Prospecting,1,2026-06-15,2026-06-26,11
3637,Discovery,2,2026-06-26,2026-07-23,27
3637,Demo,3,2026-07-23,2026-07-25,2
3637,Proposal,4,2026-07-25,2026-07-27,2
3637,Negotiation,5,2026-07-27,2026-08-23,27
3643,Prospecting,1,2025-01-10,2025-01-13,3
3643,Discovery,2,2025-01-13,2025-01-28,15
3643,Demo,3,2025-01-28,2025-02-01,4
3643,Proposal,4,2025-02-01,2025-02-10,9
3643,Negotiation,5,2025-02-10,2025-02-13,3
3643,Closed Won,6,2025-02-16,,0
3644,Prospecting,1,2024-09-11,2024-10-14,33
3644,Discovery,2,2024-10-14,2024-11-04,21
3644,Closed Lost,7,2024-11-05,,0
3645,Prospecting,1,2025-05-21,2025-05-25,4
3645,Discovery,2,2025-05-25,2025-06-25,31
3645,Closed Lost,7,2025-06-26,,0
3646,Prospecting,1,2026-05-23,2026-05-24,1
3646,Discovery,2,2026-05-24,2026-05-25,1
3646,Demo,3,2026-05-25,2026-06-17,23
3646,Closed Lost,7,2026-06-18,,0
3649,Prospecting,1,2025-05-13,2025-05-17,4
3649,Discovery,2,2025-05-17,2025-05-23,6
3649,Demo,3,2025-05-23,2025-05-30,7
3649,Proposal,4,2025-05-30,2025-05-31,1
3649,Closed Lost,7,2025-06-01,,0
3650,Prospecting,1,2026-04-21,2026-04-27,6
3650,Discovery,2,2026-04-27,2026-05-18,21
3650,Closed Lost,7,2026-05-19,,0
3653,Prospecting,1,2026-03-13,2026-03-20,7
3653,Discovery,2,2026-03-20,2026-04-05,16
3653,Demo,3,2026-04-05,2026-04-19,14
3653,Proposal,4,2026-04-19,2026-04-21,2
3653,Negotiation,5,2026-04-21,2026-06-02,42
3653,Closed Lost,7,2026-06-05,,0
3654,Prospecting,1,2026-06-27,2026-06-28,1
3654,Discovery,2,2026-06-28,2026-08-06,39
3654,Demo,3,2026-08-06,2026-08-08,2
3654,Proposal,4,2026-08-08,2026-08-11,3
3654,Negotiation,5,2026-08-11,2026-08-13,2
3657,Prospecting,1,2025-06-29,2025-06-30,1
3657,Discovery,2,2025-06-30,2025-07-04,4
3657,Demo,3,2025-07-04,2025-07-05,1
3657,Proposal,4,2025-07-05,2025-07-18,13
3657,Closed Lost,7,2025-07-19,,0
3658,Prospecting,1,2026-05-18,2026-05-31,13
3658,Discovery,2,2026-05-31,2026-06-03,3
3658,Demo,3,2026-06-03,2026-06-11,8
3658,Proposal,4,2026-06-11,2026-06-12,1
3658,Negotiation,5,2026-06-12,2026-06-23,11
3658,Closed Lost,7,2026-06-24,,0
3659,Prospecting,1,2025-12-15,2026-01-08,24
3659,Discovery,2,2026-01-08,2026-02-27,50
3659,Closed Lost,7,2026-02-28,,0
3664,Prospecting,1,2025-01-25,2025-02-17,23
3664,Discovery,2,2025-02-17,2025-02-23,6
3664,Closed Lost,7,2025-02-24,,0
3665,Prospecting,1,2025-10-06,2025-10-20,14
3665,Discovery,2,2025-10-20,2025-11-04,15
3665,Closed Lost,7,2025-11-05,,0
3668,Prospecting,1,2025-02-04,2025-03-03,27
3668,Discovery,2,2025-03-03,2025-03-17,14
3668,Closed Lost,7,2025-03-18,,0
3669,Prospecting,1,2025-05-31,2025-06-03,3
3669,Discovery,2,2025-06-03,2025-06-04,1
3669,Demo,3,2025-06-04,2025-06-07,3
3669,Proposal,4,2025-06-07,2025-06-08,1
3669,Negotiation,5,2025-06-08,2025-06-16,8
3669,Closed Lost,7,2025-06-17,,0
3670,Prospecting,1,2026-06-20,2026-07-06,16
3674,Prospecting,1,2025-08-14,2025-09-11,28
3674,Discovery,2,2025-09-11,2025-10-03,22
3674,Demo,3,2025-10-03,2025-10-29,26
3674,Proposal,4,2025-10-29,2026-02-22,116
3674,Negotiation,5,2026-02-22,2026-03-06,12
3674,Closed Lost,7,2026-03-08,,0
3675,Prospecting,1,2024-08-20,2024-09-30,41
3675,Discovery,2,2024-09-30,2024-10-09,9
3675,Closed Lost,7,2024-10-10,,0
3676,Prospecting,1,2025-04-20,2025-04-23,3
3676,Discovery,2,2025-04-23,2025-05-13,20
3676,Demo,3,2025-05-13,2025-06-01,19
3676,Closed Lost,7,2025-06-03,,0
3677,Prospecting,1,2026-05-14,2026-05-27,13
3677,Discovery,2,2026-05-27,2026-06-06,10
3677,Demo,3,2026-06-06,2026-06-12,6
3677,Closed Lost,7,2026-06-14,,0
3679,Prospecting,1,2025-03-05,2025-03-10,5
3679,Discovery,2,2025-03-10,2025-04-25,46
3679,Closed Lost,7,2025-04-26,,0
3680,Prospecting,1,2026-04-09,2026-04-27,18
3680,Discovery,2,2026-04-27,2026-05-12,15
3680,Demo,3,2026-05-12,2026-05-13,1
3680,Closed Lost,7,2026-05-15,,0
3681,Prospecting,1,2026-03-06,2026-03-07,1
3681,Discovery,2,2026-03-07,2026-03-16,9
3681,Demo,3,2026-03-16,2026-03-22,6
3681,Proposal,4,2026-03-22,2026-04-11,20
3681,Negotiation,5,2026-04-11,2026-04-21,10
3681,Closed Won,6,2026-04-23,,0
3683,Prospecting,1,2025-07-15,2025-09-19,66
3683,Discovery,2,2025-09-19,2025-09-29,10
3683,Demo,3,2025-09-29,2025-10-11,12
3683,Proposal,4,2025-10-11,2025-11-17,37
3683,Negotiation,5,2025-11-17,2025-12-27,40
3683,Closed Lost,7,2025-12-29,,0
3684,Prospecting,1,2025-11-04,2025-11-05,1
3684,Discovery,2,2025-11-05,2025-11-17,12
3684,Demo,3,2025-11-17,2025-11-19,2
3684,Proposal,4,2025-11-19,2025-11-20,1
3684,Negotiation,5,2025-11-20,2025-12-05,15
3684,Closed Lost,7,2025-12-06,,0
3685,Prospecting,1,2025-09-17,2025-09-26,9
3685,Discovery,2,2025-09-26,2025-09-27,1
3685,Closed Lost,7,2025-09-27,,0
3686,Prospecting,1,2026-04-21,2026-04-27,6
3686,Discovery,2,2026-04-27,2026-04-29,2
3686,Demo,3,2026-04-29,2026-05-04,5
3686,Proposal,4,2026-05-04,2026-05-08,4
3686,Closed Lost,7,2026-05-09,,0
3687,Prospecting,1,2025-11-26,2025-12-11,15
3687,Discovery,2,2025-12-11,2026-02-01,52
3687,Demo,3,2026-02-01,2026-02-12,11
3687,Proposal,4,2026-02-12,2026-03-02,18
3687,Closed Lost,7,2026-03-04,,0
3688,Prospecting,1,2025-11-20,2025-12-06,16
3688,Discovery,2,2025-12-06,2025-12-14,8
3688,Demo,3,2025-12-14,2025-12-17,3
3688,Closed Lost,7,2025-12-18,,0
3694,Prospecting,1,2026-02-04,2026-03-03,27
3694,Discovery,2,2026-03-03,2026-04-04,32
3694,Closed Lost,7,2026-04-05,,0
3696,Prospecting,1,2025-09-06,2025-09-07,1
3696,Discovery,2,2025-09-07,2025-09-15,8
3696,Demo,3,2025-09-15,2025-09-20,5
3696,Proposal,4,2025-09-20,2025-09-21,1
3696,Negotiation,5,2025-09-21,2025-09-26,5
3696,Closed Won,6,2025-09-29,,0
3697,Prospecting,1,2026-04-21,2026-04-25,4
3697,Discovery,2,2026-04-25,2026-04-26,1
3697,Demo,3,2026-04-26,2026-04-27,1
3697,Proposal,4,2026-04-27,2026-04-29,2
3697,Closed Lost,7,2026-04-29,,0
3704,Prospecting,1,2025-09-18,2025-11-01,44
3704,Discovery,2,2025-11-01,2025-12-06,35
3704,Demo,3,2025-12-06,2025-12-20,14
3704,Proposal,4,2025-12-20,2026-01-14,25
3704,Closed Lost,7,2026-01-15,,0
3705,Prospecting,1,2026-06-23,2026-07-07,14
3705,Discovery,2,2026-07-07,2026-10-03,88
3706,Prospecting,1,2025-11-07,2025-11-12,5
3706,Discovery,2,2025-11-12,2025-11-18,6
3706,Demo,3,2025-11-18,2025-12-12,24
3706,Proposal,4,2025-12-12,2025-12-14,2
3706,Closed Lost,7,2025-12-16,,0
3710,Prospecting,1,2026-06-30,2026-07-05,5
3710,Discovery,2,2026-07-05,2026-08-13,39
3710,Demo,3,2026-08-13,2026-08-14,1
3711,Prospecting,1,2025-06-05,2025-08-12,68
3711,Discovery,2,2025-08-12,2025-10-07,56
3711,Closed Lost,7,2025-10-08,,0
3712,Prospecting,1,2025-12-21,2025-12-28,7
3712,Discovery,2,2025-12-28,2026-03-03,65
3712,Demo,3,2026-03-03,2026-05-31,89
3712,Closed Lost,7,2026-06-01,,0
3713,Prospecting,1,2026-03-28,2026-04-20,23
3713,Discovery,2,2026-04-20,2026-04-21,1
3713,Demo,3,2026-04-21,2026-05-10,19
3713,Proposal,4,2026-05-10,2026-05-30,20
3713,Closed Lost,7,2026-06-01,,0
3714,Prospecting,1,2026-02-20,2026-02-21,1
3714,Discovery,2,2026-02-21,2026-03-07,14
3714,Demo,3,2026-03-07,2026-03-18,11
3714,Proposal,4,2026-03-18,2026-03-24,6
3714,Negotiation,5,2026-03-24,2026-03-25,1
3714,Closed Lost,7,2026-03-26,,0
3718,Prospecting,1,2025-05-21,2025-05-26,5
3718,Discovery,2,2025-05-26,2025-06-08,13
3718,Demo,3,2025-06-08,2025-06-10,2
3718,Proposal,4,2025-06-10,2025-06-21,11
3718,Negotiation,5,2025-06-21,2025-06-22,1
3718,Closed Won,6,2025-06-24,,0
3719,Prospecting,1,2025-11-30,2025-12-02,2
3719,Discovery,2,2025-12-02,2026-01-06,35
3719,Demo,3,2026-01-06,2026-01-26,20
3719,Proposal,4,2026-01-26,2026-02-12,17
3719,Negotiation,5,2026-02-12,2026-03-04,20
3719,Closed Won,6,2026-03-07,,0
3720,Prospecting,1,2025-03-21,2025-03-24,3
3720,Discovery,2,2025-03-24,2025-03-28,4
3720,Demo,3,2025-03-28,2025-04-15,18
3720,Closed Lost,7,2025-04-16,,0
3721,Prospecting,1,2025-12-07,2025-12-09,2
3721,Discovery,2,2025-12-09,2025-12-10,1
3721,Demo,3,2025-12-10,2025-12-13,3
3721,Proposal,4,2025-12-13,2025-12-16,3
3721,Negotiation,5,2025-12-16,2025-12-18,2
3721,Closed Lost,7,2025-12-21,,0
3730,Prospecting,1,2025-10-04,2025-10-09,5
3730,Discovery,2,2025-10-09,2025-10-24,15
3730,Demo,3,2025-10-24,2025-10-25,1
3730,Proposal,4,2025-10-25,2025-10-31,6
3730,Negotiation,5,2025-10-31,2025-11-01,1
3730,Closed Won,6,2025-11-03,,0
3731,Prospecting,1,2026-06-09,2026-07-04,25
3731,Discovery,2,2026-07-04,2026-07-14,10
3737,Prospecting,1,2026-02-24,2026-02-26,2
3737,Discovery,2,2026-02-26,2026-03-15,17
3737,Demo,3,2026-03-15,2026-03-24,9
3737,Proposal,4,2026-03-24,2026-03-30,6
3737,Negotiation,5,2026-03-30,2026-04-06,7
3737,Closed Won,6,2026-04-09,,0
3738,Prospecting,1,2026-01-29,2026-02-08,10
3738,Discovery,2,2026-02-08,2026-02-17,9
3738,Demo,3,2026-02-17,2026-03-01,12
3738,Proposal,4,2026-03-01,2026-03-10,9
3738,Negotiation,5,2026-03-10,2026-03-20,10
3738,Closed Won,6,2026-03-23,,0
3741,Prospecting,1,2025-11-28,2025-11-29,1
3741,Discovery,2,2025-11-29,2025-12-11,12
3741,Demo,3,2025-12-11,2025-12-12,1
3741,Closed Lost,7,2025-12-13,,0
3742,Prospecting,1,2025-06-01,2025-06-07,6
3742,Discovery,2,2025-06-07,2025-06-08,1
3742,Demo,3,2025-06-08,2025-06-12,4
3742,Proposal,4,2025-06-12,2025-06-22,10
3742,Negotiation,5,2025-06-22,2025-07-05,13
3742,Closed Won,6,2025-07-07,,0
3743,Prospecting,1,2026-04-16,2026-04-25,9
3743,Discovery,2,2026-04-25,2026-04-27,2
3743,Demo,3,2026-04-27,2026-04-30,3
3743,Proposal,4,2026-04-30,2026-05-02,2
3743,Negotiation,5,2026-05-02,2026-05-04,2
3743,Closed Won,6,2026-05-07,,0
3748,Prospecting,1,2025-06-21,2025-07-01,10
3748,Discovery,2,2025-07-01,2025-07-02,1
3748,Demo,3,2025-07-02,2025-07-04,2
3748,Closed Lost,7,2025-07-05,,0
3749,Prospecting,1,2026-06-17,2026-06-22,5
3749,Discovery,2,2026-06-22,2026-07-24,32
3752,Prospecting,1,2025-02-15,2025-02-19,4
3752,Discovery,2,2025-02-19,2025-02-20,1
3752,Demo,3,2025-02-20,2025-02-27,7
3752,Closed Lost,7,2025-02-27,,0
3753,Prospecting,1,2026-02-17,2026-02-21,4
3753,Discovery,2,2026-02-21,2026-03-04,11
3753,Demo,3,2026-03-04,2026-03-19,15
3753,Proposal,4,2026-03-19,2026-03-21,2
3753,Negotiation,5,2026-03-21,2026-03-23,2
3753,Closed Won,6,2026-03-25,,0
3754,Prospecting,1,2026-05-25,2026-05-27,2
3754,Discovery,2,2026-05-27,2026-06-11,15
3754,Demo,3,2026-06-11,2026-07-08,27
3756,Prospecting,1,2025-07-01,2025-07-11,10
3756,Discovery,2,2025-07-11,2025-07-12,1
3756,Demo,3,2025-07-12,2025-07-26,14
3756,Proposal,4,2025-07-26,2025-07-27,1
3756,Closed Lost,7,2025-07-27,,0
3757,Prospecting,1,2024-10-27,2024-10-28,1
3757,Discovery,2,2024-10-28,2024-12-03,36
3757,Closed Lost,7,2024-12-04,,0
3758,Prospecting,1,2025-04-02,2025-04-04,2
3758,Discovery,2,2025-04-04,2025-04-16,12
3758,Demo,3,2025-04-16,2025-06-27,72
3758,Proposal,4,2025-06-27,2025-07-02,5
3758,Negotiation,5,2025-07-02,2025-07-04,2
3758,Closed Lost,7,2025-07-06,,0
3759,Prospecting,1,2025-06-01,2025-06-27,26
3759,Discovery,2,2025-06-27,2025-07-12,15
3759,Closed Lost,7,2025-07-13,,0
3760,Prospecting,1,2026-02-13,2026-02-23,10
3760,Discovery,2,2026-02-23,2026-02-27,4
3760,Demo,3,2026-02-27,2026-02-28,1
3760,Closed Lost,7,2026-03-01,,0
3764,Prospecting,1,2026-03-15,2026-03-18,3
3764,Discovery,2,2026-03-18,2026-03-27,9
3764,Demo,3,2026-03-27,2026-03-28,1
3764,Proposal,4,2026-03-28,2026-04-03,6
3764,Negotiation,5,2026-04-03,2026-04-10,7
3764,Closed Won,6,2026-04-12,,0
3769,Prospecting,1,2025-03-06,2025-03-26,20
3769,Discovery,2,2025-03-26,2025-04-08,13
3769,Demo,3,2025-04-08,2025-04-16,8
3769,Closed Lost,7,2025-04-17,,0
3770,Prospecting,1,2025-12-14,2025-12-25,11
3770,Discovery,2,2025-12-25,2025-12-29,4
3770,Demo,3,2025-12-29,2026-01-09,11
3770,Closed Lost,7,2026-01-10,,0
3771,Prospecting,1,2024-12-10,2025-02-13,65
3771,Discovery,2,2025-02-13,2025-02-27,14
3771,Closed Lost,7,2025-02-28,,0
3772,Prospecting,1,2025-06-07,2025-07-14,37
3772,Discovery,2,2025-07-14,2025-08-17,34
3772,Closed Lost,7,2025-08-18,,0
3773,Prospecting,1,2024-11-15,2024-11-24,9
3773,Discovery,2,2024-11-24,2024-11-29,5
3773,Demo,3,2024-11-29,2024-12-07,8
3773,Proposal,4,2024-12-07,2024-12-09,2
3773,Closed Lost,7,2024-12-10,,0
3774,Prospecting,1,2025-09-13,2025-09-17,4
3774,Discovery,2,2025-09-17,2025-09-18,1
3774,Demo,3,2025-09-18,2025-10-03,15
3774,Proposal,4,2025-10-03,2025-10-09,6
3774,Closed Lost,7,2025-10-10,,0
3775,Prospecting,1,2026-04-11,2026-04-13,2
3775,Discovery,2,2026-04-13,2026-04-14,1
3775,Demo,3,2026-04-14,2026-04-26,12
3775,Proposal,4,2026-04-26,2026-04-27,1
3775,Closed Lost,7,2026-04-27,,0
3777,Prospecting,1,2025-01-27,2025-02-03,7
3777,Discovery,2,2025-02-03,2025-02-08,5
3777,Demo,3,2025-02-08,2025-02-21,13
3777,Proposal,4,2025-02-21,2025-03-10,17
3777,Negotiation,5,2025-03-10,2025-03-12,2
3777,Closed Won,6,2025-03-15,,0
3779,Prospecting,1,2025-09-25,2025-11-06,42
3779,Discovery,2,2025-11-06,2025-12-05,29
3779,Closed Lost,7,2025-12-06,,0
3780,Prospecting,1,2026-05-28,2026-06-05,8
3780,Discovery,2,2026-06-05,2026-06-21,16
3780,Closed Lost,7,2026-06-22,,0
3781,Prospecting,1,2026-03-30,2026-04-05,6
3781,Discovery,2,2026-04-05,2026-04-15,10
3781,Demo,3,2026-04-15,2026-04-17,2
3781,Proposal,4,2026-04-17,2026-04-18,1
3781,Closed Lost,7,2026-04-21,,0
3783,Prospecting,1,2026-05-24,2026-05-26,2
3783,Discovery,2,2026-05-26,2026-06-15,20
3783,Demo,3,2026-06-15,2026-07-13,28
3783,Proposal,4,2026-07-13,2026-07-18,5
3783,Negotiation,5,2026-07-18,2026-08-01,14
3784,Prospecting,1,2025-03-03,2025-03-04,1
3784,Discovery,2,2025-03-04,2025-03-05,1
3784,Demo,3,2025-03-05,2025-03-08,3
3784,Proposal,4,2025-03-08,2025-04-10,33
3784,Negotiation,5,2025-04-10,2025-04-11,1
3784,Closed Won,6,2025-04-12,,0
3785,Prospecting,1,2025-12-31,2026-01-17,17
3785,Discovery,2,2026-01-17,2026-01-23,6
3785,Demo,3,2026-01-23,2026-01-26,3
3785,Closed Lost,7,2026-01-27,,0
3786,Prospecting,1,2024-10-23,2024-10-28,5
3786,Discovery,2,2024-10-28,2024-11-02,5
3786,Demo,3,2024-11-02,2024-11-07,5
3786,Proposal,4,2024-11-07,2024-11-12,5
3786,Closed Lost,7,2024-11-14,,0
3787,Prospecting,1,2026-06-29,2026-08-18,50
3787,Discovery,2,2026-08-18,2026-09-21,34
3788,Prospecting,1,2024-11-21,2024-11-30,9
3788,Discovery,2,2024-11-30,2024-12-02,2
3788,Demo,3,2024-12-02,2024-12-07,5
3788,Proposal,4,2024-12-07,2024-12-12,5
3788,Negotiation,5,2024-12-12,2024-12-19,7
3788,Closed Won,6,2024-12-22,,0
3789,Prospecting,1,2025-09-03,2025-09-19,16
3789,Discovery,2,2025-09-19,2025-10-07,18
3789,Closed Lost,7,2025-10-08,,0
3790,Prospecting,1,2026-06-13,2026-07-13,30
3791,Prospecting,1,2026-05-01,2026-05-02,1
3791,Discovery,2,2026-05-02,2026-05-24,22
3791,Demo,3,2026-05-24,2026-05-29,5
3791,Proposal,4,2026-05-29,2026-06-06,8
3791,Closed Lost,7,2026-06-08,,0
3794,Prospecting,1,2025-08-17,2025-09-05,19
3794,Discovery,2,2025-09-05,2025-10-04,29
3794,Closed Lost,7,2025-10-05,,0
3795,Prospecting,1,2026-03-25,2026-04-01,7
3795,Discovery,2,2026-04-01,2026-04-15,14
3795,Demo,3,2026-04-15,2026-04-27,12
3795,Closed Lost,7,2026-04-29,,0
3797,Prospecting,1,2026-01-08,2026-01-09,1
3797,Discovery,2,2026-01-09,2026-01-12,3
3797,Demo,3,2026-01-12,2026-01-27,15
3797,Proposal,4,2026-01-27,2026-02-02,6
3797,Negotiation,5,2026-02-02,2026-02-06,4
3797,Closed Won,6,2026-02-09,,0
3803,Prospecting,1,2026-01-14,2026-01-15,1
3803,Discovery,2,2026-01-15,2026-01-16,1
3803,Demo,3,2026-01-16,2026-01-19,3
3803,Proposal,4,2026-01-19,2026-01-20,1
3803,Negotiation,5,2026-01-20,2026-01-21,1
3803,Closed Won,6,2026-01-21,,0
3804,Prospecting,1,2026-05-24,2026-06-08,15
3804,Discovery,2,2026-06-08,2026-07-10,32
3804,Demo,3,2026-07-10,2026-07-25,15
3804,Proposal,4,2026-07-25,2026-08-01,7
3804,Negotiation,5,2026-08-01,2026-08-14,13
3806,Prospecting,1,2025-10-02,2025-10-16,14
3806,Discovery,2,2025-10-16,2025-10-23,7
3806,Demo,3,2025-10-23,2025-10-24,1
3806,Proposal,4,2025-10-24,2025-11-12,19
3806,Closed Lost,7,2025-11-13,,0
3807,Prospecting,1,2024-11-26,2024-12-10,14
3807,Discovery,2,2024-12-10,2024-12-14,4
3807,Demo,3,2024-12-14,2024-12-15,1
3807,Proposal,4,2024-12-15,2024-12-19,4
3807,Negotiation,5,2024-12-19,2025-01-21,33
3807,Closed Won,6,2025-01-23,,0
3809,Prospecting,1,2026-04-18,2026-06-09,52
3809,Discovery,2,2026-06-09,2026-08-07,59
3810,Prospecting,1,2026-02-06,2026-02-07,1
3810,Discovery,2,2026-02-07,2026-02-10,3
3810,Demo,3,2026-02-10,2026-02-25,15
3810,Proposal,4,2026-02-25,2026-03-09,12
3810,Negotiation,5,2026-03-09,2026-03-10,1
3810,Closed Won,6,2026-03-13,,0
3811,Prospecting,1,2024-11-28,2024-11-29,1
3811,Discovery,2,2024-11-29,2024-12-06,7
3811,Demo,3,2024-12-06,2024-12-10,4
3811,Proposal,4,2024-12-10,2024-12-12,2
3811,Negotiation,5,2024-12-12,2024-12-13,1
3811,Closed Won,6,2024-12-13,,0
3812,Prospecting,1,2025-07-10,2025-07-12,2
3812,Discovery,2,2025-07-12,2025-07-19,7
3812,Demo,3,2025-07-19,2025-07-25,6
3812,Proposal,4,2025-07-25,2025-08-10,16
3812,Negotiation,5,2025-08-10,2025-08-24,14
3812,Closed Lost,7,2025-08-26,,0
3814,Prospecting,1,2024-09-05,2024-09-09,4
3814,Discovery,2,2024-09-09,2024-09-18,9
3814,Demo,3,2024-09-18,2024-09-19,1
3814,Proposal,4,2024-09-19,2024-09-23,4
3814,Negotiation,5,2024-09-23,2024-09-24,1
3814,Closed Lost,7,2024-09-25,,0
3815,Prospecting,1,2025-08-06,2025-08-10,4
3815,Discovery,2,2025-08-10,2025-08-22,12
3815,Demo,3,2025-08-22,2025-10-03,42
3815,Proposal,4,2025-10-03,2025-10-04,1
3815,Closed Lost,7,2025-10-06,,0
3816,Prospecting,1,2026-06-23,2026-08-10,48
3817,Prospecting,1,2024-11-17,2024-11-19,2
3817,Discovery,2,2024-11-19,2024-11-26,7
3817,Demo,3,2024-11-26,2024-12-04,8
3817,Proposal,4,2024-12-04,2024-12-12,8
3817,Negotiation,5,2024-12-12,2024-12-13,1
3817,Closed Won,6,2024-12-14,,0
3818,Prospecting,1,2026-05-14,2026-05-15,1
3818,Discovery,2,2026-05-15,2026-05-31,16
3818,Closed Lost,7,2026-06-01,,0
3820,Prospecting,1,2025-12-24,2025-12-25,1
3820,Discovery,2,2025-12-25,2025-12-27,2
3820,Demo,3,2025-12-27,2025-12-28,1
3820,Proposal,4,2025-12-28,2025-12-30,2
3820,Negotiation,5,2025-12-30,2025-12-31,1
3820,Closed Won,6,2025-12-31,,0
3824,Prospecting,1,2026-01-15,2026-02-10,26
3824,Discovery,2,2026-02-10,2026-03-04,22
3824,Demo,3,2026-03-04,2026-04-17,44
3824,Closed Lost,7,2026-04-19,,0
3825,Prospecting,1,2025-03-13,2025-03-20,7
3825,Discovery,2,2025-03-20,2025-03-21,1
3825,Demo,3,2025-03-21,2025-04-15,25
3825,Closed Lost,7,2025-04-15,,0
3826,Prospecting,1,2025-11-24,2025-12-06,12
3826,Discovery,2,2025-12-06,2026-02-13,69
3826,Closed Lost,7,2026-02-14,,0
3828,Prospecting,1,2025-12-11,2025-12-31,20
3828,Discovery,2,2025-12-31,2026-01-06,6
3828,Demo,3,2026-01-06,2026-01-07,1
3828,Closed Lost,7,2026-01-08,,0
3832,Prospecting,1,2025-09-16,2025-09-21,5
3832,Discovery,2,2025-09-21,2025-10-03,12
3832,Demo,3,2025-10-03,2025-11-23,51
3832,Closed Lost,7,2025-11-24,,0
3833,Prospecting,1,2026-06-13,2026-06-25,12
3833,Discovery,2,2026-06-25,2026-06-30,5
3833,Closed Lost,7,2026-07-01,,0
3836,Prospecting,1,2026-06-28,2026-07-12,14
3836,Discovery,2,2026-07-12,2026-07-23,11
3836,Demo,3,2026-07-23,2026-08-18,26
3836,Proposal,4,2026-08-18,2026-10-31,74
3837,Prospecting,1,2025-08-31,2025-09-30,30
3837,Discovery,2,2025-09-30,2025-10-08,8
3837,Demo,3,2025-10-08,2025-10-15,7
3837,Proposal,4,2025-10-15,2025-10-23,8
3837,Negotiation,5,2025-10-23,2025-11-05,13
3837,Closed Won,6,2025-11-08,,0
3839,Prospecting,1,2025-08-14,2025-08-15,1
3839,Discovery,2,2025-08-15,2025-08-18,3
3839,Demo,3,2025-08-18,2025-09-02,15
3839,Closed Lost,7,2025-09-03,,0
3840,Prospecting,1,2026-03-21,2026-03-30,9
3840,Discovery,2,2026-03-30,2026-04-06,7
3840,Closed Lost,7,2026-04-07,,0
3844,Prospecting,1,2026-06-09,2026-08-29,81
3844,Discovery,2,2026-08-29,2026-08-30,1
3845,Prospecting,1,2026-02-03,2026-02-09,6
3845,Discovery,2,2026-02-09,2026-02-14,5
3845,Demo,3,2026-02-14,2026-02-15,1
3845,Proposal,4,2026-02-15,2026-03-24,37
3845,Negotiation,5,2026-03-24,2026-04-06,13
3845,Closed Lost,7,2026-04-07,,0
3847,Prospecting,1,2026-03-10,2026-03-27,17
3847,Discovery,2,2026-03-27,2026-04-01,5
3847,Closed Lost,7,2026-04-02,,0
3850,Prospecting,1,2026-02-18,2026-03-01,11
3850,Discovery,2,2026-03-01,2026-03-25,24
3850,Demo,3,2026-03-25,2026-04-20,26
3850,Proposal,4,2026-04-20,2026-05-07,17
3850,Negotiation,5,2026-05-07,2026-05-08,1
3850,Closed Lost,7,2026-05-10,,0
3851,Prospecting,1,2025-07-28,2025-07-29,1
3851,Discovery,2,2025-07-29,2025-09-04,37
3851,Demo,3,2025-09-04,2025-09-09,5
3851,Proposal,4,2025-09-09,2025-09-11,2
3851,Closed Lost,7,2025-09-12,,0
3852,Prospecting,1,2026-02-23,2026-02-24,1
3852,Discovery,2,2026-02-24,2026-02-25,1
3852,Demo,3,2026-02-25,2026-03-16,19
3852,Proposal,4,2026-03-16,2026-03-17,1
3852,Closed Lost,7,2026-03-18,,0
3853,Prospecting,1,2026-03-03,2026-03-08,5
3853,Discovery,2,2026-03-08,2026-03-21,13
3853,Demo,3,2026-03-21,2026-04-07,17
3853,Proposal,4,2026-04-07,2026-04-13,6
3853,Negotiation,5,2026-04-13,2026-04-28,15
3853,Closed Lost,7,2026-04-30,,0
3854,Prospecting,1,2026-06-13,2026-06-29,16
3854,Discovery,2,2026-06-29,2026-07-04,5
3854,Demo,3,2026-07-04,2026-07-12,8
3854,Proposal,4,2026-07-12,2026-08-14,33
3855,Prospecting,1,2026-01-31,2026-02-06,6
3855,Discovery,2,2026-02-06,2026-02-13,7
3855,Demo,3,2026-02-13,2026-02-18,5
3855,Proposal,4,2026-02-18,2026-03-29,39
3855,Closed Lost,7,2026-03-31,,0
3856,Prospecting,1,2026-03-24,2026-03-29,5
3856,Discovery,2,2026-03-29,2026-04-06,8
3856,Demo,3,2026-04-06,2026-04-12,6
3856,Proposal,4,2026-04-12,2026-04-13,1
3856,Negotiation,5,2026-04-13,2026-04-25,12
3856,Closed Lost,7,2026-04-26,,0
3858,Prospecting,1,2024-08-31,2024-09-01,1
3858,Discovery,2,2024-09-01,2024-09-15,14
3858,Demo,3,2024-09-15,2024-09-18,3
3858,Proposal,4,2024-09-18,2024-10-25,37
3858,Negotiation,5,2024-10-25,2024-11-05,11
3858,Closed Won,6,2024-11-07,,0
3859,Prospecting,1,2025-06-11,2025-06-14,3
3859,Discovery,2,2025-06-14,2025-06-30,16
3859,Demo,3,2025-06-30,2025-07-17,17
3859,Proposal,4,2025-07-17,2025-07-29,12
3859,Negotiation,5,2025-07-29,2025-08-20,22
3859,Closed Lost,7,2025-08-24,,0
3864,Prospecting,1,2024-11-27,2024-12-01,4
3864,Discovery,2,2024-12-01,2025-01-23,53
3864,Demo,3,2025-01-23,2025-02-08,16
3864,Closed Lost,7,2025-02-09,,0
3865,Prospecting,1,2026-06-21,2026-08-03,43
3865,Discovery,2,2026-08-03,2026-08-18,15
3865,Demo,3,2026-08-18,2026-09-14,27
3865,Proposal,4,2026-09-14,2026-11-20,67
3866,Prospecting,1,2026-04-27,2026-04-29,2
3866,Discovery,2,2026-04-29,2026-05-01,2
3866,Demo,3,2026-05-01,2026-06-08,38
3866,Closed Lost,7,2026-06-09,,0
3869,Prospecting,1,2026-01-27,2026-02-08,12
3869,Discovery,2,2026-02-08,2026-02-15,7
3869,Demo,3,2026-02-15,2026-03-07,20
3869,Proposal,4,2026-03-07,2026-03-15,8
3869,Negotiation,5,2026-03-15,2026-03-22,7
3869,Closed Won,6,2026-03-25,,0
3875,Prospecting,1,2025-07-18,2025-07-20,2
3875,Discovery,2,2025-07-20,2025-07-21,1
3875,Demo,3,2025-07-21,2025-07-27,6
3875,Proposal,4,2025-07-27,2025-07-29,2
3875,Negotiation,5,2025-07-29,2025-08-05,7
3875,Closed Won,6,2025-08-07,,0
3878,Prospecting,1,2025-05-24,2025-07-09,46
3878,Discovery,2,2025-07-09,2025-08-08,30
3878,Closed Lost,7,2025-08-09,,0
3879,Prospecting,1,2026-04-04,2026-07-10,97
3879,Discovery,2,2026-07-10,2026-07-28,18
3880,Prospecting,1,2024-12-15,2025-02-26,73
3880,Discovery,2,2025-02-26,2025-03-30,32
3880,Closed Lost,7,2025-03-31,,0
3881,Prospecting,1,2026-01-22,2026-01-23,1
3881,Discovery,2,2026-01-23,2026-01-30,7
3881,Demo,3,2026-01-30,2026-01-31,1
3881,Proposal,4,2026-01-31,2026-02-01,1
3881,Negotiation,5,2026-02-01,2026-02-02,1
3881,Closed Won,6,2026-02-03,,0
3883,Prospecting,1,2024-08-21,2024-09-08,18
3883,Discovery,2,2024-09-08,2024-09-27,19
3883,Closed Lost,7,2024-09-28,,0
3884,Prospecting,1,2025-06-24,2025-07-05,11
3884,Discovery,2,2025-07-05,2025-07-06,1
3884,Demo,3,2025-07-06,2025-07-07,1
3884,Proposal,4,2025-07-07,2025-07-08,1
3884,Negotiation,5,2025-07-08,2025-07-13,5
3884,Closed Won,6,2025-07-15,,0
3885,Prospecting,1,2026-04-10,2026-05-22,42
3885,Discovery,2,2026-05-22,2026-05-29,7
3885,Closed Lost,7,2026-05-30,,0
3887,Prospecting,1,2025-02-13,2025-02-14,1
3887,Discovery,2,2025-02-14,2025-02-15,1
3887,Demo,3,2025-02-15,2025-02-23,8
3887,Proposal,4,2025-02-23,2025-02-28,5
3887,Negotiation,5,2025-02-28,2025-03-06,6
3887,Closed Lost,7,2025-03-08,,0
3888,Prospecting,1,2025-10-30,2025-11-01,2
3888,Discovery,2,2025-11-01,2025-11-23,22
3888,Demo,3,2025-11-23,2025-11-26,3
3888,Proposal,4,2025-11-26,2025-12-02,6
3888,Closed Lost,7,2025-12-03,,0
3890,Prospecting,1,2025-04-24,2025-04-30,6
3890,Discovery,2,2025-04-30,2025-05-06,6
3890,Demo,3,2025-05-06,2025-05-11,5
3890,Proposal,4,2025-05-11,2025-05-15,4
3890,Negotiation,5,2025-05-15,2025-05-21,6
3890,Closed Won,6,2025-05-24,,0
3891,Prospecting,1,2025-12-15,2025-12-19,4
3891,Discovery,2,2025-12-19,2025-12-20,1
3891,Demo,3,2025-12-20,2025-12-22,2
3891,Proposal,4,2025-12-22,2026-01-27,36
3891,Closed Lost,7,2026-01-30,,0
3893,Prospecting,1,2025-11-07,2025-11-23,16
3893,Discovery,2,2025-11-23,2025-12-05,12
3893,Closed Lost,7,2025-12-06,,0
3895,Prospecting,1,2026-01-18,2026-01-26,8
3895,Discovery,2,2026-01-26,2026-01-29,3
3895,Demo,3,2026-01-29,2026-02-19,21
3895,Proposal,4,2026-02-19,2026-02-25,6
3895,Negotiation,5,2026-02-25,2026-02-28,3
3895,Closed Won,6,2026-03-01,,0
3898,Prospecting,1,2025-10-17,2025-10-18,1
3898,Discovery,2,2025-10-18,2025-10-22,4
3898,Demo,3,2025-10-22,2025-11-15,24
3898,Proposal,4,2025-11-15,2025-11-24,9
3898,Closed Lost,7,2025-11-25,,0
3901,Prospecting,1,2025-12-16,2025-12-19,3
3901,Discovery,2,2025-12-19,2025-12-23,4
3901,Demo,3,2025-12-23,2025-12-24,1
3901,Proposal,4,2025-12-24,2026-01-04,11
3901,Closed Lost,7,2026-01-04,,0
3902,Prospecting,1,2026-04-14,2026-04-18,4
3902,Discovery,2,2026-04-18,2026-04-19,1
3902,Demo,3,2026-04-19,2026-05-03,14
3902,Proposal,4,2026-05-03,2026-05-04,1
3902,Negotiation,5,2026-05-04,2026-05-13,9
3902,Closed Lost,7,2026-05-14,,0
3906,Prospecting,1,2025-08-28,2025-09-09,12
3906,Discovery,2,2025-09-09,2025-09-17,8
3906,Demo,3,2025-09-17,2025-09-19,2
3906,Proposal,4,2025-09-19,2025-09-22,3
3906,Negotiation,5,2025-09-22,2025-09-26,4
3906,Closed Won,6,2025-09-28,,0
3909,Prospecting,1,2025-05-07,2025-05-08,1
3909,Discovery,2,2025-05-08,2025-05-13,5
3909,Demo,3,2025-05-13,2025-05-18,5
3909,Proposal,4,2025-05-18,2025-05-25,7
3909,Negotiation,5,2025-05-25,2025-06-02,8
3909,Closed Won,6,2025-06-03,,0
3910,Prospecting,1,2026-02-07,2026-02-08,1
3910,Discovery,2,2026-02-08,2026-02-11,3
3910,Demo,3,2026-02-11,2026-03-12,29
3910,Proposal,4,2026-03-12,2026-03-13,1
3910,Negotiation,5,2026-03-13,2026-03-15,2
3910,Closed Lost,7,2026-03-18,,0
3912,Prospecting,1,2025-07-19,2025-07-20,1
3912,Discovery,2,2025-07-20,2025-07-21,1
3912,Demo,3,2025-07-21,2025-07-23,2
3912,Proposal,4,2025-07-23,2025-08-06,14
3912,Negotiation,5,2025-08-06,2025-08-09,3
3912,Closed Lost,7,2025-08-11,,0
3913,Prospecting,1,2026-02-04,2026-02-05,1
3913,Discovery,2,2026-02-05,2026-02-09,4
3913,Demo,3,2026-02-09,2026-02-19,10
3913,Proposal,4,2026-02-19,2026-02-23,4
3913,Negotiation,5,2026-02-23,2026-02-24,1
3913,Closed Won,6,2026-02-25,,0
3915,Prospecting,1,2025-09-16,2025-09-23,7
3915,Discovery,2,2025-09-23,2025-09-24,1
3915,Closed Lost,7,2025-09-25,,0
3916,Prospecting,1,2026-04-09,2026-05-04,25
3916,Discovery,2,2026-05-04,2026-05-07,3
3916,Closed Lost,7,2026-05-08,,0
3920,Prospecting,1,2026-01-25,2026-04-06,71
3920,Discovery,2,2026-04-06,2026-04-09,3
3920,Demo,3,2026-04-09,2026-04-29,20
3920,Closed Lost,7,2026-04-30,,0
3923,Prospecting,1,2026-05-11,2026-05-12,1
3923,Discovery,2,2026-05-12,2026-05-18,6
3923,Demo,3,2026-05-18,2026-05-24,6
3923,Proposal,4,2026-05-24,2026-05-26,2
3923,Negotiation,5,2026-05-26,2026-05-30,4
3923,Closed Lost,7,2026-06-02,,0
3924,Prospecting,1,2024-10-30,2024-11-28,29
3924,Discovery,2,2024-11-28,2024-12-23,25
3924,Demo,3,2024-12-23,2025-04-16,114
3924,Closed Lost,7,2025-04-17,,0
3925,Prospecting,1,2025-03-19,2025-04-11,23
3925,Discovery,2,2025-04-11,2025-05-16,35
3925,Demo,3,2025-05-16,2025-06-10,25
3925,Closed Lost,7,2025-06-12,,0
3926,Prospecting,1,2025-11-06,2025-11-16,10
3926,Discovery,2,2025-11-16,2025-11-26,10
3926,Demo,3,2025-11-26,2025-11-27,1
3926,Proposal,4,2025-11-27,2025-12-17,20
3926,Negotiation,5,2025-12-17,2026-01-31,45
3926,Closed Lost,7,2026-02-01,,0
3929,Prospecting,1,2026-05-02,2026-05-23,21
3929,Discovery,2,2026-05-23,2026-05-25,2
3929,Demo,3,2026-05-25,2026-05-30,5
3929,Proposal,4,2026-05-30,2026-06-05,6
3929,Closed Lost,7,2026-06-08,,0
3933,Prospecting,1,2026-03-27,2026-04-04,8
3933,Discovery,2,2026-04-04,2026-04-08,4
3933,Demo,3,2026-04-08,2026-04-09,1
3933,Closed Lost,7,2026-04-10,,0
3935,Prospecting,1,2026-01-08,2026-01-13,5
3935,Discovery,2,2026-01-13,2026-02-20,38
3935,Demo,3,2026-02-20,2026-03-05,13
3935,Closed Lost,7,2026-03-06,,0
3937,Prospecting,1,2025-08-02,2025-08-11,9
3937,Discovery,2,2025-08-11,2025-08-14,3
3937,Demo,3,2025-08-14,2025-08-19,5
3937,Closed Lost,7,2025-08-20,,0
3938,Prospecting,1,2025-03-15,2025-03-29,14
3938,Discovery,2,2025-03-29,2025-04-03,5
3938,Demo,3,2025-04-03,2025-04-07,4
3938,Proposal,4,2025-04-07,2025-04-21,14
3938,Negotiation,5,2025-04-21,2025-06-20,60
3938,Closed Lost,7,2025-06-22,,0
3939,Prospecting,1,2025-10-11,2025-10-25,14
3939,Discovery,2,2025-10-25,2025-11-26,32
3939,Demo,3,2025-11-26,2025-11-28,2
3939,Proposal,4,2025-11-28,2025-12-21,23
3939,Negotiation,5,2025-12-21,2026-01-04,14
3939,Closed Won,6,2026-01-06,,0
3940,Prospecting,1,2024-10-25,2024-10-29,4
3940,Discovery,2,2024-10-29,2024-10-30,1
3940,Demo,3,2024-10-30,2024-11-02,3
3940,Proposal,4,2024-11-02,2024-12-06,34
3940,Negotiation,5,2024-12-06,2024-12-29,23
3940,Closed Won,6,2024-12-30,,0
3941,Prospecting,1,2025-09-17,2025-10-23,36
3941,Discovery,2,2025-10-23,2025-12-02,40
3941,Demo,3,2025-12-02,2025-12-03,1
3941,Proposal,4,2025-12-03,2025-12-11,8
3941,Negotiation,5,2025-12-11,2025-12-22,11
3941,Closed Won,6,2025-12-24,,0
3942,Prospecting,1,2026-01-02,2026-01-08,6
3942,Discovery,2,2026-01-08,2026-01-24,16
3942,Demo,3,2026-01-24,2026-01-26,2
3942,Proposal,4,2026-01-26,2026-01-28,2
3942,Negotiation,5,2026-01-28,2026-01-31,3
3942,Closed Lost,7,2026-02-03,,0
3944,Prospecting,1,2025-05-08,2025-05-29,21
3944,Discovery,2,2025-05-29,2025-06-02,4
3944,Closed Lost,7,2025-06-03,,0
3945,Prospecting,1,2025-04-22,2025-04-27,5
3945,Discovery,2,2025-04-27,2025-05-24,27
3945,Demo,3,2025-05-24,2025-06-04,11
3945,Proposal,4,2025-06-04,2025-06-22,18
3945,Negotiation,5,2025-06-22,2025-07-02,10
3945,Closed Won,6,2025-07-04,,0
3946,Prospecting,1,2026-05-03,2026-07-05,63
3949,Prospecting,1,2026-05-04,2026-07-10,67
3952,Prospecting,1,2025-02-03,2025-02-12,9
3952,Discovery,2,2025-02-12,2025-02-13,1
3952,Demo,3,2025-02-13,2025-02-24,11
3952,Proposal,4,2025-02-24,2025-02-27,3
3952,Negotiation,5,2025-02-27,2025-02-28,1
3952,Closed Won,6,2025-03-01,,0
3953,Prospecting,1,2025-12-13,2025-12-14,1
3953,Discovery,2,2025-12-14,2025-12-23,9
3953,Demo,3,2025-12-23,2025-12-28,5
3953,Proposal,4,2025-12-28,2025-12-31,3
3953,Negotiation,5,2025-12-31,2026-01-12,12
3953,Closed Won,6,2026-01-14,,0
3954,Prospecting,1,2026-02-20,2026-05-03,72
3954,Discovery,2,2026-05-03,2026-05-06,3
3954,Demo,3,2026-05-06,2026-05-22,16
3954,Closed Lost,7,2026-05-24,,0
3955,Prospecting,1,2024-10-02,2024-11-25,54
3955,Discovery,2,2024-11-25,2024-12-05,10
3955,Demo,3,2024-12-05,2024-12-16,11
3955,Closed Lost,7,2024-12-18,,0
3956,Prospecting,1,2025-09-01,2025-09-11,10
3956,Discovery,2,2025-09-11,2025-09-12,1
3956,Demo,3,2025-09-12,2025-10-08,26
3956,Proposal,4,2025-10-08,2025-11-19,42
3956,Negotiation,5,2025-11-19,2025-11-23,4
3956,Closed Lost,7,2025-11-25,,0
3957,Prospecting,1,2026-01-03,2026-01-06,3
3957,Discovery,2,2026-01-06,2026-01-10,4
3957,Demo,3,2026-01-10,2026-01-20,10
3957,Proposal,4,2026-01-20,2026-02-07,18
3957,Closed Lost,7,2026-02-08,,0
3961,Prospecting,1,2024-08-23,2024-09-09,17
3961,Discovery,2,2024-09-09,2024-09-10,1
3961,Demo,3,2024-09-10,2024-09-21,11
3961,Proposal,4,2024-09-21,2024-10-18,27
3961,Closed Lost,7,2024-10-20,,0
3962,Prospecting,1,2025-07-29,2025-08-01,3
3962,Discovery,2,2025-08-01,2025-08-21,20
3962,Closed Lost,7,2025-08-22,,0
3963,Prospecting,1,2025-10-06,2025-11-04,29
3963,Discovery,2,2025-11-04,2025-11-07,3
3963,Closed Lost,7,2025-11-08,,0
3964,Prospecting,1,2025-06-30,2025-07-16,16
3964,Discovery,2,2025-07-16,2025-07-29,13
3964,Demo,3,2025-07-29,2025-08-04,6
3964,Closed Lost,7,2025-08-05,,0
3965,Prospecting,1,2026-01-17,2026-02-26,40
3965,Discovery,2,2026-02-26,2026-02-27,1
3965,Demo,3,2026-02-27,2026-02-28,1
3965,Proposal,4,2026-02-28,2026-03-01,1
3965,Closed Lost,7,2026-03-01,,0
3968,Prospecting,1,2025-09-06,2025-09-07,1
3968,Discovery,2,2025-09-07,2025-09-15,8
3968,Demo,3,2025-09-15,2025-09-17,2
3968,Proposal,4,2025-09-17,2025-09-21,4
3968,Negotiation,5,2025-09-21,2025-09-24,3
3968,Closed Won,6,2025-09-25,,0
3969,Prospecting,1,2026-03-18,2026-04-08,21
3969,Discovery,2,2026-04-08,2026-05-04,26
3969,Demo,3,2026-05-04,2026-05-07,3
3969,Closed Lost,7,2026-05-08,,0
3972,Prospecting,1,2025-06-09,2025-06-16,7
3972,Discovery,2,2025-06-16,2025-07-18,32
3972,Demo,3,2025-07-18,2025-08-02,15
3972,Closed Lost,7,2025-08-03,,0
3973,Prospecting,1,2024-08-20,2024-08-31,11
3973,Discovery,2,2024-08-31,2024-09-17,17
3973,Demo,3,2024-09-17,2024-09-20,3
3973,Proposal,4,2024-09-20,2024-10-01,11
3973,Closed Lost,7,2024-10-03,,0
3974,Prospecting,1,2025-09-07,2025-09-09,2
3974,Discovery,2,2025-09-09,2025-09-14,5
3974,Demo,3,2025-09-14,2025-09-29,15
3974,Proposal,4,2025-09-29,2025-10-08,9
3974,Negotiation,5,2025-10-08,2025-10-13,5
3974,Closed Won,6,2025-10-16,,0
3975,Prospecting,1,2026-01-03,2026-01-06,3
3975,Discovery,2,2026-01-06,2026-01-08,2
3975,Demo,3,2026-01-08,2026-01-10,2
3975,Proposal,4,2026-01-10,2026-01-11,1
3975,Negotiation,5,2026-01-11,2026-01-18,7
3975,Closed Won,6,2026-01-20,,0
3976,Prospecting,1,2026-05-11,2026-06-06,26
3976,Discovery,2,2026-06-06,2026-06-07,1
3976,Demo,3,2026-06-07,2026-06-12,5
3976,Proposal,4,2026-06-12,2026-06-15,3
3976,Negotiation,5,2026-06-15,2026-06-22,7
3976,Closed Lost,7,2026-06-25,,0
3980,Prospecting,1,2025-06-13,2025-06-14,1
3980,Discovery,2,2025-06-14,2025-07-06,22
3980,Demo,3,2025-07-06,2025-07-09,3
3980,Closed Lost,7,2025-07-11,,0
3981,Prospecting,1,2026-04-06,2026-04-23,17
3981,Discovery,2,2026-04-23,2026-05-02,9
3981,Demo,3,2026-05-02,2026-05-08,6
3981,Proposal,4,2026-05-08,2026-05-09,1
3981,Negotiation,5,2026-05-09,2026-05-18,9
3981,Closed Lost,7,2026-05-19,,0
3983,Prospecting,1,2025-09-08,2025-10-02,24
3983,Discovery,2,2025-10-02,2025-11-03,32
3983,Demo,3,2025-11-03,2025-11-05,2
3983,Proposal,4,2025-11-05,2025-11-26,21
3983,Negotiation,5,2025-11-26,2025-12-27,31
3983,Closed Lost,7,2025-12-30,,0
3984,Prospecting,1,2026-06-21,2026-08-06,46
3984,Discovery,2,2026-08-06,2026-08-18,12
3984,Demo,3,2026-08-18,2026-08-25,7
3984,Proposal,4,2026-08-25,2026-09-07,13
3986,Prospecting,1,2026-03-19,2026-03-27,8
3986,Discovery,2,2026-03-27,2026-04-02,6
3986,Closed Lost,7,2026-04-03,,0
3989,Prospecting,1,2026-06-17,2026-08-19,63
3991,Prospecting,1,2025-01-18,2025-01-29,11
3991,Discovery,2,2025-01-29,2025-03-08,38
3991,Demo,3,2025-03-08,2025-03-10,2
3991,Proposal,4,2025-03-10,2025-03-12,2
3991,Negotiation,5,2025-03-12,2025-04-07,26
3991,Closed Won,6,2025-04-09,,0
3992,Prospecting,1,2026-04-18,2026-05-18,30
3992,Discovery,2,2026-05-18,2026-05-31,13
3992,Demo,3,2026-05-31,2026-06-01,1
3992,Proposal,4,2026-06-01,2026-06-09,8
3992,Negotiation,5,2026-06-09,2026-06-10,1
3992,Closed Lost,7,2026-06-10,,0
3998,Prospecting,1,2024-10-19,2024-12-29,71
3998,Discovery,2,2024-12-29,2025-03-29,90
3998,Closed Lost,7,2025-03-30,,0
3999,Prospecting,1,2025-08-03,2025-11-22,111
3999,Discovery,2,2025-11-22,2025-12-06,14
3999,Demo,3,2025-12-06,2025-12-12,6
3999,Closed Lost,7,2025-12-13,,0
4000,Prospecting,1,2025-07-05,2025-07-26,21
4000,Discovery,2,2025-07-26,2025-09-24,60
4000,Closed Lost,7,2025-09-25,,0
4001,Prospecting,1,2026-06-01,2026-07-03,32
4001,Discovery,2,2026-07-03,2026-07-04,1
4001,Demo,3,2026-07-04,2026-07-20,16
4001,Proposal,4,2026-07-20,2026-09-15,57
4003,Prospecting,1,2025-09-06,2025-09-17,11
4003,Discovery,2,2025-09-17,2025-10-05,18
4003,Closed Lost,7,2025-10-06,,0
4007,Prospecting,1,2025-11-27,2025-12-10,13
4007,Discovery,2,2025-12-10,2025-12-11,1
4007,Demo,3,2025-12-11,2026-01-01,21
4007,Proposal,4,2026-01-01,2026-01-24,23
4007,Negotiation,5,2026-01-24,2026-02-11,18
4007,Closed Won,6,2026-02-14,,0
4008,Prospecting,1,2025-09-09,2025-09-18,9
4008,Discovery,2,2025-09-18,2025-10-14,26
4008,Closed Lost,7,2025-10-15,,0
4011,Prospecting,1,2026-01-08,2026-02-03,26
4011,Discovery,2,2026-02-03,2026-02-06,3
4011,Demo,3,2026-02-06,2026-02-18,12
4011,Proposal,4,2026-02-18,2026-02-19,1
4011,Negotiation,5,2026-02-19,2026-02-28,9
4011,Closed Won,6,2026-03-01,,0
4015,Prospecting,1,2026-02-02,2026-05-31,118
4015,Discovery,2,2026-05-31,2026-07-01,31
4015,Demo,3,2026-07-01,2026-07-10,9
4015,Proposal,4,2026-07-10,2026-07-11,1
4015,Negotiation,5,2026-07-11,2026-07-31,20
4017,Prospecting,1,2026-03-15,2026-06-19,96
4017,Discovery,2,2026-06-19,2026-07-13,24
4017,Demo,3,2026-07-13,2026-08-01,19
4017,Proposal,4,2026-08-01,2026-08-04,3
4020,Prospecting,1,2025-12-31,2026-01-11,11
4020,Discovery,2,2026-01-11,2026-01-12,1
4020,Demo,3,2026-01-12,2026-01-31,19
4020,Proposal,4,2026-01-31,2026-02-01,1
4020,Negotiation,5,2026-02-01,2026-02-05,4
4020,Closed Won,6,2026-02-08,,0
4024,Prospecting,1,2025-08-28,2025-08-29,1
4024,Discovery,2,2025-08-29,2025-09-14,16
4024,Demo,3,2025-09-14,2025-10-11,27
4024,Closed Lost,7,2025-10-11,,0
4026,Prospecting,1,2025-10-11,2025-11-10,30
4026,Discovery,2,2025-11-10,2025-11-11,1
4026,Closed Lost,7,2025-11-12,,0
4028,Prospecting,1,2026-02-14,2026-03-01,15
4028,Discovery,2,2026-03-01,2026-03-03,2
4028,Demo,3,2026-03-03,2026-03-12,9
4028,Proposal,4,2026-03-12,2026-04-03,22
4028,Closed Lost,7,2026-04-05,,0
4029,Prospecting,1,2025-10-20,2025-11-03,14
4029,Discovery,2,2025-11-03,2025-12-10,37
4029,Demo,3,2025-12-10,2026-01-05,26
4029,Proposal,4,2026-01-05,2026-01-13,8
4029,Closed Lost,7,2026-01-15,,0
4032,Prospecting,1,2026-06-12,2026-10-21,131
4034,Prospecting,1,2024-12-04,2024-12-05,1
4034,Discovery,2,2024-12-05,2025-01-16,42
4034,Closed Lost,7,2025-01-17,,0
4035,Prospecting,1,2025-12-16,2025-12-21,5
4035,Discovery,2,2025-12-21,2026-04-28,128
4035,Closed Lost,7,2026-04-29,,0
4036,Prospecting,1,2025-02-16,2025-02-21,5
4036,Discovery,2,2025-02-21,2025-02-23,2
4036,Demo,3,2025-02-23,2025-03-06,11
4036,Proposal,4,2025-03-06,2025-03-13,7
4036,Negotiation,5,2025-03-13,2025-03-16,3
4036,Closed Won,6,2025-03-19,,0
4037,Prospecting,1,2026-03-10,2026-03-15,5
4037,Discovery,2,2026-03-15,2026-03-16,1
4037,Demo,3,2026-03-16,2026-03-17,1
4037,Proposal,4,2026-03-17,2026-03-28,11
4037,Negotiation,5,2026-03-28,2026-03-31,3
4037,Closed Won,6,2026-04-01,,0
4038,Prospecting,1,2026-04-18,2026-04-30,12
4038,Discovery,2,2026-04-30,2026-05-08,8
4038,Demo,3,2026-05-08,2026-05-22,14
4038,Proposal,4,2026-05-22,2026-05-25,3
4038,Negotiation,5,2026-05-25,2026-05-30,5
4038,Closed Won,6,2026-05-31,,0
4041,Prospecting,1,2026-04-25,2026-05-19,24
4041,Discovery,2,2026-05-19,2026-05-20,1
4041,Closed Lost,7,2026-05-21,,0
4043,Prospecting,1,2026-04-27,2026-05-18,21
4043,Discovery,2,2026-05-18,2026-07-24,67
4044,Prospecting,1,2025-12-04,2025-12-16,12
4044,Discovery,2,2025-12-16,2026-02-14,60
4044,Demo,3,2026-02-14,2026-02-20,6
4044,Closed Lost,7,2026-02-22,,0
4046,Prospecting,1,2026-02-28,2026-03-02,2
4046,Discovery,2,2026-03-02,2026-03-10,8
4046,Closed Lost,7,2026-03-11,,0
4051,Prospecting,1,2026-03-08,2026-04-30,53
4051,Discovery,2,2026-04-30,2026-05-07,7
4051,Closed Lost,7,2026-05-08,,0
4053,Prospecting,1,2026-05-30,2026-05-31,1
4053,Discovery,2,2026-05-31,2026-06-17,17
4053,Demo,3,2026-06-17,2026-06-19,2
4053,Proposal,4,2026-06-19,2026-06-21,2
4053,Negotiation,5,2026-06-21,2026-06-27,6
4053,Closed Won,6,2026-06-27,,0
4055,Prospecting,1,2025-11-26,2025-11-27,1
4055,Discovery,2,2025-11-27,2025-12-08,11
4055,Demo,3,2025-12-08,2025-12-10,2
4055,Proposal,4,2025-12-10,2025-12-13,3
4055,Closed Lost,7,2025-12-15,,0
4056,Prospecting,1,2026-02-20,2026-03-04,12
4056,Discovery,2,2026-03-04,2026-03-09,5
4056,Closed Lost,7,2026-03-10,,0
4064,Prospecting,1,2026-03-29,2026-04-04,6
4064,Discovery,2,2026-04-04,2026-04-09,5
4064,Demo,3,2026-04-09,2026-04-11,2
4064,Proposal,4,2026-04-11,2026-04-15,4
4064,Negotiation,5,2026-04-15,2026-05-05,20
4064,Closed Lost,7,2026-05-08,,0
4065,Prospecting,1,2025-01-19,2025-02-22,34
4065,Discovery,2,2025-02-22,2025-03-20,26
4065,Demo,3,2025-03-20,2025-05-14,55
4065,Closed Lost,7,2025-05-15,,0
4066,Prospecting,1,2025-10-07,2025-10-13,6
4066,Discovery,2,2025-10-13,2025-10-22,9
4066,Demo,3,2025-10-22,2025-11-08,17
4066,Proposal,4,2025-11-08,2025-11-17,9
4066,Negotiation,5,2025-11-17,2025-12-18,31
4066,Closed Lost,7,2025-12-20,,0
4067,Prospecting,1,2026-03-27,2026-11-16,234
4069,Prospecting,1,2024-10-19,2024-10-31,12
4069,Discovery,2,2024-10-31,2024-11-13,13
4069,Demo,3,2024-11-13,2024-11-22,9
4069,Proposal,4,2024-11-22,2024-11-23,1
4069,Negotiation,5,2024-11-23,2024-11-25,2
4069,Closed Won,6,2024-11-27,,0
4070,Prospecting,1,2025-05-04,2025-05-14,10
4070,Discovery,2,2025-05-14,2025-05-16,2
4070,Demo,3,2025-05-16,2025-06-03,18
4070,Proposal,4,2025-06-03,2025-06-07,4
4070,Negotiation,5,2025-06-07,2025-06-12,5
4070,Closed Won,6,2025-06-14,,0
4072,Prospecting,1,2025-12-20,2026-01-12,23
4072,Discovery,2,2026-01-12,2026-01-14,2
4072,Demo,3,2026-01-14,2026-01-15,1
4072,Closed Lost,7,2026-01-17,,0
4074,Prospecting,1,2025-06-22,2025-07-17,25
4074,Discovery,2,2025-07-17,2025-08-24,38
4074,Demo,3,2025-08-24,2025-09-10,17
4074,Proposal,4,2025-09-10,2025-09-15,5
4074,Closed Lost,7,2025-09-17,,0
4075,Prospecting,1,2025-06-08,2025-06-14,6
4075,Discovery,2,2025-06-14,2025-06-27,13
4075,Demo,3,2025-06-27,2025-06-28,1
4075,Closed Lost,7,2025-06-29,,0
4076,Prospecting,1,2026-03-15,2026-04-01,17
4076,Discovery,2,2026-04-01,2026-05-02,31
4076,Closed Lost,7,2026-05-03,,0
4077,Prospecting,1,2026-05-01,2026-05-07,6
4077,Discovery,2,2026-05-07,2026-05-08,1
4077,Demo,3,2026-05-08,2026-05-15,7
4077,Proposal,4,2026-05-15,2026-06-03,19
4077,Negotiation,5,2026-06-03,2026-06-12,9
4077,Closed Won,6,2026-06-14,,0
4080,Prospecting,1,2025-06-11,2025-06-28,17
4080,Discovery,2,2025-06-28,2025-09-05,69
4080,Closed Lost,7,2025-09-06,,0
4081,Prospecting,1,2026-02-09,2026-02-11,2
4081,Discovery,2,2026-02-11,2026-04-03,51
4081,Demo,3,2026-04-03,2026-04-17,14
4081,Closed Lost,7,2026-04-19,,0
4082,Prospecting,1,2024-09-22,2024-09-23,1
4082,Discovery,2,2024-09-23,2024-09-24,1
4082,Demo,3,2024-09-24,2024-09-26,2
4082,Proposal,4,2024-09-26,2024-09-28,2
4082,Closed Lost,7,2024-09-29,,0
4083,Prospecting,1,2026-06-10,2026-06-26,16
4083,Discovery,2,2026-06-26,2026-07-20,24
4083,Demo,3,2026-07-20,2026-08-13,24
4084,Prospecting,1,2026-06-20,2026-06-22,2
4084,Discovery,2,2026-06-22,2026-07-15,23
4084,Demo,3,2026-07-15,2026-07-20,5
4084,Proposal,4,2026-07-20,2026-07-29,9
4084,Negotiation,5,2026-07-29,2026-08-22,24
4085,Prospecting,1,2024-12-14,2024-12-16,2
4085,Discovery,2,2024-12-16,2025-01-02,17
4085,Demo,3,2025-01-02,2025-01-06,4
4085,Proposal,4,2025-01-06,2025-01-17,11
4085,Negotiation,5,2025-01-17,2025-01-18,1
4085,Closed Won,6,2025-01-21,,0
4086,Prospecting,1,2025-12-21,2026-01-04,14
4086,Discovery,2,2026-01-04,2026-01-28,24
4086,Closed Lost,7,2026-01-29,,0
4087,Prospecting,1,2026-06-17,2026-06-18,1
4087,Discovery,2,2026-06-18,2026-07-18,30
4087,Demo,3,2026-07-18,2026-07-22,4
4087,Proposal,4,2026-07-22,2026-08-08,17
4088,Prospecting,1,2025-05-10,2025-05-16,6
4088,Discovery,2,2025-05-16,2025-05-26,10
4088,Closed Lost,7,2025-05-27,,0
4089,Prospecting,1,2025-10-23,2025-10-26,3
4089,Discovery,2,2025-10-26,2025-11-04,9
4089,Demo,3,2025-11-04,2025-11-21,17
4089,Proposal,4,2025-11-21,2025-11-22,1
4089,Closed Lost,7,2025-11-23,,0
4090,Prospecting,1,2025-11-22,2025-11-24,2
4090,Discovery,2,2025-11-24,2025-12-02,8
4090,Demo,3,2025-12-02,2025-12-03,1
4090,Proposal,4,2025-12-03,2025-12-04,1
4090,Closed Lost,7,2025-12-04,,0
4091,Prospecting,1,2026-04-07,2026-04-21,14
4091,Discovery,2,2026-04-21,2026-05-25,34
4091,Closed Lost,7,2026-05-26,,0
4092,Prospecting,1,2026-01-26,2026-02-07,12
4092,Discovery,2,2026-02-07,2026-02-23,16
4092,Closed Lost,7,2026-02-24,,0
4093,Prospecting,1,2026-04-03,2026-04-04,1
4093,Discovery,2,2026-04-04,2026-04-05,1
4093,Demo,3,2026-04-05,2026-04-06,1
4093,Proposal,4,2026-04-06,2026-04-23,17
4093,Negotiation,5,2026-04-23,2026-04-25,2
4093,Closed Won,6,2026-04-27,,0
4095,Prospecting,1,2024-09-23,2024-10-18,25
4095,Discovery,2,2024-10-18,2024-10-20,2
4095,Demo,3,2024-10-20,2024-10-23,3
4095,Proposal,4,2024-10-23,2024-10-25,2
4095,Negotiation,5,2024-10-25,2024-10-28,3
4095,Closed Won,6,2024-10-30,,0
4097,Prospecting,1,2025-06-16,2025-06-19,3
4097,Discovery,2,2025-06-19,2025-07-05,16
4097,Demo,3,2025-07-05,2025-08-06,32
4097,Proposal,4,2025-08-06,2025-08-13,7
4097,Closed Lost,7,2025-08-15,,0
4098,Prospecting,1,2026-04-02,2026-05-05,33
4098,Discovery,2,2026-05-05,2026-05-20,15
4098,Demo,3,2026-05-20,2026-07-17,58
4100,Prospecting,1,2026-05-31,2026-06-10,10
4100,Discovery,2,2026-06-10,2026-06-11,1
4100,Demo,3,2026-06-11,2026-06-28,17
4100,Closed Lost,7,2026-06-28,,0
4106,Prospecting,1,2024-09-09,2024-09-13,4
4106,Discovery,2,2024-09-13,2024-09-24,11
4106,Demo,3,2024-09-24,2024-09-25,1
4106,Proposal,4,2024-09-25,2024-11-29,65
4106,Closed Lost,7,2024-12-02,,0
4107,Prospecting,1,2025-07-06,2025-07-18,12
4107,Discovery,2,2025-07-18,2025-07-22,4
4107,Demo,3,2025-07-22,2025-08-17,26
4107,Proposal,4,2025-08-17,2025-09-08,22
4107,Negotiation,5,2025-09-08,2025-09-11,3
4107,Closed Lost,7,2025-09-13,,0
4108,Prospecting,1,2026-04-15,2026-04-30,15
4108,Discovery,2,2026-04-30,2026-05-01,1
4108,Demo,3,2026-05-01,2026-05-14,13
4108,Proposal,4,2026-05-14,2026-05-15,1
4108,Negotiation,5,2026-05-15,2026-05-16,1
4108,Closed Won,6,2026-05-19,,0
4109,Prospecting,1,2025-04-22,2025-04-25,3
4109,Discovery,2,2025-04-25,2025-04-27,2
4109,Demo,3,2025-04-27,2025-05-21,24
4109,Proposal,4,2025-05-21,2025-05-22,1
4109,Negotiation,5,2025-05-22,2025-07-12,51
4109,Closed Won,6,2025-07-14,,0
4110,Prospecting,1,2025-04-22,2025-05-15,23
4110,Discovery,2,2025-05-15,2025-05-28,13
4110,Closed Lost,7,2025-05-29,,0
4111,Prospecting,1,2026-02-27,2026-02-28,1
4111,Discovery,2,2026-02-28,2026-03-01,1
4111,Demo,3,2026-03-01,2026-03-14,13
4111,Proposal,4,2026-03-14,2026-03-18,4
4111,Negotiation,5,2026-03-18,2026-04-03,16
4111,Closed Won,6,2026-04-04,,0
4114,Prospecting,1,2026-03-16,2026-04-08,23
4114,Discovery,2,2026-04-08,2026-04-24,16
4114,Demo,3,2026-04-24,2026-05-09,15
4114,Proposal,4,2026-05-09,2026-05-27,18
4114,Negotiation,5,2026-05-27,2026-06-03,7
4114,Closed Lost,7,2026-06-06,,0
4117,Prospecting,1,2026-02-13,2026-02-14,1
4117,Discovery,2,2026-02-14,2026-02-16,2
4117,Demo,3,2026-02-16,2026-02-22,6
4117,Proposal,4,2026-02-22,2026-03-02,8
4117,Negotiation,5,2026-03-02,2026-03-03,1
4117,Closed Lost,7,2026-03-05,,0
4118,Prospecting,1,2026-01-31,2026-02-05,5
4118,Discovery,2,2026-02-05,2026-02-17,12
4118,Demo,3,2026-02-17,2026-02-28,11
4118,Proposal,4,2026-02-28,2026-03-06,6
4118,Negotiation,5,2026-03-06,2026-03-13,7
4118,Closed Lost,7,2026-03-14,,0
4124,Prospecting,1,2026-06-22,2026-06-24,2
4124,Discovery,2,2026-06-24,2026-07-19,25
4126,Prospecting,1,2026-05-02,2026-07-06,65
4127,Prospecting,1,2025-10-31,2025-11-13,13
4127,Discovery,2,2025-11-13,2025-12-10,27
4127,Demo,3,2025-12-10,2025-12-12,2
4127,Closed Lost,7,2025-12-14,,0
4128,Prospecting,1,2024-12-25,2025-01-05,11
4128,Discovery,2,2025-01-05,2025-01-19,14
4128,Demo,3,2025-01-19,2025-03-01,41
4128,Proposal,4,2025-03-01,2025-03-16,15
4128,Negotiation,5,2025-03-16,2025-03-23,7
4128,Closed Lost,7,2025-03-26,,0
4129,Prospecting,1,2026-03-29,2026-04-03,5
4129,Discovery,2,2026-04-03,2026-04-07,4
4129,Demo,3,2026-04-07,2026-04-29,22
4129,Proposal,4,2026-04-29,2026-05-07,8
4129,Closed Lost,7,2026-05-10,,0
4130,Prospecting,1,2024-12-18,2025-01-12,25
4130,Discovery,2,2025-01-12,2025-01-15,3
4130,Closed Lost,7,2025-01-16,,0
4131,Prospecting,1,2025-08-03,2025-08-09,6
4131,Discovery,2,2025-08-09,2025-08-10,1
4131,Demo,3,2025-08-10,2025-09-05,26
4131,Closed Lost,7,2025-09-06,,0
4132,Prospecting,1,2026-02-14,2026-02-25,11
4132,Discovery,2,2026-02-25,2026-03-08,11
4132,Demo,3,2026-03-08,2026-03-21,13
4132,Proposal,4,2026-03-21,2026-03-24,3
4132,Closed Lost,7,2026-03-26,,0
4135,Prospecting,1,2026-04-28,2026-04-30,2
4135,Discovery,2,2026-04-30,2026-05-02,2
4135,Demo,3,2026-05-02,2026-05-04,2
4135,Proposal,4,2026-05-04,2026-05-08,4
4135,Negotiation,5,2026-05-08,2026-05-22,14
4135,Closed Won,6,2026-05-24,,0
4136,Prospecting,1,2026-02-10,2026-02-20,10
4136,Discovery,2,2026-02-20,2026-02-23,3
4136,Demo,3,2026-02-23,2026-02-27,4
4136,Proposal,4,2026-02-27,2026-03-18,19
4136,Closed Lost,7,2026-03-20,,0
4141,Prospecting,1,2025-09-04,2025-10-01,27
4141,Discovery,2,2025-10-01,2025-10-10,9
4141,Closed Lost,7,2025-10-11,,0
4142,Prospecting,1,2026-02-08,2026-02-18,10
4142,Discovery,2,2026-02-18,2026-02-19,1
4142,Demo,3,2026-02-19,2026-02-20,1
4142,Proposal,4,2026-02-20,2026-03-05,13
4142,Negotiation,5,2026-03-05,2026-03-06,1
4142,Closed Lost,7,2026-03-06,,0
4144,Prospecting,1,2026-03-15,2026-04-14,30
4144,Discovery,2,2026-04-14,2026-04-15,1
4144,Demo,3,2026-04-15,2026-04-16,1
4144,Proposal,4,2026-04-16,2026-04-23,7
4144,Closed Lost,7,2026-04-22,,0
4146,Prospecting,1,2026-05-22,2026-06-01,10
4146,Discovery,2,2026-06-01,2026-07-06,35
4146,Demo,3,2026-07-06,2026-07-22,16
4148,Prospecting,1,2025-02-08,2025-02-09,1
4148,Discovery,2,2025-02-09,2025-02-13,4
4148,Demo,3,2025-02-13,2025-02-19,6
4148,Proposal,4,2025-02-19,2025-02-22,3
4148,Negotiation,5,2025-02-22,2025-02-24,2
4148,Closed Won,6,2025-02-26,,0
4149,Prospecting,1,2025-10-07,2025-10-23,16
4149,Discovery,2,2025-10-23,2025-10-24,1
4149,Demo,3,2025-10-24,2025-11-13,20
4149,Proposal,4,2025-11-13,2025-11-17,4
4149,Closed Lost,7,2025-11-18,,0
4153,Prospecting,1,2024-11-19,2025-04-21,153
4153,Discovery,2,2025-04-21,2025-04-23,2
4153,Closed Lost,7,2025-04-24,,0
4154,Prospecting,1,2025-01-25,2025-02-05,11
4154,Discovery,2,2025-02-05,2025-02-06,1
4154,Demo,3,2025-02-06,2025-02-16,10
4154,Proposal,4,2025-02-16,2025-02-20,4
4154,Negotiation,5,2025-02-20,2025-03-03,11
4154,Closed Won,6,2025-03-06,,0
4155,Prospecting,1,2026-03-11,2026-03-17,6
4155,Discovery,2,2026-03-17,2026-03-20,3
4155,Demo,3,2026-03-20,2026-04-20,31
4155,Proposal,4,2026-04-20,2026-05-23,33
4155,Negotiation,5,2026-05-23,2026-05-24,1
4155,Closed Won,6,2026-05-25,,0
4156,Prospecting,1,2025-03-18,2025-04-14,27
4156,Discovery,2,2025-04-14,2025-04-23,9
4156,Demo,3,2025-04-23,2025-04-29,6
4156,Proposal,4,2025-04-29,2025-06-02,34
4156,Closed Lost,7,2025-06-04,,0
4157,Prospecting,1,2025-10-19,2025-10-25,6
4157,Discovery,2,2025-10-25,2025-10-30,5
4157,Demo,3,2025-10-30,2025-11-02,3
4157,Closed Lost,7,2025-11-04,,0
4161,Prospecting,1,2025-03-16,2025-03-17,1
4161,Discovery,2,2025-03-17,2025-04-03,17
4161,Closed Lost,7,2025-04-03,,0
4163,Prospecting,1,2026-05-21,2026-05-28,7
4163,Discovery,2,2026-05-28,2026-06-17,20
4163,Demo,3,2026-06-17,2026-06-27,10
4163,Closed Lost,7,2026-06-29,,0
4168,Prospecting,1,2025-08-12,2025-09-08,27
4168,Discovery,2,2025-09-08,2025-09-20,12
4168,Demo,3,2025-09-20,2025-09-27,7
4168,Proposal,4,2025-09-27,2025-11-01,35
4168,Closed Lost,7,2025-11-03,,0
4169,Prospecting,1,2026-04-15,2026-04-20,5
4169,Discovery,2,2026-04-20,2026-05-20,30
4169,Demo,3,2026-05-20,2026-06-01,12
4169,Proposal,4,2026-06-01,2026-06-10,9
4169,Negotiation,5,2026-06-10,2026-06-20,10
4169,Closed Won,6,2026-06-23,,0
4170,Prospecting,1,2025-04-05,2025-04-09,4
4170,Discovery,2,2025-04-09,2025-04-21,12
4170,Demo,3,2025-04-21,2025-05-28,37
4170,Closed Lost,7,2025-05-29,,0
4171,Prospecting,1,2025-06-30,2025-07-03,3
4171,Discovery,2,2025-07-03,2025-08-06,34
4171,Demo,3,2025-08-06,2025-08-19,13
4171,Closed Lost,7,2025-08-20,,0
4172,Prospecting,1,2026-06-06,2026-06-16,10
4172,Discovery,2,2026-06-16,2026-07-02,16
4175,Prospecting,1,2024-11-06,2024-11-07,1
4175,Discovery,2,2024-11-07,2024-11-13,6
4175,Demo,3,2024-11-13,2024-11-15,2
4175,Proposal,4,2024-11-15,2024-11-24,9
4175,Negotiation,5,2024-11-24,2024-12-16,22
4175,Closed Lost,7,2024-12-17,,0
4176,Prospecting,1,2025-10-31,2025-12-17,47
4176,Discovery,2,2025-12-17,2026-01-23,37
4176,Demo,3,2026-01-23,2026-01-24,1
4176,Closed Lost,7,2026-01-26,,0
4177,Prospecting,1,2026-06-06,2026-06-12,6
4177,Discovery,2,2026-06-12,2026-06-23,11
4177,Demo,3,2026-06-23,2026-08-06,44
4177,Proposal,4,2026-08-06,2026-08-14,8
4178,Prospecting,1,2025-11-20,2025-11-21,1
4178,Discovery,2,2025-11-21,2026-01-11,51
4178,Demo,3,2026-01-11,2026-01-20,9
4178,Proposal,4,2026-01-20,2026-01-27,7
4178,Negotiation,5,2026-01-27,2026-02-17,21
4178,Closed Lost,7,2026-02-18,,0
4180,Prospecting,1,2026-06-16,2026-07-25,39
4184,Prospecting,1,2026-01-05,2026-03-01,55
4184,Discovery,2,2026-03-01,2026-03-06,5
4184,Demo,3,2026-03-06,2026-03-07,1
4184,Proposal,4,2026-03-07,2026-03-11,4
4184,Negotiation,5,2026-03-11,2026-03-20,9
4184,Closed Lost,7,2026-03-22,,0
4187,Prospecting,1,2024-08-25,2024-08-27,2
4187,Discovery,2,2024-08-27,2024-09-05,9
4187,Demo,3,2024-09-05,2024-09-16,11
4187,Proposal,4,2024-09-16,2024-09-22,6
4187,Closed Lost,7,2024-09-24,,0
4188,Prospecting,1,2025-05-21,2025-05-22,1
4188,Discovery,2,2025-05-22,2025-06-12,21
4188,Demo,3,2025-06-12,2025-06-13,1
4188,Proposal,4,2025-06-13,2025-06-15,2
4188,Closed Lost,7,2025-06-16,,0
4189,Prospecting,1,2026-03-25,2026-03-28,3
4189,Discovery,2,2026-03-28,2026-04-02,5
4189,Demo,3,2026-04-02,2026-04-04,2
4189,Proposal,4,2026-04-04,2026-04-20,16
4189,Negotiation,5,2026-04-20,2026-04-27,7
4189,Closed Lost,7,2026-04-30,,0
4194,Prospecting,1,2026-02-23,2026-02-24,1
4194,Discovery,2,2026-02-24,2026-03-12,16
4194,Demo,3,2026-03-12,2026-06-13,93
4194,Proposal,4,2026-06-13,2026-08-17,65
4195,Prospecting,1,2026-03-03,2026-04-07,35
4195,Discovery,2,2026-04-07,2026-05-11,34
4195,Demo,3,2026-05-11,2026-05-19,8
4195,Proposal,4,2026-05-19,2026-06-21,33
4195,Closed Lost,7,2026-06-23,,0
4196,Prospecting,1,2026-04-12,2026-04-28,16
4196,Discovery,2,2026-04-28,2026-05-20,22
4196,Demo,3,2026-05-20,2026-05-27,7
4196,Closed Lost,7,2026-05-29,,0
4197,Prospecting,1,2025-05-20,2025-06-08,19
4197,Discovery,2,2025-06-08,2025-07-15,37
4197,Demo,3,2025-07-15,2025-07-19,4
4197,Proposal,4,2025-07-19,2025-08-06,18
4197,Closed Lost,7,2025-08-08,,0
4198,Prospecting,1,2026-06-01,2026-06-11,10
4198,Discovery,2,2026-06-11,2026-07-13,32
4198,Demo,3,2026-07-13,2026-07-20,7
4198,Proposal,4,2026-07-20,2026-08-01,12
4198,Negotiation,5,2026-08-01,2026-08-02,1
4199,Prospecting,1,2025-03-07,2025-03-11,4
4199,Discovery,2,2025-03-11,2025-03-24,13
4199,Demo,3,2025-03-24,2025-03-25,1
4199,Proposal,4,2025-03-25,2025-04-20,26
4199,Negotiation,5,2025-04-20,2025-05-04,14
4199,Closed Lost,7,2025-05-06,,0
4200,Prospecting,1,2026-01-31,2026-03-28,56
4200,Discovery,2,2026-03-28,2026-04-03,6
4200,Closed Lost,7,2026-04-04,,0
4201,Prospecting,1,2025-09-01,2025-09-13,12
4201,Discovery,2,2025-09-13,2025-10-04,21
4201,Demo,3,2025-10-04,2025-10-13,9
4201,Proposal,4,2025-10-13,2025-10-31,18
4201,Negotiation,5,2025-10-31,2025-11-02,2
4201,Closed Won,6,2025-11-04,,0
4202,Prospecting,1,2026-06-07,2026-06-14,7
4202,Discovery,2,2026-06-14,2026-08-02,49
4202,Demo,3,2026-08-02,2026-08-03,1
4202,Proposal,4,2026-08-03,2026-08-06,3
4205,Prospecting,1,2024-11-27,2024-11-28,1
4205,Discovery,2,2024-11-28,2024-11-29,1
4205,Demo,3,2024-11-29,2024-12-10,11
4205,Proposal,4,2024-12-10,2025-01-20,41
4205,Negotiation,5,2025-01-20,2025-01-21,1
4205,Closed Lost,7,2025-01-22,,0
4206,Prospecting,1,2025-07-27,2025-07-28,1
4206,Discovery,2,2025-07-28,2025-08-19,22
4206,Demo,3,2025-08-19,2025-08-27,8
4206,Proposal,4,2025-08-27,2025-09-09,13
4206,Negotiation,5,2025-09-09,2025-09-11,2
4206,Closed Won,6,2025-09-14,,0
4208,Prospecting,1,2025-12-22,2025-12-28,6
4208,Discovery,2,2025-12-28,2026-02-03,37
4208,Closed Lost,7,2026-02-04,,0
4211,Prospecting,1,2026-05-03,2026-07-09,67
4211,Discovery,2,2026-07-09,2026-07-10,1
4211,Demo,3,2026-07-10,2026-07-20,10
4212,Prospecting,1,2025-07-30,2025-07-31,1
4212,Discovery,2,2025-07-31,2025-08-02,2
4212,Demo,3,2025-08-02,2025-08-03,1
4212,Proposal,4,2025-08-03,2025-08-12,9
4212,Negotiation,5,2025-08-12,2025-08-13,1
4212,Closed Won,6,2025-08-13,,0
4213,Prospecting,1,2026-03-04,2026-03-13,9
4213,Discovery,2,2026-03-13,2026-03-15,2
4213,Demo,3,2026-03-15,2026-03-17,2
4213,Proposal,4,2026-03-17,2026-03-19,2
4213,Negotiation,5,2026-03-19,2026-03-20,1
4213,Closed Lost,7,2026-03-21,,0
4215,Prospecting,1,2024-10-05,2024-10-14,9
4215,Discovery,2,2024-10-14,2024-10-20,6
4215,Demo,3,2024-10-20,2024-11-01,12
4215,Proposal,4,2024-11-01,2024-11-06,5
4215,Negotiation,5,2024-11-06,2024-11-10,4
4215,Closed Lost,7,2024-11-11,,0
4216,Prospecting,1,2025-05-20,2025-05-25,5
4216,Discovery,2,2025-05-25,2025-05-28,3
4216,Demo,3,2025-05-28,2025-05-29,1
4216,Proposal,4,2025-05-29,2025-06-05,7
4216,Negotiation,5,2025-06-05,2025-06-06,1
4216,Closed Won,6,2025-06-07,,0
4217,Prospecting,1,2025-12-12,2026-01-02,21
4217,Discovery,2,2026-01-02,2026-01-07,5
4217,Demo,3,2026-01-07,2026-01-13,6
4217,Proposal,4,2026-01-13,2026-01-19,6
4217,Negotiation,5,2026-01-19,2026-01-24,5
4217,Closed Won,6,2026-01-25,,0
4220,Prospecting,1,2025-05-25,2025-06-29,35
4220,Discovery,2,2025-06-29,2025-07-03,4
4220,Closed Lost,7,2025-07-04,,0
4221,Prospecting,1,2026-03-13,2026-03-24,11
4221,Discovery,2,2026-03-24,2026-03-25,1
4221,Demo,3,2026-03-25,2026-04-06,12
4221,Closed Lost,7,2026-04-06,,0
4226,Prospecting,1,2025-03-13,2025-03-29,16
4226,Discovery,2,2025-03-29,2025-04-17,19
4226,Closed Lost,7,2025-04-18,,0
4227,Prospecting,1,2025-10-09,2025-10-10,1
4227,Discovery,2,2025-10-10,2025-10-14,4
4227,Demo,3,2025-10-14,2025-10-20,6
4227,Proposal,4,2025-10-20,2025-11-10,21
4227,Negotiation,5,2025-11-10,2025-11-13,3
4227,Closed Won,6,2025-11-15,,0
4228,Prospecting,1,2026-06-08,2026-06-09,1
4228,Discovery,2,2026-06-09,2026-08-26,78
4230,Prospecting,1,2026-04-13,2026-04-26,13
4230,Discovery,2,2026-04-26,2026-06-07,42
4230,Closed Lost,7,2026-06-08,,0
4233,Prospecting,1,2025-08-06,2025-08-18,12
4233,Discovery,2,2025-08-18,2025-08-22,4
4233,Demo,3,2025-08-22,2025-09-02,11
4233,Proposal,4,2025-09-02,2025-09-13,11
4233,Negotiation,5,2025-09-13,2025-09-20,7
4233,Closed Won,6,2025-09-21,,0
4234,Prospecting,1,2024-10-30,2024-11-05,6
4234,Discovery,2,2024-11-05,2024-11-07,2
4234,Demo,3,2024-11-07,2024-11-09,2
4234,Proposal,4,2024-11-09,2024-12-16,37
4234,Negotiation,5,2024-12-16,2025-01-12,27
4234,Closed Lost,7,2025-01-14,,0
4235,Prospecting,1,2025-10-13,2025-11-02,20
4235,Discovery,2,2025-11-02,2026-01-18,77
4235,Demo,3,2026-01-18,2026-01-19,1
4235,Proposal,4,2026-01-19,2026-01-21,2
4235,Closed Lost,7,2026-01-24,,0
4236,Prospecting,1,2025-06-12,2025-06-13,1
4236,Discovery,2,2025-06-13,2025-06-14,1
4236,Demo,3,2025-06-14,2025-06-16,2
4236,Proposal,4,2025-06-16,2025-06-17,1
4236,Negotiation,5,2025-06-17,2025-06-18,1
4236,Closed Won,6,2025-06-19,,0
4240,Prospecting,1,2025-03-03,2025-03-05,2
4240,Discovery,2,2025-03-05,2025-03-06,1
4240,Demo,3,2025-03-06,2025-03-07,1
4240,Proposal,4,2025-03-07,2025-03-08,1
4240,Negotiation,5,2025-03-08,2025-03-09,1
4240,Closed Lost,7,2025-03-11,,0
4241,Prospecting,1,2025-10-28,2025-11-03,6
4241,Discovery,2,2025-11-03,2025-11-21,18
4241,Demo,3,2025-11-21,2025-11-27,6
4241,Proposal,4,2025-11-27,2025-12-08,11
4241,Negotiation,5,2025-12-08,2025-12-20,12
4241,Closed Won,6,2025-12-22,,0
4242,Prospecting,1,2026-03-31,2026-04-15,15
4242,Discovery,2,2026-04-15,2026-04-16,1
4242,Demo,3,2026-04-16,2026-04-18,2
4242,Proposal,4,2026-04-18,2026-04-19,1
4242,Closed Lost,7,2026-04-20,,0
4243,Prospecting,1,2025-11-12,2026-01-05,54
4243,Discovery,2,2026-01-05,2026-01-29,24
4243,Demo,3,2026-01-29,2026-02-04,6
4243,Proposal,4,2026-02-04,2026-02-18,14
4243,Closed Lost,7,2026-02-20,,0
4244,Prospecting,1,2024-10-22,2024-11-02,11
4244,Discovery,2,2024-11-02,2025-03-21,139
4244,Demo,3,2025-03-21,2025-04-30,40
4244,Closed Lost,7,2025-05-02,,0
4245,Prospecting,1,2025-07-09,2025-07-17,8
4245,Discovery,2,2025-07-17,2025-12-19,155
4245,Demo,3,2025-12-19,2026-01-19,31
4245,Closed Lost,7,2026-01-21,,0
4246,Prospecting,1,2026-01-20,2026-02-09,20
4246,Discovery,2,2026-02-09,2026-02-23,14
4246,Demo,3,2026-02-23,2026-02-28,5
4246,Proposal,4,2026-02-28,2026-03-01,1
4246,Closed Lost,7,2026-03-02,,0
4248,Prospecting,1,2026-01-11,2026-01-12,1
4248,Discovery,2,2026-01-12,2026-01-19,7
4248,Demo,3,2026-01-19,2026-01-20,1
4248,Proposal,4,2026-01-20,2026-01-22,2
4248,Negotiation,5,2026-01-22,2026-01-23,1
4248,Closed Lost,7,2026-01-23,,0
4251,Prospecting,1,2025-01-31,2025-02-08,8
4251,Discovery,2,2025-02-08,2025-02-18,10
4251,Demo,3,2025-02-18,2025-03-12,22
4251,Proposal,4,2025-03-12,2025-03-16,4
4251,Negotiation,5,2025-03-16,2025-03-25,9
4251,Closed Won,6,2025-03-28,,0
4252,Prospecting,1,2026-04-27,2026-04-30,3
4252,Discovery,2,2026-04-30,2026-07-19,80
4252,Demo,3,2026-07-19,2026-07-29,10
4253,Prospecting,1,2024-10-12,2024-10-15,3
4253,Discovery,2,2024-10-15,2024-11-07,23
4253,Demo,3,2024-11-07,2024-11-09,2
4253,Proposal,4,2024-11-09,2024-11-10,1
4253,Closed Lost,7,2024-11-12,,0
4254,Prospecting,1,2025-02-15,2025-03-01,14
4254,Discovery,2,2025-03-01,2025-05-27,87
4254,Demo,3,2025-05-27,2025-06-13,17
4254,Proposal,4,2025-06-13,2025-07-10,27
4254,Negotiation,5,2025-07-10,2025-09-03,55
4254,Closed Lost,7,2025-09-05,,0
4255,Prospecting,1,2025-09-06,2025-09-15,9
4255,Discovery,2,2025-09-15,2025-10-02,17
4255,Demo,3,2025-10-02,2025-10-17,15
4255,Closed Lost,7,2025-10-19,,0
4257,Prospecting,1,2026-04-27,2026-04-28,1
4257,Discovery,2,2026-04-28,2026-05-11,13
4257,Demo,3,2026-05-11,2026-06-04,24
4257,Proposal,4,2026-06-04,2026-06-06,2
4257,Negotiation,5,2026-06-06,2026-06-07,1
4257,Closed Lost,7,2026-06-08,,0
4259,Prospecting,1,2025-12-08,2025-12-11,3
4259,Discovery,2,2025-12-11,2025-12-17,6
4259,Demo,3,2025-12-17,2026-01-10,24
4259,Proposal,4,2026-01-10,2026-01-17,7
4259,Negotiation,5,2026-01-17,2026-01-18,1
4259,Closed Won,6,2026-01-21,,0
4261,Prospecting,1,2025-05-14,2025-09-24,133
4261,Discovery,2,2025-09-24,2025-11-15,52
4261,Demo,3,2025-11-15,2025-12-01,16
4261,Closed Lost,7,2025-12-03,,0
4262,Prospecting,1,2025-07-23,2025-07-24,1
4262,Discovery,2,2025-07-24,2025-08-04,11
4262,Demo,3,2025-08-04,2025-08-05,1
4262,Proposal,4,2025-08-05,2025-08-20,15
4262,Negotiation,5,2025-08-20,2025-09-17,28
4262,Closed Won,6,2025-09-18,,0
4263,Prospecting,1,2026-02-06,2026-03-05,27
4263,Discovery,2,2026-03-05,2026-03-31,26
4263,Demo,3,2026-03-31,2026-04-12,12
4263,Proposal,4,2026-04-12,2026-05-20,38
4263,Negotiation,5,2026-05-20,2026-05-24,4
4263,Closed Won,6,2026-05-27,,0
4267,Prospecting,1,2025-11-01,2025-11-05,4
4267,Discovery,2,2025-11-05,2025-11-10,5
4267,Demo,3,2025-11-10,2025-11-13,3
4267,Proposal,4,2025-11-13,2025-11-21,8
4267,Negotiation,5,2025-11-21,2025-12-02,11
4267,Closed Won,6,2025-12-04,,0
4268,Prospecting,1,2025-07-16,2025-07-27,11
4268,Discovery,2,2025-07-27,2025-08-09,13
4268,Demo,3,2025-08-09,2025-10-21,73
4268,Proposal,4,2025-10-21,2025-11-04,14
4268,Negotiation,5,2025-11-04,2025-11-17,13
4268,Closed Won,6,2025-11-20,,0
4271,Prospecting,1,2025-06-02,2025-06-11,9
4271,Discovery,2,2025-06-11,2025-06-12,1
4271,Demo,3,2025-06-12,2025-06-16,4
4271,Closed Lost,7,2025-06-18,,0
4272,Prospecting,1,2026-05-24,2026-05-29,5
4272,Discovery,2,2026-05-29,2026-06-08,10
4272,Demo,3,2026-06-08,2026-06-16,8
4272,Closed Lost,7,2026-06-18,,0
4273,Prospecting,1,2024-10-12,2024-10-18,6
4273,Discovery,2,2024-10-18,2024-10-24,6
4273,Demo,3,2024-10-24,2024-10-25,1
4273,Proposal,4,2024-10-25,2024-11-01,7
4273,Negotiation,5,2024-11-01,2024-11-13,12
4273,Closed Lost,7,2024-11-15,,0
4274,Prospecting,1,2025-12-13,2025-12-18,5
4274,Discovery,2,2025-12-18,2025-12-19,1
4274,Demo,3,2025-12-19,2026-01-12,24
4274,Closed Lost,7,2026-01-13,,0
4280,Prospecting,1,2024-12-23,2025-01-08,16
4280,Discovery,2,2025-01-08,2025-02-04,27
4280,Demo,3,2025-02-04,2025-03-06,30
4280,Proposal,4,2025-03-06,2025-03-13,7
4280,Negotiation,5,2025-03-13,2025-03-14,1
4280,Closed Lost,7,2025-03-16,,0
4281,Prospecting,1,2026-01-02,2026-01-27,25
4281,Discovery,2,2026-01-27,2026-01-28,1
4281,Demo,3,2026-01-28,2026-02-20,23
4281,Proposal,4,2026-02-20,2026-03-22,30
4281,Closed Lost,7,2026-03-24,,0
4282,Prospecting,1,2026-01-03,2026-01-04,1
4282,Discovery,2,2026-01-04,2026-01-09,5
4282,Demo,3,2026-01-09,2026-01-10,1
4282,Proposal,4,2026-01-10,2026-01-16,6
4282,Closed Lost,7,2026-01-17,,0
4283,Prospecting,1,2025-09-28,2025-10-14,16
4283,Discovery,2,2025-10-14,2025-10-26,12
4283,Demo,3,2025-10-26,2025-11-04,9
4283,Proposal,4,2025-11-04,2025-11-14,10
4283,Negotiation,5,2025-11-14,2025-11-21,7
4283,Closed Lost,7,2025-11-23,,0
4285,Prospecting,1,2024-11-10,2024-12-18,38
4285,Discovery,2,2024-12-18,2025-02-19,63
4285,Demo,3,2025-02-19,2025-03-03,12
4285,Closed Lost,7,2025-03-04,,0
4286,Prospecting,1,2025-10-05,2025-11-03,29
4286,Discovery,2,2025-11-03,2025-12-08,35
4286,Demo,3,2025-12-08,2025-12-27,19
4286,Closed Lost,7,2025-12-29,,0
4287,Prospecting,1,2026-03-09,2026-03-19,10
4287,Discovery,2,2026-03-19,2026-03-30,11
4287,Demo,3,2026-03-30,2026-05-01,32
4287,Closed Lost,7,2026-05-03,,0
4288,Prospecting,1,2025-05-30,2025-07-12,43
4288,Discovery,2,2025-07-12,2025-07-31,19
4288,Demo,3,2025-07-31,2025-08-18,18
4288,Proposal,4,2025-08-18,2025-08-24,6
4288,Closed Lost,7,2025-08-26,,0
4289,Prospecting,1,2026-01-18,2026-02-08,21
4289,Discovery,2,2026-02-08,2026-02-18,10
4289,Demo,3,2026-02-18,2026-03-23,33
4289,Proposal,4,2026-03-23,2026-03-29,6
4289,Closed Lost,7,2026-03-31,,0
4291,Prospecting,1,2025-07-02,2025-07-21,19
4291,Discovery,2,2025-07-21,2025-07-27,6
4291,Demo,3,2025-07-27,2025-08-13,17
4291,Closed Lost,7,2025-08-14,,0
4295,Prospecting,1,2025-05-08,2025-05-13,5
4295,Discovery,2,2025-05-13,2025-06-09,27
4295,Demo,3,2025-06-09,2025-06-11,2
4295,Proposal,4,2025-06-11,2025-06-16,5
4295,Closed Lost,7,2025-06-18,,0
4296,Prospecting,1,2025-10-13,2025-12-18,66
4296,Discovery,2,2025-12-18,2025-12-26,8
4296,Closed Lost,7,2025-12-27,,0
4298,Prospecting,1,2025-09-11,2025-10-03,22
4298,Discovery,2,2025-10-03,2025-10-21,18
4298,Demo,3,2025-10-21,2025-11-16,26
4298,Proposal,4,2025-11-16,2025-12-16,30
4298,Closed Lost,7,2025-12-18,,0
4299,Prospecting,1,2026-04-22,2026-05-30,38
4299,Discovery,2,2026-05-30,2026-07-06,37
4300,Prospecting,1,2025-01-16,2025-01-17,1
4300,Discovery,2,2025-01-17,2025-01-18,1
4300,Demo,3,2025-01-18,2025-01-19,1
4300,Proposal,4,2025-01-19,2025-01-20,1
4300,Negotiation,5,2025-01-20,2025-01-26,6
4300,Closed Lost,7,2025-01-25,,0
4301,Prospecting,1,2025-10-04,2025-10-08,4
4301,Discovery,2,2025-10-08,2025-10-09,1
4301,Demo,3,2025-10-09,2025-12-10,62
4301,Proposal,4,2025-12-10,2025-12-12,2
4301,Negotiation,5,2025-12-12,2025-12-25,13
4301,Closed Won,6,2025-12-27,,0
4303,Prospecting,1,2025-05-20,2025-05-29,9
4303,Discovery,2,2025-05-29,2025-05-30,1
4303,Demo,3,2025-05-30,2025-06-01,2
4303,Proposal,4,2025-06-01,2025-06-04,3
4303,Negotiation,5,2025-06-04,2025-06-07,3
4303,Closed Won,6,2025-06-10,,0
4304,Prospecting,1,2026-06-17,2026-07-07,20
4304,Discovery,2,2026-07-07,2026-07-12,5
4304,Demo,3,2026-07-12,2026-07-24,12
4304,Proposal,4,2026-07-24,2026-07-25,1
4304,Negotiation,5,2026-07-25,2026-07-27,2
4307,Prospecting,1,2024-10-04,2024-11-04,31
4307,Discovery,2,2024-11-04,2024-11-18,14
4307,Demo,3,2024-11-18,2024-11-21,3
4307,Proposal,4,2024-11-21,2024-12-08,17
4307,Negotiation,5,2024-12-08,2024-12-17,9
4307,Closed Won,6,2024-12-20,,0
4308,Prospecting,1,2025-06-17,2025-07-13,26
4308,Discovery,2,2025-07-13,2025-08-19,37
4308,Demo,3,2025-08-19,2025-09-02,14
4308,Proposal,4,2025-09-02,2025-11-13,72
4308,Closed Lost,7,2025-11-16,,0
4309,Prospecting,1,2026-01-20,2026-04-18,88
4309,Discovery,2,2026-04-18,2026-04-19,1
4309,Demo,3,2026-04-19,2026-06-14,56
4309,Proposal,4,2026-06-14,2026-06-27,13
4309,Closed Lost,7,2026-06-29,,0
4313,Prospecting,1,2025-01-19,2025-02-06,18
4313,Discovery,2,2025-02-06,2025-02-28,22
4313,Demo,3,2025-02-28,2025-03-11,11
4313,Proposal,4,2025-03-11,2025-04-08,28
4313,Negotiation,5,2025-04-08,2025-04-09,1
4313,Closed Won,6,2025-04-12,,0
4314,Prospecting,1,2025-10-30,2025-10-31,1
4314,Discovery,2,2025-10-31,2025-11-16,16
4314,Demo,3,2025-11-16,2025-11-26,10
4314,Proposal,4,2025-11-26,2025-11-29,3
4314,Negotiation,5,2025-11-29,2025-12-29,30
4314,Closed Won,6,2025-12-31,,0
4315,Prospecting,1,2025-11-11,2025-11-29,18
4315,Discovery,2,2025-11-29,2025-12-29,30
4315,Demo,3,2025-12-29,2026-02-14,47
4315,Proposal,4,2026-02-14,2026-02-27,13
4315,Closed Lost,7,2026-03-01,,0
4316,Prospecting,1,2026-06-14,2026-06-26,12
4316,Discovery,2,2026-06-26,2026-08-22,57
4316,Demo,3,2026-08-22,2026-09-09,18
4316,Proposal,4,2026-09-09,2026-09-24,15
4320,Prospecting,1,2026-06-24,2026-06-29,5
4320,Discovery,2,2026-06-29,2026-07-24,25
4320,Demo,3,2026-07-24,2026-07-25,1
4323,Prospecting,1,2026-05-26,2026-08-15,81
4325,Prospecting,1,2026-01-04,2026-03-05,60
4325,Discovery,2,2026-03-05,2026-03-08,3
4325,Demo,3,2026-03-08,2026-03-16,8
4325,Proposal,4,2026-03-16,2026-03-25,9
4325,Negotiation,5,2026-03-25,2026-04-02,8
4325,Closed Won,6,2026-04-04,,0
4327,Prospecting,1,2025-06-11,2025-06-28,17
4327,Discovery,2,2025-06-28,2025-07-10,12
4327,Closed Lost,7,2025-07-11,,0
4328,Prospecting,1,2025-12-19,2025-12-31,12
4328,Discovery,2,2025-12-31,2026-01-17,17
4328,Demo,3,2026-01-17,2026-01-24,7
4328,Proposal,4,2026-01-24,2026-02-12,19
4328,Closed Lost,7,2026-02-15,,0
4329,Prospecting,1,2025-07-11,2025-08-14,34
4329,Discovery,2,2025-08-14,2025-10-11,58
4329,Demo,3,2025-10-11,2025-10-17,6
4329,Proposal,4,2025-10-17,2026-01-08,83
4329,Closed Lost,7,2026-01-10,,0
4330,Prospecting,1,2024-11-19,2024-11-20,1
4330,Discovery,2,2024-11-20,2024-12-02,12
4330,Closed Lost,7,2024-12-03,,0
4331,Prospecting,1,2026-03-16,2026-03-29,13
4331,Discovery,2,2026-03-29,2026-04-20,22
4331,Demo,3,2026-04-20,2026-04-22,2
4331,Proposal,4,2026-04-22,2026-05-17,25
4331,Negotiation,5,2026-05-17,2026-05-19,2
4331,Closed Won,6,2026-05-22,,0
4335,Prospecting,1,2024-12-14,2024-12-15,1
4335,Discovery,2,2024-12-15,2025-01-01,17
4335,Demo,3,2025-01-01,2025-01-04,3
4335,Proposal,4,2025-01-04,2025-01-05,1
4335,Closed Lost,7,2025-01-07,,0
4336,Prospecting,1,2025-06-15,2025-06-21,6
4336,Discovery,2,2025-06-21,2025-07-02,11
4336,Demo,3,2025-07-02,2025-07-03,1
4336,Proposal,4,2025-07-03,2025-07-14,11
4336,Negotiation,5,2025-07-14,2025-07-21,7
4336,Closed Won,6,2025-07-22,,0
4337,Prospecting,1,2026-01-27,2026-02-05,9
4337,Discovery,2,2026-02-05,2026-02-26,21
4337,Demo,3,2026-02-26,2026-02-27,1
4337,Closed Lost,7,2026-03-01,,0
4339,Prospecting,1,2024-11-04,2024-11-06,2
4339,Discovery,2,2024-11-06,2024-11-26,20
4339,Demo,3,2024-11-26,2024-12-06,10
4339,Proposal,4,2024-12-06,2024-12-15,9
4339,Closed Lost,7,2024-12-16,,0
4340,Prospecting,1,2025-10-19,2025-10-20,1
4340,Discovery,2,2025-10-20,2025-10-21,1
4340,Demo,3,2025-10-21,2025-11-15,25
4340,Proposal,4,2025-11-15,2025-11-17,2
4340,Closed Lost,7,2025-11-17,,0
4341,Prospecting,1,2026-06-16,2026-06-28,12
4341,Discovery,2,2026-06-28,2026-07-08,10
4344,Prospecting,1,2026-03-05,2026-06-15,102
4344,Discovery,2,2026-06-15,2026-07-14,29
4350,Prospecting,1,2024-10-04,2024-10-20,16
4350,Discovery,2,2024-10-20,2024-12-12,53
4350,Demo,3,2024-12-12,2024-12-30,18
4350,Closed Lost,7,2025-01-01,,0
4351,Prospecting,1,2025-03-22,2025-03-24,2
4351,Discovery,2,2025-03-24,2025-03-27,3
4351,Demo,3,2025-03-27,2025-04-20,24
4351,Closed Lost,7,2025-04-22,,0
4352,Prospecting,1,2025-12-24,2026-01-01,8
4352,Discovery,2,2026-01-01,2026-01-15,14
4352,Demo,3,2026-01-15,2026-01-27,12
4352,Closed Lost,7,2026-01-29,,0
4357,Prospecting,1,2025-12-08,2025-12-27,19
4357,Discovery,2,2025-12-27,2026-03-05,68
4357,Demo,3,2026-03-05,2026-03-08,3
4357,Proposal,4,2026-03-08,2026-05-01,54
4357,Closed Lost,7,2026-05-02,,0
4358,Prospecting,1,2026-02-10,2026-02-14,4
4358,Discovery,2,2026-02-14,2026-05-02,77
4358,Demo,3,2026-05-02,2026-05-22,20
4358,Proposal,4,2026-05-22,2026-06-10,19
4358,Closed Lost,7,2026-06-13,,0
4359,Prospecting,1,2025-12-24,2025-12-26,2
4359,Discovery,2,2025-12-26,2026-02-13,49
4359,Demo,3,2026-02-13,2026-02-20,7
4359,Proposal,4,2026-02-20,2026-03-02,10
4359,Negotiation,5,2026-03-02,2026-03-20,18
4359,Closed Won,6,2026-03-22,,0
4360,Prospecting,1,2025-08-15,2025-10-22,68
4360,Discovery,2,2025-10-22,2025-11-14,23
4360,Demo,3,2025-11-14,2025-12-01,17
4360,Proposal,4,2025-12-01,2025-12-08,7
4360,Negotiation,5,2025-12-08,2025-12-12,4
4360,Closed Won,6,2025-12-16,,0
4361,Prospecting,1,2025-01-12,2025-02-07,26
4361,Discovery,2,2025-02-07,2025-02-22,15
4361,Demo,3,2025-02-22,2025-03-03,9
4361,Proposal,4,2025-03-03,2025-03-21,18
4361,Negotiation,5,2025-03-21,2025-03-28,7
4361,Closed Lost,7,2025-03-30,,0
4362,Prospecting,1,2025-12-28,2026-01-11,14
4362,Discovery,2,2026-01-11,2026-01-22,11
4362,Demo,3,2026-01-22,2026-01-24,2
4362,Proposal,4,2026-01-24,2026-01-27,3
4362,Negotiation,5,2026-01-27,2026-02-08,12
4362,Closed Lost,7,2026-02-11,,0
4364,Prospecting,1,2024-09-18,2024-09-21,3
4364,Discovery,2,2024-09-21,2024-09-30,9
4364,Demo,3,2024-09-30,2024-10-02,2
4364,Proposal,4,2024-10-02,2024-10-03,1
4364,Negotiation,5,2024-10-03,2024-10-07,4
4364,Closed Lost,7,2024-10-09,,0
4365,Prospecting,1,2025-06-09,2025-06-10,1
4365,Discovery,2,2025-06-10,2025-06-21,11
4365,Demo,3,2025-06-21,2025-06-29,8
4365,Proposal,4,2025-06-29,2025-06-30,1
4365,Negotiation,5,2025-06-30,2025-07-11,11
4365,Closed Won,6,2025-07-15,,0
4366,Prospecting,1,2026-02-13,2026-03-05,20
4366,Discovery,2,2026-03-05,2026-03-13,8
4366,Closed Lost,7,2026-03-14,,0
4368,Prospecting,1,2026-01-08,2026-05-11,123
4368,Discovery,2,2026-05-11,2026-05-29,18
4368,Closed Lost,7,2026-05-30,,0
4369,Prospecting,1,2025-12-20,2026-02-28,70
4369,Discovery,2,2026-02-28,2026-03-01,1
4369,Closed Lost,7,2026-03-01,,0
4370,Prospecting,1,2025-07-25,2025-08-06,12
4370,Discovery,2,2025-08-06,2025-08-14,8
4370,Demo,3,2025-08-14,2025-08-17,3
4370,Proposal,4,2025-08-17,2025-08-30,13
4370,Negotiation,5,2025-08-30,2025-09-06,7
4370,Closed Lost,7,2025-09-10,,0
4371,Prospecting,1,2026-03-14,2026-03-20,6
4371,Discovery,2,2026-03-20,2026-04-16,27
4371,Closed Lost,7,2026-04-17,,0
4372,Prospecting,1,2026-04-21,2026-07-29,99
4372,Discovery,2,2026-07-29,2026-10-27,90
4374,Prospecting,1,2026-05-27,2026-05-28,1
4374,Discovery,2,2026-05-28,2026-06-17,20
4374,Demo,3,2026-06-17,2026-08-02,46
4374,Proposal,4,2026-08-02,2026-08-03,1
4375,Prospecting,1,2025-09-30,2025-10-05,5
4375,Discovery,2,2025-10-05,2025-10-20,15
4375,Demo,3,2025-10-20,2025-10-21,1
4375,Closed Lost,7,2025-10-22,,0
4376,Prospecting,1,2026-04-28,2026-04-30,2
4376,Discovery,2,2026-04-30,2026-05-23,23
4376,Demo,3,2026-05-23,2026-06-18,26
4376,Proposal,4,2026-06-18,2026-07-06,18
4376,Negotiation,5,2026-07-06,2026-07-28,22
4379,Prospecting,1,2025-03-04,2025-03-20,16
4379,Discovery,2,2025-03-20,2025-04-02,13
4379,Demo,3,2025-04-02,2025-04-04,2
4379,Proposal,4,2025-04-04,2025-04-21,17
4379,Negotiation,5,2025-04-21,2025-04-22,1
4379,Closed Won,6,2025-04-23,,0
4380,Prospecting,1,2026-02-01,2026-02-09,8
4380,Discovery,2,2026-02-09,2026-02-22,13
4380,Demo,3,2026-02-22,2026-03-06,12
4380,Proposal,4,2026-03-06,2026-03-16,10
4380,Closed Lost,7,2026-03-17,,0
4383,Prospecting,1,2025-09-28,2025-10-04,6
4383,Discovery,2,2025-10-04,2025-10-08,4
4383,Demo,3,2025-10-08,2025-10-10,2
4383,Proposal,4,2025-10-10,2025-10-17,7
4383,Negotiation,5,2025-10-17,2025-11-13,27
4383,Closed Lost,7,2025-11-15,,0
4384,Prospecting,1,2026-01-11,2026-01-29,18
4384,Discovery,2,2026-01-29,2026-03-12,42
4384,Demo,3,2026-03-12,2026-03-14,2
4384,Proposal,4,2026-03-14,2026-03-20,6
4384,Negotiation,5,2026-03-20,2026-04-19,30
4384,Closed Won,6,2026-04-22,,0
4386,Prospecting,1,2024-09-30,2024-10-01,1
4386,Discovery,2,2024-10-01,2024-10-17,16
4386,Demo,3,2024-10-17,2024-10-19,2
4386,Proposal,4,2024-10-19,2024-10-22,3
4386,Negotiation,5,2024-10-22,2024-10-27,5
4386,Closed Won,6,2024-10-28,,0
4387,Prospecting,1,2025-07-14,2025-07-17,3
4387,Discovery,2,2025-07-17,2025-07-19,2
4387,Demo,3,2025-07-19,2025-07-28,9
4387,Proposal,4,2025-07-28,2025-07-30,2
4387,Negotiation,5,2025-07-30,2025-07-31,1
4387,Closed Won,6,2025-08-01,,0
4389,Prospecting,1,2026-06-30,2026-07-07,7
4389,Discovery,2,2026-07-07,2026-07-08,1
4389,Demo,3,2026-07-08,2026-07-13,5
4389,Proposal,4,2026-07-13,2026-08-09,27
4390,Prospecting,1,2026-01-26,2026-01-27,1
4390,Discovery,2,2026-01-27,2026-01-30,3
4390,Demo,3,2026-01-30,2026-02-01,2
4390,Proposal,4,2026-02-01,2026-02-02,1
4390,Negotiation,5,2026-02-02,2026-02-08,6
4390,Closed Won,6,2026-02-08,,0
4396,Prospecting,1,2026-05-12,2026-05-13,1
4396,Discovery,2,2026-05-13,2026-05-24,11
4396,Demo,3,2026-05-24,2026-06-19,26
4396,Closed Lost,7,2026-06-19,,0
4397,Prospecting,1,2025-10-01,2025-10-29,28
4397,Discovery,2,2025-10-29,2025-10-30,1
4397,Closed Lost,7,2025-10-30,,0
4399,Prospecting,1,2025-04-20,2025-05-07,17
4399,Discovery,2,2025-05-07,2025-05-15,8
4399,Demo,3,2025-05-15,2025-05-30,15
4399,Proposal,4,2025-05-30,2025-06-08,9
4399,Negotiation,5,2025-06-08,2025-06-20,12
4399,Closed Won,6,2025-06-23,,0
4400,Prospecting,1,2026-05-28,2026-06-11,14
4400,Discovery,2,2026-06-11,2026-06-12,1
4400,Demo,3,2026-06-12,2026-06-25,13
4400,Proposal,4,2026-06-25,2026-06-30,5
4400,Closed Lost,7,2026-07-01,,0
4403,Prospecting,1,2024-08-03,2024-08-05,2
4403,Discovery,2,2024-08-05,2024-08-13,8
4403,Demo,3,2024-08-13,2024-08-24,11
4403,Proposal,4,2024-08-24,2024-09-15,22
4403,Closed Lost,7,2024-09-16,,0
4404,Prospecting,1,2025-07-29,2025-08-03,5
4404,Discovery,2,2025-08-03,2025-08-08,5
4404,Demo,3,2025-08-08,2025-08-11,3
4404,Proposal,4,2025-08-11,2025-08-12,1
4404,Negotiation,5,2025-08-12,2025-08-27,15
4404,Closed Lost,7,2025-08-28,,0
4405,Prospecting,1,2026-01-03,2026-01-08,5
4405,Discovery,2,2026-01-08,2026-01-19,11
4405,Demo,3,2026-01-19,2026-01-25,6
4405,Proposal,4,2026-01-25,2026-02-11,17
4405,Negotiation,5,2026-02-11,2026-03-02,19
4405,Closed Won,6,2026-03-04,,0
4406,Prospecting,1,2024-09-22,2024-09-28,6
4406,Discovery,2,2024-09-28,2024-11-16,49
4406,Demo,3,2024-11-16,2024-11-20,4
4406,Proposal,4,2024-11-20,2024-12-01,11
4406,Closed Lost,7,2024-12-03,,0
4407,Prospecting,1,2026-04-19,2026-04-20,1
4407,Discovery,2,2026-04-20,2026-04-21,1
4407,Demo,3,2026-04-21,2026-04-23,2
4407,Proposal,4,2026-04-23,2026-04-24,1
4407,Negotiation,5,2026-04-24,2026-04-27,3
4407,Closed Won,6,2026-04-26,,0
4414,Prospecting,1,2026-04-11,2026-04-12,1
4414,Discovery,2,2026-04-12,2026-04-26,14
4414,Demo,3,2026-04-26,2026-05-05,9
4414,Closed Lost,7,2026-05-06,,0
4419,Prospecting,1,2026-05-28,2026-06-24,27
4419,Discovery,2,2026-06-24,2026-08-06,43
4419,Demo,3,2026-08-06,2026-08-21,15
4419,Proposal,4,2026-08-21,2026-08-29,8
4419,Negotiation,5,2026-08-29,2026-09-26,28
4421,Prospecting,1,2025-12-26,2026-02-12,48
4421,Discovery,2,2026-02-12,2026-03-26,42
4421,Closed Lost,7,2026-03-27,,0
4422,Prospecting,1,2026-05-14,2026-06-19,36
4422,Discovery,2,2026-06-19,2026-06-21,2
4422,Demo,3,2026-06-21,2026-07-07,16
4422,Proposal,4,2026-07-07,2026-08-06,30
4423,Prospecting,1,2025-09-30,2025-11-22,53
4423,Discovery,2,2025-11-22,2025-12-16,24
4423,Closed Lost,7,2025-12-17,,0
4424,Prospecting,1,2026-05-26,2026-07-29,64
4426,Prospecting,1,2024-10-03,2024-11-02,30
4426,Discovery,2,2024-11-02,2024-11-22,20
4426,Demo,3,2024-11-22,2024-11-24,2
4426,Proposal,4,2024-11-24,2025-01-06,43
4426,Closed Lost,7,2025-01-08,,0
4427,Prospecting,1,2025-08-15,2025-08-21,6
4427,Discovery,2,2025-08-21,2025-10-14,54
4427,Closed Lost,7,2025-10-15,,0
4430,Prospecting,1,2026-04-12,2026-04-19,7
4430,Discovery,2,2026-04-19,2026-04-26,7
4430,Closed Lost,7,2026-04-27,,0
4433,Prospecting,1,2024-11-13,2024-11-26,13
4433,Discovery,2,2024-11-26,2025-01-09,44
4433,Demo,3,2025-01-09,2025-01-20,11
4433,Closed Lost,7,2025-01-21,,0
4434,Prospecting,1,2025-07-16,2025-07-18,2
4434,Discovery,2,2025-07-18,2025-08-12,25
4434,Demo,3,2025-08-12,2025-09-21,40
4434,Proposal,4,2025-09-21,2025-09-22,1
4434,Negotiation,5,2025-09-22,2025-09-23,1
4434,Closed Won,6,2025-09-25,,0
4435,Prospecting,1,2025-03-06,2025-03-08,2
4435,Discovery,2,2025-03-08,2025-03-09,1
4435,Demo,3,2025-03-09,2025-04-03,25
4435,Closed Lost,7,2025-04-05,,0
4436,Prospecting,1,2024-12-13,2025-02-26,75
4436,Discovery,2,2025-02-26,2025-02-27,1
4436,Demo,3,2025-02-27,2025-02-28,1
4436,Proposal,4,2025-02-28,2025-03-01,1
4436,Negotiation,5,2025-03-01,2025-03-20,19
4436,Closed Lost,7,2025-03-20,,0
4437,Prospecting,1,2026-01-11,2026-02-28,48
4437,Discovery,2,2026-02-28,2026-03-12,12
4437,Demo,3,2026-03-12,2026-03-17,5
4437,Proposal,4,2026-03-17,2026-04-18,32
4437,Closed Lost,7,2026-04-19,,0
4438,Prospecting,1,2026-03-30,2026-04-06,7
4438,Discovery,2,2026-04-06,2026-05-13,37
4438,Closed Lost,7,2026-05-14,,0
4441,Prospecting,1,2024-07-17,2024-07-18,1
4441,Discovery,2,2024-07-18,2024-07-29,11
4441,Demo,3,2024-07-29,2024-08-18,20
4441,Proposal,4,2024-08-18,2024-09-06,19
4441,Negotiation,5,2024-09-06,2024-09-07,1
4441,Closed Won,6,2024-09-10,,0
4442,Prospecting,1,2025-08-25,2025-09-10,16
4442,Discovery,2,2025-09-10,2025-09-15,5
4442,Demo,3,2025-09-15,2025-09-25,10
4442,Proposal,4,2025-09-25,2025-10-01,6
4442,Negotiation,5,2025-10-01,2025-10-05,4
4442,Closed Won,6,2025-10-08,,0
4443,Prospecting,1,2026-01-04,2026-01-09,5
4443,Discovery,2,2026-01-09,2026-01-18,9
4443,Demo,3,2026-01-18,2026-01-24,6
4443,Proposal,4,2026-01-24,2026-01-25,1
4443,Negotiation,5,2026-01-25,2026-01-26,1
4443,Closed Won,6,2026-01-27,,0
4444,Prospecting,1,2024-12-29,2024-12-30,1
4444,Discovery,2,2024-12-30,2025-01-03,4
4444,Demo,3,2025-01-03,2025-01-05,2
4444,Proposal,4,2025-01-05,2025-01-09,4
4444,Negotiation,5,2025-01-09,2025-01-16,7
4444,Closed Won,6,2025-01-16,,0
4445,Prospecting,1,2025-11-24,2025-11-28,4
4445,Discovery,2,2025-11-28,2025-11-29,1
4445,Demo,3,2025-11-29,2025-12-12,13
4445,Proposal,4,2025-12-12,2025-12-28,16
4445,Negotiation,5,2025-12-28,2026-01-10,13
4445,Closed Won,6,2026-01-12,,0
4446,Prospecting,1,2026-05-23,2026-07-02,40
4448,Prospecting,1,2025-07-29,2025-07-30,1
4448,Discovery,2,2025-07-30,2025-08-19,20
4448,Demo,3,2025-08-19,2025-09-03,15
4448,Proposal,4,2025-09-03,2025-09-22,19
4448,Negotiation,5,2025-09-22,2025-10-25,33
4448,Closed Lost,7,2025-10-26,,0
4449,Prospecting,1,2026-05-18,2026-06-15,28
4449,Discovery,2,2026-06-15,2026-06-21,6
4449,Demo,3,2026-06-21,2026-08-11,51
4449,Proposal,4,2026-08-11,2026-09-03,23
4450,Prospecting,1,2025-05-22,2025-05-30,8
4450,Discovery,2,2025-05-30,2025-05-31,1
4450,Demo,3,2025-05-31,2025-06-17,17
4450,Proposal,4,2025-06-17,2025-06-18,1
4450,Negotiation,5,2025-06-18,2025-06-19,1
4450,Closed Won,6,2025-06-21,,0
4451,Prospecting,1,2024-10-22,2024-11-04,13
4451,Discovery,2,2024-11-04,2024-11-28,24
4451,Demo,3,2024-11-28,2024-12-01,3
4451,Closed Lost,7,2024-12-02,,0
4452,Prospecting,1,2025-02-04,2025-02-23,19
4452,Discovery,2,2025-02-23,2025-03-10,15
4452,Demo,3,2025-03-10,2025-03-26,16
4452,Proposal,4,2025-03-26,2025-03-27,1
4452,Closed Lost,7,2025-03-29,,0
4453,Prospecting,1,2025-12-31,2026-01-05,5
4453,Discovery,2,2026-01-05,2026-01-21,16
4453,Demo,3,2026-01-21,2026-01-31,10
4453,Proposal,4,2026-01-31,2026-02-04,4
4453,Negotiation,5,2026-02-04,2026-02-14,10
4453,Closed Lost,7,2026-02-16,,0
4454,Prospecting,1,2026-05-20,2026-05-24,4
4454,Discovery,2,2026-05-24,2026-06-16,23
4454,Closed Lost,7,2026-06-17,,0
4457,Prospecting,1,2025-07-30,2025-07-31,1
4457,Discovery,2,2025-07-31,2025-08-13,13
4457,Demo,3,2025-08-13,2025-08-22,9
4457,Closed Lost,7,2025-08-24,,0
4458,Prospecting,1,2026-05-27,2026-06-01,5
4458,Discovery,2,2026-06-01,2026-06-05,4
4458,Demo,3,2026-06-05,2026-06-10,5
4458,Proposal,4,2026-06-10,2026-06-16,6
4458,Negotiation,5,2026-06-16,2026-06-27,11
4458,Closed Lost,7,2026-06-29,,0
4462,Prospecting,1,2024-08-12,2024-09-09,28
4462,Discovery,2,2024-09-09,2024-09-15,6
4462,Demo,3,2024-09-15,2024-09-23,8
4462,Proposal,4,2024-09-23,2024-09-27,4
4462,Negotiation,5,2024-09-27,2024-09-28,1
4462,Closed Lost,7,2024-09-30,,0
4463,Prospecting,1,2026-06-05,2026-07-13,38
4463,Discovery,2,2026-07-13,2026-08-09,27
4463,Demo,3,2026-08-09,2026-08-11,2
4464,Prospecting,1,2025-01-18,2025-02-25,38
4464,Discovery,2,2025-02-25,2025-03-13,16
4464,Closed Lost,7,2025-03-14,,0
4465,Prospecting,1,2025-12-20,2025-12-25,5
4465,Discovery,2,2025-12-25,2025-12-26,1
4465,Demo,3,2025-12-26,2025-12-29,3
4465,Proposal,4,2025-12-29,2026-01-04,6
4465,Negotiation,5,2026-01-04,2026-01-05,1
4465,Closed Lost,7,2026-01-07,,0
4466,Prospecting,1,2026-04-02,2026-04-15,13
4466,Discovery,2,2026-04-15,2026-04-18,3
4466,Demo,3,2026-04-18,2026-05-07,19
4466,Proposal,4,2026-05-07,2026-05-08,1
4466,Closed Lost,7,2026-05-10,,0
4467,Prospecting,1,2025-02-18,2025-03-19,29
4467,Discovery,2,2025-03-19,2025-03-20,1
4467,Demo,3,2025-03-20,2025-03-23,3
4467,Proposal,4,2025-03-23,2025-03-31,8
4467,Closed Lost,7,2025-04-02,,0
4468,Prospecting,1,2026-03-16,2026-03-18,2
4468,Discovery,2,2026-03-18,2026-03-27,9
4468,Demo,3,2026-03-27,2026-03-29,2
4468,Proposal,4,2026-03-29,2026-04-01,3
4468,Negotiation,5,2026-04-01,2026-04-22,21
4468,Closed Won,6,2026-04-24,,0
4472,Prospecting,1,2025-02-05,2025-02-09,4
4472,Discovery,2,2025-02-09,2025-02-23,14
4472,Demo,3,2025-02-23,2025-03-22,27
4472,Proposal,4,2025-03-22,2025-04-02,11
4472,Closed Lost,7,2025-04-03,,0
4475,Prospecting,1,2026-02-22,2026-03-14,20
4475,Discovery,2,2026-03-14,2026-04-01,18
4475,Demo,3,2026-04-01,2026-05-06,35
4475,Closed Lost,7,2026-05-08,,0
4479,Prospecting,1,2024-11-04,2024-11-15,11
4479,Discovery,2,2024-11-15,2024-11-16,1
4479,Demo,3,2024-11-16,2024-11-24,8
4479,Proposal,4,2024-11-24,2024-12-10,16
4479,Negotiation,5,2024-12-10,2024-12-11,1
4479,Closed Won,6,2024-12-12,,0
4480,Prospecting,1,2025-11-18,2025-11-20,2
4480,Discovery,2,2025-11-20,2025-11-23,3
4480,Demo,3,2025-11-23,2025-12-17,24
4480,Proposal,4,2025-12-17,2025-12-27,10
4480,Closed Lost,7,2025-12-29,,0
4482,Prospecting,1,2026-01-21,2026-01-22,1
4482,Discovery,2,2026-01-22,2026-01-28,6
4482,Demo,3,2026-01-28,2026-01-29,1
4482,Proposal,4,2026-01-29,2026-01-30,1
4482,Negotiation,5,2026-01-30,2026-02-18,19
4482,Closed Won,6,2026-02-22,,0
4485,Prospecting,1,2025-05-27,2025-06-08,12
4485,Discovery,2,2025-06-08,2025-06-09,1
4485,Demo,3,2025-06-09,2025-06-14,5
4485,Closed Lost,7,2025-06-15,,0
4486,Prospecting,1,2026-06-11,2026-07-11,30
4489,Prospecting,1,2025-10-02,2025-10-03,1
4489,Discovery,2,2025-10-03,2025-10-20,17
4489,Demo,3,2025-10-20,2025-11-04,15
4489,Proposal,4,2025-11-04,2025-11-29,25
4489,Negotiation,5,2025-11-29,2025-12-02,3
4489,Closed Won,6,2025-12-04,,0
4490,Prospecting,1,2026-03-18,2026-03-27,9
4490,Discovery,2,2026-03-27,2026-03-28,1
4490,Demo,3,2026-03-28,2026-03-31,3
4490,Proposal,4,2026-03-31,2026-04-04,4
4490,Negotiation,5,2026-04-04,2026-04-07,3
4490,Closed Lost,7,2026-04-08,,0
4492,Prospecting,1,2025-07-14,2025-09-10,58
4492,Discovery,2,2025-09-10,2025-11-08,59
4492,Closed Lost,7,2025-11-09,,0
4493,Prospecting,1,2025-06-30,2025-07-05,5
4493,Discovery,2,2025-07-05,2025-07-29,24
4493,Demo,3,2025-07-29,2025-09-06,39
4493,Closed Lost,7,2025-09-08,,0
4494,Prospecting,1,2026-01-22,2026-01-28,6
4494,Discovery,2,2026-01-28,2026-01-31,3
4494,Demo,3,2026-01-31,2026-03-04,32
4494,Proposal,4,2026-03-04,2026-03-15,11
4494,Negotiation,5,2026-03-15,2026-04-14,30
4494,Closed Won,6,2026-04-16,,0
4500,Prospecting,1,2026-06-10,2026-06-14,4
4500,Discovery,2,2026-06-14,2026-06-21,7
4500,Demo,3,2026-06-21,2026-06-22,1
4500,Proposal,4,2026-06-22,2026-06-23,1
4500,Closed Lost,7,2026-06-23,,0
4501,Prospecting,1,2026-04-04,2026-04-06,2
4501,Discovery,2,2026-04-06,2026-04-07,1
4501,Demo,3,2026-04-07,2026-04-14,7
4501,Closed Lost,7,2026-04-15,,0
4502,Prospecting,1,2025-02-16,2025-03-22,34
4502,Discovery,2,2025-03-22,2025-06-13,83
4502,Closed Lost,7,2025-06-14,,0
4504,Prospecting,1,2025-02-15,2025-03-23,36
4504,Discovery,2,2025-03-23,2025-03-24,1
4504,Demo,3,2025-03-24,2025-04-25,32
4504,Proposal,4,2025-04-25,2025-06-01,37
4504,Negotiation,5,2025-06-01,2025-07-08,37
4504,Closed Lost,7,2025-07-10,,0
4505,Prospecting,1,2026-06-16,2026-06-21,5
4505,Discovery,2,2026-06-21,2026-07-18,27
4505,Demo,3,2026-07-18,2026-08-09,22
4505,Proposal,4,2026-08-09,2026-08-17,8
4505,Negotiation,5,2026-08-17,2026-09-02,16
4506,Prospecting,1,2026-05-21,2026-05-27,6
4506,Discovery,2,2026-05-27,2026-06-11,15
4506,Demo,3,2026-06-11,2026-07-09,28
4506,Proposal,4,2026-07-09,2026-08-08,30
4506,Negotiation,5,2026-08-08,2026-08-09,1
4512,Prospecting,1,2024-10-29,2024-11-08,10
4512,Discovery,2,2024-11-08,2025-03-06,118
4512,Demo,3,2025-03-06,2025-04-26,51
4512,Closed Lost,7,2025-04-27,,0
4513,Prospecting,1,2026-02-15,2026-03-11,24
4513,Discovery,2,2026-03-11,2026-03-20,9
4513,Demo,3,2026-03-20,2026-03-31,11
4513,Proposal,4,2026-03-31,2026-04-01,1
4513,Negotiation,5,2026-04-01,2026-05-14,43
4513,Closed Lost,7,2026-05-16,,0
4515,Prospecting,1,2024-09-18,2024-10-09,21
4515,Discovery,2,2024-10-09,2024-10-11,2
4515,Demo,3,2024-10-11,2024-10-12,1
4515,Proposal,4,2024-10-12,2024-10-18,6
4515,Negotiation,5,2024-10-18,2024-10-19,1
4515,Closed Won,6,2024-10-21,,0
4516,Prospecting,1,2025-09-23,2025-09-27,4
4516,Discovery,2,2025-09-27,2025-09-29,2
4516,Demo,3,2025-09-29,2025-10-01,2
4516,Proposal,4,2025-10-01,2025-10-07,6
4516,Negotiation,5,2025-10-07,2025-10-23,16
4516,Closed Won,6,2025-10-24,,0
4517,Prospecting,1,2025-11-17,2025-11-22,5
4517,Discovery,2,2025-11-22,2025-12-02,10
4517,Demo,3,2025-12-02,2025-12-12,10
4517,Proposal,4,2025-12-12,2025-12-22,10
4517,Negotiation,5,2025-12-22,2025-12-27,5
4517,Closed Won,6,2025-12-30,,0
4518,Prospecting,1,2024-12-16,2024-12-17,1
4518,Discovery,2,2024-12-17,2025-01-03,17
4518,Demo,3,2025-01-03,2025-01-16,13
4518,Proposal,4,2025-01-16,2025-01-19,3
4518,Closed Lost,7,2025-01-20,,0
4519,Prospecting,1,2025-06-10,2025-06-12,2
4519,Discovery,2,2025-06-12,2025-06-15,3
4519,Demo,3,2025-06-15,2025-06-18,3
4519,Proposal,4,2025-06-18,2025-07-20,32
4519,Negotiation,5,2025-07-20,2025-07-23,3
4519,Closed Won,6,2025-07-25,,0
4520,Prospecting,1,2026-02-01,2026-02-02,1
4520,Discovery,2,2026-02-02,2026-02-04,2
4520,Demo,3,2026-02-04,2026-02-13,9
4520,Proposal,4,2026-02-13,2026-02-15,2
4520,Negotiation,5,2026-02-15,2026-02-19,4
4520,Closed Lost,7,2026-02-21,,0
4523,Prospecting,1,2025-08-02,2025-10-06,65
4523,Discovery,2,2025-10-06,2025-11-07,32
4523,Closed Lost,7,2025-11-08,,0
4524,Prospecting,1,2024-09-12,2024-09-15,3
4524,Discovery,2,2024-09-15,2024-09-18,3
4524,Demo,3,2024-09-18,2024-09-23,5
4524,Closed Lost,7,2024-09-25,,0
4525,Prospecting,1,2025-05-02,2025-05-20,18
4525,Discovery,2,2025-05-20,2025-05-28,8
4525,Demo,3,2025-05-28,2025-06-13,16
4525,Closed Lost,7,2025-06-14,,0
4526,Prospecting,1,2026-03-19,2026-03-27,8
4526,Discovery,2,2026-03-27,2026-04-02,6
4526,Demo,3,2026-04-02,2026-04-10,8
4526,Proposal,4,2026-04-10,2026-04-19,9
4526,Negotiation,5,2026-04-19,2026-05-03,14
4526,Closed Won,6,2026-05-05,,0
4528,Prospecting,1,2025-06-24,2025-06-25,1
4528,Discovery,2,2025-06-25,2025-06-26,1
4528,Demo,3,2025-06-26,2025-06-30,4
4528,Proposal,4,2025-06-30,2025-07-06,6
4528,Negotiation,5,2025-07-06,2025-07-11,5
4528,Closed Won,6,2025-07-13,,0
4529,Prospecting,1,2025-05-04,2025-05-05,1
4529,Discovery,2,2025-05-05,2025-05-11,6
4529,Demo,3,2025-05-11,2025-05-18,7
4529,Proposal,4,2025-05-18,2025-05-25,7
4529,Negotiation,5,2025-05-25,2025-05-29,4
4529,Closed Won,6,2025-05-31,,0
4530,Prospecting,1,2025-11-25,2025-11-27,2
4530,Discovery,2,2025-11-27,2025-11-28,1
4530,Demo,3,2025-11-28,2025-12-24,26
4530,Proposal,4,2025-12-24,2025-12-28,4
4530,Closed Lost,7,2025-12-28,,0
4531,Prospecting,1,2026-06-14,2026-06-15,1
4531,Discovery,2,2026-06-15,2026-06-28,13
4531,Demo,3,2026-06-28,2026-06-30,2
4531,Proposal,4,2026-06-30,2026-07-08,8
4532,Prospecting,1,2024-12-16,2024-12-22,6
4532,Discovery,2,2024-12-22,2024-12-27,5
4532,Demo,3,2024-12-27,2024-12-28,1
4532,Proposal,4,2024-12-28,2025-01-10,13
4532,Negotiation,5,2025-01-10,2025-01-15,5
4532,Closed Lost,7,2025-01-17,,0
4533,Prospecting,1,2025-10-30,2025-11-01,2
4533,Discovery,2,2025-11-01,2025-11-07,6
4533,Demo,3,2025-11-07,2025-11-19,12
4533,Proposal,4,2025-11-19,2025-11-26,7
4533,Negotiation,5,2025-11-26,2025-11-27,1
4533,Closed Lost,7,2025-11-30,,0
4534,Prospecting,1,2025-09-26,2025-10-12,16
4534,Discovery,2,2025-10-12,2025-10-26,14
4534,Closed Lost,7,2025-10-27,,0
4535,Prospecting,1,2025-12-10,2025-12-12,2
4535,Discovery,2,2025-12-12,2025-12-30,18
4535,Demo,3,2025-12-30,2026-01-01,2
4535,Proposal,4,2026-01-01,2026-01-06,5
4535,Negotiation,5,2026-01-06,2026-01-09,3
4535,Closed Lost,7,2026-01-11,,0
4538,Prospecting,1,2025-12-21,2025-12-22,1
4538,Discovery,2,2025-12-22,2025-12-24,2
4538,Demo,3,2025-12-24,2025-12-25,1
4538,Proposal,4,2025-12-25,2026-01-15,21
4538,Negotiation,5,2026-01-15,2026-02-07,23
4538,Closed Won,6,2026-02-08,,0
4539,Prospecting,1,2025-12-09,2026-01-17,39
4539,Discovery,2,2026-01-17,2026-01-22,5
4539,Closed Lost,7,2026-01-23,,0
4542,Prospecting,1,2025-12-09,2025-12-12,3
4542,Discovery,2,2025-12-12,2025-12-13,1
4542,Demo,3,2025-12-13,2026-01-02,20
4542,Proposal,4,2026-01-02,2026-01-09,7
4542,Closed Lost,7,2026-01-10,,0
4546,Prospecting,1,2026-01-15,2026-01-17,2
4546,Discovery,2,2026-01-17,2026-01-18,1
4546,Demo,3,2026-01-18,2026-01-19,1
4546,Proposal,4,2026-01-19,2026-01-20,1
4546,Negotiation,5,2026-01-20,2026-01-21,1
4546,Closed Won,6,2026-01-22,,0
4548,Prospecting,1,2026-03-05,2026-03-08,3
4548,Discovery,2,2026-03-08,2026-03-09,1
4548,Demo,3,2026-03-09,2026-03-29,20
4548,Proposal,4,2026-03-29,2026-04-08,10
4548,Negotiation,5,2026-04-08,2026-04-10,2
4548,Closed Won,6,2026-04-12,,0
4549,Prospecting,1,2026-06-13,2026-07-06,23
4549,Discovery,2,2026-07-06,2026-07-19,13
4550,Prospecting,1,2026-05-09,2026-05-16,7
4550,Discovery,2,2026-05-16,2026-08-19,95
4550,Demo,3,2026-08-19,2026-10-13,55
4550,Proposal,4,2026-10-13,2026-12-14,62
4550,Negotiation,5,2026-12-14,2027-01-04,21
4551,Prospecting,1,2026-03-26,2026-04-08,13
4551,Discovery,2,2026-04-08,2026-07-13,96
4551,Demo,3,2026-07-13,2026-07-16,3
4552,Prospecting,1,2024-12-02,2024-12-03,1
4552,Discovery,2,2024-12-03,2024-12-15,12
4552,Demo,3,2024-12-15,2024-12-19,4
4552,Proposal,4,2024-12-19,2024-12-29,10
4552,Closed Lost,7,2024-12-29,,0
4553,Prospecting,1,2025-09-14,2025-09-21,7
4553,Discovery,2,2025-09-21,2025-09-23,2
4553,Demo,3,2025-09-23,2025-10-01,8
4553,Proposal,4,2025-10-01,2025-10-02,1
4553,Negotiation,5,2025-10-02,2025-10-03,1
4553,Closed Lost,7,2025-10-03,,0
4555,Prospecting,1,2026-02-13,2026-03-11,26
4555,Discovery,2,2026-03-11,2026-03-25,14
4555,Demo,3,2026-03-25,2026-03-27,2
4555,Closed Lost,7,2026-03-28,,0
4559,Prospecting,1,2025-01-28,2025-02-03,6
4559,Discovery,2,2025-02-03,2025-03-05,30
4559,Demo,3,2025-03-05,2025-05-03,59
4559,Proposal,4,2025-05-03,2025-05-04,1
4559,Negotiation,5,2025-05-04,2025-05-11,7
4559,Closed Won,6,2025-05-13,,0
4560,Prospecting,1,2025-05-29,2025-06-27,29
4560,Discovery,2,2025-06-27,2025-07-04,7
4560,Demo,3,2025-07-04,2025-07-05,1
4560,Proposal,4,2025-07-05,2025-07-12,7
4560,Negotiation,5,2025-07-12,2025-07-13,1
4560,Closed Lost,7,2025-07-14,,0
4561,Prospecting,1,2025-11-12,2025-12-02,20
4561,Discovery,2,2025-12-02,2025-12-27,25
4561,Demo,3,2025-12-27,2026-02-04,39
4561,Closed Lost,7,2026-02-06,,0
4562,Prospecting,1,2024-12-20,2025-02-07,49
4562,Discovery,2,2025-02-07,2025-03-14,35
4562,Demo,3,2025-03-14,2025-03-19,5
4562,Proposal,4,2025-03-19,2025-03-27,8
4562,Closed Lost,7,2025-03-29,,0
4563,Prospecting,1,2026-04-06,2026-04-07,1
4563,Discovery,2,2026-04-07,2026-04-11,4
4563,Demo,3,2026-04-11,2026-04-17,6
4563,Proposal,4,2026-04-17,2026-05-06,19
4563,Negotiation,5,2026-05-06,2026-06-06,31
4563,Closed Won,6,2026-06-08,,0
4564,Prospecting,1,2025-10-12,2025-11-01,20
4564,Discovery,2,2025-11-01,2025-11-19,18
4564,Demo,3,2025-11-19,2025-12-09,20
4564,Proposal,4,2025-12-09,2025-12-15,6
4564,Negotiation,5,2025-12-15,2025-12-26,11
4564,Closed Lost,7,2025-12-29,,0
4565,Prospecting,1,2025-05-28,2025-05-31,3
4565,Discovery,2,2025-05-31,2025-06-21,21
4565,Demo,3,2025-06-21,2025-06-30,9
4565,Proposal,4,2025-06-30,2025-07-01,1
4565,Negotiation,5,2025-07-01,2025-07-02,1
4565,Closed Won,6,2025-07-03,,0
4566,Prospecting,1,2026-06-08,2026-06-13,5
4566,Discovery,2,2026-06-13,2026-06-25,12
4566,Demo,3,2026-06-25,2026-07-16,21
4566,Proposal,4,2026-07-16,2026-07-23,7
4567,Prospecting,1,2025-12-15,2025-12-24,9
4567,Discovery,2,2025-12-24,2026-01-09,16
4567,Demo,3,2026-01-09,2026-01-16,7
4567,Proposal,4,2026-01-16,2026-01-20,4
4567,Negotiation,5,2026-01-20,2026-02-09,20
4567,Closed Lost,7,2026-02-11,,0
4568,Prospecting,1,2025-09-28,2025-10-01,3
4568,Discovery,2,2025-10-01,2025-10-11,10
4568,Demo,3,2025-10-11,2025-11-03,23
4568,Proposal,4,2025-11-03,2025-11-07,4
4568,Closed Lost,7,2025-11-08,,0
4572,Prospecting,1,2026-06-10,2026-06-15,5
4572,Discovery,2,2026-06-15,2026-07-21,36
4572,Demo,3,2026-07-21,2026-08-30,40
4573,Prospecting,1,2025-06-10,2025-06-11,1
4573,Discovery,2,2025-06-11,2025-06-15,4
4573,Demo,3,2025-06-15,2025-06-20,5
4573,Proposal,4,2025-06-20,2025-06-22,2
4573,Negotiation,5,2025-06-22,2025-07-04,12
4573,Closed Lost,7,2025-07-06,,0
4574,Prospecting,1,2026-04-29,2026-05-19,20
4574,Discovery,2,2026-05-19,2026-05-29,10
4574,Demo,3,2026-05-29,2026-06-07,9
4574,Closed Lost,7,2026-06-09,,0
4577,Prospecting,1,2026-05-14,2026-05-20,6
4577,Discovery,2,2026-05-20,2026-06-15,26
4577,Closed Lost,7,2026-06-16,,0
4582,Prospecting,1,2026-01-02,2026-01-21,19
4582,Discovery,2,2026-01-21,2026-01-24,3
4582,Demo,3,2026-01-24,2026-01-26,2
4582,Proposal,4,2026-01-26,2026-02-06,11
4582,Negotiation,5,2026-02-06,2026-03-08,30
4582,Closed Lost,7,2026-03-11,,0
4586,Prospecting,1,2026-03-30,2026-04-01,2
4586,Discovery,2,2026-04-01,2026-04-02,1
4586,Demo,3,2026-04-02,2026-04-21,19
4586,Proposal,4,2026-04-21,2026-04-22,1
4586,Negotiation,5,2026-04-22,2026-04-23,1
4586,Closed Lost,7,2026-04-24,,0
4589,Prospecting,1,2024-08-24,2024-09-03,10
4589,Discovery,2,2024-09-03,2024-09-04,1
4589,Demo,3,2024-09-04,2024-09-05,1
4589,Proposal,4,2024-09-05,2024-09-23,18
4589,Negotiation,5,2024-09-23,2024-10-14,21
4589,Closed Lost,7,2024-10-14,,0
4590,Prospecting,1,2025-06-04,2025-08-18,75
4590,Discovery,2,2025-08-18,2025-09-19,32
4590,Demo,3,2025-09-19,2025-10-07,18
4590,Closed Lost,7,2025-10-08,,0
4591,Prospecting,1,2025-11-02,2026-01-02,61
4591,Discovery,2,2026-01-02,2026-01-25,23
4591,Demo,3,2026-01-25,2026-02-10,16
4591,Proposal,4,2026-02-10,2026-02-17,7
4591,Closed Lost,7,2026-02-19,,0
4592,Prospecting,1,2026-06-27,2026-08-13,47
4592,Discovery,2,2026-08-13,2026-11-18,97
4594,Prospecting,1,2026-04-23,2026-08-14,113
4595,Prospecting,1,2024-08-29,2024-09-15,17
4595,Discovery,2,2024-09-15,2024-09-28,13
4595,Demo,3,2024-09-28,2024-10-01,3
4595,Proposal,4,2024-10-01,2024-10-13,12
4595,Negotiation,5,2024-10-13,2024-11-01,19
4595,Closed Won,6,2024-11-04,,0
4596,Prospecting,1,2025-04-05,2025-05-01,26
4596,Discovery,2,2025-05-01,2025-05-13,12
4596,Demo,3,2025-05-13,2025-05-24,11
4596,Proposal,4,2025-05-24,2025-05-29,5
4596,Closed Lost,7,2025-05-31,,0
4597,Prospecting,1,2025-11-30,2025-12-16,16
4597,Discovery,2,2025-12-16,2025-12-17,1
4597,Demo,3,2025-12-17,2026-01-08,22
4597,Proposal,4,2026-01-08,2026-01-11,3
4597,Negotiation,5,2026-01-11,2026-02-01,21
4597,Closed Won,6,2026-02-04,,0
4599,Prospecting,1,2025-12-21,2026-02-17,58
4599,Discovery,2,2026-02-17,2026-02-21,4
4599,Demo,3,2026-02-21,2026-03-04,11
4599,Closed Lost,7,2026-03-05,,0
4602,Prospecting,1,2025-10-04,2025-10-06,2
4602,Discovery,2,2025-10-06,2025-10-14,8
4602,Demo,3,2025-10-14,2025-10-15,1
4602,Proposal,4,2025-10-15,2025-10-25,10
4602,Negotiation,5,2025-10-25,2025-11-12,18
4602,Closed Lost,7,2025-11-13,,0
4603,Prospecting,1,2026-04-26,2026-05-09,13
4603,Discovery,2,2026-05-09,2026-06-01,23
4603,Closed Lost,7,2026-06-02,,0
4606,Prospecting,1,2024-11-25,2024-11-29,4
4606,Discovery,2,2024-11-29,2024-11-30,1
4606,Demo,3,2024-11-30,2024-12-06,6
4606,Proposal,4,2024-12-06,2025-01-04,29
4606,Negotiation,5,2025-01-04,2025-01-10,6
4606,Closed Lost,7,2025-01-13,,0
4607,Prospecting,1,2025-07-25,2025-07-29,4
4607,Discovery,2,2025-07-29,2025-08-05,7
4607,Demo,3,2025-08-05,2025-08-15,10
4607,Proposal,4,2025-08-15,2025-08-16,1
4607,Negotiation,5,2025-08-16,2025-08-17,1
4607,Closed Won,6,2025-08-19,,0
4608,Prospecting,1,2025-12-21,2025-12-30,9
4608,Discovery,2,2025-12-30,2026-01-15,16
4608,Demo,3,2026-01-15,2026-01-27,12
4608,Proposal,4,2026-01-27,2026-02-01,5
4608,Negotiation,5,2026-02-01,2026-02-06,5
4608,Closed Lost,7,2026-02-09,,0
4609,Prospecting,1,2025-05-12,2025-05-14,2
4609,Discovery,2,2025-05-14,2025-05-20,6
4609,Demo,3,2025-05-20,2025-06-03,14
4609,Proposal,4,2025-06-03,2025-06-11,8
4609,Negotiation,5,2025-06-11,2025-08-28,78
4609,Closed Lost,7,2025-08-31,,0
4610,Prospecting,1,2024-11-08,2025-01-23,76
4610,Discovery,2,2025-01-23,2025-02-15,23
4610,Closed Lost,7,2025-02-16,,0
4611,Prospecting,1,2026-03-07,2026-04-24,48
4611,Discovery,2,2026-04-24,2026-05-10,16
4611,Demo,3,2026-05-10,2026-05-18,8
4611,Proposal,4,2026-05-18,2026-06-14,27
4611,Closed Lost,7,2026-06-15,,0
4614,Prospecting,1,2026-05-20,2026-06-20,31
4614,Discovery,2,2026-06-20,2026-06-25,5
4614,Demo,3,2026-06-25,2026-07-09,14
4614,Proposal,4,2026-07-09,2026-07-12,3
4615,Prospecting,1,2025-04-07,2025-04-09,2
4615,Discovery,2,2025-04-09,2025-04-15,6
4615,Demo,3,2025-04-15,2025-04-21,6
4615,Proposal,4,2025-04-21,2025-05-12,21
4615,Negotiation,5,2025-05-12,2025-05-17,5
4615,Closed Lost,7,2025-05-20,,0
4616,Prospecting,1,2025-12-18,2025-12-27,9
4616,Discovery,2,2025-12-27,2026-02-07,42
4616,Demo,3,2026-02-07,2026-02-12,5
4616,Closed Lost,7,2026-02-14,,0
4618,Prospecting,1,2024-10-27,2024-11-16,20
4618,Discovery,2,2024-11-16,2025-02-05,81
4618,Closed Lost,7,2025-02-06,,0
4619,Prospecting,1,2026-02-26,2026-04-03,36
4619,Discovery,2,2026-04-03,2026-05-18,45
4619,Demo,3,2026-05-18,2026-06-10,23
4619,Proposal,4,2026-06-10,2026-06-13,3
4619,Closed Lost,7,2026-06-15,,0
4625,Prospecting,1,2024-12-08,2024-12-13,5
4625,Discovery,2,2024-12-13,2024-12-17,4
4625,Demo,3,2024-12-17,2024-12-18,1
4625,Proposal,4,2024-12-18,2024-12-28,10
4625,Negotiation,5,2024-12-28,2025-01-02,5
4625,Closed Lost,7,2025-01-05,,0
4626,Prospecting,1,2025-09-27,2025-10-23,26
4626,Discovery,2,2025-10-23,2025-11-03,11
4626,Closed Lost,7,2025-11-04,,0
4627,Prospecting,1,2026-05-16,2026-05-18,2
4627,Discovery,2,2026-05-18,2026-05-20,2
4627,Demo,3,2026-05-20,2026-05-24,4
4627,Proposal,4,2026-05-24,2026-05-28,4
4627,Negotiation,5,2026-05-28,2026-06-02,5
4627,Closed Won,6,2026-06-04,,0
4632,Prospecting,1,2025-03-08,2025-04-03,26
4632,Discovery,2,2025-04-03,2025-04-09,6
4632,Demo,3,2025-04-09,2025-06-04,56
4632,Proposal,4,2025-06-04,2025-06-05,1
4632,Negotiation,5,2025-06-05,2025-06-06,1
4632,Closed Won,6,2025-06-07,,0
4633,Prospecting,1,2025-06-16,2025-06-21,5
4633,Discovery,2,2025-06-21,2025-09-13,84
4633,Closed Lost,7,2025-09-14,,0
4638,Prospecting,1,2026-01-24,2026-05-31,127
4638,Discovery,2,2026-05-31,2026-06-14,14
4638,Demo,3,2026-06-14,2026-07-28,44
4639,Prospecting,1,2025-08-15,2025-08-16,1
4639,Discovery,2,2025-08-16,2025-08-21,5
4639,Demo,3,2025-08-21,2025-09-02,12
4639,Proposal,4,2025-09-02,2025-09-07,5
4639,Negotiation,5,2025-09-07,2025-09-08,1
4639,Closed Won,6,2025-09-10,,0
4640,Prospecting,1,2026-04-20,2026-05-02,12
4640,Discovery,2,2026-05-02,2026-05-03,1
4640,Demo,3,2026-05-03,2026-05-06,3
4640,Proposal,4,2026-05-06,2026-05-21,15
4640,Negotiation,5,2026-05-21,2026-05-25,4
4640,Closed Won,6,2026-05-26,,0
4641,Prospecting,1,2026-03-16,2026-03-19,3
4641,Discovery,2,2026-03-19,2026-03-23,4
4641,Demo,3,2026-03-23,2026-03-28,5
4641,Proposal,4,2026-03-28,2026-04-09,12
4641,Negotiation,5,2026-04-09,2026-04-23,14
4641,Closed Won,6,2026-04-25,,0
4645,Prospecting,1,2025-03-10,2025-03-21,11
4645,Discovery,2,2025-03-21,2025-03-23,2
4645,Demo,3,2025-03-23,2025-04-08,16
4645,Proposal,4,2025-04-08,2025-04-11,3
4645,Negotiation,5,2025-04-11,2025-04-15,4
4645,Closed Won,6,2025-04-18,,0
4646,Prospecting,1,2026-05-14,2026-05-18,4
4646,Discovery,2,2026-05-18,2026-06-06,19
4646,Closed Lost,7,2026-06-07,,0
4649,Prospecting,1,2026-05-09,2026-06-14,36
4649,Discovery,2,2026-06-14,2026-06-15,1
4649,Demo,3,2026-06-15,2026-07-08,23
4649,Proposal,4,2026-07-08,2026-07-21,13
4652,Prospecting,1,2024-09-20,2024-09-21,1
4652,Discovery,2,2024-09-21,2024-09-30,9
4652,Demo,3,2024-09-30,2024-10-01,1
4652,Proposal,4,2024-10-01,2024-10-02,1
4652,Negotiation,5,2024-10-02,2024-10-18,16
4652,Closed Won,6,2024-10-19,,0
4653,Prospecting,1,2025-09-25,2025-10-17,22
4653,Discovery,2,2025-10-17,2025-10-18,1
4653,Demo,3,2025-10-18,2025-10-19,1
4653,Proposal,4,2025-10-19,2025-10-21,2
4653,Negotiation,5,2025-10-21,2025-10-31,10
4653,Closed Lost,7,2025-11-01,,0
4654,Prospecting,1,2025-11-26,2025-11-27,1
4654,Discovery,2,2025-11-27,2025-11-29,2
4654,Demo,3,2025-11-29,2025-12-15,16
4654,Proposal,4,2025-12-15,2025-12-16,1
4654,Negotiation,5,2025-12-16,2025-12-20,4
4654,Closed Won,6,2025-12-22,,0
4655,Prospecting,1,2024-11-03,2024-11-17,14
4655,Discovery,2,2024-11-17,2024-11-27,10
4655,Demo,3,2024-11-27,2024-12-02,5
4655,Proposal,4,2024-12-02,2024-12-03,1
4655,Negotiation,5,2024-12-03,2024-12-14,11
4655,Closed Won,6,2024-12-15,,0
4656,Prospecting,1,2025-10-31,2025-11-08,8
4656,Discovery,2,2025-11-08,2025-11-09,1
4656,Demo,3,2025-11-09,2025-11-23,14
4656,Proposal,4,2025-11-23,2025-12-05,12
4656,Closed Lost,7,2025-12-07,,0
4657,Prospecting,1,2026-02-13,2026-03-01,16
4657,Discovery,2,2026-03-01,2026-03-11,10
4657,Demo,3,2026-03-11,2026-03-18,7
4657,Proposal,4,2026-03-18,2026-03-29,11
4657,Negotiation,5,2026-03-29,2026-03-30,1
4657,Closed Won,6,2026-03-31,,0
4659,Prospecting,1,2025-05-04,2025-05-19,15
4659,Discovery,2,2025-05-19,2025-05-31,12
4659,Demo,3,2025-05-31,2025-06-01,1
4659,Proposal,4,2025-06-01,2025-06-08,7
4659,Closed Lost,7,2025-06-10,,0
4660,Prospecting,1,2026-03-26,2026-04-15,20
4660,Discovery,2,2026-04-15,2026-05-01,16
4660,Demo,3,2026-05-01,2026-05-06,5
4660,Closed Lost,7,2026-05-07,,0
4662,Prospecting,1,2025-12-05,2025-12-06,1
4662,Discovery,2,2025-12-06,2025-12-11,5
4662,Demo,3,2025-12-11,2025-12-12,1
4662,Proposal,4,2025-12-12,2025-12-23,11
4662,Negotiation,5,2025-12-23,2025-12-28,5
4662,Closed Won,6,2025-12-29,,0
4665,Prospecting,1,2026-04-19,2026-07-12,84
4665,Discovery,2,2026-07-12,2026-08-26,45
4666,Prospecting,1,2025-09-15,2025-10-17,32
4666,Discovery,2,2025-10-17,2025-10-18,1
4666,Closed Lost,7,2025-10-18,,0
4669,Prospecting,1,2025-03-09,2025-05-10,62
4669,Discovery,2,2025-05-10,2025-07-29,80
4669,Demo,3,2025-07-29,2025-08-02,4
4669,Closed Lost,7,2025-08-04,,0
4670,Prospecting,1,2025-12-01,2026-03-25,114
4670,Discovery,2,2026-03-25,2026-04-23,29
4670,Closed Lost,7,2026-04-24,,0
4671,Prospecting,1,2026-06-17,2026-06-18,1
4671,Discovery,2,2026-06-18,2026-07-04,16
4671,Demo,3,2026-07-04,2026-07-07,3
4671,Proposal,4,2026-07-07,2026-07-12,5
4671,Negotiation,5,2026-07-12,2026-07-17,5
4673,Prospecting,1,2025-05-20,2025-05-24,4
4673,Discovery,2,2025-05-24,2025-05-26,2
4673,Demo,3,2025-05-26,2025-06-07,12
4673,Proposal,4,2025-06-07,2025-06-09,2
4673,Negotiation,5,2025-06-09,2025-06-10,1
4673,Closed Lost,7,2025-06-12,,0
4674,Prospecting,1,2024-10-11,2024-10-12,1
4674,Discovery,2,2024-10-12,2024-10-15,3
4674,Demo,3,2024-10-15,2024-10-21,6
4674,Proposal,4,2024-10-21,2024-11-06,16
4674,Negotiation,5,2024-11-06,2024-11-17,11
4674,Closed Won,6,2024-11-19,,0
4675,Prospecting,1,2026-01-17,2026-01-18,1
4675,Discovery,2,2026-01-18,2026-01-22,4
4675,Demo,3,2026-01-22,2026-02-08,17
4675,Proposal,4,2026-02-08,2026-02-12,4
4675,Negotiation,5,2026-02-12,2026-02-13,1
4675,Closed Won,6,2026-02-13,,0
4678,Prospecting,1,2026-06-09,2026-07-15,36
4681,Prospecting,1,2025-04-04,2025-04-28,24
4681,Discovery,2,2025-04-28,2025-05-06,8
4681,Demo,3,2025-05-06,2025-05-14,8
4681,Closed Lost,7,2025-05-15,,0
4682,Prospecting,1,2026-04-16,2026-04-27,11
4682,Discovery,2,2026-04-27,2026-05-08,11
4682,Demo,3,2026-05-08,2026-05-26,18
4682,Closed Lost,7,2026-05-27,,0
4687,Prospecting,1,2026-01-08,2026-02-24,47
4687,Discovery,2,2026-02-24,2026-03-12,16
4687,Demo,3,2026-03-12,2026-03-19,7
4687,Proposal,4,2026-03-19,2026-04-13,25
4687,Negotiation,5,2026-04-13,2026-04-15,2
4687,Closed Lost,7,2026-04-18,,0
4688,Prospecting,1,2026-01-03,2026-01-10,7
4688,Discovery,2,2026-01-10,2026-01-11,1
4688,Demo,3,2026-01-11,2026-01-14,3
4688,Proposal,4,2026-01-14,2026-02-07,24
4688,Negotiation,5,2026-02-07,2026-02-14,7
4688,Closed Won,6,2026-02-16,,0
4690,Prospecting,1,2024-09-16,2024-09-20,4
4690,Discovery,2,2024-09-20,2024-09-22,2
4690,Demo,3,2024-09-22,2024-09-30,8
4690,Proposal,4,2024-09-30,2024-10-08,8
4690,Negotiation,5,2024-10-08,2024-10-15,7
4690,Closed Won,6,2024-10-18,,0
4691,Prospecting,1,2025-08-30,2025-09-14,15
4691,Discovery,2,2025-09-14,2025-09-30,16
4691,Closed Lost,7,2025-10-01,,0
4692,Prospecting,1,2024-10-02,2024-12-07,66
4692,Discovery,2,2024-12-07,2025-01-10,34
4692,Demo,3,2025-01-10,2025-01-16,6
4692,Proposal,4,2025-01-16,2025-01-21,5
4692,Closed Lost,7,2025-01-23,,0
4693,Prospecting,1,2025-11-21,2025-11-25,4
4693,Discovery,2,2025-11-25,2025-11-30,5
4693,Demo,3,2025-11-30,2025-12-02,2
4693,Proposal,4,2025-12-02,2025-12-25,23
4693,Negotiation,5,2025-12-25,2025-12-28,3
4693,Closed Lost,7,2025-12-30,,0
4697,Prospecting,1,2026-01-29,2026-02-02,4
4697,Discovery,2,2026-02-02,2026-02-23,21
4697,Closed Lost,7,2026-02-24,,0
4701,Prospecting,1,2024-11-17,2024-11-21,4
4701,Discovery,2,2024-11-21,2025-02-24,95
4701,Demo,3,2025-02-24,2025-02-27,3
4701,Proposal,4,2025-02-27,2025-02-28,1
4701,Closed Lost,7,2025-03-02,,0
4702,Prospecting,1,2026-06-23,2026-06-27,4
4702,Discovery,2,2026-06-27,2026-07-23,26
4702,Demo,3,2026-07-23,2026-07-24,1
4702,Proposal,4,2026-07-24,2026-08-08,15
4702,Negotiation,5,2026-08-08,2026-08-18,10
4703,Prospecting,1,2025-10-14,2025-10-30,16
4703,Discovery,2,2025-10-30,2025-11-16,17
4703,Closed Lost,7,2025-11-17,,0
4706,Prospecting,1,2025-07-09,2025-07-12,3
4706,Discovery,2,2025-07-12,2025-08-01,20
4706,Demo,3,2025-08-01,2025-08-11,10
4706,Proposal,4,2025-08-11,2025-08-27,16
4706,Negotiation,5,2025-08-27,2025-08-28,1
4706,Closed Won,6,2025-08-31,,0
4707,Prospecting,1,2026-05-14,2026-07-23,70
4708,Prospecting,1,2025-05-13,2025-05-14,1
4708,Discovery,2,2025-05-14,2025-05-15,1
4708,Demo,3,2025-05-15,2025-06-03,19
4708,Proposal,4,2025-06-03,2025-06-04,1
4708,Negotiation,5,2025-06-04,2025-06-07,3
4708,Closed Lost,7,2025-06-08,,0
4709,Prospecting,1,2026-01-21,2026-01-22,1
4709,Discovery,2,2026-01-22,2026-01-29,7
4709,Demo,3,2026-01-29,2026-01-31,2
4709,Proposal,4,2026-01-31,2026-02-19,19
4709,Negotiation,5,2026-02-19,2026-02-26,7
4709,Closed Won,6,2026-02-27,,0
4711,Prospecting,1,2025-08-16,2025-08-17,1
4711,Discovery,2,2025-08-17,2025-08-24,7
4711,Demo,3,2025-08-24,2025-08-26,2
4711,Proposal,4,2025-08-26,2025-09-02,7
4711,Negotiation,5,2025-09-02,2025-09-09,7
4711,Closed Won,6,2025-09-10,,0
4712,Prospecting,1,2026-04-18,2026-04-21,3
4712,Discovery,2,2026-04-21,2026-04-25,4
4712,Demo,3,2026-04-25,2026-06-04,40
4712,Proposal,4,2026-06-04,2026-06-07,3
4712,Closed Lost,7,2026-06-09,,0
4714,Prospecting,1,2026-02-26,2026-03-03,5
4714,Discovery,2,2026-03-03,2026-03-13,10
4714,Demo,3,2026-03-13,2026-03-21,8
4714,Closed Lost,7,2026-03-22,,0
4717,Prospecting,1,2026-05-05,2026-05-23,18
4717,Discovery,2,2026-05-23,2026-05-29,6
4717,Demo,3,2026-05-29,2026-06-04,6
4717,Proposal,4,2026-06-04,2026-07-14,40
4717,Negotiation,5,2026-07-14,2026-07-15,1
4719,Prospecting,1,2024-12-02,2024-12-04,2
4719,Discovery,2,2024-12-04,2024-12-21,17
4719,Demo,3,2024-12-21,2024-12-26,5
4719,Closed Lost,7,2024-12-28,,0
4720,Prospecting,1,2026-05-01,2026-05-03,2
4720,Discovery,2,2026-05-03,2026-05-11,8
4720,Demo,3,2026-05-11,2026-05-12,1
4720,Proposal,4,2026-05-12,2026-06-16,35
4720,Negotiation,5,2026-06-16,2026-07-19,33
4722,Prospecting,1,2025-12-17,2025-12-21,4
4722,Discovery,2,2025-12-21,2026-01-01,11
4722,Demo,3,2026-01-01,2026-01-02,1
4722,Proposal,4,2026-01-02,2026-01-08,6
4722,Negotiation,5,2026-01-08,2026-01-29,21
4722,Closed Lost,7,2026-01-30,,0
4725,Prospecting,1,2024-08-24,2024-08-28,4
4725,Discovery,2,2024-08-28,2024-09-09,12
4725,Demo,3,2024-09-09,2024-09-19,10
4725,Proposal,4,2024-09-19,2024-09-23,4
4725,Negotiation,5,2024-09-23,2024-10-08,15
4725,Closed Lost,7,2024-10-10,,0
4726,Prospecting,1,2025-07-07,2025-07-24,17
4726,Discovery,2,2025-07-24,2025-07-25,1
4726,Demo,3,2025-07-25,2025-08-01,7
4726,Proposal,4,2025-08-01,2025-08-04,3
4726,Negotiation,5,2025-08-04,2025-08-22,18
4726,Closed Won,6,2025-08-25,,0
4731,Prospecting,1,2026-05-11,2026-06-08,28
4731,Discovery,2,2026-06-08,2026-08-18,71
4734,Prospecting,1,2025-03-06,2025-03-14,8
4734,Discovery,2,2025-03-14,2025-05-17,64
4734,Demo,3,2025-05-17,2025-08-03,78
4734,Closed Lost,7,2025-08-05,,0
4735,Prospecting,1,2025-12-26,2025-12-31,5
4735,Discovery,2,2025-12-31,2026-02-11,42
4735,Demo,3,2026-02-11,2026-03-06,23
4735,Closed Lost,7,2026-03-08,,0
4736,Prospecting,1,2025-08-30,2025-09-16,17
4736,Discovery,2,2025-09-16,2025-09-17,1
4736,Demo,3,2025-09-17,2025-09-26,9
4736,Proposal,4,2025-09-26,2025-10-13,17
4736,Negotiation,5,2025-10-13,2025-10-14,1
4736,Closed Won,6,2025-10-17,,0
4741,Prospecting,1,2025-09-27,2025-11-07,41
4741,Discovery,2,2025-11-07,2025-12-20,43
4741,Closed Lost,7,2025-12-21,,0
4742,Prospecting,1,2024-12-27,2025-01-06,10
4742,Discovery,2,2025-01-06,2025-01-28,22
4742,Closed Lost,7,2025-01-29,,0
4743,Prospecting,1,2025-10-10,2025-10-16,6
4743,Discovery,2,2025-10-16,2025-10-19,3
4743,Demo,3,2025-10-19,2025-10-25,6
4743,Proposal,4,2025-10-25,2025-10-27,2
4743,Negotiation,5,2025-10-27,2025-11-08,12
4743,Closed Won,6,2025-11-10,,0
4745,Prospecting,1,2026-02-22,2026-03-02,8
4745,Discovery,2,2026-03-02,2026-03-11,9
4745,Demo,3,2026-03-11,2026-04-02,22
4745,Closed Lost,7,2026-04-04,,0
4746,Prospecting,1,2026-06-11,2026-06-12,1
4746,Discovery,2,2026-06-12,2026-06-18,6
4746,Closed Lost,7,2026-06-18,,0
4749,Prospecting,1,2025-12-10,2025-12-15,5
4749,Discovery,2,2025-12-15,2025-12-24,9
4749,Demo,3,2025-12-24,2025-12-25,1
4749,Proposal,4,2025-12-25,2026-01-05,11
4749,Negotiation,5,2026-01-05,2026-01-12,7
4749,Closed Lost,7,2026-01-12,,0
4750,Prospecting,1,2025-01-02,2025-01-14,12
4750,Discovery,2,2025-01-14,2025-01-16,2
4750,Demo,3,2025-01-16,2025-01-30,14
4750,Proposal,4,2025-01-30,2025-02-02,3
4750,Negotiation,5,2025-02-02,2025-02-03,1
4750,Closed Won,6,2025-02-06,,0
4751,Prospecting,1,2026-06-20,2026-07-17,27
4751,Discovery,2,2026-07-17,2026-07-30,13
4751,Demo,3,2026-07-30,2026-07-31,1
4751,Proposal,4,2026-07-31,2026-08-17,17
4753,Prospecting,1,2026-01-14,2026-02-15,32
4753,Discovery,2,2026-02-15,2026-04-01,45
4753,Demo,3,2026-04-01,2026-04-12,11
4753,Closed Lost,7,2026-04-13,,0
4756,Prospecting,1,2026-01-03,2026-01-24,21
4756,Discovery,2,2026-01-24,2026-02-02,9
4756,Demo,3,2026-02-02,2026-02-08,6
4756,Proposal,4,2026-02-08,2026-02-12,4
4756,Closed Lost,7,2026-02-14,,0
4759,Prospecting,1,2025-03-25,2025-04-01,7
4759,Discovery,2,2025-04-01,2025-04-13,12
4759,Demo,3,2025-04-13,2025-04-14,1
4759,Proposal,4,2025-04-14,2025-04-17,3
4759,Negotiation,5,2025-04-17,2025-04-22,5
4759,Closed Lost,7,2025-04-24,,0
4760,Prospecting,1,2026-02-14,2026-02-24,10
4760,Discovery,2,2026-02-24,2026-03-06,10
4760,Demo,3,2026-03-06,2026-03-11,5
4760,Proposal,4,2026-03-11,2026-03-23,12
4760,Negotiation,5,2026-03-23,2026-03-25,2
4760,Closed Lost,7,2026-03-28,,0
4764,Prospecting,1,2026-05-01,2026-05-14,13
4764,Discovery,2,2026-05-14,2026-05-17,3
4764,Closed Lost,7,2026-05-18,,0
4765,Prospecting,1,2025-08-07,2025-08-14,7
4765,Discovery,2,2025-08-14,2025-08-20,6
4765,Demo,3,2025-08-20,2025-09-17,28
4765,Closed Lost,7,2025-09-19,,0
4766,Prospecting,1,2025-12-19,2026-01-01,13
4766,Discovery,2,2026-01-01,2026-01-02,1
4766,Demo,3,2026-01-02,2026-01-14,12
4766,Closed Lost,7,2026-01-16,,0
4772,Prospecting,1,2026-06-04,2026-06-08,4
4772,Discovery,2,2026-06-08,2026-06-13,5
4772,Demo,3,2026-06-13,2026-07-08,25
4774,Prospecting,1,2026-04-11,2026-04-18,7
4774,Discovery,2,2026-04-18,2026-04-25,7
4774,Demo,3,2026-04-25,2026-05-22,27
4774,Closed Lost,7,2026-05-23,,0
4778,Prospecting,1,2026-06-30,2026-07-28,28
4778,Discovery,2,2026-07-28,2026-08-21,24
4778,Demo,3,2026-08-21,2026-09-18,28
4779,Prospecting,1,2025-12-29,2026-03-26,87
4779,Discovery,2,2026-03-26,2026-03-30,4
4779,Demo,3,2026-03-30,2026-07-10,102
4780,Prospecting,1,2025-10-31,2025-11-23,23
4780,Discovery,2,2025-11-23,2025-12-07,14
4780,Closed Lost,7,2025-12-08,,0
4783,Prospecting,1,2025-05-06,2025-05-15,9
4783,Discovery,2,2025-05-15,2025-05-26,11
4783,Demo,3,2025-05-26,2025-06-22,27
4783,Proposal,4,2025-06-22,2025-07-16,24
4783,Negotiation,5,2025-07-16,2025-08-03,18
4783,Closed Won,6,2025-08-05,,0
4784,Prospecting,1,2025-12-28,2025-12-30,2
4784,Discovery,2,2025-12-30,2026-01-09,10
4784,Demo,3,2026-01-09,2026-02-27,49
4784,Closed Lost,7,2026-03-01,,0
4785,Prospecting,1,2026-05-17,2026-05-18,1
4785,Discovery,2,2026-05-18,2026-06-16,29
4785,Demo,3,2026-06-16,2026-08-02,47
4788,Prospecting,1,2024-09-19,2024-09-24,5
4788,Discovery,2,2024-09-24,2024-10-09,15
4788,Closed Lost,7,2024-10-10,,0
4789,Prospecting,1,2025-11-02,2025-11-09,7
4789,Discovery,2,2025-11-09,2025-11-16,7
4789,Demo,3,2025-11-16,2025-11-17,1
4789,Proposal,4,2025-11-17,2025-11-25,8
4789,Negotiation,5,2025-11-25,2025-11-28,3
4789,Closed Won,6,2025-11-30,,0
4790,Prospecting,1,2025-08-28,2025-08-29,1
4790,Discovery,2,2025-08-29,2025-08-30,1
4790,Demo,3,2025-08-30,2025-08-31,1
4790,Proposal,4,2025-08-31,2025-09-15,15
4790,Negotiation,5,2025-09-15,2025-10-28,43
4790,Closed Lost,7,2025-10-30,,0
4791,Prospecting,1,2025-10-07,2025-10-15,8
4791,Discovery,2,2025-10-15,2025-10-23,8
4791,Demo,3,2025-10-23,2025-10-24,1
4791,Proposal,4,2025-10-24,2025-11-02,9
4791,Negotiation,5,2025-11-02,2025-11-03,1
4791,Closed Won,6,2025-11-05,,0
4794,Prospecting,1,2025-07-19,2025-07-26,7
4794,Discovery,2,2025-07-26,2025-08-24,29
4794,Demo,3,2025-08-24,2025-09-10,17
4794,Proposal,4,2025-09-10,2025-09-11,1
4794,Negotiation,5,2025-09-11,2025-09-13,2
4794,Closed Lost,7,2025-09-16,,0
4795,Prospecting,1,2025-12-09,2025-12-15,6
4795,Discovery,2,2025-12-15,2025-12-20,5
4795,Demo,3,2025-12-20,2025-12-21,1
4795,Proposal,4,2025-12-21,2026-01-15,25
4795,Negotiation,5,2026-01-15,2026-01-23,8
4795,Closed Won,6,2026-01-24,,0
4796,Prospecting,1,2025-05-09,2025-06-02,24
4796,Discovery,2,2025-06-02,2025-07-01,29
4796,Demo,3,2025-07-01,2025-07-14,13
4796,Proposal,4,2025-07-14,2025-10-20,98
4796,Closed Lost,7,2025-10-22,,0
4797,Prospecting,1,2025-01-28,2025-02-05,8
4797,Discovery,2,2025-02-05,2025-03-11,34
4797,Closed Lost,7,2025-03-12,,0
4798,Prospecting,1,2024-09-05,2024-10-21,46
4798,Discovery,2,2024-10-21,2024-11-22,32
4798,Demo,3,2024-11-22,2025-01-13,52
4798,Proposal,4,2025-01-13,2025-02-03,21
4798,Negotiation,5,2025-02-03,2025-02-24,21
4798,Closed Lost,7,2025-02-26,,0
4799,Prospecting,1,2024-11-19,2024-12-18,29
4799,Discovery,2,2024-12-18,2024-12-21,3
4799,Demo,3,2024-12-21,2024-12-25,4
4799,Proposal,4,2024-12-25,2025-01-14,20
4799,Negotiation,5,2025-01-14,2025-01-15,1
4799,Closed Lost,7,2025-01-18,,0
4800,Prospecting,1,2025-08-26,2025-08-28,2
4800,Discovery,2,2025-08-28,2025-09-27,30
4800,Demo,3,2025-09-27,2025-11-18,52
4800,Proposal,4,2025-11-18,2025-12-18,30
4800,Negotiation,5,2025-12-18,2026-01-01,14
4800,Closed Won,6,2026-01-02,,0
4802,Prospecting,1,2026-02-14,2026-02-20,6
4802,Discovery,2,2026-02-20,2026-02-26,6
4802,Demo,3,2026-02-26,2026-02-27,1
4802,Proposal,4,2026-02-27,2026-03-08,9
4802,Closed Lost,7,2026-03-10,,0
4805,Prospecting,1,2026-06-25,2026-07-04,9
4805,Discovery,2,2026-07-04,2026-07-12,8
4806,Prospecting,1,2026-05-01,2026-05-03,2
4806,Discovery,2,2026-05-03,2026-05-06,3
4806,Demo,3,2026-05-06,2026-05-09,3
4806,Proposal,4,2026-05-09,2026-05-10,1
4806,Negotiation,5,2026-05-10,2026-06-01,22
4806,Closed Won,6,2026-06-02,,0
4809,Prospecting,1,2026-04-27,2026-05-05,8
4809,Discovery,2,2026-05-05,2026-05-07,2
4809,Demo,3,2026-05-07,2026-05-13,6
4809,Proposal,4,2026-05-13,2026-05-31,18
4809,Negotiation,5,2026-05-31,2026-06-18,18
4809,Closed Lost,7,2026-06-21,,0
4810,Prospecting,1,2025-02-25,2025-04-04,38
4810,Discovery,2,2025-04-04,2025-06-17,74
4810,Demo,3,2025-06-17,2025-06-29,12
4810,Proposal,4,2025-06-29,2025-06-30,1
4810,Negotiation,5,2025-06-30,2025-08-16,47
4810,Closed Won,6,2025-08-17,,0
4811,Prospecting,1,2025-04-09,2025-04-26,17
4811,Discovery,2,2025-04-26,2025-04-30,4
4811,Closed Lost,7,2025-05-01,,0
4812,Prospecting,1,2026-01-28,2026-01-30,2
4812,Discovery,2,2026-01-30,2026-02-17,18
4812,Demo,3,2026-02-17,2026-03-07,18
4812,Closed Lost,7,2026-03-08,,0
4814,Prospecting,1,2025-08-20,2025-10-24,65
4814,Discovery,2,2025-10-24,2025-12-03,40
4814,Demo,3,2025-12-03,2026-03-22,109
4814,Closed Lost,7,2026-03-23,,0
4816,Prospecting,1,2025-02-14,2025-03-23,37
4816,Discovery,2,2025-03-23,2025-03-24,1
4816,Demo,3,2025-03-24,2025-05-09,46
4816,Proposal,4,2025-05-09,2025-06-25,47
4816,Closed Lost,7,2025-06-26,,0
4817,Prospecting,1,2026-02-27,2026-03-03,4
4817,Discovery,2,2026-03-03,2026-03-05,2
4817,Demo,3,2026-03-05,2026-03-14,9
4817,Proposal,4,2026-03-14,2026-03-21,7
4817,Negotiation,5,2026-03-21,2026-03-22,1
4817,Closed Won,6,2026-03-24,,0
4821,Prospecting,1,2024-08-07,2024-08-21,14
4821,Discovery,2,2024-08-21,2024-08-23,2
4821,Demo,3,2024-08-23,2024-08-31,8
4821,Proposal,4,2024-08-31,2024-09-24,24
4821,Negotiation,5,2024-09-24,2024-09-25,1
4821,Closed Lost,7,2024-09-28,,0
4823,Prospecting,1,2026-02-02,2026-02-03,1
4823,Discovery,2,2026-02-03,2026-02-18,15
4823,Demo,3,2026-02-18,2026-03-06,16
4823,Proposal,4,2026-03-06,2026-03-11,5
4823,Negotiation,5,2026-03-11,2026-03-12,1
4823,Closed Won,6,2026-03-14,,0
4825,Prospecting,1,2026-02-19,2026-03-06,15
4825,Discovery,2,2026-03-06,2026-03-09,3
4825,Demo,3,2026-03-09,2026-03-12,3
4825,Proposal,4,2026-03-12,2026-03-19,7
4825,Negotiation,5,2026-03-19,2026-03-30,11
4825,Closed Won,6,2026-04-01,,0
4827,Prospecting,1,2024-07-28,2024-08-07,10
4827,Discovery,2,2024-08-07,2024-08-23,16
4827,Closed Lost,7,2024-08-24,,0
4828,Prospecting,1,2025-06-29,2025-07-07,8
4828,Discovery,2,2025-07-07,2025-07-19,12
4828,Demo,3,2025-07-19,2025-07-21,2
4828,Proposal,4,2025-07-21,2025-07-23,2
4828,Closed Lost,7,2025-07-25,,0
4829,Prospecting,1,2025-11-15,2025-11-16,1
4829,Discovery,2,2025-11-16,2025-11-28,12
4829,Closed Lost,7,2025-11-28,,0
4830,Prospecting,1,2026-06-11,2026-06-28,17
4830,Discovery,2,2026-06-28,2026-07-09,11
4834,Prospecting,1,2025-12-13,2025-12-19,6
4834,Discovery,2,2025-12-19,2026-01-03,15
4834,Demo,3,2026-01-03,2026-01-08,5
4834,Proposal,4,2026-01-08,2026-02-03,26
4834,Negotiation,5,2026-02-03,2026-03-10,35
4834,Closed Won,6,2026-03-12,,0
4837,Prospecting,1,2025-07-31,2025-09-05,36
4837,Discovery,2,2025-09-05,2025-10-03,28
4837,Demo,3,2025-10-03,2025-10-15,12
4837,Proposal,4,2025-10-15,2026-01-23,100
4837,Closed Lost,7,2026-01-25,,0
4839,Prospecting,1,2024-10-17,2024-11-20,34
4839,Discovery,2,2024-11-20,2025-01-08,49
4839,Demo,3,2025-01-08,2025-02-19,42
4839,Closed Lost,7,2025-02-21,,0
4843,Prospecting,1,2025-08-20,2025-09-06,17
4843,Discovery,2,2025-09-06,2025-09-07,1
4843,Demo,3,2025-09-07,2025-09-20,13
4843,Proposal,4,2025-09-20,2025-09-28,8
4843,Closed Lost,7,2025-09-29,,0
4844,Prospecting,1,2026-04-26,2026-05-11,15
4844,Discovery,2,2026-05-11,2026-05-29,18
4844,Demo,3,2026-05-29,2026-05-30,1
4844,Proposal,4,2026-05-30,2026-06-07,8
4844,Negotiation,5,2026-06-07,2026-06-08,1
4844,Closed Won,6,2026-06-08,,0
4846,Prospecting,1,2026-01-20,2026-01-27,7
4846,Discovery,2,2026-01-27,2026-02-16,20
4846,Demo,3,2026-02-16,2026-03-31,43
4846,Proposal,4,2026-03-31,2026-04-01,1
4846,Closed Lost,7,2026-04-02,,0
4850,Prospecting,1,2025-08-29,2025-09-04,6
4850,Discovery,2,2025-09-04,2025-09-06,2
4850,Demo,3,2025-09-06,2025-09-19,13
4850,Proposal,4,2025-09-19,2025-09-21,2
4850,Negotiation,5,2025-09-21,2025-09-25,4
4850,Closed Lost,7,2025-09-28,,0
4851,Prospecting,1,2026-02-17,2026-03-29,40
4851,Discovery,2,2026-03-29,2026-04-02,4
4851,Closed Lost,7,2026-04-03,,0
4853,Prospecting,1,2026-04-16,2026-05-26,40
4853,Discovery,2,2026-05-26,2026-07-15,50
4856,Prospecting,1,2025-06-12,2025-07-04,22
4856,Discovery,2,2025-07-04,2025-07-19,15
4856,Demo,3,2025-07-19,2025-08-13,25
4856,Proposal,4,2025-08-13,2025-10-27,75
4856,Negotiation,5,2025-10-27,2025-11-16,20
4856,Closed Lost,7,2025-11-19,,0
4857,Prospecting,1,2026-03-17,2026-07-07,112
4857,Discovery,2,2026-07-07,2026-09-13,68
4859,Prospecting,1,2025-03-20,2025-05-05,46
4859,Discovery,2,2025-05-05,2025-05-29,24
4859,Closed Lost,7,2025-05-30,,0
4860,Prospecting,1,2026-04-15,2026-07-21,97
4860,Discovery,2,2026-07-21,2026-08-20,30
4863,Prospecting,1,2025-11-28,2025-12-18,20
4863,Discovery,2,2025-12-18,2026-01-06,19
4863,Closed Lost,7,2026-01-07,,0
4864,Prospecting,1,2026-06-23,2026-06-30,7
4864,Discovery,2,2026-06-30,2026-07-24,24
4865,Prospecting,1,2025-03-06,2025-03-17,11
4865,Discovery,2,2025-03-17,2025-03-24,7
4865,Demo,3,2025-03-24,2025-03-30,6
4865,Proposal,4,2025-03-30,2025-04-17,18
4865,Closed Lost,7,2025-04-20,,0
4866,Prospecting,1,2025-10-07,2025-10-13,6
4866,Discovery,2,2025-10-13,2025-10-19,6
4866,Demo,3,2025-10-19,2025-10-20,1
4866,Proposal,4,2025-10-20,2025-10-21,1
4866,Negotiation,5,2025-10-21,2025-10-30,9
4866,Closed Won,6,2025-10-30,,0
4867,Prospecting,1,2025-12-07,2025-12-28,21
4867,Discovery,2,2025-12-28,2026-01-04,7
4867,Demo,3,2026-01-04,2026-01-12,8
4867,Proposal,4,2026-01-12,2026-01-13,1
4867,Closed Lost,7,2026-01-13,,0
4868,Prospecting,1,2026-06-15,2026-06-19,4
4868,Discovery,2,2026-06-19,2026-06-20,1
4868,Demo,3,2026-06-20,2026-07-01,11
4868,Proposal,4,2026-07-01,2026-07-04,3
4872,Prospecting,1,2025-02-03,2025-02-08,5
4872,Discovery,2,2025-02-08,2025-02-09,1
4872,Demo,3,2025-02-09,2025-02-21,12
4872,Proposal,4,2025-02-21,2025-03-01,8
4872,Closed Lost,7,2025-03-04,,0
4873,Prospecting,1,2025-09-03,2025-09-17,14
4873,Discovery,2,2025-09-17,2025-10-06,19
4873,Closed Lost,7,2025-10-07,,0
4874,Prospecting,1,2026-01-29,2026-01-31,2
4874,Discovery,2,2026-01-31,2026-02-02,2
4874,Demo,3,2026-02-02,2026-02-07,5
4874,Proposal,4,2026-02-07,2026-02-12,5
4874,Negotiation,5,2026-02-12,2026-03-05,21
4874,Closed Won,6,2026-03-08,,0
4877,Prospecting,1,2025-11-25,2025-12-05,10
4877,Discovery,2,2025-12-05,2026-01-06,32
4877,Demo,3,2026-01-06,2026-01-15,9
4877,Closed Lost,7,2026-01-16,,0
4880,Prospecting,1,2024-11-23,2024-12-27,34
4880,Discovery,2,2024-12-27,2024-12-28,1
4880,Closed Lost,7,2024-12-28,,0
4881,Prospecting,1,2025-12-11,2025-12-15,4
4881,Discovery,2,2025-12-15,2025-12-19,4
4881,Demo,3,2025-12-19,2026-01-14,26
4881,Proposal,4,2026-01-14,2026-01-15,1
4881,Negotiation,5,2026-01-15,2026-01-19,4
4881,Closed Lost,7,2026-01-21,,0
4882,Prospecting,1,2026-04-17,2026-04-18,1
4882,Discovery,2,2026-04-18,2026-04-20,2
4882,Demo,3,2026-04-20,2026-05-11,21
4882,Proposal,4,2026-05-11,2026-05-20,9
4882,Closed Lost,7,2026-05-22,,0
4884,Prospecting,1,2025-10-28,2025-11-03,6
4884,Discovery,2,2025-11-03,2025-11-15,12
4884,Demo,3,2025-11-15,2025-12-02,17
4884,Closed Lost,7,2025-12-03,,0
4886,Prospecting,1,2026-01-09,2026-01-12,3
4886,Discovery,2,2026-01-12,2026-01-15,3
4886,Demo,3,2026-01-15,2026-01-16,1
4886,Closed Lost,7,2026-01-16,,0
4892,Prospecting,1,2025-07-04,2025-09-27,85
4892,Discovery,2,2025-09-27,2025-11-03,37
4892,Demo,3,2025-11-03,2025-12-17,44
4892,Closed Lost,7,2025-12-19,,0
4893,Prospecting,1,2025-07-03,2025-07-07,4
4893,Discovery,2,2025-07-07,2025-07-15,8
4893,Demo,3,2025-07-15,2025-07-21,6
4893,Proposal,4,2025-07-21,2025-07-30,9
4893,Negotiation,5,2025-07-30,2025-08-06,7
4893,Closed Lost,7,2025-08-09,,0
4895,Prospecting,1,2026-01-22,2026-01-28,6
4895,Discovery,2,2026-01-28,2026-02-06,9
4895,Demo,3,2026-02-06,2026-02-07,1
4895,Proposal,4,2026-02-07,2026-02-12,5
4895,Closed Lost,7,2026-02-15,,0
4900,Prospecting,1,2025-12-29,2026-02-05,38
4900,Discovery,2,2026-02-05,2026-03-08,31
4900,Demo,3,2026-03-08,2026-04-13,36
4900,Proposal,4,2026-04-13,2026-04-23,10
4900,Negotiation,5,2026-04-23,2026-05-03,10
4900,Closed Lost,7,2026-05-05,,0
4903,Prospecting,1,2024-08-08,2024-08-30,22
4903,Discovery,2,2024-08-30,2024-11-04,66
4903,Closed Lost,7,2024-11-05,,0
4904,Prospecting,1,2025-05-10,2025-05-19,9
4904,Discovery,2,2025-05-19,2025-06-21,33
4904,Closed Lost,7,2025-06-22,,0
4905,Prospecting,1,2026-01-06,2026-01-20,14
4905,Discovery,2,2026-01-20,2026-01-26,6
4905,Demo,3,2026-01-26,2026-02-02,7
4905,Proposal,4,2026-02-02,2026-02-03,1
4905,Negotiation,5,2026-02-03,2026-03-03,28
4905,Closed Won,6,2026-03-05,,0
4906,Prospecting,1,2025-05-21,2025-05-22,1
4906,Discovery,2,2025-05-22,2025-06-03,12
4906,Closed Lost,7,2025-06-04,,0
4907,Prospecting,1,2026-02-26,2026-03-07,9
4907,Discovery,2,2026-03-07,2026-03-16,9
4907,Demo,3,2026-03-16,2026-03-19,3
4907,Proposal,4,2026-03-19,2026-03-27,8
4907,Negotiation,5,2026-03-27,2026-04-04,8
4907,Closed Won,6,2026-04-07,,0
4911,Prospecting,1,2025-09-12,2025-10-24,42
4911,Discovery,2,2025-10-24,2025-11-16,23
4911,Demo,3,2025-11-16,2025-11-28,12
4911,Proposal,4,2025-11-28,2025-12-27,29
4911,Negotiation,5,2025-12-27,2025-12-28,1
4911,Closed Won,6,2025-12-31,,0
4912,Prospecting,1,2024-10-06,2024-10-16,10
4912,Discovery,2,2024-10-16,2024-11-04,19
4912,Demo,3,2024-11-04,2024-11-19,15
4912,Proposal,4,2024-11-19,2024-11-24,5
4912,Closed Lost,7,2024-11-26,,0
4913,Prospecting,1,2024-11-26,2024-11-27,1
4913,Discovery,2,2024-11-27,2024-12-03,6
4913,Demo,3,2024-12-03,2024-12-09,6
4913,Proposal,4,2024-12-09,2024-12-11,2
4913,Closed Lost,7,2024-12-12,,0
4914,Prospecting,1,2025-09-28,2025-09-29,1
4914,Discovery,2,2025-09-29,2025-09-30,1
4914,Demo,3,2025-09-30,2025-10-06,6
4914,Proposal,4,2025-10-06,2025-10-23,17
4914,Negotiation,5,2025-10-23,2025-10-24,1
4914,Closed Won,6,2025-10-25,,0
4915,Prospecting,1,2026-03-30,2026-04-03,4
4915,Discovery,2,2026-04-03,2026-04-08,5
4915,Demo,3,2026-04-08,2026-04-16,8
4915,Proposal,4,2026-04-16,2026-04-22,6
4915,Closed Lost,7,2026-04-25,,0
4920,Prospecting,1,2025-04-20,2025-04-29,9
4920,Discovery,2,2025-04-29,2025-05-14,15
4920,Demo,3,2025-05-14,2025-05-16,2
4920,Closed Lost,7,2025-05-17,,0
4921,Prospecting,1,2026-04-03,2026-04-05,2
4921,Discovery,2,2026-04-05,2026-04-06,1
4921,Demo,3,2026-04-06,2026-04-12,6
4921,Proposal,4,2026-04-12,2026-04-22,10
4921,Negotiation,5,2026-04-22,2026-05-07,15
4921,Closed Lost,7,2026-05-09,,0
4923,Prospecting,1,2025-03-12,2025-03-13,1
4923,Discovery,2,2025-03-13,2025-03-31,18
4923,Demo,3,2025-03-31,2025-04-18,18
4923,Proposal,4,2025-04-18,2025-04-21,3
4923,Negotiation,5,2025-04-21,2025-04-24,3
4923,Closed Won,6,2025-04-26,,0
4924,Prospecting,1,2026-01-14,2026-02-07,24
4924,Discovery,2,2026-02-07,2026-04-23,75
4924,Closed Lost,7,2026-04-24,,0
4925,Prospecting,1,2025-04-09,2025-05-01,22
4925,Discovery,2,2025-05-01,2025-05-13,12
4925,Demo,3,2025-05-13,2025-05-24,11
4925,Proposal,4,2025-05-24,2025-05-31,7
4925,Negotiation,5,2025-05-31,2025-07-24,54
4925,Closed Won,6,2025-07-27,,0
4926,Prospecting,1,2025-03-23,2025-03-24,1
4926,Discovery,2,2025-03-24,2025-04-02,9
4926,Demo,3,2025-04-02,2025-04-07,5
4926,Proposal,4,2025-04-07,2025-04-10,3
4926,Closed Lost,7,2025-04-11,,0
4927,Prospecting,1,2025-09-30,2025-10-10,10
4927,Discovery,2,2025-10-10,2025-10-14,4
4927,Demo,3,2025-10-14,2025-10-23,9
4927,Proposal,4,2025-10-23,2025-11-14,22
4927,Closed Lost,7,2025-11-16,,0
4929,Prospecting,1,2026-04-29,2026-05-03,4
4929,Discovery,2,2026-05-03,2026-05-08,5
4929,Demo,3,2026-05-08,2026-05-22,14
4929,Proposal,4,2026-05-22,2026-05-23,1
4929,Negotiation,5,2026-05-23,2026-06-06,14
4929,Closed Lost,7,2026-06-07,,0
4932,Prospecting,1,2024-12-05,2024-12-08,3
4932,Discovery,2,2024-12-08,2024-12-11,3
4932,Demo,3,2024-12-11,2024-12-12,1
4932,Proposal,4,2024-12-12,2024-12-16,4
4932,Negotiation,5,2024-12-16,2024-12-19,3
4932,Closed Lost,7,2024-12-20,,0
4933,Prospecting,1,2025-10-05,2025-10-18,13
4933,Discovery,2,2025-10-18,2025-10-27,9
4933,Closed Lost,7,2025-10-28,,0
4934,Prospecting,1,2026-01-25,2026-02-10,16
4934,Discovery,2,2026-02-10,2026-02-16,6
4934,Closed Lost,7,2026-02-17,,0
4936,Prospecting,1,2026-02-20,2026-03-08,16
4936,Discovery,2,2026-03-08,2026-03-11,3
4936,Demo,3,2026-03-11,2026-03-18,7
4936,Proposal,4,2026-03-18,2026-03-28,10
4936,Negotiation,5,2026-03-28,2026-04-04,7
4936,Closed Lost,7,2026-04-06,,0
4937,Prospecting,1,2025-04-01,2025-05-04,33
4937,Discovery,2,2025-05-04,2025-07-06,63
4937,Demo,3,2025-07-06,2025-07-25,19
4937,Closed Lost,7,2025-07-26,,0
4938,Prospecting,1,2026-02-08,2026-03-05,25
4938,Discovery,2,2026-03-05,2026-04-18,44
4938,Closed Lost,7,2026-04-19,,0
4939,Prospecting,1,2026-05-29,2026-06-20,22
4939,Discovery,2,2026-06-20,2026-07-06,16
4939,Demo,3,2026-07-06,2026-07-14,8
4940,Prospecting,1,2025-02-23,2025-04-11,47
4940,Discovery,2,2025-04-11,2025-06-10,60
4940,Closed Lost,7,2025-06-11,,0
4941,Prospecting,1,2026-04-01,2026-04-21,20
4941,Discovery,2,2026-04-21,2026-04-29,8
4941,Demo,3,2026-04-29,2026-05-10,11
4941,Closed Lost,7,2026-05-11,,0
4943,Prospecting,1,2025-10-10,2025-10-24,14
4943,Discovery,2,2025-10-24,2025-11-09,16
4943,Demo,3,2025-11-09,2025-11-10,1
4943,Proposal,4,2025-11-10,2025-11-11,1
4943,Closed Lost,7,2025-11-12,,0
4945,Prospecting,1,2026-05-04,2026-07-17,74
4945,Discovery,2,2026-07-17,2026-08-14,28
4945,Demo,3,2026-08-14,2026-09-13,30
4946,Prospecting,1,2025-07-18,2025-08-07,20
4946,Discovery,2,2025-08-07,2025-08-10,3
4946,Demo,3,2025-08-10,2025-08-27,17
4946,Proposal,4,2025-08-27,2025-08-30,3
4946,Closed Lost,7,2025-09-01,,0
4947,Prospecting,1,2026-02-22,2026-03-02,8
4947,Discovery,2,2026-03-02,2026-03-19,17
4947,Closed Lost,7,2026-03-20,,0
4948,Prospecting,1,2025-10-12,2025-10-17,5
4948,Discovery,2,2025-10-17,2025-10-31,14
4948,Demo,3,2025-10-31,2025-11-07,7
4948,Proposal,4,2025-11-07,2025-11-10,3
4948,Negotiation,5,2025-11-10,2025-11-19,9
4948,Closed Lost,7,2025-11-21,,0
4950,Prospecting,1,2024-11-27,2024-12-26,29
4950,Discovery,2,2024-12-26,2025-01-02,7
4950,Demo,3,2025-01-02,2025-01-04,2
4950,Closed Lost,7,2025-01-06,,0
4951,Prospecting,1,2025-11-01,2025-11-12,11
4951,Discovery,2,2025-11-12,2025-11-17,5
4951,Demo,3,2025-11-17,2025-12-08,21
4951,Proposal,4,2025-12-08,2025-12-17,9
4951,Negotiation,5,2025-12-17,2025-12-18,1
4951,Closed Won,6,2025-12-21,,0
4952,Prospecting,1,2025-01-11,2025-01-20,9
4952,Discovery,2,2025-01-20,2025-03-04,43
4952,Closed Lost,7,2025-03-05,,0
4953,Prospecting,1,2026-03-25,2026-04-16,22
4953,Discovery,2,2026-04-16,2026-04-17,1
4953,Demo,3,2026-04-17,2026-04-18,1
4953,Proposal,4,2026-04-18,2026-04-19,1
4953,Negotiation,5,2026-04-19,2026-04-26,7
4953,Closed Won,6,2026-04-27,,0
4957,Prospecting,1,2024-08-20,2024-08-21,1
4957,Discovery,2,2024-08-21,2024-08-23,2
4957,Demo,3,2024-08-23,2024-09-03,11
4957,Proposal,4,2024-09-03,2024-09-25,22
4957,Closed Lost,7,2024-09-27,,0
4958,Prospecting,1,2026-05-04,2026-05-12,8
4958,Discovery,2,2026-05-12,2026-06-01,20
4958,Demo,3,2026-06-01,2026-06-19,18
4958,Proposal,4,2026-06-19,2026-07-01,12
4958,Negotiation,5,2026-07-01,2026-07-27,26
4959,Prospecting,1,2026-02-11,2026-02-21,10
4959,Discovery,2,2026-02-21,2026-03-20,27
4959,Closed Lost,7,2026-03-21,,0
4962,Prospecting,1,2026-04-21,2026-04-28,7
4962,Discovery,2,2026-04-28,2026-05-01,3
4962,Demo,3,2026-05-01,2026-05-07,6
4962,Proposal,4,2026-05-07,2026-05-29,22
4962,Negotiation,5,2026-05-29,2026-06-08,10
4962,Closed Won,6,2026-06-10,,0
4963,Prospecting,1,2025-05-12,2025-07-11,60
4963,Discovery,2,2025-07-11,2025-07-27,16
4963,Demo,3,2025-07-27,2025-07-28,1
4963,Closed Lost,7,2025-07-28,,0
4964,Prospecting,1,2026-04-27,2026-05-07,10
4964,Discovery,2,2026-05-07,2026-05-22,15
4964,Demo,3,2026-05-22,2026-06-11,20
4964,Proposal,4,2026-06-11,2026-08-07,57
4967,Prospecting,1,2026-01-22,2026-01-28,6
4967,Discovery,2,2026-01-28,2026-02-07,10
4967,Demo,3,2026-02-07,2026-03-09,30
4967,Closed Lost,7,2026-03-10,,0
4968,Prospecting,1,2024-11-18,2024-12-21,33
4968,Discovery,2,2024-12-21,2024-12-26,5
4968,Closed Lost,7,2024-12-27,,0
4969,Prospecting,1,2024-12-03,2024-12-05,2
4969,Discovery,2,2024-12-05,2024-12-06,1
4969,Demo,3,2024-12-06,2024-12-29,23
4969,Closed Lost,7,2024-12-30,,0
4970,Prospecting,1,2025-11-20,2025-11-21,1
4970,Discovery,2,2025-11-21,2025-11-24,3
4970,Demo,3,2025-11-24,2025-11-26,2
4970,Proposal,4,2025-11-26,2025-11-30,4
4970,Negotiation,5,2025-11-30,2025-12-09,9
4970,Closed Won,6,2025-12-12,,0
4973,Prospecting,1,2024-12-16,2024-12-24,8
4973,Discovery,2,2024-12-24,2024-12-29,5
4973,Demo,3,2024-12-29,2025-01-14,16
4973,Closed Lost,7,2025-01-16,,0
4974,Prospecting,1,2025-07-29,2025-09-25,58
4974,Discovery,2,2025-09-25,2025-11-01,37
4974,Demo,3,2025-11-01,2025-11-27,26
4974,Closed Lost,7,2025-11-28,,0
4975,Prospecting,1,2026-03-09,2026-03-14,5
4975,Discovery,2,2026-03-14,2026-03-17,3
4975,Demo,3,2026-03-17,2026-06-22,97
4975,Closed Lost,7,2026-06-23,,0
4977,Prospecting,1,2025-12-24,2026-01-29,36
4977,Discovery,2,2026-01-29,2026-03-15,45
4977,Closed Lost,7,2026-03-16,,0
4979,Prospecting,1,2025-09-25,2025-09-30,5
4979,Discovery,2,2025-09-30,2025-10-12,12
4979,Demo,3,2025-10-12,2025-10-14,2
4979,Proposal,4,2025-10-14,2025-11-02,19
4979,Negotiation,5,2025-11-02,2025-12-09,37
4979,Closed Won,6,2025-12-11,,0
4980,Prospecting,1,2026-06-24,2026-08-09,46
4982,Prospecting,1,2025-11-14,2025-12-12,28
4982,Discovery,2,2025-12-12,2025-12-13,1
4982,Closed Lost,7,2025-12-14,,0
4984,Prospecting,1,2025-12-31,2026-01-05,5
4984,Discovery,2,2026-01-05,2026-01-14,9
4984,Demo,3,2026-01-14,2026-03-24,69
4984,Closed Lost,7,2026-03-26,,0
4985,Prospecting,1,2024-09-03,2024-09-16,13
4985,Discovery,2,2024-09-16,2024-09-17,1
4985,Demo,3,2024-09-17,2024-09-22,5
4985,Proposal,4,2024-09-22,2024-09-27,5
4985,Negotiation,5,2024-09-27,2024-10-17,20
4985,Closed Lost,7,2024-10-19,,0
4986,Prospecting,1,2026-01-22,2026-01-24,2
4986,Discovery,2,2026-01-24,2026-01-28,4
4986,Demo,3,2026-01-28,2026-02-02,5
4986,Proposal,4,2026-02-02,2026-02-03,1
4986,Negotiation,5,2026-02-03,2026-02-19,16
4986,Closed Won,6,2026-02-21,,0
4989,Prospecting,1,2026-04-28,2026-05-02,4
4989,Discovery,2,2026-05-02,2026-05-07,5
4989,Demo,3,2026-05-07,2026-05-24,17
4989,Closed Lost,7,2026-05-25,,0
4990,Prospecting,1,2026-01-17,2026-01-20,3
4990,Discovery,2,2026-01-20,2026-02-22,33
4990,Demo,3,2026-02-22,2026-02-27,5
4990,Proposal,4,2026-02-27,2026-03-07,8
4990,Negotiation,5,2026-03-07,2026-03-29,22
4990,Closed Won,6,2026-04-01,,0
4991,Prospecting,1,2026-06-13,2026-07-31,48
4993,Prospecting,1,2025-01-22,2025-01-26,4
4993,Discovery,2,2025-01-26,2025-01-28,2
4993,Demo,3,2025-01-28,2025-02-05,8
4993,Proposal,4,2025-02-05,2025-02-07,2
4993,Negotiation,5,2025-02-07,2025-02-09,2
4993,Closed Won,6,2025-02-11,,0
4994,Prospecting,1,2025-08-27,2025-08-28,1
4994,Discovery,2,2025-08-28,2025-08-29,1
4994,Demo,3,2025-08-29,2025-08-30,1
4994,Proposal,4,2025-08-30,2025-09-02,3
4994,Negotiation,5,2025-09-02,2025-09-03,1
4994,Closed Lost,7,2025-09-03,,0
4995,Prospecting,1,2026-06-07,2026-06-11,4
4995,Discovery,2,2026-06-11,2026-07-14,33
4995,Demo,3,2026-07-14,2026-07-15,1
4995,Proposal,4,2026-07-15,2026-07-20,5
4997,Prospecting,1,2025-08-05,2025-08-08,3
4997,Discovery,2,2025-08-08,2025-08-18,10
4997,Demo,3,2025-08-18,2025-09-04,17
4997,Proposal,4,2025-09-04,2025-09-07,3
4997,Negotiation,5,2025-09-07,2025-09-18,11
4997,Closed Lost,7,2025-09-20,,0
5000,Prospecting,1,2025-11-16,2026-01-24,69
5000,Discovery,2,2026-01-24,2026-03-19,54
5000,Closed Lost,7,2026-03-20,,0
5001,Prospecting,1,2025-07-12,2025-07-29,17
5001,Discovery,2,2025-07-29,2025-08-14,16
5001,Demo,3,2025-08-14,2025-09-01,18
5001,Proposal,4,2025-09-01,2025-09-15,14
5001,Closed Lost,7,2025-09-18,,0
5002,Prospecting,1,2026-05-20,2026-06-03,14
5002,Discovery,2,2026-06-03,2026-06-11,8
5002,Demo,3,2026-06-11,2026-06-16,5
5002,Proposal,4,2026-06-16,2026-06-21,5
5002,Closed Lost,7,2026-06-22,,0
5003,Prospecting,1,2025-03-15,2025-03-28,13
5003,Discovery,2,2025-03-28,2025-04-10,13
5003,Demo,3,2025-04-10,2025-04-18,8
5003,Proposal,4,2025-04-18,2025-05-24,36
5003,Negotiation,5,2025-05-24,2025-06-12,19
5003,Closed Won,6,2025-06-15,,0
5004,Prospecting,1,2025-10-10,2025-11-03,24
5004,Discovery,2,2025-11-03,2025-11-04,1
5004,Demo,3,2025-11-04,2025-12-05,31
5004,Proposal,4,2025-12-05,2025-12-12,7
5004,Closed Lost,7,2025-12-14,,0
5006,Prospecting,1,2024-11-26,2024-11-29,3
5006,Discovery,2,2024-11-29,2024-12-10,11
5006,Demo,3,2024-12-10,2024-12-19,9
5006,Closed Lost,7,2024-12-21,,0
5007,Prospecting,1,2025-09-16,2025-09-17,1
5007,Discovery,2,2025-09-17,2025-09-28,11
5007,Closed Lost,7,2025-09-29,,0
5008,Prospecting,1,2025-08-23,2025-09-06,14
5008,Discovery,2,2025-09-06,2025-11-06,61
5008,Demo,3,2025-11-06,2026-02-22,108
5008,Proposal,4,2026-02-22,2026-03-27,33
5008,Closed Lost,7,2026-03-29,,0
5009,Prospecting,1,2026-03-22,2026-04-11,20
5009,Discovery,2,2026-04-11,2026-04-19,8
5009,Demo,3,2026-04-19,2026-06-04,46
5009,Closed Lost,7,2026-06-05,,0
5010,Prospecting,1,2025-12-12,2025-12-27,15
5010,Discovery,2,2025-12-27,2025-12-29,2
5010,Closed Lost,7,2025-12-30,,0
5015,Prospecting,1,2026-05-11,2026-07-02,52
5018,Prospecting,1,2024-11-24,2024-12-04,10
5018,Discovery,2,2024-12-04,2024-12-16,12
5018,Demo,3,2024-12-16,2024-12-26,10
5018,Closed Lost,7,2024-12-28,,0
5019,Prospecting,1,2025-12-21,2026-03-30,99
5019,Discovery,2,2026-03-30,2026-04-09,10
5019,Closed Lost,7,2026-04-10,,0
5021,Prospecting,1,2024-12-09,2024-12-10,1
5021,Discovery,2,2024-12-10,2025-01-07,28
5021,Closed Lost,7,2025-01-08,,0
5022,Prospecting,1,2025-07-27,2025-07-29,2
5022,Discovery,2,2025-07-29,2025-08-04,6
5022,Demo,3,2025-08-04,2025-08-15,11
5022,Closed Lost,7,2025-08-17,,0
5025,Prospecting,1,2025-04-10,2025-04-11,1
5025,Discovery,2,2025-04-11,2025-04-16,5
5025,Demo,3,2025-04-16,2025-05-08,22
5025,Proposal,4,2025-05-08,2025-05-14,6
5025,Negotiation,5,2025-05-14,2025-05-19,5
5025,Closed Lost,7,2025-05-22,,0
5026,Prospecting,1,2024-10-09,2024-10-14,5
5026,Discovery,2,2024-10-14,2024-10-22,8
5026,Demo,3,2024-10-22,2024-10-30,8
5026,Proposal,4,2024-10-30,2024-10-31,1
5026,Closed Lost,7,2024-11-02,,0
5027,Prospecting,1,2025-11-11,2025-11-15,4
5027,Discovery,2,2025-11-15,2025-12-09,24
5027,Demo,3,2025-12-09,2025-12-15,6
5027,Proposal,4,2025-12-15,2025-12-23,8
5027,Negotiation,5,2025-12-23,2026-01-12,20
5027,Closed Won,6,2026-01-14,,0
5028,Prospecting,1,2025-05-15,2025-06-18,34
5028,Discovery,2,2025-06-18,2025-07-19,31
5028,Demo,3,2025-07-19,2025-08-05,17
5028,Closed Lost,7,2025-08-07,,0
5029,Prospecting,1,2026-05-23,2026-07-23,61
5029,Discovery,2,2026-07-23,2026-08-25,33
5029,Demo,3,2026-08-25,2026-09-19,25
5032,Prospecting,1,2025-10-11,2025-12-02,52
5032,Discovery,2,2025-12-02,2026-02-07,67
5032,Demo,3,2026-02-07,2026-04-14,66
5032,Closed Lost,7,2026-04-16,,0
5033,Prospecting,1,2026-05-24,2026-06-06,13
5033,Discovery,2,2026-06-06,2026-06-29,23
5033,Demo,3,2026-06-29,2026-07-01,2
5034,Prospecting,1,2024-08-29,2024-09-03,5
5034,Discovery,2,2024-09-03,2024-10-03,30
5034,Demo,3,2024-10-03,2024-10-04,1
5034,Proposal,4,2024-10-04,2024-10-26,22
5034,Negotiation,5,2024-10-26,2024-10-28,2
5034,Closed Lost,7,2024-10-30,,0
5035,Prospecting,1,2025-06-29,2025-07-02,3
5035,Discovery,2,2025-07-02,2025-07-03,1
5035,Demo,3,2025-07-03,2025-07-04,1
5035,Proposal,4,2025-07-04,2025-07-05,1
5035,Negotiation,5,2025-07-05,2025-07-06,1
5035,Closed Lost,7,2025-07-06,,0
5036,Prospecting,1,2025-11-19,2025-11-23,4
5036,Discovery,2,2025-11-23,2025-11-24,1
5036,Demo,3,2025-11-24,2025-11-27,3
5036,Proposal,4,2025-11-27,2025-11-28,1
5036,Negotiation,5,2025-11-28,2025-12-03,5
5036,Closed Lost,7,2025-12-05,,0
5039,Prospecting,1,2025-01-11,2025-01-18,7
5039,Discovery,2,2025-01-18,2025-02-04,17
5039,Demo,3,2025-02-04,2025-02-06,2
5039,Closed Lost,7,2025-02-08,,0
5040,Prospecting,1,2026-01-30,2026-02-13,14
5040,Discovery,2,2026-02-13,2026-02-16,3
5040,Demo,3,2026-02-16,2026-03-14,26
5040,Closed Lost,7,2026-03-15,,0
5043,Prospecting,1,2026-05-11,2026-05-18,7
5043,Discovery,2,2026-05-18,2026-05-28,10
5043,Demo,3,2026-05-28,2026-06-06,9
5043,Proposal,4,2026-06-06,2026-06-09,3
5043,Closed Lost,7,2026-06-11,,0
5044,Prospecting,1,2025-07-17,2025-09-20,65
5044,Discovery,2,2025-09-20,2025-10-15,25
5044,Closed Lost,7,2025-10-16,,0
5045,Prospecting,1,2026-05-07,2026-05-20,13
5045,Discovery,2,2026-05-20,2026-06-24,35
5045,Demo,3,2026-06-24,2026-06-27,3
5045,Proposal,4,2026-06-27,2026-07-04,7
5047,Prospecting,1,2024-10-21,2024-10-24,3
5047,Discovery,2,2024-10-24,2024-10-29,5
5047,Demo,3,2024-10-29,2024-11-09,11
5047,Proposal,4,2024-11-09,2024-11-20,11
5047,Closed Lost,7,2024-11-23,,0
5048,Prospecting,1,2025-10-31,2025-11-03,3
5048,Discovery,2,2025-11-03,2025-11-25,22
5048,Demo,3,2025-11-25,2025-11-26,1
5048,Closed Lost,7,2025-11-27,,0
5050,Prospecting,1,2026-06-23,2026-07-27,34
5052,Prospecting,1,2026-01-10,2026-02-27,48
5052,Discovery,2,2026-02-27,2026-03-17,18
5052,Closed Lost,7,2026-03-18,,0
5057,Prospecting,1,2025-07-20,2025-07-24,4
5057,Discovery,2,2025-07-24,2025-07-25,1
5057,Demo,3,2025-07-25,2025-08-18,24
5057,Proposal,4,2025-08-18,2025-08-20,2
5057,Negotiation,5,2025-08-20,2025-08-21,1
5057,Closed Won,6,2025-08-23,,0
5059,Prospecting,1,2025-01-08,2025-01-31,23
5059,Discovery,2,2025-01-31,2025-02-01,1
5059,Closed Lost,7,2025-02-01,,0
5060,Prospecting,1,2025-12-06,2025-12-25,19
5060,Discovery,2,2025-12-25,2026-01-03,9
5060,Demo,3,2026-01-03,2026-01-10,7
5060,Closed Lost,7,2026-01-12,,0
5061,Prospecting,1,2026-06-26,2026-07-31,35
5061,Discovery,2,2026-07-31,2026-08-01,1
5066,Prospecting,1,2026-01-20,2026-02-09,20
5066,Discovery,2,2026-02-09,2026-02-13,4
5066,Demo,3,2026-02-13,2026-03-03,18
5066,Closed Lost,7,2026-03-05,,0
5069,Prospecting,1,2025-12-31,2026-01-21,21
5069,Discovery,2,2026-01-21,2026-01-22,1
5069,Demo,3,2026-01-22,2026-02-02,11
5069,Closed Lost,7,2026-02-03,,0
5072,Prospecting,1,2025-09-15,2025-09-16,1
5072,Discovery,2,2025-09-16,2025-10-02,16
5072,Demo,3,2025-10-02,2025-11-13,42
5072,Proposal,4,2025-11-13,2025-12-21,38
5072,Negotiation,5,2025-12-21,2025-12-27,6
5072,Closed Lost,7,2025-12-31,,0
5073,Prospecting,1,2026-01-15,2026-01-16,1
5073,Discovery,2,2026-01-16,2026-01-17,1
5073,Demo,3,2026-01-17,2026-01-27,10
5073,Proposal,4,2026-01-27,2026-01-29,2
5073,Negotiation,5,2026-01-29,2026-02-05,7
5073,Closed Won,6,2026-02-06,,0
5074,Prospecting,1,2026-02-08,2026-02-11,3
5074,Discovery,2,2026-02-11,2026-02-12,1
5074,Demo,3,2026-02-12,2026-02-14,2
5074,Proposal,4,2026-02-14,2026-02-16,2
5074,Negotiation,5,2026-02-16,2026-02-21,5
5074,Closed Lost,7,2026-02-23,,0
5078,Prospecting,1,2026-06-13,2026-06-14,1
5078,Discovery,2,2026-06-14,2026-06-30,16
5078,Demo,3,2026-06-30,2026-07-16,16
5078,Proposal,4,2026-07-16,2026-07-30,14
5082,Prospecting,1,2024-09-27,2024-10-10,13
5082,Discovery,2,2024-10-10,2024-10-26,16
5082,Closed Lost,7,2024-10-27,,0
5083,Prospecting,1,2025-08-20,2025-08-21,1
5083,Discovery,2,2025-08-21,2025-09-24,34
5083,Closed Lost,7,2025-09-25,,0
5084,Prospecting,1,2026-05-15,2026-05-19,4
5084,Discovery,2,2026-05-19,2026-06-08,20
5084,Demo,3,2026-06-08,2026-07-16,38
5085,Prospecting,1,2026-01-11,2026-01-16,5
5085,Discovery,2,2026-01-16,2026-01-18,2
5085,Demo,3,2026-01-18,2026-02-09,22
5085,Closed Lost,7,2026-02-11,,0
5086,Prospecting,1,2025-04-18,2025-04-22,4
5086,Discovery,2,2025-04-22,2025-04-30,8
5086,Demo,3,2025-04-30,2025-05-26,26
5086,Proposal,4,2025-05-26,2025-06-01,6
5086,Negotiation,5,2025-06-01,2025-06-02,1
5086,Closed Won,6,2025-06-04,,0
5087,Prospecting,1,2025-10-25,2025-10-31,6
5087,Discovery,2,2025-10-31,2025-11-01,1
5087,Demo,3,2025-11-01,2025-11-27,26
5087,Proposal,4,2025-11-27,2025-12-02,5
5087,Negotiation,5,2025-12-02,2025-12-04,2
5087,Closed Lost,7,2025-12-06,,0
5089,Prospecting,1,2025-11-13,2025-11-25,12
5089,Discovery,2,2025-11-25,2025-11-30,5
5089,Demo,3,2025-11-30,2025-12-01,1
5089,Proposal,4,2025-12-01,2025-12-02,1
5089,Negotiation,5,2025-12-02,2025-12-25,23
5089,Closed Won,6,2025-12-28,,0
5090,Prospecting,1,2026-06-28,2026-07-01,3
5090,Discovery,2,2026-07-01,2026-08-01,31
5091,Prospecting,1,2024-12-15,2024-12-26,11
5091,Discovery,2,2024-12-26,2025-01-12,17
5091,Demo,3,2025-01-12,2025-01-15,3
5091,Closed Lost,7,2025-01-16,,0
5092,Prospecting,1,2025-10-25,2025-10-29,4
5092,Discovery,2,2025-10-29,2025-11-19,21
5092,Demo,3,2025-11-19,2025-11-20,1
5092,Proposal,4,2025-11-20,2025-11-28,8
5092,Negotiation,5,2025-11-28,2025-11-29,1
5092,Closed Won,6,2025-12-01,,0
5093,Prospecting,1,2026-03-01,2026-03-08,7
5093,Discovery,2,2026-03-08,2026-03-17,9
5093,Demo,3,2026-03-17,2026-03-28,11
5093,Proposal,4,2026-03-28,2026-03-29,1
5093,Closed Lost,7,2026-03-30,,0
5094,Prospecting,1,2026-06-28,2026-06-29,1
5094,Discovery,2,2026-06-29,2026-07-05,6
5094,Demo,3,2026-07-05,2026-08-02,28
5096,Prospecting,1,2025-09-24,2025-09-25,1
5096,Discovery,2,2025-09-25,2025-09-26,1
5096,Demo,3,2025-09-26,2025-10-19,23
5096,Proposal,4,2025-10-19,2025-10-25,6
5096,Closed Lost,7,2025-10-25,,0
5098,Prospecting,1,2025-10-15,2025-11-26,42
5098,Discovery,2,2025-11-26,2026-01-19,54
5098,Closed Lost,7,2026-01-20,,0
5100,Prospecting,1,2025-11-17,2025-11-18,1
5100,Discovery,2,2025-11-18,2025-11-30,12
5100,Demo,3,2025-11-30,2025-12-03,3
5100,Proposal,4,2025-12-03,2025-12-07,4
5100,Negotiation,5,2025-12-07,2025-12-15,8
5100,Closed Lost,7,2025-12-16,,0
5102,Prospecting,1,2026-02-11,2026-02-12,1
5102,Discovery,2,2026-02-12,2026-02-24,12
5102,Demo,3,2026-02-24,2026-02-27,3
5102,Proposal,4,2026-02-27,2026-03-04,5
5102,Negotiation,5,2026-03-04,2026-03-15,11
5102,Closed Won,6,2026-03-16,,0
5104,Prospecting,1,2026-02-01,2026-02-04,3
5104,Discovery,2,2026-02-04,2026-02-05,1
5104,Demo,3,2026-02-05,2026-02-06,1
5104,Proposal,4,2026-02-06,2026-02-16,10
5104,Negotiation,5,2026-02-16,2026-02-18,2
5104,Closed Won,6,2026-02-19,,0
5106,Prospecting,1,2024-12-24,2024-12-27,3
5106,Discovery,2,2024-12-27,2025-01-02,6
5106,Demo,3,2025-01-02,2025-01-11,9
5106,Proposal,4,2025-01-11,2025-01-19,8
5106,Negotiation,5,2025-01-19,2025-01-21,2
5106,Closed Won,6,2025-01-25,,0
5107,Prospecting,1,2025-08-08,2025-08-30,22
5107,Discovery,2,2025-08-30,2025-09-04,5
5107,Demo,3,2025-09-04,2025-09-11,7
5107,Proposal,4,2025-09-11,2025-09-14,3
5107,Negotiation,5,2025-09-14,2025-09-16,2
5107,Closed Won,6,2025-09-18,,0
5108,Prospecting,1,2026-05-20,2026-05-21,1
5108,Discovery,2,2026-05-21,2026-05-27,6
5108,Demo,3,2026-05-27,2026-07-06,40
5108,Proposal,4,2026-07-06,2026-07-14,8
5108,Negotiation,5,2026-07-14,2026-07-21,7
5109,Prospecting,1,2025-08-26,2025-09-04,9
5109,Discovery,2,2025-09-04,2025-09-12,8
5109,Demo,3,2025-09-12,2025-09-14,2
5109,Proposal,4,2025-09-14,2025-09-17,3
5109,Negotiation,5,2025-09-17,2025-09-25,8
5109,Closed Lost,7,2025-09-28,,0
5111,Prospecting,1,2024-09-10,2024-09-16,6
5111,Discovery,2,2024-09-16,2024-09-18,2
5111,Demo,3,2024-09-18,2024-09-29,11
5111,Proposal,4,2024-09-29,2024-09-30,1
5111,Negotiation,5,2024-09-30,2024-10-11,11
5111,Closed Won,6,2024-10-12,,0
5112,Prospecting,1,2025-03-09,2025-03-10,1
5112,Discovery,2,2025-03-10,2025-03-21,11
5112,Demo,3,2025-03-21,2025-04-03,13
5112,Proposal,4,2025-04-03,2025-04-04,1
5112,Negotiation,5,2025-04-04,2025-04-05,1
5112,Closed Won,6,2025-04-05,,0
5113,Prospecting,1,2026-05-09,2026-05-10,1
5113,Discovery,2,2026-05-10,2026-05-11,1
5113,Demo,3,2026-05-11,2026-05-19,8
5113,Proposal,4,2026-05-19,2026-05-24,5
5113,Negotiation,5,2026-05-24,2026-05-26,2
5113,Closed Won,6,2026-05-27,,0
5115,Prospecting,1,2025-11-14,2025-11-19,5
5115,Discovery,2,2025-11-19,2025-11-22,3
5115,Demo,3,2025-11-22,2025-12-22,30
5115,Closed Lost,7,2025-12-24,,0
5117,Prospecting,1,2026-04-04,2026-04-22,18
5117,Discovery,2,2026-04-22,2026-04-23,1
5117,Demo,3,2026-04-23,2026-05-22,29
5117,Proposal,4,2026-05-22,2026-07-11,50
5117,Negotiation,5,2026-07-11,2026-07-28,17
5120,Prospecting,1,2025-09-03,2025-09-06,3
5120,Discovery,2,2025-09-06,2025-09-10,4
5120,Demo,3,2025-09-10,2025-09-30,20
5120,Closed Lost,7,2025-10-02,,0
5123,Prospecting,1,2025-11-16,2026-02-08,84
5123,Discovery,2,2026-02-08,2026-02-17,9
5123,Closed Lost,7,2026-02-18,,0
5124,Prospecting,1,2024-11-13,2024-11-17,4
5124,Discovery,2,2024-11-17,2024-11-30,13
5124,Demo,3,2024-11-30,2024-12-02,2
5124,Proposal,4,2024-12-02,2024-12-03,1
5124,Negotiation,5,2024-12-03,2024-12-04,1
5124,Closed Lost,7,2024-12-05,,0
5125,Prospecting,1,2025-06-27,2025-06-28,1
5125,Discovery,2,2025-06-28,2025-07-21,23
5125,Demo,3,2025-07-21,2025-07-28,7
5125,Proposal,4,2025-07-28,2025-08-08,11
5125,Negotiation,5,2025-08-08,2025-08-13,5
5125,Closed Won,6,2025-08-15,,0
5126,Prospecting,1,2026-06-19,2026-07-20,31
5126,Discovery,2,2026-07-20,2026-08-09,20
5128,Prospecting,1,2025-11-21,2025-11-28,7
5128,Discovery,2,2025-11-28,2025-12-08,10
5128,Demo,3,2025-12-08,2025-12-30,22
5128,Closed Lost,7,2026-01-01,,0
5129,Prospecting,1,2025-04-18,2025-04-26,8
5129,Discovery,2,2025-04-26,2025-04-27,1
5129,Demo,3,2025-04-27,2025-05-03,6
5129,Proposal,4,2025-05-03,2025-05-10,7
5129,Negotiation,5,2025-05-10,2025-05-17,7
5129,Closed Won,6,2025-05-18,,0
5130,Prospecting,1,2026-01-11,2026-01-12,1
5130,Discovery,2,2026-01-12,2026-02-02,21
5130,Demo,3,2026-02-02,2026-02-26,24
5130,Proposal,4,2026-02-26,2026-03-15,17
5130,Closed Lost,7,2026-03-17,,0
5137,Prospecting,1,2025-12-30,2026-01-07,8
5137,Discovery,2,2026-01-07,2026-01-09,2
5137,Demo,3,2026-01-09,2026-01-10,1
5137,Proposal,4,2026-01-10,2026-01-17,7
5137,Negotiation,5,2026-01-17,2026-01-23,6
5137,Closed Won,6,2026-01-24,,0
5138,Prospecting,1,2025-03-03,2025-03-09,6
5138,Discovery,2,2025-03-09,2025-04-01,23
5138,Demo,3,2025-04-01,2025-04-02,1
5138,Proposal,4,2025-04-02,2025-04-03,1
5138,Closed Lost,7,2025-04-04,,0
5139,Prospecting,1,2026-03-02,2026-03-03,1
5139,Discovery,2,2026-03-03,2026-03-16,13
5139,Demo,3,2026-03-16,2026-03-17,1
5139,Proposal,4,2026-03-17,2026-03-22,5
5139,Negotiation,5,2026-03-22,2026-03-24,2
5139,Closed Won,6,2026-03-27,,0
5141,Prospecting,1,2025-02-22,2025-02-25,3
5141,Discovery,2,2025-02-25,2025-02-26,1
5141,Demo,3,2025-02-26,2025-03-13,15
5141,Proposal,4,2025-03-13,2025-04-17,35
5141,Closed Lost,7,2025-04-17,,0
5142,Prospecting,1,2025-04-21,2025-06-08,48
5142,Discovery,2,2025-06-08,2025-06-09,1
5142,Demo,3,2025-06-09,2025-07-08,29
5142,Proposal,4,2025-07-08,2025-07-11,3
5142,Closed Lost,7,2025-07-12,,0
5143,Prospecting,1,2026-02-24,2026-03-20,24
5143,Discovery,2,2026-03-20,2026-03-23,3
5143,Demo,3,2026-03-23,2026-03-30,7
5143,Proposal,4,2026-03-30,2026-04-13,14
5143,Negotiation,5,2026-04-13,2026-04-19,6
5143,Closed Won,6,2026-04-21,,0
5145,Prospecting,1,2025-10-22,2025-10-29,7
5145,Discovery,2,2025-10-29,2025-11-04,6
5145,Demo,3,2025-11-04,2025-11-21,17
5145,Proposal,4,2025-11-21,2025-11-22,1
5145,Negotiation,5,2025-11-22,2025-11-24,2
5145,Closed Lost,7,2025-11-26,,0
5150,Prospecting,1,2025-08-06,2025-08-09,3
5150,Discovery,2,2025-08-09,2025-08-14,5
5150,Demo,3,2025-08-14,2025-08-18,4
5150,Proposal,4,2025-08-18,2025-08-19,1
5150,Negotiation,5,2025-08-19,2025-08-20,1
5150,Closed Won,6,2025-08-23,,0
5151,Prospecting,1,2026-04-12,2026-04-20,8
5151,Discovery,2,2026-04-20,2026-04-27,7
5151,Demo,3,2026-04-27,2026-05-04,7
5151,Proposal,4,2026-05-04,2026-05-05,1
5151,Closed Lost,7,2026-05-05,,0
5152,Prospecting,1,2025-06-26,2025-07-10,14
5152,Discovery,2,2025-07-10,2025-07-19,9
5152,Demo,3,2025-07-19,2025-07-27,8
5152,Closed Lost,7,2025-07-29,,0
5153,Prospecting,1,2026-04-23,2026-04-29,6
5153,Discovery,2,2026-04-29,2026-05-02,3
5153,Demo,3,2026-05-02,2026-05-24,22
5153,Proposal,4,2026-05-24,2026-05-29,5
5153,Closed Lost,7,2026-05-31,,0
5154,Prospecting,1,2025-08-04,2025-09-07,34
5154,Discovery,2,2025-09-07,2025-10-05,28
5154,Demo,3,2025-10-05,2025-10-29,24
5154,Proposal,4,2025-10-29,2025-11-30,32
5154,Negotiation,5,2025-11-30,2025-12-01,1
5154,Closed Won,6,2025-12-04,,0
5155,Prospecting,1,2026-06-28,2026-07-16,18
5155,Discovery,2,2026-07-16,2026-07-27,11
5155,Demo,3,2026-07-27,2026-08-18,22
5155,Proposal,4,2026-08-18,2026-09-07,20
5160,Prospecting,1,2025-11-10,2025-11-27,17
5160,Discovery,2,2025-11-27,2025-12-13,16
5160,Closed Lost,7,2025-12-14,,0
5163,Prospecting,1,2025-06-26,2025-06-27,1
5163,Discovery,2,2025-06-27,2025-07-02,5
5163,Demo,3,2025-07-02,2025-07-09,7
5163,Proposal,4,2025-07-09,2025-07-29,20
5163,Negotiation,5,2025-07-29,2025-08-03,5
5163,Closed Won,6,2025-08-04,,0
5164,Prospecting,1,2025-10-26,2025-11-16,21
5164,Discovery,2,2025-11-16,2025-11-30,14
5164,Demo,3,2025-11-30,2025-12-09,9
5164,Closed Lost,7,2025-12-10,,0
5165,Prospecting,1,2024-09-16,2024-09-25,9
5165,Discovery,2,2024-09-25,2024-10-11,16
5165,Demo,3,2024-10-11,2024-10-12,1
5165,Proposal,4,2024-10-12,2024-10-14,2
5165,Negotiation,5,2024-10-14,2024-10-23,9
5165,Closed Won,6,2024-10-25,,0
5166,Prospecting,1,2025-10-18,2025-10-19,1
5166,Discovery,2,2025-10-19,2025-11-27,39
5166,Demo,3,2025-11-27,2025-11-30,3
5166,Proposal,4,2025-11-30,2025-12-10,10
5166,Closed Lost,7,2025-12-11,,0
5167,Prospecting,1,2026-02-13,2026-02-15,2
5167,Discovery,2,2026-02-15,2026-02-20,5
5167,Demo,3,2026-02-20,2026-02-23,3
5167,Proposal,4,2026-02-23,2026-03-18,23
5167,Negotiation,5,2026-03-18,2026-03-20,2
5167,Closed Lost,7,2026-03-21,,0
5172,Prospecting,1,2025-05-20,2025-07-02,43
5172,Discovery,2,2025-07-02,2025-07-19,17
5172,Closed Lost,7,2025-07-20,,0
5173,Prospecting,1,2025-03-24,2025-03-28,4
5173,Discovery,2,2025-03-28,2025-04-23,26
5173,Demo,3,2025-04-23,2025-04-28,5
5173,Proposal,4,2025-04-28,2025-05-08,10
5173,Closed Lost,7,2025-05-10,,0
5174,Prospecting,1,2026-02-09,2026-02-26,17
5174,Discovery,2,2026-02-26,2026-02-27,1
5174,Closed Lost,7,2026-02-27,,0
5177,Prospecting,1,2026-05-30,2026-07-08,39
5177,Discovery,2,2026-07-08,2026-08-15,38
5180,Prospecting,1,2025-05-08,2025-05-15,7
5180,Discovery,2,2025-05-15,2025-05-26,11
5180,Demo,3,2025-05-26,2025-05-27,1
5180,Proposal,4,2025-05-27,2025-06-05,9
5180,Negotiation,5,2025-06-05,2025-06-08,3
5180,Closed Won,6,2025-06-11,,0
5181,Prospecting,1,2026-03-07,2026-03-13,6
5181,Discovery,2,2026-03-13,2026-04-03,21
5181,Demo,3,2026-04-03,2026-04-05,2
5181,Closed Lost,7,2026-04-07,,0
5185,Prospecting,1,2025-04-16,2025-05-19,33
5185,Discovery,2,2025-05-19,2025-06-10,22
5185,Demo,3,2025-06-10,2025-06-24,14
5185,Closed Lost,7,2025-06-26,,0
5186,Prospecting,1,2026-03-12,2026-04-05,24
5186,Discovery,2,2026-04-05,2026-05-13,38
5186,Closed Lost,7,2026-05-14,,0
5187,Prospecting,1,2026-06-04,2026-07-17,43
5187,Discovery,2,2026-07-17,2026-07-18,1
5187,Demo,3,2026-07-18,2026-08-27,40
5189,Prospecting,1,2026-02-13,2026-02-16,3
5189,Discovery,2,2026-02-16,2026-02-18,2
5189,Demo,3,2026-02-18,2026-02-20,2
5189,Proposal,4,2026-02-20,2026-02-21,1
5189,Negotiation,5,2026-02-21,2026-02-27,6
5189,Closed Lost,7,2026-03-01,,0
5193,Prospecting,1,2025-09-25,2025-10-16,21
5193,Discovery,2,2025-10-16,2025-12-29,74
5193,Closed Lost,7,2025-12-30,,0
5194,Prospecting,1,2026-06-25,2026-07-12,17
5194,Discovery,2,2026-07-12,2026-07-13,1
5194,Demo,3,2026-07-13,2026-07-27,14
5194,Proposal,4,2026-07-27,2026-08-05,9
5197,Prospecting,1,2025-10-04,2025-10-05,1
5197,Discovery,2,2025-10-05,2025-10-10,5
5197,Demo,3,2025-10-10,2025-10-11,1
5197,Proposal,4,2025-10-11,2025-10-21,10
5197,Negotiation,5,2025-10-21,2025-11-04,14
5197,Closed Won,6,2025-11-07,,0
5198,Prospecting,1,2026-06-09,2026-06-30,21
5198,Discovery,2,2026-06-30,2026-07-01,1
5198,Closed Lost,7,2026-07-01,,0
5201,Prospecting,1,2024-09-01,2024-09-02,1
5201,Discovery,2,2024-09-02,2024-09-16,14
5201,Demo,3,2024-09-16,2024-09-21,5
5201,Proposal,4,2024-09-21,2024-11-06,46
5201,Negotiation,5,2024-11-06,2024-11-09,3
5201,Closed Lost,7,2024-11-11,,0
5202,Prospecting,1,2025-03-31,2025-04-11,11
5202,Discovery,2,2025-04-11,2025-05-05,24
5202,Demo,3,2025-05-05,2025-05-11,6
5202,Proposal,4,2025-05-11,2025-05-16,5
5202,Negotiation,5,2025-05-16,2025-05-30,14
5202,Closed Lost,7,2025-06-01,,0
5203,Prospecting,1,2025-12-24,2026-01-24,31
5203,Discovery,2,2026-01-24,2026-01-25,1
5203,Demo,3,2026-01-25,2026-02-07,13
5203,Proposal,4,2026-02-07,2026-02-28,21
5203,Negotiation,5,2026-02-28,2026-03-23,23
5203,Closed Won,6,2026-03-26,,0
5205,Prospecting,1,2025-11-27,2025-11-29,2
5205,Discovery,2,2025-11-29,2025-12-03,4
5205,Demo,3,2025-12-03,2025-12-08,5
5205,Proposal,4,2025-12-08,2025-12-17,9
5205,Closed Lost,7,2025-12-19,,0
5207,Prospecting,1,2024-12-13,2025-01-05,23
5207,Discovery,2,2025-01-05,2025-01-19,14
5207,Demo,3,2025-01-19,2025-02-14,26
5207,Proposal,4,2025-02-14,2025-02-25,11
5207,Negotiation,5,2025-02-25,2025-02-28,3
5207,Closed Won,6,2025-03-02,,0
5208,Prospecting,1,2025-04-05,2025-04-30,25
5208,Discovery,2,2025-04-30,2025-05-05,5
5208,Demo,3,2025-05-05,2025-06-14,40
5208,Proposal,4,2025-06-14,2025-06-20,6
5208,Negotiation,5,2025-06-20,2025-06-21,1
5208,Closed Lost,7,2025-06-24,,0
5209,Prospecting,1,2025-03-27,2025-04-12,16
5209,Discovery,2,2025-04-12,2025-04-14,2
5209,Demo,3,2025-04-14,2025-04-27,13
5209,Proposal,4,2025-04-27,2025-05-13,16
5209,Negotiation,5,2025-05-13,2025-07-03,51
5209,Closed Lost,7,2025-07-07,,0
5210,Prospecting,1,2026-04-01,2026-05-04,33
5210,Discovery,2,2026-05-04,2026-05-12,8
5210,Closed Lost,7,2026-05-13,,0
5211,Prospecting,1,2024-09-15,2024-10-19,34
5211,Discovery,2,2024-10-19,2024-11-02,14
5211,Demo,3,2024-11-02,2024-11-10,8
5211,Proposal,4,2024-11-10,2024-12-30,50
5211,Closed Lost,7,2025-01-01,,0
5212,Prospecting,1,2025-04-13,2025-04-20,7
5212,Discovery,2,2025-04-20,2025-05-15,25
5212,Demo,3,2025-05-15,2025-06-18,34
5212,Closed Lost,7,2025-06-19,,0
5213,Prospecting,1,2024-08-19,2024-08-24,5
5213,Discovery,2,2024-08-24,2024-08-29,5
5213,Demo,3,2024-08-29,2024-09-03,5
5213,Proposal,4,2024-09-03,2024-09-06,3
5213,Negotiation,5,2024-09-06,2024-09-13,7
5213,Closed Lost,7,2024-09-15,,0
5214,Prospecting,1,2025-10-04,2025-10-07,3
5214,Discovery,2,2025-10-07,2025-10-28,21
5214,Demo,3,2025-10-28,2025-10-29,1
5214,Proposal,4,2025-10-29,2025-11-09,11
5214,Closed Lost,7,2025-11-11,,0
5217,Prospecting,1,2025-01-15,2025-01-19,4
5217,Discovery,2,2025-01-19,2025-04-02,73
5217,Demo,3,2025-04-02,2025-05-13,41
5217,Proposal,4,2025-05-13,2025-05-22,9
5217,Negotiation,5,2025-05-22,2025-05-31,9
5217,Closed Lost,7,2025-06-03,,0
5218,Prospecting,1,2026-05-11,2026-06-16,36
5218,Discovery,2,2026-06-16,2026-06-20,4
5218,Closed Lost,7,2026-06-21,,0
5219,Prospecting,1,2024-10-28,2024-11-30,33
5219,Discovery,2,2024-11-30,2024-12-02,2
5219,Demo,3,2024-12-02,2024-12-03,1
5219,Closed Lost,7,2024-12-04,,0
5220,Prospecting,1,2025-09-09,2025-09-18,9
5220,Discovery,2,2025-09-18,2025-10-08,20
5220,Closed Lost,7,2025-10-09,,0
5222,Prospecting,1,2026-06-21,2026-07-29,38
5222,Discovery,2,2026-07-29,2026-08-04,6
5224,Prospecting,1,2026-01-30,2026-02-08,9
5224,Discovery,2,2026-02-08,2026-02-09,1
5224,Demo,3,2026-02-09,2026-02-14,5
5224,Proposal,4,2026-02-14,2026-02-19,5
5224,Closed Lost,7,2026-02-19,,0
5226,Prospecting,1,2026-01-13,2026-01-23,10
5226,Discovery,2,2026-01-23,2026-01-24,1
5226,Demo,3,2026-01-24,2026-01-29,5
5226,Proposal,4,2026-01-29,2026-01-31,2
5226,Closed Lost,7,2026-02-01,,0
5230,Prospecting,1,2026-03-29,2026-03-31,2
5230,Discovery,2,2026-03-31,2026-04-05,5
5230,Demo,3,2026-04-05,2026-04-27,22
5230,Closed Lost,7,2026-04-29,,0
5235,Prospecting,1,2026-05-09,2026-05-19,10
5235,Discovery,2,2026-05-19,2026-05-29,10
5235,Demo,3,2026-05-29,2026-06-09,11
5235,Closed Lost,7,2026-06-11,,0
5236,Prospecting,1,2025-03-26,2025-03-31,5
5236,Discovery,2,2025-03-31,2025-04-08,8
5236,Demo,3,2025-04-08,2025-04-26,18
5236,Closed Lost,7,2025-04-27,,0
5237,Prospecting,1,2026-05-01,2026-05-03,2
5237,Discovery,2,2026-05-03,2026-05-19,16
5237,Demo,3,2026-05-19,2026-05-26,7
5237,Proposal,4,2026-05-26,2026-05-27,1
5237,Closed Lost,7,2026-05-28,,0
5241,Prospecting,1,2025-11-01,2025-12-21,50
5241,Discovery,2,2025-12-21,2026-01-31,41
5241,Closed Lost,7,2026-02-01,,0
5242,Prospecting,1,2025-05-01,2025-05-02,1
5242,Discovery,2,2025-05-02,2025-06-20,49
5242,Closed Lost,7,2025-06-21,,0
5243,Prospecting,1,2025-11-13,2026-01-04,52
5243,Discovery,2,2026-01-04,2026-01-08,4
5243,Closed Lost,7,2026-01-09,,0
5246,Prospecting,1,2026-05-08,2026-10-21,166
5246,Discovery,2,2026-10-21,2026-12-11,51
5247,Prospecting,1,2025-09-28,2025-11-05,38
5247,Discovery,2,2025-11-05,2025-11-28,23
5247,Closed Lost,7,2025-11-29,,0
5248,Prospecting,1,2025-10-29,2025-11-19,21
5248,Discovery,2,2025-11-19,2025-11-24,5
5248,Demo,3,2025-11-24,2025-12-05,11
5248,Proposal,4,2025-12-05,2025-12-30,25
5248,Negotiation,5,2025-12-30,2026-01-08,9
5248,Closed Won,6,2026-01-11,,0
5249,Prospecting,1,2025-05-27,2025-06-04,8
5249,Discovery,2,2025-06-04,2025-07-12,38
5249,Demo,3,2025-07-12,2025-09-30,80
5249,Closed Lost,7,2025-10-01,,0
5250,Prospecting,1,2025-03-07,2025-03-27,20
5250,Discovery,2,2025-03-27,2025-03-30,3
5250,Demo,3,2025-03-30,2025-05-01,32
5250,Proposal,4,2025-05-01,2025-05-29,28
5250,Negotiation,5,2025-05-29,2025-06-03,5
5250,Closed Won,6,2025-06-05,,0
5252,Prospecting,1,2026-01-14,2026-02-12,29
5252,Discovery,2,2026-02-12,2026-02-25,13
5252,Demo,3,2026-02-25,2026-08-20,176
5254,Prospecting,1,2025-02-18,2025-02-19,1
5254,Discovery,2,2025-02-19,2025-03-24,33
5254,Demo,3,2025-03-24,2025-04-18,25
5254,Proposal,4,2025-04-18,2025-05-06,18
5254,Negotiation,5,2025-05-06,2025-05-16,10
5254,Closed Lost,7,2025-05-18,,0
5255,Prospecting,1,2025-07-04,2025-10-13,101
5255,Discovery,2,2025-10-13,2025-12-20,68
5255,Closed Lost,7,2025-12-21,,0
5257,Prospecting,1,2025-02-25,2025-02-26,1
5257,Discovery,2,2025-02-26,2025-04-08,41
5257,Closed Lost,7,2025-04-09,,0
5258,Prospecting,1,2025-12-06,2025-12-28,22
5258,Discovery,2,2025-12-28,2025-12-29,1
5258,Demo,3,2025-12-29,2026-01-02,4
5258,Closed Lost,7,2026-01-03,,0
5259,Prospecting,1,2025-10-27,2025-10-28,1
5259,Discovery,2,2025-10-28,2025-11-15,18
5259,Closed Lost,7,2025-11-15,,0
5266,Prospecting,1,2025-01-16,2025-02-04,19
5266,Discovery,2,2025-02-04,2025-02-05,1
5266,Demo,3,2025-02-05,2025-02-24,19
5266,Closed Lost,7,2025-02-26,,0
5267,Prospecting,1,2026-05-14,2026-05-23,9
5267,Discovery,2,2026-05-23,2026-06-05,13
5267,Demo,3,2026-06-05,2026-08-11,67
5267,Proposal,4,2026-08-11,2026-09-03,23
5267,Negotiation,5,2026-09-03,2026-10-21,48
5268,Prospecting,1,2025-02-19,2025-03-16,25
5268,Discovery,2,2025-03-16,2025-04-19,34
5268,Demo,3,2025-04-19,2025-05-05,16
5268,Proposal,4,2025-05-05,2025-05-06,1
5268,Negotiation,5,2025-05-06,2025-05-26,20
5268,Closed Lost,7,2025-05-27,,0
5269,Prospecting,1,2026-05-21,2026-06-05,15
5269,Discovery,2,2026-06-05,2026-06-06,1
5269,Demo,3,2026-06-06,2026-06-11,5
5269,Proposal,4,2026-06-11,2026-06-12,1
5269,Negotiation,5,2026-06-12,2026-06-17,5
5269,Closed Won,6,2026-06-20,,0
5271,Prospecting,1,2025-09-12,2025-10-24,42
5271,Discovery,2,2025-10-24,2025-11-26,33
5271,Demo,3,2025-11-26,2026-02-01,67
5271,Closed Lost,7,2026-02-03,,0
5272,Prospecting,1,2025-02-27,2025-03-09,10
5272,Discovery,2,2025-03-09,2025-03-24,15
5272,Demo,3,2025-03-24,2025-04-18,25
5272,Closed Lost,7,2025-04-20,,0
5273,Prospecting,1,2025-10-24,2025-11-20,27
5273,Discovery,2,2025-11-20,2025-12-17,27
5273,Demo,3,2025-12-17,2025-12-26,9
5273,Proposal,4,2025-12-26,2026-01-04,9
5273,Negotiation,5,2026-01-04,2026-01-12,8
5273,Closed Lost,7,2026-01-14,,0
5274,Prospecting,1,2026-02-23,2026-04-04,40
5274,Discovery,2,2026-04-04,2026-04-05,1
5274,Demo,3,2026-04-05,2026-04-20,15
5274,Proposal,4,2026-04-20,2026-04-21,1
5274,Closed Lost,7,2026-04-23,,0
5275,Prospecting,1,2025-10-26,2025-12-27,62
5275,Discovery,2,2025-12-27,2026-01-12,16
5275,Closed Lost,7,2026-01-13,,0
5276,Prospecting,1,2026-04-19,2026-06-15,57
5276,Discovery,2,2026-06-15,2026-07-27,42
5280,Prospecting,1,2025-10-08,2025-10-31,23
5280,Discovery,2,2025-10-31,2025-11-13,13
5280,Closed Lost,7,2025-11-14,,0
5282,Prospecting,1,2026-01-16,2026-02-02,17
5282,Discovery,2,2026-02-02,2026-02-19,17
5282,Demo,3,2026-02-19,2026-03-02,11
5282,Closed Lost,7,2026-03-03,,0
5283,Prospecting,1,2026-06-25,2026-08-19,55
5283,Discovery,2,2026-08-19,2026-09-08,20
5284,Prospecting,1,2026-05-31,2026-06-04,4
5284,Discovery,2,2026-06-04,2026-06-06,2
5284,Demo,3,2026-06-06,2026-06-08,2
5284,Proposal,4,2026-06-08,2026-06-23,15
5284,Negotiation,5,2026-06-23,2026-07-01,8
5285,Prospecting,1,2026-01-01,2026-01-19,18
5285,Discovery,2,2026-01-19,2026-03-14,54
5285,Closed Lost,7,2026-03-15,,0
5287,Prospecting,1,2026-04-07,2026-04-10,3
5287,Discovery,2,2026-04-10,2026-04-27,17
5287,Demo,3,2026-04-27,2026-05-14,17
5287,Proposal,4,2026-05-14,2026-05-17,3
5287,Closed Lost,7,2026-05-19,,0
5292,Prospecting,1,2025-08-04,2025-08-09,5
5292,Discovery,2,2025-08-09,2025-08-10,1
5292,Demo,3,2025-08-10,2025-08-14,4
5292,Proposal,4,2025-08-14,2025-08-17,3
5292,Closed Lost,7,2025-08-18,,0
5294,Prospecting,1,2026-06-19,2026-07-24,35
5294,Discovery,2,2026-07-24,2026-08-07,14
5296,Prospecting,1,2026-04-03,2026-04-10,7
5296,Discovery,2,2026-04-10,2026-04-13,3
5296,Demo,3,2026-04-13,2026-04-14,1
5296,Proposal,4,2026-04-14,2026-04-22,8
5296,Negotiation,5,2026-04-22,2026-04-25,3
5296,Closed Won,6,2026-04-26,,0
5299,Prospecting,1,2024-12-25,2025-01-27,33
5299,Discovery,2,2025-01-27,2025-01-31,4
5299,Demo,3,2025-01-31,2025-02-06,6
5299,Proposal,4,2025-02-06,2025-03-10,32
5299,Closed Lost,7,2025-03-12,,0
5300,Prospecting,1,2025-10-10,2025-11-11,32
5300,Discovery,2,2025-11-11,2025-12-12,31
5300,Demo,3,2025-12-12,2026-01-05,24
5300,Closed Lost,7,2026-01-07,,0
5301,Prospecting,1,2025-12-19,2025-12-20,1
5301,Discovery,2,2025-12-20,2025-12-25,5
5301,Demo,3,2025-12-25,2025-12-28,3
5301,Proposal,4,2025-12-28,2025-12-29,1
5301,Negotiation,5,2025-12-29,2026-01-04,6
5301,Closed Won,6,2026-01-04,,0
5304,Prospecting,1,2026-02-03,2026-05-15,101
5304,Discovery,2,2026-05-15,2026-06-23,39
5304,Closed Lost,7,2026-06-24,,0
5305,Prospecting,1,2026-04-29,2026-05-02,3
5305,Discovery,2,2026-05-02,2026-05-03,1
5305,Demo,3,2026-05-03,2026-05-08,5
5305,Proposal,4,2026-05-08,2026-05-12,4
5305,Negotiation,5,2026-05-12,2026-05-29,17
5305,Closed Lost,7,2026-05-30,,0
5306,Prospecting,1,2025-12-31,2026-01-14,14
5306,Discovery,2,2026-01-14,2026-01-18,4
5306,Demo,3,2026-01-18,2026-01-19,1
5306,Proposal,4,2026-01-19,2026-01-20,1
5306,Closed Lost,7,2026-01-22,,0
5310,Prospecting,1,2026-01-04,2026-01-07,3
5310,Discovery,2,2026-01-07,2026-01-08,1
5310,Demo,3,2026-01-08,2026-01-17,9
5310,Proposal,4,2026-01-17,2026-02-10,24
5310,Negotiation,5,2026-02-10,2026-02-22,12
5310,Closed Lost,7,2026-02-23,,0
5311,Prospecting,1,2025-11-21,2025-12-19,28
5311,Discovery,2,2025-12-19,2025-12-26,7
5311,Demo,3,2025-12-26,2026-01-04,9
5311,Proposal,4,2026-01-04,2026-01-06,2
5311,Negotiation,5,2026-01-06,2026-01-13,7
5311,Closed Won,6,2026-01-16,,0
5313,Prospecting,1,2026-03-05,2026-03-15,10
5313,Discovery,2,2026-03-15,2026-04-08,24
5313,Demo,3,2026-04-08,2026-04-09,1
5313,Proposal,4,2026-04-09,2026-04-10,1
5313,Closed Lost,7,2026-04-10,,0
5317,Prospecting,1,2024-09-12,2024-12-27,106
5317,Discovery,2,2024-12-27,2025-03-13,76
5317,Demo,3,2025-03-13,2025-03-24,11
5317,Closed Lost,7,2025-03-26,,0
5318,Prospecting,1,2025-04-03,2025-05-12,39
5318,Discovery,2,2025-05-12,2025-06-26,45
5318,Demo,3,2025-06-26,2025-07-04,8
5318,Proposal,4,2025-07-04,2025-08-25,52
5318,Closed Lost,7,2025-08-27,,0
5319,Prospecting,1,2026-05-17,2026-05-20,3
5319,Discovery,2,2026-05-20,2026-05-25,5
5319,Demo,3,2026-05-25,2026-05-31,6
5319,Proposal,4,2026-05-31,2026-06-07,7
5319,Negotiation,5,2026-06-07,2026-06-08,1
5319,Closed Won,6,2026-06-11,,0
5321,Prospecting,1,2026-03-23,2026-03-25,2
5321,Discovery,2,2026-03-25,2026-03-29,4
5321,Demo,3,2026-03-29,2026-04-04,6
5321,Proposal,4,2026-04-04,2026-05-03,29
5321,Negotiation,5,2026-05-03,2026-05-04,1
5321,Closed Won,6,2026-05-06,,0
5322,Prospecting,1,2026-02-22,2026-03-10,16
5322,Discovery,2,2026-03-10,2026-03-14,4
5322,Demo,3,2026-03-14,2026-03-15,1
5322,Proposal,4,2026-03-15,2026-03-27,12
5322,Negotiation,5,2026-03-27,2026-04-01,5
5322,Closed Won,6,2026-04-02,,0
5324,Prospecting,1,2026-02-11,2026-03-02,19
5324,Discovery,2,2026-03-02,2026-03-16,14
5324,Demo,3,2026-03-16,2026-04-25,40
5324,Proposal,4,2026-04-25,2026-06-02,38
5324,Negotiation,5,2026-06-02,2026-06-14,12
5324,Closed Lost,7,2026-06-18,,0
5325,Prospecting,1,2026-01-22,2026-01-26,4
5325,Discovery,2,2026-01-26,2026-02-20,25
5325,Demo,3,2026-02-20,2026-02-21,1
5325,Proposal,4,2026-02-21,2026-03-12,19
5325,Closed Lost,7,2026-03-13,,0
5326,Prospecting,1,2025-05-03,2025-05-10,7
5326,Discovery,2,2025-05-10,2025-05-28,18
5326,Demo,3,2025-05-28,2025-06-22,25
5326,Proposal,4,2025-06-22,2025-06-27,5
5326,Closed Lost,7,2025-06-29,,0
5327,Prospecting,1,2024-09-19,2024-09-27,8
5327,Discovery,2,2024-09-27,2024-10-02,5
5327,Demo,3,2024-10-02,2024-10-08,6
5327,Proposal,4,2024-10-08,2024-10-13,5
5327,Negotiation,5,2024-10-13,2024-10-18,5
5327,Closed Won,6,2024-10-21,,0
5328,Prospecting,1,2024-11-25,2024-12-03,8
5328,Discovery,2,2024-12-03,2024-12-12,9
5328,Demo,3,2024-12-12,2025-01-11,30
5328,Proposal,4,2025-01-11,2025-01-19,8
5328,Closed Lost,7,2025-01-21,,0
5329,Prospecting,1,2025-08-05,2025-08-14,9
5329,Discovery,2,2025-08-14,2025-08-15,1
5329,Demo,3,2025-08-15,2025-09-05,21
5329,Proposal,4,2025-09-05,2025-09-30,25
5329,Negotiation,5,2025-09-30,2025-11-26,57
5329,Closed Won,6,2025-11-28,,0
5330,Prospecting,1,2026-06-20,2026-07-29,39
5330,Discovery,2,2026-07-29,2026-07-30,1
5330,Demo,3,2026-07-30,2026-08-05,6
5330,Proposal,4,2026-08-05,2026-08-09,4
5331,Prospecting,1,2026-03-03,2026-03-14,11
5331,Discovery,2,2026-03-14,2026-03-28,14
5331,Demo,3,2026-03-28,2026-03-31,3
5331,Proposal,4,2026-03-31,2026-04-05,5
5331,Negotiation,5,2026-04-05,2026-04-06,1
5331,Closed Won,6,2026-04-07,,0
5339,Prospecting,1,2026-02-16,2026-02-21,5
5339,Discovery,2,2026-02-21,2026-05-20,88
5339,Closed Lost,7,2026-05-21,,0
5340,Prospecting,1,2024-11-22,2024-11-23,1
5340,Discovery,2,2024-11-23,2024-11-26,3
5340,Demo,3,2024-11-26,2024-11-27,1
5340,Proposal,4,2024-11-27,2024-11-28,1
5340,Negotiation,5,2024-11-28,2024-11-29,1
5340,Closed Lost,7,2024-11-29,,0
5341,Prospecting,1,2025-10-05,2025-10-21,16
5341,Discovery,2,2025-10-21,2025-10-28,7
5341,Demo,3,2025-10-28,2025-10-30,2
5341,Proposal,4,2025-10-30,2025-10-31,1
5341,Negotiation,5,2025-10-31,2025-11-01,1
5341,Closed Won,6,2025-11-02,,0
5345,Prospecting,1,2026-02-09,2026-02-14,5
5345,Discovery,2,2026-02-14,2026-02-17,3
5345,Demo,3,2026-02-17,2026-02-23,6
5345,Proposal,4,2026-02-23,2026-02-25,2
5345,Negotiation,5,2026-02-25,2026-02-28,3
5345,Closed Lost,7,2026-03-03,,0
5347,Prospecting,1,2024-10-30,2024-10-31,1
5347,Discovery,2,2024-10-31,2024-11-28,28
5347,Demo,3,2024-11-28,2024-11-29,1
5347,Proposal,4,2024-11-29,2024-12-07,8
5347,Negotiation,5,2024-12-07,2024-12-10,3
5347,Closed Won,6,2024-12-10,,0
5348,Prospecting,1,2025-03-19,2025-03-20,1
5348,Discovery,2,2025-03-20,2025-04-03,14
5348,Demo,3,2025-04-03,2025-04-13,10
5348,Closed Lost,7,2025-04-13,,0
5349,Prospecting,1,2026-02-05,2026-02-15,10
5349,Discovery,2,2026-02-15,2026-02-23,8
5349,Demo,3,2026-02-23,2026-03-05,10
5349,Proposal,4,2026-03-05,2026-03-17,12
5349,Closed Lost,7,2026-03-19,,0
5350,Prospecting,1,2026-03-31,2026-04-05,5
5350,Discovery,2,2026-04-05,2026-04-10,5
5350,Demo,3,2026-04-10,2026-04-12,2
5350,Proposal,4,2026-04-12,2026-04-18,6
5350,Negotiation,5,2026-04-18,2026-04-29,11
5350,Closed Won,6,2026-05-02,,0
5353,Prospecting,1,2025-09-13,2025-09-16,3
5353,Discovery,2,2025-09-16,2025-09-18,2
5353,Demo,3,2025-09-18,2025-09-24,6
5353,Proposal,4,2025-09-24,2025-09-28,4
5353,Negotiation,5,2025-09-28,2025-10-02,4
5353,Closed Won,6,2025-10-04,,0
5354,Prospecting,1,2025-07-13,2025-07-26,13
5354,Discovery,2,2025-07-26,2025-12-09,136
5354,Closed Lost,7,2025-12-10,,0
5355,Prospecting,1,2026-01-26,2026-02-06,11
5355,Discovery,2,2026-02-06,2026-02-10,4
5355,Demo,3,2026-02-10,2026-02-16,6
5355,Proposal,4,2026-02-16,2026-02-17,1
5355,Negotiation,5,2026-02-17,2026-03-05,16
5355,Closed Won,6,2026-03-06,,0
5356,Prospecting,1,2025-08-17,2025-08-21,4
5356,Discovery,2,2025-08-21,2025-09-26,36
5356,Demo,3,2025-09-26,2025-10-24,28
5356,Proposal,4,2025-10-24,2025-10-30,6
5356,Negotiation,5,2025-10-30,2025-11-20,21
5356,Closed Won,6,2025-11-23,,0
5357,Prospecting,1,2026-06-26,2026-07-31,35
5357,Discovery,2,2026-07-31,2026-08-01,1
5357,Demo,3,2026-08-01,2026-08-30,29
5357,Proposal,4,2026-08-30,2026-09-02,3
5357,Negotiation,5,2026-09-02,2026-09-04,2
5361,Prospecting,1,2024-08-10,2024-08-11,1
5361,Discovery,2,2024-08-11,2024-08-13,2
5361,Demo,3,2024-08-13,2024-08-19,6
5361,Proposal,4,2024-08-19,2024-09-04,16
5361,Negotiation,5,2024-09-04,2024-09-13,9
5361,Closed Won,6,2024-09-15,,0
5362,Prospecting,1,2025-06-14,2025-06-15,1
5362,Discovery,2,2025-06-15,2025-06-19,4
5362,Demo,3,2025-06-19,2025-06-26,7
5362,Proposal,4,2025-06-26,2025-06-28,2
5362,Negotiation,5,2025-06-28,2025-07-08,10
5362,Closed Lost,7,2025-07-11,,0
5363,Prospecting,1,2026-01-14,2026-01-31,17
5363,Discovery,2,2026-01-31,2026-02-01,1
5363,Demo,3,2026-02-01,2026-02-12,11
5363,Closed Lost,7,2026-02-13,,0
5365,Prospecting,1,2025-10-18,2025-10-30,12
5365,Discovery,2,2025-10-30,2025-11-22,23
5365,Closed Lost,7,2025-11-23,,0
5370,Prospecting,1,2026-05-19,2026-05-31,12
5370,Discovery,2,2026-05-31,2026-06-07,7
5370,Demo,3,2026-06-07,2026-06-10,3
5370,Closed Lost,7,2026-06-11,,0
5373,Prospecting,1,2024-08-12,2024-08-14,2
5373,Discovery,2,2024-08-14,2024-08-20,6
5373,Demo,3,2024-08-20,2024-09-15,26
5373,Proposal,4,2024-09-15,2024-09-20,5
5373,Closed Lost,7,2024-09-22,,0
5374,Prospecting,1,2025-07-02,2025-07-22,20
5374,Discovery,2,2025-07-22,2025-07-30,8
5374,Demo,3,2025-07-30,2025-08-03,4
5374,Proposal,4,2025-08-03,2025-08-04,1
5374,Negotiation,5,2025-08-04,2025-08-06,2
5374,Closed Won,6,2025-08-09,,0
5375,Prospecting,1,2025-12-09,2025-12-19,10
5375,Discovery,2,2025-12-19,2025-12-29,10
5375,Demo,3,2025-12-29,2026-01-15,17
5375,Closed Lost,7,2026-01-17,,0
5377,Prospecting,1,2026-02-11,2026-02-16,5
5377,Discovery,2,2026-02-16,2026-02-24,8
5377,Demo,3,2026-02-24,2026-03-05,9
5377,Proposal,4,2026-03-05,2026-03-19,14
5377,Negotiation,5,2026-03-19,2026-03-20,1
5377,Closed Won,6,2026-03-22,,0
5378,Prospecting,1,2026-06-06,2026-07-05,29
5378,Discovery,2,2026-07-05,2026-07-23,18
5378,Demo,3,2026-07-23,2026-08-13,21
5379,Prospecting,1,2025-12-24,2026-01-04,11
5379,Discovery,2,2026-01-04,2026-01-10,6
5379,Demo,3,2026-01-10,2026-01-16,6
5379,Proposal,4,2026-01-16,2026-01-18,2
5379,Negotiation,5,2026-01-18,2026-01-28,10
5379,Closed Won,6,2026-01-30,,0
5381,Prospecting,1,2026-04-19,2026-04-22,3
5381,Discovery,2,2026-04-22,2026-05-01,9
5381,Demo,3,2026-05-01,2026-05-11,10
5381,Proposal,4,2026-05-11,2026-05-23,12
5381,Closed Lost,7,2026-05-24,,0
5385,Prospecting,1,2025-04-16,2025-05-03,17
5385,Discovery,2,2025-05-03,2025-06-12,40
5385,Demo,3,2025-06-12,2025-07-09,27
5385,Proposal,4,2025-07-09,2025-10-07,90
5385,Closed Lost,7,2025-10-09,,0
5386,Prospecting,1,2026-01-30,2026-02-19,20
5386,Discovery,2,2026-02-19,2026-02-20,1
5386,Demo,3,2026-02-20,2026-02-26,6
5386,Closed Lost,7,2026-02-27,,0
5387,Prospecting,1,2026-06-01,2026-07-08,37
5392,Prospecting,1,2025-01-13,2025-01-21,8
5392,Discovery,2,2025-01-21,2025-01-25,4
5392,Demo,3,2025-01-25,2025-01-26,1
5392,Proposal,4,2025-01-26,2025-02-07,12
5392,Negotiation,5,2025-02-07,2025-02-18,11
5392,Closed Lost,7,2025-02-19,,0
5393,Prospecting,1,2025-12-08,2025-12-12,4
5393,Discovery,2,2025-12-12,2025-12-14,2
5393,Demo,3,2025-12-14,2025-12-18,4
5393,Proposal,4,2025-12-18,2026-01-02,15
5393,Closed Lost,7,2026-01-04,,0
5395,Prospecting,1,2025-04-08,2025-04-21,13
5395,Discovery,2,2025-04-21,2025-06-22,62
5395,Demo,3,2025-06-22,2025-07-25,33
5395,Proposal,4,2025-07-25,2025-07-31,6
5395,Closed Lost,7,2025-08-03,,0
5396,Prospecting,1,2026-03-04,2026-03-13,9
5396,Discovery,2,2026-03-13,2026-03-19,6
5396,Demo,3,2026-03-19,2026-03-20,1
5396,Proposal,4,2026-03-20,2026-03-21,1
5396,Closed Lost,7,2026-03-23,,0
5397,Prospecting,1,2025-09-05,2025-09-14,9
5397,Discovery,2,2025-09-14,2025-09-15,1
5397,Demo,3,2025-09-15,2025-09-26,11
5397,Proposal,4,2025-09-26,2025-09-27,1
5397,Negotiation,5,2025-09-27,2025-10-05,8
5397,Closed Won,6,2025-10-08,,0
5404,Prospecting,1,2025-10-12,2025-10-15,3
5404,Discovery,2,2025-10-15,2025-10-26,11
5404,Demo,3,2025-10-26,2025-11-09,14
5404,Proposal,4,2025-11-09,2025-11-17,8
5404,Negotiation,5,2025-11-17,2025-11-23,6
5404,Closed Won,6,2025-11-25,,0
5409,Prospecting,1,2025-03-19,2025-04-15,27
5409,Discovery,2,2025-04-15,2025-04-16,1
5409,Demo,3,2025-04-16,2025-04-17,1
5409,Proposal,4,2025-04-17,2025-05-02,15
5409,Negotiation,5,2025-05-02,2025-05-04,2
5409,Closed Won,6,2025-05-05,,0
5410,Prospecting,1,2026-03-13,2026-03-25,12
5410,Discovery,2,2026-03-25,2026-04-07,13
5410,Demo,3,2026-04-07,2026-05-28,51
5410,Proposal,4,2026-05-28,2026-06-07,10
5410,Closed Lost,7,2026-06-09,,0
5411,Prospecting,1,2025-12-20,2025-12-22,2
5411,Discovery,2,2025-12-22,2026-01-11,20
5411,Demo,3,2026-01-11,2026-01-13,2
5411,Proposal,4,2026-01-13,2026-01-14,1
5411,Closed Lost,7,2026-01-15,,0
5412,Prospecting,1,2025-10-01,2025-10-21,20
5412,Discovery,2,2025-10-21,2025-12-28,68
5412,Closed Lost,7,2025-12-29,,0
5413,Prospecting,1,2025-08-16,2025-11-25,101
5413,Discovery,2,2025-11-25,2026-02-15,82
5413,Closed Lost,7,2026-02-16,,0
5414,Prospecting,1,2026-04-06,2026-07-22,107
5414,Discovery,2,2026-07-22,2026-08-26,35
5416,Prospecting,1,2026-01-31,2026-02-01,1
5416,Discovery,2,2026-02-01,2026-02-02,1
5416,Demo,3,2026-02-02,2026-02-10,8
5416,Proposal,4,2026-02-10,2026-02-13,3
5416,Negotiation,5,2026-02-13,2026-02-26,13
5416,Closed Won,6,2026-02-28,,0
5417,Prospecting,1,2025-11-16,2025-11-17,1
5417,Discovery,2,2025-11-17,2025-12-02,15
5417,Demo,3,2025-12-02,2025-12-05,3
5417,Proposal,4,2025-12-05,2025-12-13,8
5417,Negotiation,5,2025-12-13,2025-12-15,2
5417,Closed Won,6,2025-12-16,,0
5421,Prospecting,1,2024-09-01,2024-09-14,13
5421,Discovery,2,2024-09-14,2024-09-15,1
5421,Demo,3,2024-09-15,2024-09-19,4
5421,Proposal,4,2024-09-19,2024-09-26,7
5421,Negotiation,5,2024-09-26,2024-10-09,13
5421,Closed Won,6,2024-10-09,,0
5422,Prospecting,1,2025-04-18,2025-04-23,5
5422,Discovery,2,2025-04-23,2025-05-10,17
5422,Demo,3,2025-05-10,2025-05-11,1
5422,Proposal,4,2025-05-11,2025-05-13,2
5422,Negotiation,5,2025-05-13,2025-05-16,3
5422,Closed Lost,7,2025-05-19,,0
5426,Prospecting,1,2025-04-24,2025-05-01,7
5426,Discovery,2,2025-05-01,2025-05-03,2
5426,Demo,3,2025-05-03,2025-05-08,5
5426,Proposal,4,2025-05-08,2025-05-20,12
5426,Negotiation,5,2025-05-20,2025-05-27,7
5426,Closed Lost,7,2025-05-29,,0
5427,Prospecting,1,2026-02-19,2026-02-21,2
5427,Discovery,2,2026-02-21,2026-04-02,40
5427,Demo,3,2026-04-02,2026-04-10,8
5427,Proposal,4,2026-04-10,2026-05-09,29
5427,Negotiation,5,2026-05-09,2026-05-13,4
5427,Closed Won,6,2026-05-16,,0
5428,Prospecting,1,2026-05-29,2026-06-12,14
5428,Discovery,2,2026-06-12,2026-06-16,4
5428,Demo,3,2026-06-16,2026-06-18,2
5428,Proposal,4,2026-06-18,2026-07-03,15
5432,Prospecting,1,2025-03-15,2025-03-17,2
5432,Discovery,2,2025-03-17,2025-03-24,7
5432,Demo,3,2025-03-24,2025-03-26,2
5432,Proposal,4,2025-03-26,2025-03-29,3
5432,Negotiation,5,2025-03-29,2025-04-09,11
5432,Closed Won,6,2025-04-12,,0
5433,Prospecting,1,2025-10-28,2025-11-04,7
5433,Discovery,2,2025-11-04,2025-11-06,2
5433,Demo,3,2025-11-06,2025-11-07,1
5433,Proposal,4,2025-11-07,2025-11-18,11
5433,Negotiation,5,2025-11-18,2025-11-27,9
5433,Closed Won,6,2025-11-30,,0
5434,Prospecting,1,2026-02-24,2026-03-25,29
5434,Discovery,2,2026-03-25,2026-03-29,4
5434,Demo,3,2026-03-29,2026-04-20,22
5434,Proposal,4,2026-04-20,2026-06-01,42
5434,Negotiation,5,2026-06-01,2026-06-06,5
5434,Closed Won,6,2026-06-09,,0
5435,Prospecting,1,2024-09-20,2024-09-23,3
5435,Discovery,2,2024-09-23,2024-10-02,9
5435,Demo,3,2024-10-02,2024-10-04,2
5435,Proposal,4,2024-10-04,2024-10-18,14
5435,Closed Lost,7,2024-10-20,,0
5436,Prospecting,1,2025-10-19,2025-10-26,7
5436,Discovery,2,2025-10-26,2025-10-27,1
5436,Demo,3,2025-10-27,2025-11-04,8
5436,Proposal,4,2025-11-04,2025-11-07,3
5436,Closed Lost,7,2025-11-08,,0
5437,Prospecting,1,2026-04-12,2026-04-14,2
5437,Discovery,2,2026-04-14,2026-06-04,51
5437,Closed Lost,7,2026-06-05,,0
5438,Prospecting,1,2025-03-26,2025-04-10,15
5438,Discovery,2,2025-04-10,2025-04-18,8
5438,Demo,3,2025-04-18,2025-04-19,1
5438,Proposal,4,2025-04-19,2025-04-29,10
5438,Closed Lost,7,2025-05-01,,0
5439,Prospecting,1,2026-01-08,2026-01-17,9
5439,Discovery,2,2026-01-17,2026-02-09,23
5439,Demo,3,2026-02-09,2026-02-13,4
5439,Closed Lost,7,2026-02-14,,0
5440,Prospecting,1,2024-09-10,2024-09-21,11
5440,Discovery,2,2024-09-21,2024-09-22,1
5440,Demo,3,2024-09-22,2024-09-24,2
5440,Proposal,4,2024-09-24,2024-10-03,9
5440,Negotiation,5,2024-10-03,2024-10-04,1
5440,Closed Won,6,2024-10-05,,0
5441,Prospecting,1,2025-10-09,2025-10-14,5
5441,Discovery,2,2025-10-14,2025-11-06,23
5441,Demo,3,2025-11-06,2025-11-10,4
5441,Closed Lost,7,2025-11-12,,0
5442,Prospecting,1,2025-11-28,2025-12-07,9
5442,Discovery,2,2025-12-07,2025-12-15,8
5442,Demo,3,2025-12-15,2026-03-24,99
5442,Proposal,4,2026-03-24,2026-04-11,18
5442,Negotiation,5,2026-04-11,2026-05-13,32
5442,Closed Won,6,2026-05-15,,0
5443,Prospecting,1,2026-01-23,2026-01-24,1
5443,Discovery,2,2026-01-24,2026-02-07,14
5443,Demo,3,2026-02-07,2026-02-12,5
5443,Proposal,4,2026-02-12,2026-03-07,23
5443,Negotiation,5,2026-03-07,2026-03-08,1
5443,Closed Lost,7,2026-03-10,,0
5446,Prospecting,1,2026-04-07,2026-04-22,15
5446,Discovery,2,2026-04-22,2026-04-27,5
5446,Closed Lost,7,2026-04-28,,0
5454,Prospecting,1,2024-12-11,2024-12-12,1
5454,Discovery,2,2024-12-12,2024-12-13,1
5454,Demo,3,2024-12-13,2024-12-17,4
5454,Proposal,4,2024-12-17,2025-01-12,26
5454,Negotiation,5,2025-01-12,2025-01-14,2
5454,Closed Lost,7,2025-01-16,,0
5455,Prospecting,1,2025-10-28,2025-12-03,36
5455,Discovery,2,2025-12-03,2025-12-07,4
5455,Closed Lost,7,2025-12-08,,0
5456,Prospecting,1,2025-11-30,2025-12-16,16
5456,Discovery,2,2025-12-16,2026-01-09,24
5456,Demo,3,2026-01-09,2026-01-24,15
5456,Proposal,4,2026-01-24,2026-01-27,3
5456,Closed Lost,7,2026-01-29,,0
5458,Prospecting,1,2026-05-04,2026-06-18,45
5458,Discovery,2,2026-06-18,2026-06-23,5
5458,Closed Lost,7,2026-06-24,,0
5461,Prospecting,1,2025-02-27,2025-03-26,27
5461,Discovery,2,2025-03-26,2025-04-08,13
5461,Demo,3,2025-04-08,2025-04-12,4
5461,Proposal,4,2025-04-12,2025-06-11,60
5461,Negotiation,5,2025-06-11,2025-07-14,33
5461,Closed Lost,7,2025-07-17,,0
5462,Prospecting,1,2025-08-21,2025-09-02,12
5462,Discovery,2,2025-09-02,2025-10-20,48
5462,Demo,3,2025-10-20,2026-01-02,74
5462,Proposal,4,2026-01-02,2026-01-03,1
5462,Negotiation,5,2026-01-03,2026-02-17,45
5462,Closed Lost,7,2026-02-20,,0
5463,Prospecting,1,2026-01-25,2026-01-31,6
5463,Discovery,2,2026-01-31,2026-03-17,45
5463,Closed Lost,7,2026-03-18,,0
5468,Prospecting,1,2025-08-09,2025-08-23,14
5468,Discovery,2,2025-08-23,2025-09-01,9
5468,Demo,3,2025-09-01,2025-09-25,24
5468,Closed Lost,7,2025-09-27,,0
5469,Prospecting,1,2025-11-04,2025-11-29,25
5469,Discovery,2,2025-11-29,2025-11-30,1
5469,Demo,3,2025-11-30,2025-12-01,1
5469,Proposal,4,2025-12-01,2025-12-11,10
5469,Negotiation,5,2025-12-11,2025-12-27,16
5469,Closed Won,6,2025-12-27,,0
5470,Prospecting,1,2025-12-14,2026-01-07,24
5470,Discovery,2,2026-01-07,2026-01-21,14
5470,Demo,3,2026-01-21,2026-02-07,17
5470,Proposal,4,2026-02-07,2026-02-13,6
5470,Closed Lost,7,2026-02-15,,0
5472,Prospecting,1,2026-05-24,2026-05-26,2
5472,Discovery,2,2026-05-26,2026-05-28,2
5472,Demo,3,2026-05-28,2026-05-29,1
5472,Proposal,4,2026-05-29,2026-08-05,68
5475,Prospecting,1,2025-02-22,2025-03-03,9
5475,Discovery,2,2025-03-03,2025-03-27,24
5475,Demo,3,2025-03-27,2025-04-02,6
5475,Proposal,4,2025-04-02,2025-04-03,1
5475,Closed Lost,7,2025-04-05,,0
5476,Prospecting,1,2025-10-20,2025-11-06,17
5476,Discovery,2,2025-11-06,2025-11-27,21
5476,Closed Lost,7,2025-11-28,,0
5478,Prospecting,1,2026-03-25,2026-04-29,35
5478,Discovery,2,2026-04-29,2026-05-03,4
5478,Demo,3,2026-05-03,2026-05-13,10
5478,Proposal,4,2026-05-13,2026-05-14,1
5478,Closed Lost,7,2026-05-16,,0
5480,Prospecting,1,2026-06-28,2026-07-12,14
5480,Discovery,2,2026-07-12,2026-07-27,15
5480,Demo,3,2026-07-27,2026-08-24,28
5482,Prospecting,1,2026-06-03,2026-06-04,1
5482,Discovery,2,2026-06-04,2026-06-10,6
5482,Demo,3,2026-06-10,2026-06-11,1
5482,Proposal,4,2026-06-11,2026-06-12,1
5482,Closed Lost,7,2026-06-13,,0
5484,Prospecting,1,2026-03-24,2026-04-03,10
5484,Discovery,2,2026-04-03,2026-06-24,82
5484,Demo,3,2026-06-24,2026-07-16,22
5488,Prospecting,1,2025-11-09,2025-12-09,30
5488,Discovery,2,2025-12-09,2026-01-03,25
5488,Demo,3,2026-01-03,2026-01-08,5
5488,Proposal,4,2026-01-08,2026-01-29,21
5488,Closed Lost,7,2026-01-31,,0
5490,Prospecting,1,2026-05-29,2026-06-05,7
5490,Discovery,2,2026-06-05,2026-06-06,1
5490,Demo,3,2026-06-06,2026-07-01,25
5490,Closed Lost,7,2026-07-01,,0
5495,Prospecting,1,2025-11-20,2025-11-21,1
5495,Discovery,2,2025-11-21,2025-11-29,8
5495,Demo,3,2025-11-29,2026-01-05,37
5495,Closed Lost,7,2026-01-07,,0
5497,Prospecting,1,2026-03-19,2026-03-24,5
5497,Discovery,2,2026-03-24,2026-04-21,28
5497,Closed Lost,7,2026-04-22,,0
5500,Prospecting,1,2026-02-08,2026-02-09,1
5500,Discovery,2,2026-02-09,2026-02-19,10
5500,Demo,3,2026-02-19,2026-03-09,18
5500,Proposal,4,2026-03-09,2026-03-14,5
5500,Negotiation,5,2026-03-14,2026-03-22,8
5500,Closed Won,6,2026-03-24,,0
5501,Prospecting,1,2025-12-28,2025-12-31,3
5501,Discovery,2,2025-12-31,2026-01-04,4
5501,Demo,3,2026-01-04,2026-01-20,16
5501,Proposal,4,2026-01-20,2026-01-26,6
5501,Closed Lost,7,2026-01-28,,0
5503,Prospecting,1,2026-02-27,2026-02-28,1
5503,Discovery,2,2026-02-28,2026-03-14,14
5503,Demo,3,2026-03-14,2026-03-27,13
5503,Proposal,4,2026-03-27,2026-04-10,14
5503,Negotiation,5,2026-04-10,2026-04-11,1
5503,Closed Lost,7,2026-04-12,,0
5504,Prospecting,1,2025-04-28,2025-04-29,1
5504,Discovery,2,2025-04-29,2025-05-07,8
5504,Demo,3,2025-05-07,2025-05-08,1
5504,Closed Lost,7,2025-05-10,,0
5505,Prospecting,1,2026-01-21,2026-02-17,27
5505,Discovery,2,2026-02-17,2026-03-26,37
5505,Closed Lost,7,2026-03-27,,0
5506,Prospecting,1,2026-03-21,2026-03-22,1
5506,Discovery,2,2026-03-22,2026-04-06,15
5506,Demo,3,2026-04-06,2026-04-13,7
5506,Proposal,4,2026-04-13,2026-04-14,1
5506,Closed Lost,7,2026-04-15,,0
5509,Prospecting,1,2024-09-08,2024-09-15,7
5509,Discovery,2,2024-09-15,2024-11-16,62
5509,Closed Lost,7,2024-11-17,,0
5510,Prospecting,1,2025-05-06,2025-05-28,22
5510,Discovery,2,2025-05-28,2025-06-08,11
5510,Demo,3,2025-06-08,2025-06-15,7
5510,Proposal,4,2025-06-15,2025-07-08,23
5510,Negotiation,5,2025-07-08,2025-07-09,1
5510,Closed Won,6,2025-07-11,,0
5511,Prospecting,1,2025-05-05,2025-05-27,22
5511,Discovery,2,2025-05-27,2025-05-30,3
5511,Demo,3,2025-05-30,2025-06-14,15
5511,Closed Lost,7,2025-06-15,,0
5512,Prospecting,1,2024-11-02,2024-11-15,13
5512,Discovery,2,2024-11-15,2024-11-21,6
5512,Demo,3,2024-11-21,2024-12-03,12
5512,Proposal,4,2024-12-03,2024-12-18,15
5512,Negotiation,5,2024-12-18,2024-12-21,3
5512,Closed Lost,7,2024-12-24,,0
5513,Prospecting,1,2026-06-07,2026-06-08,1
5513,Discovery,2,2026-06-08,2026-06-14,6
5513,Demo,3,2026-06-14,2026-08-04,51
5513,Proposal,4,2026-08-04,2026-08-27,23
5513,Negotiation,5,2026-08-27,2026-08-29,2
5516,Prospecting,1,2025-05-12,2025-05-26,14
5516,Discovery,2,2025-05-26,2025-05-27,1
5516,Demo,3,2025-05-27,2025-05-28,1
5516,Proposal,4,2025-05-28,2025-06-23,26
5516,Negotiation,5,2025-06-23,2025-06-29,6
5516,Closed Lost,7,2025-07-01,,0
5517,Prospecting,1,2025-09-14,2025-10-14,30
5517,Discovery,2,2025-10-14,2025-12-22,69
5517,Demo,3,2025-12-22,2025-12-28,6
5517,Closed Lost,7,2025-12-30,,0
5518,Prospecting,1,2026-04-09,2026-05-21,42
5518,Discovery,2,2026-05-21,2026-06-14,24
5518,Demo,3,2026-06-14,2026-07-19,35
5519,Prospecting,1,2025-07-03,2025-07-30,27
5519,Discovery,2,2025-07-30,2025-09-27,59
5519,Demo,3,2025-09-27,2025-10-10,13
5519,Closed Lost,7,2025-10-11,,0
5520,Prospecting,1,2026-04-23,2026-06-10,48
5520,Discovery,2,2026-06-10,2026-06-16,6
5520,Demo,3,2026-06-16,2026-07-13,27
5522,Prospecting,1,2025-01-25,2025-01-27,2
5522,Discovery,2,2025-01-27,2025-01-28,1
5522,Demo,3,2025-01-28,2025-02-23,26
5522,Proposal,4,2025-02-23,2025-02-24,1
5522,Negotiation,5,2025-02-24,2025-02-26,2
5522,Closed Won,6,2025-02-27,,0
5523,Prospecting,1,2025-11-12,2025-11-14,2
5523,Discovery,2,2025-11-14,2025-11-21,7
5523,Demo,3,2025-11-21,2025-11-25,4
5523,Proposal,4,2025-11-25,2025-11-26,1
5523,Negotiation,5,2025-11-26,2026-01-02,37
5523,Closed Won,6,2026-01-04,,0
5529,Prospecting,1,2026-03-21,2026-04-14,24
5529,Discovery,2,2026-04-14,2026-04-29,15
5529,Closed Lost,7,2026-04-30,,0
5530,Prospecting,1,2025-11-11,2025-11-17,6
5530,Discovery,2,2025-11-17,2025-11-23,6
5530,Demo,3,2025-11-23,2025-12-01,8
5530,Proposal,4,2025-12-01,2025-12-15,14
5530,Negotiation,5,2025-12-15,2026-01-05,21
5530,Closed Lost,7,2026-01-07,,0
5533,Prospecting,1,2026-06-02,2026-06-13,11
5533,Discovery,2,2026-06-13,2026-06-15,2
5533,Demo,3,2026-06-15,2026-06-26,11
5533,Closed Lost,7,2026-06-27,,0
5538,Prospecting,1,2024-12-01,2024-12-16,15
5538,Discovery,2,2024-12-16,2024-12-18,2
5538,Demo,3,2024-12-18,2025-01-03,16
5538,Proposal,4,2025-01-03,2025-01-20,17
5538,Negotiation,5,2025-01-20,2025-01-22,2
5538,Closed Lost,7,2025-01-25,,0
5539,Prospecting,1,2025-07-04,2025-07-15,11
5539,Discovery,2,2025-07-15,2025-08-02,18
5539,Closed Lost,7,2025-08-03,,0
5541,Prospecting,1,2025-04-17,2025-07-13,87
5541,Discovery,2,2025-07-13,2025-08-02,20
5541,Demo,3,2025-08-02,2025-08-27,25
5541,Proposal,4,2025-08-27,2025-10-16,50
5541,Negotiation,5,2025-10-16,2025-11-25,40
5541,Closed Won,6,2025-11-27,,0
5542,Prospecting,1,2026-05-11,2026-07-02,52
5542,Discovery,2,2026-07-02,2026-07-22,20
5542,Demo,3,2026-07-22,2026-09-25,65
5547,Prospecting,1,2025-03-02,2025-03-09,7
5547,Discovery,2,2025-03-09,2025-03-17,8
5547,Demo,3,2025-03-17,2025-04-18,32
5547,Proposal,4,2025-04-18,2025-04-19,1
5547,Closed Lost,7,2025-04-21,,0
5548,Prospecting,1,2025-11-08,2025-11-23,15
5548,Discovery,2,2025-11-23,2026-01-22,60
5548,Closed Lost,7,2026-01-23,,0
5549,Prospecting,1,2026-01-23,2026-02-03,11
5549,Discovery,2,2026-02-03,2026-03-10,35
5549,Closed Lost,7,2026-03-11,,0
5551,Prospecting,1,2024-11-19,2025-01-09,51
5551,Discovery,2,2025-01-09,2025-03-06,56
5551,Demo,3,2025-03-06,2025-03-19,13
5551,Proposal,4,2025-03-19,2025-04-03,15
5551,Negotiation,5,2025-04-03,2025-04-17,14
5551,Closed Won,6,2025-04-20,,0
5552,Prospecting,1,2025-08-16,2025-09-07,22
5552,Discovery,2,2025-09-07,2025-09-14,7
5552,Demo,3,2025-09-14,2025-09-27,13
5552,Proposal,4,2025-09-27,2026-01-04,99
5552,Closed Lost,7,2026-01-06,,0
5553,Prospecting,1,2026-03-28,2026-03-30,2
5553,Discovery,2,2026-03-30,2026-04-19,20
5553,Demo,3,2026-04-19,2026-04-22,3
5553,Closed Lost,7,2026-04-23,,0
5555,Prospecting,1,2025-06-02,2025-07-09,37
5555,Discovery,2,2025-07-09,2025-08-16,38
5555,Closed Lost,7,2025-08-17,,0
5556,Prospecting,1,2026-01-01,2026-01-11,10
5556,Discovery,2,2026-01-11,2026-01-16,5
5556,Demo,3,2026-01-16,2026-01-19,3
5556,Proposal,4,2026-01-19,2026-01-25,6
5556,Negotiation,5,2026-01-25,2026-02-03,9
5556,Closed Won,6,2026-02-06,,0
5559,Prospecting,1,2025-12-16,2025-12-25,9
5559,Discovery,2,2025-12-25,2025-12-27,2
5559,Demo,3,2025-12-27,2025-12-28,1
5559,Proposal,4,2025-12-28,2025-12-29,1
5559,Negotiation,5,2025-12-29,2026-01-04,6
5559,Closed Won,6,2026-01-06,,0
5562,Prospecting,1,2024-09-01,2024-09-09,8
5562,Discovery,2,2024-09-09,2024-10-08,29
5562,Closed Lost,7,2024-10-09,,0
5563,Prospecting,1,2025-08-05,2025-08-28,23
5563,Discovery,2,2025-08-28,2025-09-10,13
5563,Closed Lost,7,2025-09-11,,0
5565,Prospecting,1,2026-01-25,2026-02-06,12
5565,Discovery,2,2026-02-06,2026-02-17,11
5565,Demo,3,2026-02-17,2026-03-02,13
5565,Proposal,4,2026-03-02,2026-03-03,1
5565,Closed Lost,7,2026-03-05,,0
5567,Prospecting,1,2024-10-29,2024-11-29,31
5567,Discovery,2,2024-11-29,2024-12-03,4
5567,Demo,3,2024-12-03,2024-12-23,20
5567,Closed Lost,7,2024-12-25,,0
5571,Prospecting,1,2026-06-27,2026-07-09,12
5571,Discovery,2,2026-07-09,2026-07-24,15
5571,Demo,3,2026-07-24,2026-08-02,9
5571,Proposal,4,2026-08-02,2026-08-03,1
5574,Prospecting,1,2026-06-22,2026-07-05,13
5574,Discovery,2,2026-07-05,2026-12-02,150
5574,Demo,3,2026-12-02,2026-12-04,2
5577,Prospecting,1,2026-04-23,2026-04-26,3
5577,Discovery,2,2026-04-26,2026-05-25,29
5577,Closed Lost,7,2026-05-26,,0
5584,Prospecting,1,2025-04-29,2025-05-07,8
5584,Discovery,2,2025-05-07,2025-06-03,27
5584,Demo,3,2025-06-03,2025-06-04,1
5584,Proposal,4,2025-06-04,2025-06-25,21
5584,Closed Lost,7,2025-06-27,,0
5585,Prospecting,1,2026-05-21,2026-08-06,77
5588,Prospecting,1,2025-01-28,2025-02-10,13
5588,Discovery,2,2025-02-10,2025-02-20,10
5588,Demo,3,2025-02-20,2025-03-08,16
5588,Closed Lost,7,2025-03-09,,0
5589,Prospecting,1,2024-11-21,2024-12-12,21
5589,Discovery,2,2024-12-12,2025-01-01,20
5589,Demo,3,2025-01-01,2025-02-17,47
5589,Proposal,4,2025-02-17,2025-02-21,4
5589,Closed Lost,7,2025-02-22,,0
5590,Prospecting,1,2025-01-16,2025-01-18,2
5590,Discovery,2,2025-01-18,2025-03-01,42
5590,Demo,3,2025-03-01,2025-03-10,9
5590,Proposal,4,2025-03-10,2025-03-15,5
5590,Negotiation,5,2025-03-15,2025-04-01,17
5590,Closed Lost,7,2025-04-04,,0
5591,Prospecting,1,2025-11-24,2025-12-08,14
5591,Discovery,2,2025-12-08,2026-01-03,26
5591,Demo,3,2026-01-03,2026-01-06,3
5591,Proposal,4,2026-01-06,2026-01-20,14
5591,Negotiation,5,2026-01-20,2026-01-27,7
5591,Closed Lost,7,2026-01-29,,0
5593,Prospecting,1,2026-01-17,2026-04-22,95
5593,Discovery,2,2026-04-22,2026-05-05,13
5593,Demo,3,2026-05-05,2026-05-07,2
5593,Proposal,4,2026-05-07,2026-05-30,23
5593,Closed Lost,7,2026-06-01,,0
5596,Prospecting,1,2026-04-15,2026-04-28,13
5596,Discovery,2,2026-04-28,2026-05-01,3
5596,Demo,3,2026-05-01,2026-05-24,23
5596,Closed Lost,7,2026-05-26,,0
5598,Prospecting,1,2026-04-25,2026-05-06,11
5598,Discovery,2,2026-05-06,2026-05-16,10
5598,Demo,3,2026-05-16,2026-05-20,4
5598,Proposal,4,2026-05-20,2026-05-24,4
5598,Negotiation,5,2026-05-24,2026-05-27,3
5598,Closed Won,6,2026-05-30,,0
5608,Prospecting,1,2025-09-30,2025-12-16,77
5608,Discovery,2,2025-12-16,2025-12-31,15
5608,Closed Lost,7,2026-01-01,,0
5609,Prospecting,1,2026-05-27,2026-06-15,19
5609,Discovery,2,2026-06-15,2026-06-17,2
5609,Demo,3,2026-06-17,2026-07-03,16
5609,Proposal,4,2026-07-03,2026-07-12,9
5609,Negotiation,5,2026-07-12,2026-07-16,4
5610,Prospecting,1,2026-03-09,2026-03-10,1
5610,Discovery,2,2026-03-10,2026-03-12,2
5610,Demo,3,2026-03-12,2026-04-05,24
5610,Proposal,4,2026-04-05,2026-04-08,3
5610,Closed Lost,7,2026-04-09,,0
5614,Prospecting,1,2024-08-07,2024-08-21,14
5614,Discovery,2,2024-08-21,2024-09-01,11
5614,Demo,3,2024-09-01,2024-09-18,17
5614,Proposal,4,2024-09-18,2024-10-01,13
5614,Closed Lost,7,2024-10-03,,0
5615,Prospecting,1,2025-07-31,2025-08-07,7
5615,Discovery,2,2025-08-07,2025-08-19,12
5615,Demo,3,2025-08-19,2025-08-26,7
5615,Proposal,4,2025-08-26,2025-09-06,11
5615,Closed Lost,7,2025-09-08,,0
5616,Prospecting,1,2025-01-13,2025-01-14,1
5616,Discovery,2,2025-01-14,2025-01-19,5
5616,Demo,3,2025-01-19,2025-01-28,9
5616,Proposal,4,2025-01-28,2025-01-29,1
5616,Negotiation,5,2025-01-29,2025-01-31,2
5616,Closed Lost,7,2025-01-31,,0
5617,Prospecting,1,2025-10-25,2025-12-03,39
5617,Discovery,2,2025-12-03,2025-12-07,4
5617,Closed Lost,7,2025-12-08,,0
5620,Prospecting,1,2025-10-15,2025-10-20,5
5620,Discovery,2,2025-10-20,2025-10-24,4
5620,Demo,3,2025-10-24,2025-10-25,1
5620,Proposal,4,2025-10-25,2025-11-02,8
5620,Negotiation,5,2025-11-02,2025-11-10,8
5620,Closed Won,6,2025-11-12,,0
5621,Prospecting,1,2025-12-06,2025-12-27,21
5621,Discovery,2,2025-12-27,2025-12-28,1
5621,Demo,3,2025-12-28,2025-12-29,1
5621,Closed Lost,7,2025-12-31,,0
5629,Prospecting,1,2024-08-24,2024-09-04,11
5629,Discovery,2,2024-09-04,2024-09-21,17
5629,Closed Lost,7,2024-09-22,,0
5630,Prospecting,1,2025-05-31,2025-06-18,18
5630,Discovery,2,2025-06-18,2025-06-21,3
5630,Demo,3,2025-06-21,2025-07-03,12
5630,Proposal,4,2025-07-03,2025-07-13,10
5630,Negotiation,5,2025-07-13,2025-07-16,3
5630,Closed Lost,7,2025-07-19,,0
5631,Prospecting,1,2026-02-07,2026-02-17,10
5631,Discovery,2,2026-02-17,2026-02-18,1
5631,Demo,3,2026-02-18,2026-03-14,24
5631,Closed Lost,7,2026-03-16,,0
5632,Prospecting,1,2025-01-11,2025-01-13,2
5632,Discovery,2,2025-01-13,2025-02-09,27
5632,Demo,3,2025-02-09,2025-02-14,5
5632,Proposal,4,2025-02-14,2025-02-15,1
5632,Negotiation,5,2025-02-15,2025-02-16,1
5632,Closed Won,6,2025-02-18,,0
5633,Prospecting,1,2025-08-15,2025-08-16,1
5633,Discovery,2,2025-08-16,2025-09-07,22
5633,Demo,3,2025-09-07,2025-09-16,9
5633,Closed Lost,7,2025-09-17,,0
5635,Prospecting,1,2026-03-28,2026-03-29,1
5635,Discovery,2,2026-03-29,2026-04-08,10
5635,Demo,3,2026-04-08,2026-04-15,7
5635,Proposal,4,2026-04-15,2026-04-18,3
5635,Negotiation,5,2026-04-18,2026-05-09,21
5635,Closed Won,6,2026-05-11,,0
5636,Prospecting,1,2025-10-10,2025-10-20,10
5636,Discovery,2,2025-10-20,2025-12-02,43
5636,Demo,3,2025-12-02,2025-12-05,3
5636,Proposal,4,2025-12-05,2025-12-28,23
5636,Negotiation,5,2025-12-28,2026-01-16,19
5636,Closed Won,6,2026-01-18,,0
5639,Prospecting,1,2025-01-27,2025-01-30,3
5639,Discovery,2,2025-01-30,2025-02-13,14
5639,Demo,3,2025-02-13,2025-02-15,2
5639,Proposal,4,2025-02-15,2025-02-20,5
5639,Negotiation,5,2025-02-20,2025-02-22,2
5639,Closed Won,6,2025-02-24,,0
5640,Prospecting,1,2026-04-02,2026-08-23,143
5641,Prospecting,1,2025-08-29,2025-09-25,27
5641,Discovery,2,2025-09-25,2025-09-27,2
5641,Demo,3,2025-09-27,2025-09-28,1
5641,Proposal,4,2025-09-28,2025-09-29,1
5641,Closed Lost,7,2025-09-29,,0
5642,Prospecting,1,2026-05-23,2026-06-16,24
5642,Discovery,2,2026-06-16,2026-06-27,11
5642,Closed Lost,7,2026-06-28,,0
5646,Prospecting,1,2026-01-26,2026-01-29,3
5646,Discovery,2,2026-01-29,2026-02-26,28
5646,Demo,3,2026-02-26,2026-02-27,1
5646,Proposal,4,2026-02-27,2026-04-04,36
5646,Negotiation,5,2026-04-04,2026-04-12,8
5646,Closed Won,6,2026-04-13,,0
5647,Prospecting,1,2024-09-09,2024-09-15,6
5647,Discovery,2,2024-09-15,2024-11-28,74
5647,Closed Lost,7,2024-11-29,,0
5648,Prospecting,1,2025-05-15,2025-05-16,1
5648,Discovery,2,2025-05-16,2025-05-23,7
5648,Demo,3,2025-05-23,2025-05-26,3
5648,Proposal,4,2025-05-26,2025-06-01,6
5648,Negotiation,5,2025-06-01,2025-06-15,14
5648,Closed Won,6,2025-06-16,,0
5649,Prospecting,1,2026-04-08,2026-04-18,10
5649,Discovery,2,2026-04-18,2026-04-23,5
5649,Demo,3,2026-04-23,2026-04-25,2
5649,Proposal,4,2026-04-25,2026-04-30,5
5649,Negotiation,5,2026-04-30,2026-05-15,15
5649,Closed Lost,7,2026-05-18,,0
5650,Prospecting,1,2025-10-10,2025-10-14,4
5650,Discovery,2,2025-10-14,2025-10-16,2
5650,Demo,3,2025-10-16,2025-10-18,2
5650,Proposal,4,2025-10-18,2025-10-19,1
5650,Negotiation,5,2025-10-19,2025-10-27,8
5650,Closed Won,6,2025-10-28,,0
5652,Prospecting,1,2025-05-09,2025-05-21,12
5652,Discovery,2,2025-05-21,2025-05-22,1
5652,Demo,3,2025-05-22,2025-05-24,2
5652,Proposal,4,2025-05-24,2025-06-11,18
5652,Negotiation,5,2025-06-11,2025-06-21,10
5652,Closed Won,6,2025-06-21,,0
5653,Prospecting,1,2025-12-26,2025-12-31,5
5653,Discovery,2,2025-12-31,2026-01-01,1
5653,Demo,3,2026-01-01,2026-01-04,3
5653,Proposal,4,2026-01-04,2026-01-17,13
5653,Negotiation,5,2026-01-17,2026-01-18,1
5653,Closed Lost,7,2026-01-20,,0
5656,Prospecting,1,2025-10-03,2025-10-26,23
5656,Discovery,2,2025-10-26,2025-11-01,6
5656,Demo,3,2025-11-01,2025-11-04,3
5656,Proposal,4,2025-11-04,2025-11-05,1
5656,Negotiation,5,2025-11-05,2025-11-14,9
5656,Closed Won,6,2025-11-17,,0
5657,Prospecting,1,2026-05-24,2026-05-30,6
5657,Discovery,2,2026-05-30,2026-05-31,1
5657,Demo,3,2026-05-31,2026-06-01,1
5657,Proposal,4,2026-06-01,2026-07-04,33
5658,Prospecting,1,2025-10-10,2025-10-11,1
5658,Discovery,2,2025-10-11,2025-10-12,1
5658,Demo,3,2025-10-12,2025-10-16,4
5658,Proposal,4,2025-10-16,2025-10-29,13
5658,Negotiation,5,2025-10-29,2025-11-26,28
5658,Closed Lost,7,2025-11-29,,0
5659,Prospecting,1,2025-10-17,2025-10-23,6
5659,Discovery,2,2025-10-23,2025-10-28,5
5659,Demo,3,2025-10-28,2025-11-01,4
5659,Proposal,4,2025-11-01,2025-11-02,1
5659,Negotiation,5,2025-11-02,2025-11-15,13
5659,Closed Won,6,2025-11-17,,0
5660,Prospecting,1,2026-04-09,2026-04-10,1
5660,Discovery,2,2026-04-10,2026-04-23,13
5660,Demo,3,2026-04-23,2026-05-06,13
5660,Closed Lost,7,2026-05-08,,0
5662,Prospecting,1,2026-01-22,2026-01-28,6
5662,Discovery,2,2026-01-28,2026-02-07,10
5662,Demo,3,2026-02-07,2026-04-02,54
5662,Proposal,4,2026-04-02,2026-05-01,29
5662,Negotiation,5,2026-05-01,2026-05-14,13
5662,Closed Won,6,2026-05-17,,0
5663,Prospecting,1,2025-05-02,2025-05-31,29
5663,Discovery,2,2025-05-31,2025-06-05,5
5663,Demo,3,2025-06-05,2025-06-20,15
5663,Proposal,4,2025-06-20,2025-07-13,23
5663,Closed Lost,7,2025-07-15,,0
5664,Prospecting,1,2025-10-21,2025-10-25,4
5664,Discovery,2,2025-10-25,2025-11-01,7
5664,Demo,3,2025-11-01,2025-11-30,29
5664,Proposal,4,2025-11-30,2025-12-13,13
5664,Negotiation,5,2025-12-13,2025-12-14,1
5664,Closed Lost,7,2025-12-17,,0
5667,Prospecting,1,2025-05-27,2025-05-28,1
5667,Discovery,2,2025-05-28,2025-06-04,7
5667,Demo,3,2025-06-04,2025-07-01,27
5667,Closed Lost,7,2025-07-03,,0
5668,Prospecting,1,2025-11-15,2025-11-20,5
5668,Discovery,2,2025-11-20,2025-11-24,4
5668,Demo,3,2025-11-24,2025-11-25,1
5668,Proposal,4,2025-11-25,2025-11-29,4
5668,Closed Lost,7,2025-12-01,,0
5670,Prospecting,1,2025-12-13,2026-01-08,26
5670,Discovery,2,2026-01-08,2026-01-11,3
5670,Demo,3,2026-01-11,2026-01-24,13
5670,Closed Lost,7,2026-01-26,,0
5671,Prospecting,1,2025-08-19,2025-08-24,5
5671,Discovery,2,2025-08-24,2025-08-29,5
5671,Demo,3,2025-08-29,2025-09-09,11
5671,Proposal,4,2025-09-09,2025-09-10,1
5671,Negotiation,5,2025-09-10,2025-10-13,33
5671,Closed Lost,7,2025-10-16,,0
5672,Prospecting,1,2026-02-12,2026-02-24,12
5672,Discovery,2,2026-02-24,2026-03-22,26
5672,Demo,3,2026-03-22,2026-04-02,11
5672,Proposal,4,2026-04-02,2026-04-06,4
5672,Negotiation,5,2026-04-06,2026-04-19,13
5672,Closed Lost,7,2026-04-22,,0
5673,Prospecting,1,2025-10-15,2025-10-31,16
5673,Discovery,2,2025-10-31,2025-11-19,19
5673,Demo,3,2025-11-19,2025-11-21,2
5673,Proposal,4,2025-11-21,2025-11-23,2
5673,Negotiation,5,2025-11-23,2025-11-27,4
5673,Closed Lost,7,2025-11-29,,0
5677,Prospecting,1,2025-08-13,2025-12-22,131
5677,Discovery,2,2025-12-22,2026-02-14,54
5677,Closed Lost,7,2026-02-15,,0
5678,Prospecting,1,2025-09-10,2025-09-11,1
5678,Discovery,2,2025-09-11,2025-09-13,2
5678,Demo,3,2025-09-13,2025-09-14,1
5678,Proposal,4,2025-09-14,2025-09-15,1
5678,Negotiation,5,2025-09-15,2025-09-23,8
5678,Closed Won,6,2025-09-24,,0
5679,Prospecting,1,2025-02-04,2025-04-11,66
5679,Discovery,2,2025-04-11,2025-07-13,93
5679,Demo,3,2025-07-13,2025-07-16,3
5679,Closed Lost,7,2025-07-17,,0
5680,Prospecting,1,2026-05-06,2026-05-25,19
5680,Discovery,2,2026-05-25,2026-05-30,5
5680,Demo,3,2026-05-30,2026-06-23,24
5680,Proposal,4,2026-06-23,2026-06-24,1
5680,Negotiation,5,2026-06-24,2026-06-28,4
5680,Closed Won,6,2026-06-30,,0
5681,Prospecting,1,2026-01-24,2026-03-11,46
5681,Discovery,2,2026-03-11,2026-04-03,23
5681,Demo,3,2026-04-03,2026-04-17,14
5681,Proposal,4,2026-04-17,2026-04-27,10
5681,Closed Lost,7,2026-04-29,,0
5682,Prospecting,1,2025-12-20,2026-01-03,14
5682,Discovery,2,2026-01-03,2026-01-23,20
5682,Closed Lost,7,2026-01-24,,0
5684,Prospecting,1,2025-08-27,2025-09-16,20
5684,Discovery,2,2025-09-16,2025-11-08,53
5684,Closed Lost,7,2025-11-09,,0
5685,Prospecting,1,2026-02-15,2026-02-20,5
5685,Discovery,2,2026-02-20,2026-03-01,9
5685,Demo,3,2026-03-01,2026-03-04,3
5685,Proposal,4,2026-03-04,2026-03-16,12
5685,Negotiation,5,2026-03-16,2026-03-17,1
5685,Closed Lost,7,2026-03-19,,0
5690,Prospecting,1,2026-05-01,2026-05-12,11
5690,Discovery,2,2026-05-12,2026-05-23,11
5690,Closed Lost,7,2026-05-24,,0
5691,Prospecting,1,2025-02-09,2025-02-10,1
5691,Discovery,2,2025-02-10,2025-02-23,13
5691,Demo,3,2025-02-23,2025-05-08,74
5691,Closed Lost,7,2025-05-08,,0
5692,Prospecting,1,2024-10-28,2024-10-31,3
5692,Discovery,2,2024-10-31,2024-11-07,7
5692,Demo,3,2024-11-07,2024-11-21,14
5692,Proposal,4,2024-11-21,2024-11-23,2
5692,Negotiation,5,2024-11-23,2024-11-24,1
5692,Closed Lost,7,2024-11-26,,0
5693,Prospecting,1,2025-07-21,2025-08-19,29
5693,Discovery,2,2025-08-19,2025-08-25,6
5693,Demo,3,2025-08-25,2025-09-02,8
5693,Closed Lost,7,2025-09-03,,0
5694,Prospecting,1,2024-10-17,2024-10-23,6
5694,Discovery,2,2024-10-23,2024-11-23,31
5694,Demo,3,2024-11-23,2024-12-06,13
5694,Closed Lost,7,2024-12-07,,0
5695,Prospecting,1,2025-07-01,2025-07-07,6
5695,Discovery,2,2025-07-07,2025-07-08,1
5695,Demo,3,2025-07-08,2025-07-20,12
5695,Proposal,4,2025-07-20,2025-08-03,14
5695,Closed Lost,7,2025-08-04,,0
5696,Prospecting,1,2026-05-31,2026-06-15,15
5696,Discovery,2,2026-06-15,2026-06-16,1
5696,Demo,3,2026-06-16,2026-06-19,3
5696,Proposal,4,2026-06-19,2026-06-20,1
5696,Negotiation,5,2026-06-20,2026-06-23,3
5696,Closed Lost,7,2026-06-26,,0
5697,Prospecting,1,2025-05-24,2025-06-16,23
5697,Discovery,2,2025-06-16,2025-07-01,15
5697,Demo,3,2025-07-01,2025-07-27,26
5697,Closed Lost,7,2025-07-28,,0
5698,Prospecting,1,2026-05-24,2026-06-20,27
5698,Discovery,2,2026-06-20,2026-08-23,64
5701,Prospecting,1,2026-04-11,2026-04-29,18
5701,Discovery,2,2026-04-29,2026-05-09,10
5701,Demo,3,2026-05-09,2026-05-14,5
5701,Closed Lost,7,2026-05-16,,0
5702,Prospecting,1,2026-04-27,2026-05-26,29
5702,Discovery,2,2026-05-26,2026-06-05,10
5702,Demo,3,2026-06-05,2026-06-09,4
5702,Closed Lost,7,2026-06-10,,0
5705,Prospecting,1,2025-09-06,2025-09-22,16
5705,Discovery,2,2025-09-22,2025-10-02,10
5705,Demo,3,2025-10-02,2025-10-03,1
5705,Proposal,4,2025-10-03,2025-12-23,81
5705,Closed Lost,7,2025-12-25,,0
5706,Prospecting,1,2025-07-04,2025-07-06,2
5706,Discovery,2,2025-07-06,2025-07-10,4
5706,Demo,3,2025-07-10,2025-07-18,8
5706,Proposal,4,2025-07-18,2025-07-26,8
5706,Negotiation,5,2025-07-26,2025-07-27,1
5706,Closed Lost,7,2025-07-29,,0
5707,Prospecting,1,2026-03-18,2026-04-07,20
5707,Discovery,2,2026-04-07,2026-04-10,3
5707,Demo,3,2026-04-10,2026-04-12,2
5707,Closed Lost,7,2026-04-13,,0
5711,Prospecting,1,2026-06-10,2026-07-20,40
5711,Discovery,2,2026-07-20,2026-07-21,1
5714,Prospecting,1,2024-11-18,2024-11-27,9
5714,Discovery,2,2024-11-27,2024-12-01,4
5714,Demo,3,2024-12-01,2025-02-05,66
5714,Proposal,4,2025-02-05,2025-02-22,17
5714,Negotiation,5,2025-02-22,2025-05-30,97
5714,Closed Won,6,2025-06-02,,0
5715,Prospecting,1,2025-12-10,2026-01-06,27
5715,Discovery,2,2026-01-06,2026-01-10,4
5715,Demo,3,2026-01-10,2026-02-16,37
5715,Closed Lost,7,2026-02-18,,0
5716,Prospecting,1,2025-11-26,2025-12-02,6
5716,Discovery,2,2025-12-02,2025-12-03,1
5716,Demo,3,2025-12-03,2025-12-18,15
5716,Proposal,4,2025-12-18,2025-12-19,1
5716,Closed Lost,7,2025-12-19,,0
5717,Prospecting,1,2024-11-20,2024-11-21,1
5717,Discovery,2,2024-11-21,2024-11-22,1
5717,Demo,3,2024-11-22,2024-11-23,1
5717,Proposal,4,2024-11-23,2024-11-24,1
5717,Negotiation,5,2024-11-24,2024-11-26,2
5717,Closed Lost,7,2024-11-27,,0
5718,Prospecting,1,2025-02-02,2025-02-15,13
5718,Discovery,2,2025-02-15,2025-03-08,21
5718,Demo,3,2025-03-08,2025-03-11,3
5718,Closed Lost,7,2025-03-13,,0
5719,Prospecting,1,2025-08-20,2025-08-24,4
5719,Discovery,2,2025-08-24,2025-09-11,18
5719,Demo,3,2025-09-11,2025-09-14,3
5719,Proposal,4,2025-09-14,2025-09-21,7
5719,Negotiation,5,2025-09-21,2025-09-22,1
5719,Closed Won,6,2025-09-23,,0
5721,Prospecting,1,2025-12-05,2026-01-10,36
5721,Discovery,2,2026-01-10,2026-03-11,60
5721,Closed Lost,7,2026-03-12,,0
5724,Prospecting,1,2024-08-31,2024-09-06,6
5724,Discovery,2,2024-09-06,2024-09-11,5
5724,Demo,3,2024-09-11,2024-09-17,6
5724,Proposal,4,2024-09-17,2024-10-23,36
5724,Negotiation,5,2024-10-23,2024-10-27,4
5724,Closed Won,6,2024-10-30,,0
5725,Prospecting,1,2025-07-03,2025-07-14,11
5725,Discovery,2,2025-07-14,2025-09-06,54
5725,Demo,3,2025-09-06,2025-09-29,23
5725,Proposal,4,2025-09-29,2025-10-11,12
5725,Negotiation,5,2025-10-11,2025-10-14,3
5725,Closed Won,6,2025-10-16,,0
5726,Prospecting,1,2026-05-13,2026-05-14,1
5726,Discovery,2,2026-05-14,2026-05-28,14
5726,Demo,3,2026-05-28,2026-07-18,51
5726,Proposal,4,2026-07-18,2026-07-19,1
5727,Prospecting,1,2026-02-27,2026-02-28,1
5727,Discovery,2,2026-02-28,2026-03-23,23
5727,Demo,3,2026-03-23,2026-03-24,1
5727,Proposal,4,2026-03-24,2026-04-16,23
5727,Closed Lost,7,2026-04-15,,0
5728,Prospecting,1,2025-07-26,2025-07-27,1
5728,Discovery,2,2025-07-27,2025-07-28,1
5728,Demo,3,2025-07-28,2025-07-29,1
5728,Proposal,4,2025-07-29,2025-07-30,1
5728,Negotiation,5,2025-07-30,2025-08-03,4
5728,Closed Won,6,2025-08-02,,0
5729,Prospecting,1,2026-03-24,2026-03-30,6
5729,Discovery,2,2026-03-30,2026-04-07,8
5729,Demo,3,2026-04-07,2026-04-26,19
5729,Closed Lost,7,2026-04-27,,0
5731,Prospecting,1,2025-05-02,2025-05-08,6
5731,Discovery,2,2025-05-08,2025-05-12,4
5731,Demo,3,2025-05-12,2025-08-03,83
5731,Closed Lost,7,2025-08-04,,0
5732,Prospecting,1,2026-06-22,2026-06-25,3
5732,Discovery,2,2026-06-25,2026-07-06,11
5732,Demo,3,2026-07-06,2026-07-13,7
5732,Proposal,4,2026-07-13,2026-07-14,1
5732,Negotiation,5,2026-07-14,2026-07-22,8
5733,Prospecting,1,2026-04-24,2026-06-09,46
5733,Discovery,2,2026-06-09,2026-06-10,1
5733,Demo,3,2026-06-10,2026-07-04,24
5735,Prospecting,1,2024-08-02,2024-09-27,56
5735,Discovery,2,2024-09-27,2024-10-05,8
5735,Closed Lost,7,2024-10-06,,0
5736,Prospecting,1,2025-11-10,2025-11-11,1
5736,Discovery,2,2025-11-11,2025-11-22,11
5736,Demo,3,2025-11-22,2025-12-02,10
5736,Proposal,4,2025-12-02,2025-12-05,3
5736,Negotiation,5,2025-12-05,2025-12-06,1
5736,Closed Won,6,2025-12-08,,0
5738,Prospecting,1,2025-03-12,2025-06-23,103
5738,Discovery,2,2025-06-23,2025-07-06,13
5738,Closed Lost,7,2025-07-07,,0
5739,Prospecting,1,2026-03-05,2026-03-08,3
5739,Discovery,2,2026-03-08,2026-03-13,5
5739,Demo,3,2026-03-13,2026-03-27,14
5739,Closed Lost,7,2026-03-29,,0
5741,Prospecting,1,2025-06-25,2025-07-03,8
5741,Discovery,2,2025-07-03,2025-07-07,4
5741,Demo,3,2025-07-07,2025-07-21,14
5741,Proposal,4,2025-07-21,2025-08-06,16
5741,Negotiation,5,2025-08-06,2025-08-07,1
5741,Closed Won,6,2025-08-09,,0
5742,Prospecting,1,2026-05-12,2026-07-09,58
5742,Discovery,2,2026-07-09,2026-07-11,2
5742,Demo,3,2026-07-11,2026-07-27,16
5742,Proposal,4,2026-07-27,2026-09-06,41
5742,Negotiation,5,2026-09-06,2026-09-09,3
5743,Prospecting,1,2024-12-26,2024-12-27,1
5743,Discovery,2,2024-12-27,2025-02-12,47
5743,Closed Lost,7,2025-02-13,,0
5744,Prospecting,1,2025-08-09,2025-08-13,4
5744,Discovery,2,2025-08-13,2025-09-01,19
5744,Closed Lost,7,2025-09-02,,0
5745,Prospecting,1,2026-05-21,2026-05-22,1
5745,Discovery,2,2026-05-22,2026-08-28,98
5745,Demo,3,2026-08-28,2026-10-13,46
5745,Proposal,4,2026-10-13,2026-11-13,31
5745,Negotiation,5,2026-11-13,2026-11-29,16
5747,Prospecting,1,2026-01-30,2026-02-04,5
5747,Discovery,2,2026-02-04,2026-02-05,1
5747,Demo,3,2026-02-05,2026-02-14,9
5747,Proposal,4,2026-02-14,2026-02-15,1
5747,Negotiation,5,2026-02-15,2026-02-26,11
5747,Closed Won,6,2026-03-01,,0
5748,Prospecting,1,2025-11-29,2025-12-01,2
5748,Discovery,2,2025-12-01,2025-12-19,18
5748,Demo,3,2025-12-19,2025-12-27,8
5748,Proposal,4,2025-12-27,2025-12-28,1
5748,Negotiation,5,2025-12-28,2026-01-03,6
5748,Closed Won,6,2026-01-06,,0
5754,Prospecting,1,2025-02-12,2025-02-25,13
5754,Discovery,2,2025-02-25,2025-03-01,4
5754,Demo,3,2025-03-01,2025-03-02,1
5754,Proposal,4,2025-03-02,2025-03-11,9
5754,Negotiation,5,2025-03-11,2025-03-17,6
5754,Closed Won,6,2025-03-19,,0
5755,Prospecting,1,2026-01-11,2026-01-13,2
5755,Discovery,2,2026-01-13,2026-02-20,38
5755,Demo,3,2026-02-20,2026-03-16,24
5755,Proposal,4,2026-03-16,2026-03-19,3
5755,Closed Lost,7,2026-03-22,,0
5759,Prospecting,1,2024-12-17,2025-01-26,40
5759,Discovery,2,2025-01-26,2025-04-01,65
5759,Closed Lost,7,2025-04-02,,0
5760,Prospecting,1,2024-08-08,2024-08-09,1
5760,Discovery,2,2024-08-09,2024-08-12,3
5760,Demo,3,2024-08-12,2024-08-13,1
5760,Proposal,4,2024-08-13,2024-08-21,8
5760,Negotiation,5,2024-08-21,2024-08-29,8
5760,Closed Won,6,2024-08-29,,0
5761,Prospecting,1,2025-07-01,2025-07-28,27
5761,Discovery,2,2025-07-28,2025-07-29,1
5761,Demo,3,2025-07-29,2025-07-31,2
5761,Proposal,4,2025-07-31,2025-08-07,7
5761,Negotiation,5,2025-08-07,2025-08-08,1
5761,Closed Lost,7,2025-08-10,,0
5762,Prospecting,1,2025-09-16,2025-09-24,8
5762,Discovery,2,2025-09-24,2025-10-06,12
5762,Demo,3,2025-10-06,2025-10-18,12
5762,Closed Lost,7,2025-10-20,,0
5764,Prospecting,1,2025-09-29,2025-10-06,7
5764,Discovery,2,2025-10-06,2025-10-10,4
5764,Demo,3,2025-10-10,2025-10-22,12
5764,Proposal,4,2025-10-22,2025-10-29,7
5764,Negotiation,5,2025-10-29,2025-11-09,11
5764,Closed Won,6,2025-11-11,,0
5765,Prospecting,1,2026-06-20,2026-06-22,2
5765,Discovery,2,2026-06-22,2026-07-31,39
5767,Prospecting,1,2025-01-15,2025-01-24,9
5767,Discovery,2,2025-01-24,2025-02-05,12
5767,Demo,3,2025-02-05,2025-03-25,48
5767,Proposal,4,2025-03-25,2025-04-14,20
5767,Closed Lost,7,2025-04-17,,0
5768,Prospecting,1,2026-04-16,2026-04-17,1
5768,Discovery,2,2026-04-17,2026-05-11,24
5768,Demo,3,2026-05-11,2026-05-13,2
5768,Proposal,4,2026-05-13,2026-05-14,1
5768,Negotiation,5,2026-05-14,2026-05-26,12
5768,Closed Won,6,2026-05-27,,0
5769,Prospecting,1,2024-09-23,2024-10-02,9
5769,Discovery,2,2024-10-02,2024-10-05,3
5769,Demo,3,2024-10-05,2024-10-15,10
5769,Proposal,4,2024-10-15,2024-10-20,5
5769,Negotiation,5,2024-10-20,2024-10-23,3
5769,Closed Lost,7,2024-10-25,,0
5770,Prospecting,1,2025-07-17,2025-07-19,2
5770,Discovery,2,2025-07-19,2025-07-20,1
5770,Demo,3,2025-07-20,2025-07-21,1
5770,Proposal,4,2025-07-21,2025-07-22,1
5770,Negotiation,5,2025-07-22,2025-07-27,5
5770,Closed Lost,7,2025-07-27,,0
5771,Prospecting,1,2025-12-13,2025-12-21,8
5771,Discovery,2,2025-12-21,2025-12-27,6
5771,Demo,3,2025-12-27,2025-12-31,4
5771,Proposal,4,2025-12-31,2026-01-04,4
5771,Negotiation,5,2026-01-04,2026-01-09,5
5771,Closed Lost,7,2026-01-11,,0
