lead_id,account_id,created_date,created_month,source_channel,is_self_serve,is_mql,mql_date,is_sql,sql_date
1,1,2024-10-04,2024-10-01,display,0,0,,0,
2,2,2025-04-02,2025-04-01,affiliate,0,1,2025-04-05,0,
3,3,2025-03-15,2025-03-01,paid_social,0,0,,0,
4,4,2025-11-13,2025-11-01,affiliate,1,0,,0,
5,5,2025-08-05,2025-08-01,paid_social,0,1,2025-08-13,1,2025-08-31
6,6,2025-12-09,2025-12-01,affiliate,0,1,2025-12-16,0,
7,7,2026-05-01,2026-05-01,affiliate,0,0,,0,
8,8,2025-08-22,2025-08-01,email,0,1,2025-09-10,1,2025-09-19
9,9,2025-07-09,2025-07-01,display,1,1,2025-07-21,1,2025-08-18
10,10,2025-12-31,2025-12-01,display,1,1,2026-01-06,0,
11,11,2026-05-29,2026-05-01,direct,0,0,,0,
12,12,2024-11-17,2024-11-01,organic_search,1,0,,0,
13,13,2024-07-26,2024-07-01,paid_search,0,1,2024-07-30,0,
14,14,2026-01-09,2026-01-01,paid_search,0,1,2026-01-18,1,2026-02-05
15,15,2024-12-12,2024-12-01,paid_social,0,1,2024-12-29,0,
16,16,2025-10-15,2025-10-01,paid_social,0,0,,0,
17,17,2026-03-22,2026-03-01,email,0,1,2026-04-02,0,
18,18,2026-06-04,2026-06-01,paid_social,0,1,2026-06-05,0,
19,19,2025-10-16,2025-10-01,paid_social,0,0,,0,
20,20,2024-09-02,2024-09-01,paid_search,0,0,,0,
21,21,2026-03-28,2026-03-01,display,0,1,2026-04-15,0,
22,22,2026-03-27,2026-03-01,organic_search,0,1,2026-03-28,1,2026-05-06
23,23,2026-03-08,2026-03-01,paid_search,0,1,2026-03-15,0,
24,24,2025-07-19,2025-07-01,paid_search,0,0,,0,
25,25,2024-10-19,2024-10-01,affiliate,1,1,2024-10-25,0,
26,26,2024-09-16,2024-09-01,display,1,1,2024-10-01,1,2024-10-09
27,27,2026-03-16,2026-03-01,organic_search,0,0,,0,
28,28,2026-05-31,2026-05-01,organic_search,1,1,2026-06-12,1,2026-07-09
29,29,2025-08-16,2025-08-01,paid_social,1,0,,0,
30,30,2025-12-28,2025-12-01,paid_social,0,1,2025-12-30,0,
31,31,2026-06-17,2026-06-01,paid_search,1,1,2026-07-01,0,
32,32,2025-07-31,2025-07-01,display,0,1,2025-08-17,0,
33,33,2025-06-20,2025-06-01,display,1,1,2025-06-27,0,
34,34,2025-03-04,2025-03-01,email,0,0,,0,
35,35,2025-03-22,2025-03-01,organic_search,0,0,,0,
36,36,2026-06-06,2026-06-01,email,0,0,,0,
37,37,2026-03-20,2026-03-01,paid_social,1,1,2026-03-22,0,
38,38,2025-08-19,2025-08-01,email,0,0,,0,
39,39,2025-08-29,2025-08-01,email,1,1,2025-09-12,0,
40,40,2025-06-26,2025-06-01,email,0,0,,0,
41,41,2024-11-05,2024-11-01,affiliate,0,1,2024-11-23,0,
42,42,2025-03-01,2025-03-01,display,0,0,,0,
43,43,2026-04-12,2026-04-01,display,0,0,,0,
44,44,2026-05-26,2026-05-01,direct,1,0,,0,
45,45,2025-05-24,2025-05-01,paid_social,1,0,,0,
46,46,2025-04-13,2025-04-01,email,0,1,2025-04-14,0,
47,47,2024-12-17,2024-12-01,display,0,1,2024-12-21,1,2025-01-25
48,48,2025-09-24,2025-09-01,affiliate,0,0,,0,
49,49,2025-11-26,2025-11-01,direct,0,0,,0,
50,50,2025-06-17,2025-06-01,display,1,1,2025-07-07,0,
51,51,2025-11-04,2025-11-01,paid_social,0,1,2025-11-15,0,
52,52,2026-02-23,2026-02-01,paid_social,1,0,,0,
53,53,2026-05-18,2026-05-01,paid_social,0,1,2026-06-05,1,2026-07-12
54,54,2025-12-14,2025-12-01,affiliate,1,0,,0,
55,55,2026-03-05,2026-03-01,email,1,0,,0,
56,56,2024-10-06,2024-10-01,organic_search,1,1,2024-10-22,1,2024-11-08
57,57,2026-03-26,2026-03-01,email,1,0,,0,
58,58,2025-08-29,2025-08-01,direct,0,0,,0,
59,59,2025-12-02,2025-12-01,affiliate,1,1,2025-12-10,0,
60,60,2024-12-13,2024-12-01,affiliate,0,0,,0,
61,61,2026-05-06,2026-05-01,paid_search,1,1,2026-05-23,1,2026-05-29
62,62,2026-02-27,2026-02-01,paid_search,1,1,2026-02-28,0,
63,63,2025-08-26,2025-08-01,affiliate,0,1,2025-09-14,0,
64,64,2025-06-23,2025-06-01,email,0,0,,0,
65,65,2024-12-21,2024-12-01,email,0,1,2025-01-09,0,
66,66,2024-12-19,2024-12-01,affiliate,1,1,2024-12-26,1,2025-01-23
67,67,2025-08-26,2025-08-01,email,1,1,2025-09-12,0,
68,68,2024-11-02,2024-11-01,organic_search,1,1,2024-11-19,0,
69,69,2024-08-28,2024-08-01,affiliate,1,0,,0,
70,70,2024-12-09,2024-12-01,affiliate,0,1,2024-12-19,0,
71,71,2026-04-26,2026-04-01,direct,0,1,2026-04-29,1,2026-05-27
72,72,2025-01-20,2025-01-01,organic_search,0,0,,0,
73,73,2024-09-22,2024-09-01,display,0,1,2024-09-26,0,
74,74,2025-04-13,2025-04-01,paid_search,0,0,,0,
75,75,2026-03-01,2026-03-01,email,1,0,,0,
76,76,2025-01-10,2025-01-01,email,1,0,,0,
77,77,2024-12-21,2024-12-01,affiliate,0,1,2024-12-30,0,
78,78,2024-11-29,2024-11-01,email,1,0,,0,
79,79,2025-11-28,2025-11-01,paid_social,0,1,2025-12-06,0,
80,80,2026-04-13,2026-04-01,display,0,0,,0,
81,81,2026-04-08,2026-04-01,paid_search,0,1,2026-04-13,0,
82,82,2025-07-26,2025-07-01,email,0,1,2025-08-03,0,
83,83,2025-10-15,2025-10-01,affiliate,0,0,,0,
84,84,2025-07-29,2025-07-01,paid_search,0,0,,0,
85,85,2024-07-04,2024-07-01,affiliate,0,0,,0,
86,86,2025-12-19,2025-12-01,direct,0,1,2026-01-04,1,2026-02-06
87,87,2024-08-17,2024-08-01,email,1,1,2024-08-29,0,
88,88,2025-09-12,2025-09-01,direct,1,1,2025-09-19,1,2025-10-22
89,89,2025-02-27,2025-02-01,display,0,0,,0,
90,90,2026-05-17,2026-05-01,email,0,0,,0,
91,91,2024-08-29,2024-08-01,direct,0,1,2024-09-03,0,
92,92,2024-09-06,2024-09-01,direct,1,1,2024-09-15,0,
93,93,2025-08-04,2025-08-01,paid_social,0,1,2025-08-15,1,2025-08-26
94,94,2025-07-24,2025-07-01,organic_search,1,1,2025-07-25,0,
95,95,2024-12-07,2024-12-01,organic_search,0,1,2024-12-21,0,
96,96,2025-09-17,2025-09-01,display,0,1,2025-10-02,0,
97,97,2025-11-24,2025-11-01,direct,1,1,2025-12-13,1,2025-12-28
98,98,2026-03-01,2026-03-01,paid_search,0,1,2026-03-13,1,2026-03-30
99,99,2026-06-08,2026-06-01,paid_social,0,0,,0,
100,100,2025-08-16,2025-08-01,affiliate,0,0,,0,
101,101,2025-01-20,2025-01-01,email,1,1,2025-02-02,0,
102,102,2025-10-30,2025-10-01,paid_search,1,1,2025-11-16,0,
103,103,2024-11-30,2024-11-01,display,1,0,,0,
104,104,2026-04-29,2026-04-01,paid_search,0,1,2026-05-05,0,
105,105,2025-10-29,2025-10-01,display,0,1,2025-11-13,0,
106,106,2025-04-17,2025-04-01,display,0,0,,0,
107,107,2026-04-15,2026-04-01,email,0,0,,0,
108,108,2025-12-23,2025-12-01,paid_search,1,1,2026-01-03,0,
109,109,2025-05-11,2025-05-01,direct,1,0,,0,
110,110,2026-02-10,2026-02-01,paid_search,0,1,2026-02-13,1,2026-03-08
111,111,2026-02-06,2026-02-01,paid_social,0,1,2026-02-09,1,2026-03-11
112,112,2025-12-14,2025-12-01,paid_social,0,0,,0,
113,113,2026-05-31,2026-05-01,affiliate,0,0,,0,
114,114,2026-01-25,2026-01-01,paid_search,0,1,2026-02-07,0,
115,115,2025-10-19,2025-10-01,display,0,0,,0,
116,116,2025-03-22,2025-03-01,email,0,1,2025-04-03,0,
117,117,2025-02-23,2025-02-01,direct,0,0,,0,
118,118,2024-11-30,2024-11-01,paid_search,0,1,2024-12-08,1,2025-01-17
119,119,2026-02-07,2026-02-01,display,0,1,2026-02-13,1,2026-03-23
120,120,2025-07-16,2025-07-01,display,0,0,,0,
121,121,2025-10-06,2025-10-01,direct,0,0,,0,
122,122,2024-11-09,2024-11-01,paid_search,1,1,2024-11-27,1,2024-12-28
123,123,2025-05-13,2025-05-01,affiliate,1,0,,0,
124,124,2026-04-11,2026-04-01,email,0,1,2026-04-14,0,
125,125,2025-06-18,2025-06-01,paid_search,1,1,2025-07-07,0,
126,126,2026-04-30,2026-04-01,affiliate,0,0,,0,
127,127,2024-07-25,2024-07-01,paid_social,1,1,2024-08-11,1,2024-09-08
128,128,2025-06-08,2025-06-01,paid_social,1,0,,0,
129,129,2025-07-08,2025-07-01,affiliate,1,1,2025-07-14,0,
130,130,2024-12-13,2024-12-01,paid_social,0,1,2024-12-27,0,
131,131,2025-10-07,2025-10-01,display,0,1,2025-10-27,0,
132,132,2026-03-31,2026-03-01,direct,0,1,2026-04-14,1,2026-04-27
133,133,2025-10-20,2025-10-01,affiliate,0,0,,0,
134,134,2025-06-21,2025-06-01,display,1,0,,0,
135,135,2025-09-11,2025-09-01,email,1,1,2025-09-24,0,
136,136,2026-02-02,2026-02-01,organic_search,1,0,,0,
137,137,2025-09-07,2025-09-01,affiliate,0,0,,0,
138,138,2025-10-03,2025-10-01,email,1,1,2025-10-07,0,
139,139,2025-07-14,2025-07-01,direct,0,1,2025-08-01,0,
140,140,2025-02-19,2025-02-01,paid_social,1,0,,0,
141,141,2025-07-08,2025-07-01,direct,0,0,,0,
142,142,2025-08-14,2025-08-01,direct,0,1,2025-08-22,0,
143,143,2025-11-04,2025-11-01,affiliate,0,1,2025-11-23,1,2025-12-27
144,144,2026-04-24,2026-04-01,display,1,1,2026-05-12,0,
145,145,2025-04-19,2025-04-01,email,1,0,,0,
146,146,2025-10-12,2025-10-01,paid_search,0,0,,0,
147,147,2026-03-11,2026-03-01,direct,0,0,,0,
148,148,2025-02-23,2025-02-01,affiliate,0,0,,0,
149,149,2026-01-03,2026-01-01,organic_search,0,0,,0,
150,150,2025-06-16,2025-06-01,paid_search,1,1,2025-07-05,0,
151,151,2025-05-31,2025-05-01,email,0,1,2025-06-08,0,
152,152,2024-12-26,2024-12-01,display,1,1,2025-01-05,1,2025-02-11
153,153,2025-06-21,2025-06-01,email,0,1,2025-06-27,1,2025-08-16
154,154,2026-04-16,2026-04-01,email,0,1,2026-04-22,1,2026-05-24
155,155,2026-03-11,2026-03-01,paid_search,0,1,2026-03-13,1,2026-05-01
156,156,2025-03-24,2025-03-01,paid_search,1,1,2025-04-09,0,
157,157,2026-03-17,2026-03-01,paid_search,1,0,,0,
158,158,2025-07-06,2025-07-01,organic_search,0,0,,0,
159,159,2025-06-17,2025-06-01,affiliate,0,0,,0,
160,160,2025-06-15,2025-06-01,email,1,0,,0,
161,161,2025-12-27,2025-12-01,display,0,0,,0,
162,162,2026-06-15,2026-06-01,paid_social,1,1,2026-06-25,0,
163,163,2025-12-27,2025-12-01,display,0,1,2025-12-31,0,
164,164,2026-04-30,2026-04-01,affiliate,0,0,,0,
165,165,2024-08-01,2024-08-01,direct,0,0,,0,
166,166,2025-01-08,2025-01-01,display,1,1,2025-01-09,0,
167,167,2025-07-24,2025-07-01,email,0,1,2025-08-04,0,
168,168,2026-06-12,2026-06-01,paid_search,0,1,2026-06-23,1,2026-07-28
169,169,2024-09-11,2024-09-01,direct,1,1,2024-09-22,0,
170,170,2026-01-23,2026-01-01,affiliate,1,1,2026-01-26,0,
171,171,2025-11-15,2025-11-01,direct,1,1,2025-11-17,1,2025-12-18
172,172,2024-11-27,2024-11-01,display,0,1,2024-11-30,0,
173,173,2025-12-12,2025-12-01,display,1,0,,0,
174,174,2026-06-05,2026-06-01,organic_search,0,0,,0,
175,175,2025-07-09,2025-07-01,display,0,0,,0,
176,176,2026-05-19,2026-05-01,email,0,0,,0,
177,177,2025-12-29,2025-12-01,display,1,1,2026-01-04,0,
178,178,2026-02-20,2026-02-01,paid_social,0,0,,0,
179,179,2026-02-28,2026-02-01,paid_search,0,1,2026-03-07,1,2026-04-05
180,180,2025-02-12,2025-02-01,email,1,1,2025-02-24,0,
181,181,2026-05-18,2026-05-01,affiliate,0,0,,0,
182,182,2025-03-12,2025-03-01,direct,0,0,,0,
183,183,2026-04-03,2026-04-01,direct,1,0,,0,
184,184,2026-06-14,2026-06-01,paid_search,0,0,,0,
185,185,2025-03-22,2025-03-01,paid_search,1,1,2025-03-29,1,2025-04-13
186,186,2025-05-19,2025-05-01,email,0,1,2025-06-03,0,
187,187,2026-06-03,2026-06-01,organic_search,0,1,2026-06-05,0,
188,188,2026-05-10,2026-05-01,display,0,0,,0,
189,189,2026-01-30,2026-01-01,display,0,1,2026-02-03,0,
190,190,2025-12-04,2025-12-01,email,0,0,,0,
191,191,2025-09-10,2025-09-01,direct,1,0,,0,
192,192,2025-12-15,2025-12-01,affiliate,0,1,2026-01-03,1,2026-01-08
193,193,2024-10-26,2024-10-01,paid_search,1,1,2024-11-15,0,
194,194,2025-11-24,2025-11-01,paid_search,1,1,2025-12-08,1,2026-01-03
195,195,2025-12-12,2025-12-01,paid_social,0,0,,0,
196,196,2026-01-11,2026-01-01,email,1,1,2026-01-24,0,
197,197,2026-04-25,2026-04-01,organic_search,0,0,,0,
198,198,2026-05-10,2026-05-01,organic_search,0,1,2026-05-29,0,
199,199,2025-05-27,2025-05-01,paid_search,0,0,,0,
200,200,2025-03-29,2025-03-01,email,0,0,,0,
201,201,2026-06-14,2026-06-01,display,1,1,2026-06-15,0,
202,202,2024-11-03,2024-11-01,direct,1,0,,0,
203,203,2024-08-14,2024-08-01,display,0,0,,0,
204,204,2026-04-21,2026-04-01,email,0,1,2026-04-30,1,2026-06-04
205,205,2025-10-28,2025-10-01,affiliate,1,1,2025-10-29,0,
206,206,2025-02-13,2025-02-01,direct,1,1,2025-02-22,1,2025-04-03
207,207,2026-03-31,2026-03-01,affiliate,1,0,,0,
208,208,2025-04-04,2025-04-01,direct,0,1,2025-04-08,0,
209,209,2025-11-27,2025-11-01,organic_search,0,0,,0,
210,210,2026-01-06,2026-01-01,affiliate,0,1,2026-01-26,1,2026-02-16
211,211,2026-02-21,2026-02-01,organic_search,1,0,,0,
212,212,2025-06-27,2025-06-01,email,0,0,,0,
213,213,2025-03-21,2025-03-01,affiliate,0,0,,0,
214,214,2024-07-07,2024-07-01,paid_social,0,0,,0,
215,215,2025-05-09,2025-05-01,display,0,0,,0,
216,216,2025-08-30,2025-08-01,paid_social,0,0,,0,
217,217,2024-10-26,2024-10-01,organic_search,1,1,2024-11-10,1,2024-11-24
218,218,2025-07-05,2025-07-01,display,1,1,2025-07-20,0,
219,219,2026-06-04,2026-06-01,paid_social,1,1,2026-06-16,0,
220,220,2024-07-16,2024-07-01,affiliate,1,0,,0,
221,221,2025-12-04,2025-12-01,organic_search,1,1,2025-12-21,0,
222,222,2026-01-15,2026-01-01,paid_social,0,0,,0,
223,223,2026-05-09,2026-05-01,paid_search,1,1,2026-05-29,1,2026-06-19
224,224,2024-07-08,2024-07-01,display,0,0,,0,
225,225,2025-09-28,2025-09-01,organic_search,0,0,,0,
226,226,2024-12-19,2024-12-01,affiliate,0,1,2024-12-31,1,2025-01-28
227,227,2025-06-10,2025-06-01,display,1,0,,0,
228,228,2026-01-27,2026-01-01,paid_search,1,1,2026-02-10,0,
229,229,2025-02-01,2025-02-01,direct,0,1,2025-02-18,0,
230,230,2025-12-12,2025-12-01,email,1,1,2025-12-16,0,
231,231,2026-01-15,2026-01-01,affiliate,0,1,2026-01-26,1,2026-03-02
232,232,2024-11-25,2024-11-01,email,1,1,2024-12-01,0,
233,233,2025-09-07,2025-09-01,display,0,0,,0,
234,234,2025-04-23,2025-04-01,paid_search,1,1,2025-05-04,0,
235,235,2024-09-14,2024-09-01,display,0,0,,0,
236,236,2026-06-19,2026-06-01,paid_search,0,1,2026-06-21,0,
237,237,2024-12-31,2024-12-01,organic_search,0,1,2025-01-12,1,2025-02-07
238,238,2026-01-12,2026-01-01,paid_search,1,0,,0,
239,239,2025-11-19,2025-11-01,display,0,0,,0,
240,240,2025-04-17,2025-04-01,organic_search,1,0,,0,
241,241,2025-12-08,2025-12-01,paid_search,0,1,2025-12-22,1,2026-01-12
242,242,2025-11-20,2025-11-01,paid_search,0,0,,0,
243,243,2025-07-31,2025-07-01,direct,0,0,,0,
244,244,2026-04-23,2026-04-01,direct,0,0,,0,
245,245,2026-04-22,2026-04-01,organic_search,0,0,,0,
246,246,2025-12-13,2025-12-01,direct,0,1,2025-12-27,1,2026-02-06
247,247,2024-10-17,2024-10-01,paid_search,0,0,,0,
248,248,2025-08-26,2025-08-01,organic_search,1,1,2025-09-07,0,
249,249,2025-03-13,2025-03-01,organic_search,1,0,,0,
250,250,2025-03-24,2025-03-01,display,1,0,,0,
251,251,2025-05-29,2025-05-01,direct,1,0,,0,
252,252,2026-01-26,2026-01-01,direct,0,0,,0,
253,253,2025-08-26,2025-08-01,email,0,0,,0,
254,254,2025-10-07,2025-10-01,paid_social,1,1,2025-10-27,1,2025-11-11
255,255,2025-05-05,2025-05-01,paid_search,1,1,2025-05-13,0,
256,256,2026-05-29,2026-05-01,affiliate,1,1,2026-05-30,1,2026-07-13
257,257,2026-01-04,2026-01-01,paid_social,1,0,,0,
258,258,2025-08-31,2025-08-01,display,0,1,2025-09-08,0,
259,259,2025-04-22,2025-04-01,paid_social,0,0,,0,
260,260,2025-04-28,2025-04-01,direct,1,1,2025-05-10,1,2025-06-07
261,261,2025-10-04,2025-10-01,affiliate,0,0,,0,
262,262,2025-03-23,2025-03-01,paid_search,0,1,2025-04-02,0,
263,263,2026-04-30,2026-04-01,affiliate,1,0,,0,
264,264,2026-04-15,2026-04-01,email,1,0,,0,
265,265,2026-01-19,2026-01-01,paid_search,0,0,,0,
266,266,2025-11-27,2025-11-01,affiliate,0,1,2025-12-06,0,
267,267,2024-11-20,2024-11-01,paid_social,1,0,,0,
268,268,2024-10-02,2024-10-01,organic_search,0,0,,0,
269,269,2024-12-31,2024-12-01,organic_search,1,1,2025-01-05,1,2025-02-21
270,270,2025-09-30,2025-09-01,organic_search,1,1,2025-10-10,1,2025-11-26
271,271,2025-08-12,2025-08-01,paid_search,1,0,,0,
272,272,2024-08-15,2024-08-01,paid_social,0,1,2024-08-18,0,
273,273,2024-11-16,2024-11-01,paid_social,0,1,2024-12-06,0,
274,274,2026-05-10,2026-05-01,paid_search,0,0,,0,
275,275,2025-11-15,2025-11-01,email,1,1,2025-12-02,0,
276,276,2026-05-27,2026-05-01,organic_search,0,0,,0,
277,277,2026-01-18,2026-01-01,paid_search,1,0,,0,
278,278,2026-01-13,2026-01-01,direct,1,0,,0,
279,279,2024-12-08,2024-12-01,email,0,1,2024-12-18,1,2025-01-15
280,280,2025-09-22,2025-09-01,display,0,1,2025-10-07,1,2025-11-13
281,281,2024-12-12,2024-12-01,organic_search,1,1,2024-12-20,0,
282,282,2026-04-10,2026-04-01,direct,0,0,,0,
283,283,2024-09-01,2024-09-01,paid_search,1,0,,0,
284,284,2025-12-26,2025-12-01,email,1,0,,0,
285,285,2025-03-19,2025-03-01,display,0,0,,0,
286,286,2025-10-28,2025-10-01,affiliate,0,1,2025-10-30,1,2025-12-01
287,287,2025-05-21,2025-05-01,display,0,0,,0,
288,288,2026-02-07,2026-02-01,paid_social,0,0,,0,
289,289,2024-12-08,2024-12-01,paid_search,0,1,2024-12-09,0,
290,290,2024-12-14,2024-12-01,email,1,1,2024-12-27,0,
291,291,2026-02-20,2026-02-01,display,0,1,2026-02-28,0,
292,292,2025-05-09,2025-05-01,direct,0,0,,0,
293,293,2025-11-07,2025-11-01,organic_search,0,1,2025-11-18,1,2025-12-29
294,294,2026-01-14,2026-01-01,display,0,0,,0,
295,295,2026-04-12,2026-04-01,display,1,1,2026-04-21,0,
296,296,2026-04-30,2026-04-01,display,1,0,,0,
297,297,2026-06-14,2026-06-01,paid_search,1,0,,0,
298,298,2024-12-10,2024-12-01,direct,0,0,,0,
299,299,2025-09-11,2025-09-01,display,0,1,2025-09-23,1,2025-10-11
300,300,2025-10-05,2025-10-01,affiliate,1,0,,0,
301,301,2025-10-31,2025-10-01,paid_search,0,1,2025-11-06,1,2025-12-21
302,302,2025-08-12,2025-08-01,paid_search,0,1,2025-08-19,1,2025-10-08
303,303,2026-01-21,2026-01-01,paid_social,0,0,,0,
304,304,2026-03-08,2026-03-01,paid_social,0,0,,0,
305,305,2025-11-04,2025-11-01,email,0,1,2025-11-06,1,2025-12-31
306,306,2024-09-25,2024-09-01,paid_search,1,0,,0,
307,307,2025-06-12,2025-06-01,affiliate,1,1,2025-07-02,0,
308,308,2024-08-15,2024-08-01,paid_search,0,1,2024-09-01,0,
309,309,2025-11-15,2025-11-01,email,1,0,,0,
310,310,2024-07-26,2024-07-01,paid_social,1,0,,0,
311,311,2025-03-23,2025-03-01,email,0,0,,0,
312,312,2025-12-24,2025-12-01,affiliate,0,1,2026-01-01,0,
313,313,2024-12-23,2024-12-01,paid_search,0,1,2025-01-11,0,
314,314,2025-05-02,2025-05-01,paid_social,1,1,2025-05-03,0,
315,315,2024-09-29,2024-09-01,affiliate,0,1,2024-10-01,1,2024-11-02
316,316,2025-01-27,2025-01-01,paid_social,1,0,,0,
317,317,2026-02-13,2026-02-01,email,0,1,2026-02-20,0,
318,318,2026-05-13,2026-05-01,email,1,0,,0,
319,319,2025-12-18,2025-12-01,paid_search,0,1,2025-12-29,0,
320,320,2025-10-08,2025-10-01,direct,0,1,2025-10-20,1,2025-12-02
321,321,2026-04-26,2026-04-01,paid_social,0,1,2026-05-10,1,2026-05-20
322,322,2026-02-03,2026-02-01,email,1,0,,0,
323,323,2025-05-26,2025-05-01,affiliate,0,1,2025-06-10,0,
324,324,2024-12-04,2024-12-01,display,0,1,2024-12-24,0,
325,325,2025-01-30,2025-01-01,paid_search,0,1,2025-02-01,1,2025-03-18
326,326,2026-01-19,2026-01-01,direct,0,0,,0,
327,327,2025-10-29,2025-10-01,email,0,1,2025-11-04,0,
328,328,2025-09-16,2025-09-01,paid_search,0,1,2025-10-03,0,
329,329,2024-09-03,2024-09-01,email,1,0,,0,
330,330,2025-10-26,2025-10-01,direct,1,1,2025-11-07,1,2025-11-22
331,331,2024-07-23,2024-07-01,email,0,1,2024-07-26,0,
332,332,2025-11-07,2025-11-01,paid_social,1,1,2025-11-18,0,
333,333,2025-02-25,2025-02-01,organic_search,0,0,,0,
334,334,2025-02-03,2025-02-01,email,1,1,2025-02-23,0,
335,335,2025-02-13,2025-02-01,display,0,1,2025-02-22,0,
336,336,2026-01-27,2026-01-01,direct,0,1,2026-02-06,0,
337,337,2024-09-01,2024-09-01,paid_social,1,1,2024-09-04,0,
338,338,2025-12-01,2025-12-01,direct,0,0,,0,
339,339,2025-11-10,2025-11-01,paid_social,0,1,2025-11-26,0,
340,340,2026-06-19,2026-06-01,paid_search,0,1,2026-06-21,0,
341,341,2025-08-01,2025-08-01,email,0,0,,0,
342,342,2024-07-04,2024-07-01,email,1,0,,0,
343,343,2024-09-22,2024-09-01,organic_search,0,1,2024-10-09,1,2024-11-06
344,344,2026-01-25,2026-01-01,affiliate,0,1,2026-01-31,1,2026-02-28
345,345,2026-06-01,2026-06-01,paid_search,0,1,2026-06-02,1,2026-07-03
346,346,2025-02-19,2025-02-01,direct,1,0,,0,
347,347,2025-08-15,2025-08-01,paid_social,1,0,,0,
348,348,2024-11-23,2024-11-01,organic_search,0,1,2024-11-29,0,
349,349,2025-06-06,2025-06-01,email,1,1,2025-06-26,0,
350,350,2024-07-26,2024-07-01,paid_social,1,1,2024-08-03,0,
351,351,2025-11-29,2025-11-01,direct,0,1,2025-12-12,1,2025-12-24
352,352,2026-02-09,2026-02-01,direct,0,1,2026-02-16,0,
353,353,2026-04-21,2026-04-01,paid_search,0,0,,0,
354,354,2025-01-09,2025-01-01,paid_search,1,1,2025-01-16,0,
355,355,2025-06-15,2025-06-01,paid_search,0,1,2025-06-25,1,2025-07-23
356,356,2025-10-07,2025-10-01,affiliate,0,1,2025-10-19,1,2025-11-03
357,357,2025-10-13,2025-10-01,affiliate,1,0,,0,
358,358,2025-02-26,2025-02-01,direct,0,0,,0,
359,359,2024-08-24,2024-08-01,email,0,1,2024-09-07,0,
360,360,2026-06-05,2026-06-01,paid_social,0,0,,0,
361,361,2025-11-03,2025-11-01,display,0,1,2025-11-15,0,
362,362,2025-12-09,2025-12-01,email,0,1,2025-12-10,1,2026-02-03
363,363,2024-08-05,2024-08-01,paid_social,0,1,2024-08-12,1,2024-09-28
364,364,2025-07-21,2025-07-01,paid_search,1,0,,0,
365,365,2026-06-20,2026-06-01,paid_social,1,0,,0,
366,366,2026-02-04,2026-02-01,display,1,0,,0,
367,367,2025-12-19,2025-12-01,organic_search,1,1,2026-01-03,1,2026-01-10
368,368,2026-06-20,2026-06-01,direct,0,0,,0,
369,369,2025-03-07,2025-03-01,organic_search,0,1,2025-03-25,1,2025-04-20
370,370,2024-12-04,2024-12-01,email,0,0,,0,
371,371,2025-09-02,2025-09-01,email,0,0,,0,
372,372,2025-04-18,2025-04-01,direct,1,1,2025-04-23,1,2025-06-02
373,373,2025-08-09,2025-08-01,organic_search,1,0,,0,
374,374,2025-08-29,2025-08-01,paid_search,1,1,2025-09-04,0,
375,375,2026-04-18,2026-04-01,paid_social,0,1,2026-04-30,1,2026-05-29
376,376,2024-07-24,2024-07-01,affiliate,1,1,2024-08-13,0,
377,377,2024-12-17,2024-12-01,paid_social,1,1,2024-12-24,0,
378,378,2024-08-02,2024-08-01,affiliate,0,0,,0,
379,379,2024-07-11,2024-07-01,display,0,1,2024-07-21,1,2024-09-05
380,380,2026-05-28,2026-05-01,affiliate,0,0,,0,
381,381,2025-07-26,2025-07-01,paid_social,1,0,,0,
382,382,2025-05-17,2025-05-01,organic_search,1,1,2025-06-06,0,
383,383,2025-12-03,2025-12-01,paid_search,0,1,2025-12-11,0,
384,384,2026-01-01,2026-01-01,organic_search,1,0,,0,
385,385,2025-08-03,2025-08-01,affiliate,0,1,2025-08-05,1,2025-09-24
386,386,2026-06-15,2026-06-01,paid_social,1,1,2026-06-24,0,
387,387,2025-09-17,2025-09-01,paid_social,1,0,,0,
388,388,2025-03-27,2025-03-01,affiliate,1,1,2025-04-11,1,2025-04-30
389,389,2025-07-01,2025-07-01,email,0,1,2025-07-06,0,
390,390,2026-02-24,2026-02-01,display,0,0,,0,
391,391,2026-03-03,2026-03-01,display,1,1,2026-03-07,1,2026-03-29
392,392,2025-04-21,2025-04-01,organic_search,0,1,2025-05-10,0,
393,393,2025-07-10,2025-07-01,organic_search,1,1,2025-07-15,0,
394,394,2026-02-09,2026-02-01,organic_search,1,0,,0,
395,395,2026-06-18,2026-06-01,paid_search,1,1,2026-07-02,1,2026-07-30
396,396,2026-02-03,2026-02-01,paid_social,0,0,,0,
397,397,2026-03-30,2026-03-01,display,0,1,2026-04-19,1,2026-04-20
398,398,2025-07-03,2025-07-01,email,0,0,,0,
399,399,2026-06-04,2026-06-01,email,1,1,2026-06-10,0,
400,400,2026-04-12,2026-04-01,organic_search,1,0,,0,
401,401,2026-04-13,2026-04-01,paid_search,1,1,2026-05-03,0,
402,402,2025-02-04,2025-02-01,affiliate,0,1,2025-02-22,1,2025-03-31
403,403,2026-06-17,2026-06-01,affiliate,1,0,,0,
404,404,2025-05-22,2025-05-01,paid_social,1,0,,0,
405,405,2026-02-17,2026-02-01,paid_social,1,1,2026-02-27,0,
406,406,2025-08-14,2025-08-01,organic_search,1,1,2025-08-25,1,2025-09-27
407,407,2025-03-13,2025-03-01,display,0,0,,0,
408,408,2024-11-25,2024-11-01,affiliate,0,1,2024-12-11,0,
409,409,2025-07-14,2025-07-01,paid_search,0,0,,0,
410,410,2025-05-09,2025-05-01,display,0,1,2025-05-16,1,2025-07-03
411,411,2025-01-28,2025-01-01,paid_social,1,1,2025-02-14,1,2025-02-28
412,412,2026-04-19,2026-04-01,paid_social,0,0,,0,
413,413,2025-01-20,2025-01-01,organic_search,0,1,2025-02-03,1,2025-02-25
414,414,2026-02-08,2026-02-01,display,0,1,2026-02-21,1,2026-04-05
415,415,2026-02-03,2026-02-01,direct,0,0,,0,
416,416,2024-12-02,2024-12-01,paid_search,1,1,2024-12-05,0,
417,417,2026-05-05,2026-05-01,paid_social,0,0,,0,
418,418,2025-03-02,2025-03-01,organic_search,1,1,2025-03-14,1,2025-04-10
419,419,2024-12-10,2024-12-01,display,0,1,2024-12-20,1,2025-01-06
420,420,2025-01-18,2025-01-01,display,0,1,2025-01-29,1,2025-03-05
421,421,2024-12-14,2024-12-01,paid_social,0,1,2024-12-26,0,
422,422,2025-12-05,2025-12-01,email,0,1,2025-12-21,0,
423,423,2026-04-26,2026-04-01,affiliate,1,0,,0,
424,424,2025-01-03,2025-01-01,organic_search,0,0,,0,
425,425,2025-01-31,2025-01-01,paid_search,0,0,,0,
426,426,2025-06-06,2025-06-01,direct,0,0,,0,
427,427,2024-08-11,2024-08-01,affiliate,1,1,2024-08-17,1,2024-10-02
428,428,2026-06-20,2026-06-01,paid_search,0,0,,0,
429,429,2025-08-29,2025-08-01,paid_social,1,1,2025-09-14,0,
430,430,2025-10-12,2025-10-01,organic_search,1,1,2025-10-24,1,2025-12-07
431,431,2025-10-21,2025-10-01,direct,0,1,2025-11-10,0,
432,432,2025-04-21,2025-04-01,paid_social,1,0,,0,
433,433,2026-02-17,2026-02-01,affiliate,1,0,,0,
434,434,2026-04-19,2026-04-01,affiliate,0,1,2026-04-25,0,
435,435,2025-07-31,2025-07-01,direct,1,1,2025-08-13,0,
436,436,2026-01-12,2026-01-01,paid_social,1,0,,0,
437,437,2024-11-20,2024-11-01,direct,0,1,2024-11-29,0,
438,438,2025-03-05,2025-03-01,direct,1,1,2025-03-22,0,
439,439,2025-07-06,2025-07-01,direct,1,1,2025-07-19,0,
440,440,2025-07-02,2025-07-01,display,0,1,2025-07-09,1,2025-07-30
441,441,2024-11-26,2024-11-01,display,0,0,,0,
442,442,2025-02-26,2025-02-01,email,0,1,2025-03-04,0,
443,443,2025-11-01,2025-11-01,paid_search,1,1,2025-11-04,1,2025-12-08
444,444,2026-05-14,2026-05-01,display,0,0,,0,
445,445,2026-02-01,2026-02-01,paid_search,0,0,,0,
446,446,2024-12-11,2024-12-01,organic_search,0,0,,0,
447,447,2026-03-18,2026-03-01,affiliate,0,0,,0,
448,448,2025-08-31,2025-08-01,paid_social,0,1,2025-09-03,0,
449,449,2026-06-16,2026-06-01,display,1,1,2026-07-01,1,2026-07-30
450,450,2025-10-03,2025-10-01,display,0,1,2025-10-11,0,
451,451,2025-07-12,2025-07-01,paid_social,1,1,2025-07-19,1,2025-08-20
452,452,2026-01-19,2026-01-01,paid_social,0,0,,0,
453,453,2026-01-04,2026-01-01,organic_search,0,1,2026-01-19,0,
454,454,2026-05-14,2026-05-01,affiliate,0,0,,0,
455,455,2026-03-11,2026-03-01,email,0,0,,0,
456,456,2025-08-08,2025-08-01,affiliate,1,1,2025-08-26,0,
457,457,2025-02-11,2025-02-01,paid_social,1,1,2025-02-28,0,
458,458,2025-01-31,2025-01-01,paid_search,0,1,2025-02-12,1,2025-03-28
459,459,2024-08-18,2024-08-01,email,1,1,2024-08-22,0,
460,460,2024-07-01,2024-07-01,paid_social,1,1,2024-07-10,0,
461,461,2026-04-21,2026-04-01,paid_search,0,1,2026-04-29,0,
462,462,2025-12-01,2025-12-01,affiliate,1,1,2025-12-07,1,2026-01-12
463,463,2025-08-06,2025-08-01,email,0,1,2025-08-09,0,
464,464,2025-01-31,2025-01-01,email,1,1,2025-02-18,0,
465,465,2025-04-30,2025-04-01,affiliate,0,1,2025-05-03,1,2025-06-14
466,466,2024-10-14,2024-10-01,email,1,0,,0,
467,467,2024-10-28,2024-10-01,organic_search,0,0,,0,
468,468,2025-01-18,2025-01-01,display,0,1,2025-02-01,0,
469,469,2026-04-16,2026-04-01,email,1,1,2026-05-06,0,
470,470,2025-02-21,2025-02-01,affiliate,0,1,2025-02-22,1,2025-04-21
471,471,2026-04-27,2026-04-01,paid_search,0,1,2026-05-05,0,
472,472,2025-10-13,2025-10-01,display,1,1,2025-10-31,0,
473,473,2025-06-10,2025-06-01,display,0,0,,0,
474,474,2024-09-05,2024-09-01,paid_search,0,1,2024-09-25,1,2024-10-07
475,475,2025-06-30,2025-06-01,affiliate,0,0,,0,
476,476,2025-11-23,2025-11-01,organic_search,0,1,2025-12-01,0,
477,477,2025-08-27,2025-08-01,organic_search,0,0,,0,
478,478,2026-03-09,2026-03-01,direct,0,1,2026-03-25,1,2026-04-24
479,479,2024-12-17,2024-12-01,display,0,0,,0,
480,480,2024-12-16,2024-12-01,affiliate,0,1,2024-12-28,1,2025-01-28
481,481,2025-12-30,2025-12-01,paid_social,0,1,2026-01-01,0,
482,482,2025-03-24,2025-03-01,paid_search,0,1,2025-03-30,1,2025-04-29
483,483,2026-05-20,2026-05-01,email,0,1,2026-06-01,0,
484,484,2026-04-24,2026-04-01,email,0,1,2026-04-26,0,
485,485,2025-10-17,2025-10-01,affiliate,0,1,2025-10-25,1,2025-12-05
486,486,2025-12-18,2025-12-01,email,0,1,2025-12-28,0,
487,487,2025-10-13,2025-10-01,organic_search,1,1,2025-10-16,0,
488,488,2026-03-01,2026-03-01,affiliate,1,0,,0,
489,489,2024-10-10,2024-10-01,organic_search,0,0,,0,
490,490,2026-02-25,2026-02-01,affiliate,1,1,2026-02-28,1,2026-04-12
491,491,2024-07-08,2024-07-01,paid_social,0,0,,0,
492,492,2025-12-17,2025-12-01,email,0,0,,0,
493,493,2024-08-07,2024-08-01,display,0,1,2024-08-21,1,2024-10-02
494,494,2025-01-19,2025-01-01,affiliate,0,1,2025-01-22,1,2025-02-11
495,495,2026-05-12,2026-05-01,display,1,1,2026-05-24,0,
496,496,2026-01-22,2026-01-01,paid_search,0,0,,0,
497,497,2026-03-25,2026-03-01,paid_search,1,0,,0,
498,498,2025-01-03,2025-01-01,paid_search,0,0,,0,
499,499,2025-05-10,2025-05-01,paid_search,0,1,2025-05-23,0,
500,500,2025-11-09,2025-11-01,affiliate,0,0,,0,
501,501,2025-09-21,2025-09-01,email,1,1,2025-10-10,0,
502,502,2026-06-06,2026-06-01,paid_social,0,0,,0,
503,503,2025-06-29,2025-06-01,email,1,1,2025-07-06,0,
504,504,2025-03-30,2025-03-01,email,0,1,2025-04-02,1,2025-05-02
505,505,2025-05-07,2025-05-01,paid_search,1,1,2025-05-25,1,2025-06-28
506,506,2025-09-10,2025-09-01,paid_search,0,0,,0,
507,507,2025-08-06,2025-08-01,email,0,1,2025-08-09,1,2025-09-08
508,508,2024-11-06,2024-11-01,paid_search,0,1,2024-11-17,1,2024-12-09
509,509,2026-04-07,2026-04-01,affiliate,1,1,2026-04-14,0,
510,510,2025-04-03,2025-04-01,email,1,1,2025-04-14,1,2025-05-11
511,511,2026-03-18,2026-03-01,affiliate,1,0,,0,
512,512,2024-07-14,2024-07-01,email,1,0,,0,
513,513,2025-06-23,2025-06-01,paid_social,1,1,2025-06-25,0,
514,514,2026-01-31,2026-01-01,affiliate,0,0,,0,
515,515,2025-01-20,2025-01-01,affiliate,0,0,,0,
516,516,2026-06-12,2026-06-01,display,1,0,,0,
517,517,2025-11-18,2025-11-01,display,0,0,,0,
518,518,2026-03-28,2026-03-01,paid_social,1,0,,0,
519,519,2025-11-20,2025-11-01,email,0,0,,0,
520,520,2026-02-08,2026-02-01,email,1,0,,0,
521,521,2025-01-13,2025-01-01,organic_search,1,1,2025-01-30,0,
522,522,2025-11-13,2025-11-01,organic_search,0,0,,0,
523,523,2025-07-15,2025-07-01,paid_social,0,1,2025-07-29,1,2025-08-21
524,524,2026-06-18,2026-06-01,direct,0,1,2026-06-27,0,
525,525,2026-01-01,2026-01-01,direct,0,0,,0,
526,526,2025-10-21,2025-10-01,organic_search,0,0,,0,
527,527,2025-09-23,2025-09-01,email,0,1,2025-10-02,1,2025-10-28
528,528,2024-11-16,2024-11-01,display,0,1,2024-12-02,1,2025-01-05
529,529,2025-05-21,2025-05-01,direct,0,1,2025-05-24,0,
530,530,2025-07-09,2025-07-01,display,0,1,2025-07-12,0,
531,531,2025-06-01,2025-06-01,paid_search,0,0,,0,
532,532,2025-05-29,2025-05-01,affiliate,1,0,,0,
533,533,2025-07-31,2025-07-01,organic_search,0,1,2025-08-17,1,2025-09-27
534,534,2025-11-29,2025-11-01,direct,0,1,2025-12-11,1,2026-01-08
535,535,2025-05-08,2025-05-01,direct,1,0,,0,
536,536,2025-05-18,2025-05-01,affiliate,1,1,2025-05-25,0,
537,537,2026-05-26,2026-05-01,affiliate,1,1,2026-06-15,1,2026-07-12
538,538,2026-02-21,2026-02-01,email,1,0,,0,
539,539,2025-06-09,2025-06-01,display,0,1,2025-06-18,1,2025-07-04
540,540,2025-02-10,2025-02-01,paid_social,0,0,,0,
541,541,2026-02-25,2026-02-01,direct,0,0,,0,
542,542,2026-03-24,2026-03-01,organic_search,1,1,2026-04-12,0,
543,543,2026-04-28,2026-04-01,direct,0,1,2026-05-06,0,
544,544,2024-12-01,2024-12-01,email,0,1,2024-12-08,0,
545,545,2026-03-27,2026-03-01,paid_search,1,1,2026-04-06,0,
546,546,2025-03-13,2025-03-01,affiliate,1,0,,0,
547,547,2026-04-17,2026-04-01,email,0,0,,0,
548,548,2026-06-03,2026-06-01,organic_search,0,0,,0,
549,549,2025-03-19,2025-03-01,affiliate,1,1,2025-04-04,0,
550,550,2025-04-18,2025-04-01,affiliate,0,1,2025-04-28,1,2025-06-07
551,551,2026-03-08,2026-03-01,email,0,0,,0,
552,552,2026-03-31,2026-03-01,paid_search,0,1,2026-04-03,1,2026-05-19
553,553,2025-11-29,2025-11-01,direct,0,1,2025-12-19,0,
554,554,2025-07-12,2025-07-01,direct,0,1,2025-07-26,0,
555,555,2026-02-01,2026-02-01,paid_social,1,1,2026-02-12,0,
556,556,2026-05-05,2026-05-01,email,1,1,2026-05-12,0,
557,557,2026-03-31,2026-03-01,paid_search,1,0,,0,
558,558,2025-10-16,2025-10-01,email,1,1,2025-10-21,0,
559,559,2026-06-04,2026-06-01,affiliate,1,1,2026-06-11,0,
560,560,2025-08-14,2025-08-01,display,0,1,2025-08-21,1,2025-09-16
561,561,2026-04-22,2026-04-01,paid_social,1,1,2026-05-03,0,
562,562,2025-01-30,2025-01-01,paid_social,1,0,,0,
563,563,2024-12-02,2024-12-01,paid_search,1,0,,0,
564,564,2026-05-01,2026-05-01,paid_social,0,0,,0,
565,565,2024-07-10,2024-07-01,organic_search,1,1,2024-07-17,0,
566,566,2025-02-24,2025-02-01,direct,0,1,2025-03-04,1,2025-03-25
567,567,2025-12-07,2025-12-01,affiliate,1,1,2025-12-24,0,
568,568,2024-12-06,2024-12-01,paid_social,1,1,2024-12-25,0,
569,569,2025-04-03,2025-04-01,affiliate,0,1,2025-04-17,1,2025-05-11
570,570,2024-11-24,2024-11-01,paid_social,0,1,2024-12-07,1,2025-01-08
571,571,2025-09-30,2025-09-01,email,0,1,2025-10-09,1,2025-11-10
572,572,2025-10-20,2025-10-01,email,1,1,2025-11-02,0,
573,573,2025-07-08,2025-07-01,paid_search,1,1,2025-07-17,1,2025-08-03
574,574,2024-11-15,2024-11-01,paid_social,1,1,2024-11-22,0,
575,575,2026-03-22,2026-03-01,paid_search,0,1,2026-03-26,0,
576,576,2025-08-07,2025-08-01,affiliate,1,0,,0,
577,577,2025-03-15,2025-03-01,paid_search,0,1,2025-03-19,0,
578,578,2026-01-31,2026-01-01,display,0,0,,0,
579,579,2026-06-02,2026-06-01,paid_social,0,1,2026-06-22,0,
580,580,2024-10-20,2024-10-01,direct,1,1,2024-11-08,0,
581,581,2025-09-03,2025-09-01,direct,0,1,2025-09-18,1,2025-10-26
582,582,2026-04-21,2026-04-01,direct,1,1,2026-05-06,1,2026-06-02
583,583,2024-12-16,2024-12-01,email,1,1,2024-12-27,1,2025-02-10
584,584,2026-02-06,2026-02-01,paid_search,1,0,,0,
585,585,2025-10-03,2025-10-01,organic_search,0,0,,0,
586,586,2026-01-31,2026-01-01,paid_social,1,1,2026-02-12,1,2026-02-28
587,587,2025-10-20,2025-10-01,display,0,1,2025-10-22,1,2025-12-14
588,588,2024-12-24,2024-12-01,email,1,1,2024-12-26,1,2025-02-14
589,589,2024-08-01,2024-08-01,email,0,1,2024-08-08,0,
590,590,2026-04-10,2026-04-01,paid_social,0,1,2026-04-17,1,2026-05-17
591,591,2025-01-07,2025-01-01,display,0,1,2025-01-11,1,2025-02-17
592,592,2025-01-24,2025-01-01,email,1,1,2025-02-05,1,2025-03-22
593,593,2024-07-23,2024-07-01,paid_search,0,1,2024-08-12,0,
594,594,2026-03-17,2026-03-01,paid_search,0,1,2026-04-04,1,2026-04-23
595,595,2026-04-06,2026-04-01,paid_social,1,1,2026-04-18,1,2026-05-28
596,596,2025-12-16,2025-12-01,paid_search,0,0,,0,
597,597,2025-07-14,2025-07-01,affiliate,0,0,,0,
598,598,2026-03-23,2026-03-01,affiliate,1,0,,0,
599,599,2026-03-03,2026-03-01,display,0,1,2026-03-20,0,
600,600,2025-10-21,2025-10-01,organic_search,0,1,2025-11-05,1,2025-12-02
601,601,2025-02-20,2025-02-01,email,0,1,2025-03-01,1,2025-03-31
602,602,2025-04-24,2025-04-01,paid_search,0,0,,0,
603,603,2025-11-27,2025-11-01,email,0,0,,0,
604,604,2026-03-06,2026-03-01,email,0,0,,0,
605,605,2024-10-02,2024-10-01,display,0,1,2024-10-05,0,
606,606,2025-07-02,2025-07-01,paid_social,1,0,,0,
607,607,2026-06-04,2026-06-01,affiliate,1,1,2026-06-09,0,
608,608,2025-11-30,2025-11-01,display,1,1,2025-12-07,0,
609,609,2026-02-08,2026-02-01,organic_search,1,1,2026-02-24,1,2026-03-08
610,610,2025-12-14,2025-12-01,paid_search,1,0,,0,
611,611,2025-07-21,2025-07-01,email,0,0,,0,
612,612,2025-07-07,2025-07-01,organic_search,1,1,2025-07-24,0,
613,613,2026-02-27,2026-02-01,direct,0,0,,0,
614,614,2025-05-05,2025-05-01,paid_social,1,0,,0,
615,615,2026-02-22,2026-02-01,affiliate,1,1,2026-03-09,0,
616,616,2024-09-10,2024-09-01,display,0,0,,0,
617,617,2026-03-31,2026-03-01,organic_search,0,1,2026-04-09,0,
618,618,2025-03-15,2025-03-01,organic_search,0,1,2025-04-01,0,
619,619,2025-06-17,2025-06-01,email,0,0,,0,
620,620,2025-03-06,2025-03-01,affiliate,0,1,2025-03-13,0,
621,621,2025-03-21,2025-03-01,direct,0,1,2025-04-02,0,
622,622,2025-05-25,2025-05-01,affiliate,1,1,2025-06-03,0,
623,623,2024-10-07,2024-10-01,paid_search,1,1,2024-10-27,1,2024-11-22
624,624,2026-04-23,2026-04-01,display,0,1,2026-04-27,0,
625,625,2025-12-09,2025-12-01,direct,1,1,2025-12-21,0,
626,626,2024-08-21,2024-08-01,paid_search,0,0,,0,
627,627,2025-05-11,2025-05-01,display,1,0,,0,
628,628,2024-10-22,2024-10-01,paid_social,0,1,2024-10-27,1,2024-12-16
629,629,2025-09-04,2025-09-01,display,1,0,,0,
630,630,2025-12-11,2025-12-01,paid_search,0,0,,0,
631,631,2025-12-01,2025-12-01,paid_search,0,0,,0,
632,632,2026-05-13,2026-05-01,affiliate,0,1,2026-06-02,0,
633,633,2024-09-17,2024-09-01,display,1,1,2024-10-01,1,2024-10-15
634,634,2025-06-20,2025-06-01,direct,1,0,,0,
635,635,2026-06-16,2026-06-01,paid_search,1,0,,0,
636,636,2024-12-24,2024-12-01,email,0,1,2025-01-10,0,
637,637,2025-01-20,2025-01-01,organic_search,0,1,2025-01-21,1,2025-02-18
638,638,2024-10-01,2024-10-01,paid_search,1,0,,0,
639,639,2026-03-21,2026-03-01,affiliate,1,0,,0,
640,640,2024-08-26,2024-08-01,affiliate,0,1,2024-09-06,1,2024-09-30
641,641,2025-11-06,2025-11-01,direct,1,1,2025-11-09,0,
642,642,2025-12-09,2025-12-01,display,0,0,,0,
643,643,2025-12-14,2025-12-01,paid_search,0,1,2025-12-24,1,2026-01-21
644,644,2025-10-12,2025-10-01,email,0,0,,0,
645,645,2025-05-16,2025-05-01,affiliate,0,1,2025-05-23,1,2025-07-08
646,646,2026-03-26,2026-03-01,affiliate,0,0,,0,
647,647,2025-11-18,2025-11-01,display,0,0,,0,
648,648,2025-11-20,2025-11-01,paid_social,0,1,2025-11-30,0,
649,649,2025-01-31,2025-01-01,affiliate,0,0,,0,
650,650,2026-02-06,2026-02-01,paid_social,0,0,,0,
651,651,2025-03-21,2025-03-01,paid_search,0,1,2025-03-31,1,2025-04-18
652,652,2026-02-26,2026-02-01,paid_social,1,0,,0,
653,653,2025-07-13,2025-07-01,email,0,0,,0,
654,654,2025-11-05,2025-11-01,organic_search,0,1,2025-11-23,0,
655,655,2026-01-14,2026-01-01,display,1,1,2026-01-23,0,
656,656,2024-12-08,2024-12-01,paid_search,1,0,,0,
657,657,2025-11-11,2025-11-01,organic_search,0,1,2025-11-14,1,2026-01-06
658,658,2026-01-25,2026-01-01,display,1,1,2026-01-31,1,2026-02-27
659,659,2026-05-09,2026-05-01,display,1,1,2026-05-14,1,2026-06-20
660,660,2024-08-01,2024-08-01,email,0,1,2024-08-06,1,2024-09-18
661,661,2026-04-23,2026-04-01,direct,1,1,2026-05-10,0,
662,662,2025-03-30,2025-03-01,organic_search,1,0,,0,
663,663,2026-02-03,2026-02-01,affiliate,0,0,,0,
664,664,2026-05-17,2026-05-01,display,0,1,2026-05-21,1,2026-06-07
665,665,2024-07-04,2024-07-01,email,0,1,2024-07-18,0,
666,666,2025-10-01,2025-10-01,direct,0,1,2025-10-17,1,2025-11-02
667,667,2025-11-04,2025-11-01,email,1,1,2025-11-23,0,
668,668,2026-02-11,2026-02-01,paid_search,1,0,,0,
669,669,2025-04-11,2025-04-01,organic_search,0,0,,0,
670,670,2024-09-29,2024-09-01,display,1,1,2024-10-13,0,
671,671,2025-05-27,2025-05-01,paid_social,1,1,2025-06-15,1,2025-07-02
672,672,2025-06-28,2025-06-01,display,0,1,2025-07-09,0,
673,673,2026-02-26,2026-02-01,display,0,0,,0,
674,674,2024-12-12,2024-12-01,affiliate,1,1,2024-12-20,1,2025-01-22
675,675,2025-12-31,2025-12-01,organic_search,1,1,2026-01-11,0,
676,676,2025-08-20,2025-08-01,affiliate,1,1,2025-09-04,1,2025-10-13
677,677,2026-02-17,2026-02-01,paid_social,0,0,,0,
678,678,2026-05-07,2026-05-01,display,1,0,,0,
679,679,2025-07-10,2025-07-01,direct,0,1,2025-07-24,0,
680,680,2026-05-05,2026-05-01,paid_social,0,1,2026-05-20,0,
681,681,2024-11-09,2024-11-01,organic_search,0,0,,0,
682,682,2025-12-15,2025-12-01,email,0,0,,0,
683,683,2025-11-08,2025-11-01,paid_search,1,0,,0,
684,684,2026-04-10,2026-04-01,paid_social,1,1,2026-04-12,0,
685,685,2025-05-29,2025-05-01,affiliate,1,1,2025-06-18,1,2025-07-19
686,686,2025-12-12,2025-12-01,display,0,0,,0,
687,687,2025-05-31,2025-05-01,paid_search,0,0,,0,
688,688,2025-12-26,2025-12-01,organic_search,0,0,,0,
689,689,2025-02-13,2025-02-01,paid_social,1,0,,0,
690,690,2025-03-20,2025-03-01,affiliate,1,1,2025-04-08,0,
691,691,2026-03-28,2026-03-01,paid_search,1,1,2026-04-14,1,2026-04-18
692,692,2025-02-12,2025-02-01,paid_social,1,0,,0,
693,693,2024-11-15,2024-11-01,email,1,1,2024-11-23,0,
694,694,2025-10-27,2025-10-01,display,0,1,2025-11-03,0,
695,695,2024-08-23,2024-08-01,affiliate,1,0,,0,
696,696,2026-02-24,2026-02-01,organic_search,1,1,2026-03-10,1,2026-04-24
697,697,2025-09-28,2025-09-01,display,0,0,,0,
698,698,2025-11-20,2025-11-01,paid_social,0,0,,0,
699,699,2026-04-05,2026-04-01,email,1,1,2026-04-25,1,2026-06-01
700,700,2026-01-25,2026-01-01,display,0,0,,0,
701,701,2024-09-29,2024-09-01,direct,0,0,,0,
702,702,2025-06-15,2025-06-01,direct,1,0,,0,
703,703,2025-12-03,2025-12-01,organic_search,0,1,2025-12-08,1,2025-12-30
704,704,2026-04-19,2026-04-01,affiliate,0,0,,0,
705,705,2025-04-21,2025-04-01,direct,0,1,2025-04-24,0,
706,706,2025-11-23,2025-11-01,direct,0,0,,0,
707,707,2026-04-15,2026-04-01,email,0,1,2026-04-25,1,2026-05-09
708,708,2025-02-01,2025-02-01,paid_social,1,0,,0,
709,709,2025-03-20,2025-03-01,paid_social,0,0,,0,
710,710,2025-02-13,2025-02-01,email,0,1,2025-02-19,1,2025-04-13
711,711,2025-08-24,2025-08-01,paid_search,0,0,,0,
712,712,2026-04-07,2026-04-01,paid_social,1,0,,0,
713,713,2025-08-13,2025-08-01,paid_search,1,1,2025-08-15,1,2025-10-07
714,714,2026-03-29,2026-03-01,email,1,0,,0,
715,715,2025-12-21,2025-12-01,display,0,0,,0,
716,716,2026-04-21,2026-04-01,organic_search,1,1,2026-04-27,0,
717,717,2026-01-05,2026-01-01,email,0,1,2026-01-07,1,2026-02-07
718,718,2026-03-20,2026-03-01,direct,0,1,2026-03-30,0,
719,719,2026-06-19,2026-06-01,affiliate,0,1,2026-06-28,0,
720,720,2025-12-17,2025-12-01,organic_search,0,1,2026-01-04,1,2026-01-17
721,721,2025-07-30,2025-07-01,direct,1,1,2025-08-02,0,
722,722,2026-03-22,2026-03-01,email,0,0,,0,
723,723,2025-03-09,2025-03-01,paid_search,0,1,2025-03-21,1,2025-04-27
724,724,2024-12-25,2024-12-01,paid_social,0,1,2024-12-29,1,2025-02-06
725,725,2026-01-08,2026-01-01,paid_social,1,0,,0,
726,726,2025-04-20,2025-04-01,email,1,0,,0,
727,727,2025-09-15,2025-09-01,display,0,1,2025-09-21,1,2025-10-13
728,728,2025-01-28,2025-01-01,affiliate,1,1,2025-02-06,1,2025-02-21
729,729,2026-04-15,2026-04-01,display,0,1,2026-04-18,0,
730,730,2024-10-09,2024-10-01,paid_search,1,0,,0,
731,731,2025-03-22,2025-03-01,organic_search,1,1,2025-03-23,0,
732,732,2024-09-17,2024-09-01,paid_search,0,1,2024-09-27,0,
733,733,2025-09-28,2025-09-01,affiliate,1,0,,0,
734,734,2025-03-24,2025-03-01,organic_search,0,0,,0,
735,735,2026-01-19,2026-01-01,email,0,0,,0,
736,736,2026-05-19,2026-05-01,paid_search,1,1,2026-05-27,0,
737,737,2025-12-19,2025-12-01,paid_social,0,1,2026-01-01,0,
738,738,2025-11-15,2025-11-01,paid_search,0,0,,0,
739,739,2025-07-24,2025-07-01,organic_search,0,1,2025-08-02,0,
740,740,2025-05-02,2025-05-01,display,1,1,2025-05-16,1,2025-06-29
741,741,2025-09-21,2025-09-01,email,1,1,2025-10-08,1,2025-10-13
742,742,2026-02-26,2026-02-01,paid_social,0,1,2026-02-28,1,2026-04-12
743,743,2025-09-12,2025-09-01,affiliate,1,0,,0,
744,744,2025-04-03,2025-04-01,paid_search,0,1,2025-04-04,1,2025-05-03
745,745,2026-03-18,2026-03-01,affiliate,1,1,2026-04-07,1,2026-04-30
746,746,2024-08-27,2024-08-01,email,1,1,2024-08-28,0,
747,747,2024-08-10,2024-08-01,email,0,1,2024-08-16,0,
748,748,2026-02-03,2026-02-01,organic_search,1,1,2026-02-14,0,
749,749,2026-03-04,2026-03-01,paid_social,1,1,2026-03-22,0,
750,750,2025-01-07,2025-01-01,affiliate,0,1,2025-01-19,1,2025-02-14
751,751,2025-10-19,2025-10-01,email,1,1,2025-10-23,1,2025-11-14
752,752,2026-02-06,2026-02-01,affiliate,1,0,,0,
753,753,2024-12-30,2024-12-01,paid_search,0,1,2025-01-02,1,2025-01-28
754,754,2025-06-09,2025-06-01,email,1,0,,0,
755,755,2026-03-02,2026-03-01,affiliate,1,0,,0,
756,756,2026-03-10,2026-03-01,affiliate,1,1,2026-03-12,0,
757,757,2026-04-23,2026-04-01,organic_search,1,1,2026-04-27,0,
758,758,2026-01-03,2026-01-01,organic_search,0,0,,0,
759,759,2025-05-19,2025-05-01,email,0,1,2025-06-02,1,2025-06-16
760,760,2026-05-24,2026-05-01,paid_search,0,0,,0,
761,761,2025-11-10,2025-11-01,direct,0,1,2025-11-12,1,2026-01-02
762,762,2025-09-23,2025-09-01,display,1,1,2025-09-30,0,
763,763,2024-09-20,2024-09-01,paid_social,0,1,2024-09-21,1,2024-11-09
764,764,2025-09-29,2025-09-01,paid_social,1,0,,0,
765,765,2025-01-05,2025-01-01,email,1,1,2025-01-16,1,2025-02-09
766,766,2026-04-18,2026-04-01,paid_search,1,1,2026-05-01,1,2026-05-20
767,767,2024-12-20,2024-12-01,paid_search,0,0,,0,
768,768,2026-02-20,2026-02-01,paid_social,0,1,2026-03-01,0,
769,769,2026-03-25,2026-03-01,direct,0,1,2026-04-01,1,2026-04-19
770,770,2025-05-13,2025-05-01,direct,0,1,2025-05-18,1,2025-06-18
771,771,2025-06-16,2025-06-01,paid_search,1,1,2025-06-17,0,
772,772,2025-05-27,2025-05-01,affiliate,0,0,,0,
773,773,2025-12-24,2025-12-01,paid_search,1,1,2026-01-01,1,2026-02-10
774,774,2024-12-21,2024-12-01,organic_search,0,1,2024-12-25,0,
775,775,2025-10-26,2025-10-01,paid_search,1,1,2025-11-05,0,
776,776,2024-11-10,2024-11-01,email,0,1,2024-11-17,1,2024-12-19
777,777,2025-04-15,2025-04-01,organic_search,1,1,2025-04-17,1,2025-05-06
778,778,2025-02-13,2025-02-01,paid_search,1,0,,0,
779,779,2024-07-23,2024-07-01,affiliate,0,0,,0,
780,780,2026-03-18,2026-03-01,paid_social,0,1,2026-03-29,0,
781,781,2025-05-08,2025-05-01,organic_search,0,1,2025-05-21,0,
782,782,2025-01-10,2025-01-01,organic_search,1,1,2025-01-26,0,
783,783,2025-09-21,2025-09-01,affiliate,0,1,2025-10-08,0,
784,784,2025-09-11,2025-09-01,paid_social,0,1,2025-09-23,0,
785,785,2025-10-19,2025-10-01,affiliate,0,0,,0,
786,786,2026-04-16,2026-04-01,email,1,1,2026-04-23,0,
787,787,2025-02-25,2025-02-01,direct,1,0,,0,
788,788,2025-06-04,2025-06-01,email,0,1,2025-06-16,1,2025-07-21
789,789,2025-01-12,2025-01-01,paid_social,1,1,2025-01-30,0,
790,790,2026-01-15,2026-01-01,email,1,1,2026-01-20,1,2026-02-25
791,791,2025-08-22,2025-08-01,organic_search,0,1,2025-08-31,0,
792,792,2025-04-19,2025-04-01,organic_search,0,0,,0,
793,793,2025-08-11,2025-08-01,email,1,1,2025-08-25,1,2025-09-09
794,794,2025-04-15,2025-04-01,organic_search,0,1,2025-04-19,1,2025-06-01
795,795,2026-01-01,2026-01-01,display,0,1,2026-01-09,0,
796,796,2024-12-27,2024-12-01,display,1,1,2025-01-08,0,
797,797,2026-05-22,2026-05-01,display,1,1,2026-06-03,1,2026-07-09
798,798,2026-03-01,2026-03-01,paid_search,0,1,2026-03-12,0,
799,799,2026-02-20,2026-02-01,organic_search,0,1,2026-03-01,1,2026-03-15
800,800,2026-02-18,2026-02-01,paid_social,0,1,2026-02-26,0,
801,801,2025-08-07,2025-08-01,paid_search,0,1,2025-08-23,1,2025-08-28
802,802,2025-10-17,2025-10-01,organic_search,1,0,,0,
803,803,2025-11-02,2025-11-01,paid_search,0,1,2025-11-15,0,
804,804,2026-04-07,2026-04-01,paid_social,0,1,2026-04-13,0,
805,805,2025-12-31,2025-12-01,direct,0,0,,0,
806,806,2026-03-12,2026-03-01,paid_social,1,1,2026-03-26,1,2026-04-23
807,807,2025-07-26,2025-07-01,paid_search,0,1,2025-08-04,1,2025-09-20
808,808,2026-01-31,2026-01-01,organic_search,0,0,,0,
809,809,2026-01-09,2026-01-01,direct,0,0,,0,
810,810,2025-08-31,2025-08-01,affiliate,1,1,2025-09-06,1,2025-09-28
811,811,2025-12-06,2025-12-01,organic_search,0,1,2025-12-17,0,
812,812,2025-01-01,2025-01-01,display,0,1,2025-01-10,1,2025-01-23
813,813,2025-07-27,2025-07-01,display,1,1,2025-08-08,0,
814,814,2025-08-19,2025-08-01,organic_search,0,0,,0,
815,815,2024-07-19,2024-07-01,organic_search,0,1,2024-07-24,0,
816,816,2025-12-30,2025-12-01,paid_search,0,0,,0,
817,817,2025-11-11,2025-11-01,direct,1,0,,0,
818,818,2026-03-26,2026-03-01,paid_social,1,1,2026-04-08,1,2026-05-21
819,819,2026-02-02,2026-02-01,paid_social,0,0,,0,
820,820,2026-02-11,2026-02-01,email,1,0,,0,
821,821,2025-11-15,2025-11-01,direct,0,0,,0,
822,822,2025-03-25,2025-03-01,affiliate,0,1,2025-04-05,0,
823,823,2025-12-08,2025-12-01,organic_search,1,0,,0,
824,824,2025-04-24,2025-04-01,paid_social,1,1,2025-05-01,0,
825,825,2025-03-03,2025-03-01,email,0,0,,0,
826,826,2025-09-22,2025-09-01,direct,1,1,2025-10-08,0,
827,827,2025-08-06,2025-08-01,organic_search,0,1,2025-08-18,1,2025-09-18
828,828,2025-06-05,2025-06-01,organic_search,0,1,2025-06-11,0,
829,829,2025-10-21,2025-10-01,paid_search,0,1,2025-11-07,1,2025-12-16
830,830,2025-02-15,2025-02-01,organic_search,1,0,,0,
831,831,2026-05-11,2026-05-01,email,0,0,,0,
832,832,2025-12-04,2025-12-01,email,0,1,2025-12-23,0,
833,833,2026-02-09,2026-02-01,organic_search,1,1,2026-02-10,1,2026-03-06
834,834,2024-11-28,2024-11-01,paid_social,1,0,,0,
835,835,2025-02-05,2025-02-01,organic_search,0,1,2025-02-20,1,2025-03-15
836,836,2025-09-27,2025-09-01,direct,0,1,2025-10-04,0,
837,837,2025-11-28,2025-11-01,paid_search,0,1,2025-12-08,1,2025-12-27
838,838,2026-05-27,2026-05-01,direct,1,1,2026-06-11,0,
839,839,2025-02-13,2025-02-01,organic_search,0,0,,0,
840,840,2025-01-29,2025-01-01,affiliate,0,1,2025-02-10,1,2025-03-09
841,841,2026-05-24,2026-05-01,email,0,1,2026-05-30,1,2026-06-26
842,842,2025-08-25,2025-08-01,paid_search,0,1,2025-09-07,1,2025-10-01
843,843,2024-12-25,2024-12-01,paid_search,1,0,,0,
844,844,2026-03-03,2026-03-01,paid_social,0,0,,0,
845,845,2025-01-04,2025-01-01,affiliate,1,1,2025-01-12,0,
846,846,2026-02-24,2026-02-01,paid_search,0,1,2026-03-05,0,
847,847,2025-08-15,2025-08-01,organic_search,1,1,2025-09-01,0,
848,848,2025-09-17,2025-09-01,direct,1,1,2025-09-28,1,2025-11-03
849,849,2025-04-30,2025-04-01,paid_search,0,0,,0,
850,850,2025-10-22,2025-10-01,organic_search,0,0,,0,
851,851,2026-06-12,2026-06-01,paid_search,1,0,,0,
852,852,2025-03-19,2025-03-01,direct,1,0,,0,
853,853,2025-06-04,2025-06-01,direct,1,0,,0,
854,854,2026-02-17,2026-02-01,paid_social,1,1,2026-02-20,1,2026-04-10
855,855,2025-07-27,2025-07-01,display,1,0,,0,
856,856,2025-07-23,2025-07-01,paid_search,0,1,2025-08-04,0,
857,857,2026-04-18,2026-04-01,direct,1,1,2026-04-26,0,
858,858,2026-05-19,2026-05-01,organic_search,1,1,2026-05-23,0,
859,859,2024-12-04,2024-12-01,email,1,0,,0,
860,860,2024-11-24,2024-11-01,organic_search,0,1,2024-12-03,1,2024-12-15
861,861,2025-07-03,2025-07-01,display,1,1,2025-07-04,0,
862,862,2024-09-21,2024-09-01,email,0,0,,0,
863,863,2024-08-10,2024-08-01,email,1,1,2024-08-12,0,
864,864,2024-12-23,2024-12-01,organic_search,0,1,2024-12-30,1,2025-01-31
865,865,2026-03-22,2026-03-01,display,0,0,,0,
866,866,2025-12-14,2025-12-01,email,0,0,,0,
867,867,2026-02-28,2026-02-01,display,0,1,2026-03-05,0,
868,868,2026-06-13,2026-06-01,display,0,0,,0,
869,869,2024-09-11,2024-09-01,affiliate,0,1,2024-09-25,0,
870,870,2025-07-27,2025-07-01,affiliate,0,1,2025-08-10,1,2025-09-23
871,871,2024-07-05,2024-07-01,organic_search,1,1,2024-07-10,0,
872,872,2024-12-29,2024-12-01,display,0,1,2025-01-09,0,
873,873,2026-01-29,2026-01-01,paid_search,0,1,2026-02-02,1,2026-03-07
874,874,2026-03-12,2026-03-01,affiliate,0,0,,0,
875,875,2026-03-15,2026-03-01,email,0,0,,0,
876,876,2026-02-20,2026-02-01,affiliate,0,1,2026-03-11,1,2026-03-25
877,877,2025-12-02,2025-12-01,organic_search,0,0,,0,
878,878,2026-03-27,2026-03-01,paid_search,0,0,,0,
879,879,2026-03-13,2026-03-01,paid_social,0,1,2026-03-15,0,
880,880,2025-11-24,2025-11-01,organic_search,0,0,,0,
881,881,2026-05-09,2026-05-01,affiliate,0,1,2026-05-16,0,
882,882,2025-08-30,2025-08-01,email,1,0,,0,
883,883,2025-03-01,2025-03-01,paid_search,0,0,,0,
884,884,2025-11-24,2025-11-01,display,1,0,,0,
885,885,2026-01-27,2026-01-01,organic_search,0,1,2026-02-03,1,2026-02-17
886,886,2025-09-06,2025-09-01,organic_search,1,1,2025-09-23,1,2025-10-09
887,887,2024-09-06,2024-09-01,paid_social,1,1,2024-09-21,0,
888,888,2025-07-23,2025-07-01,direct,0,1,2025-07-24,0,
889,889,2025-03-02,2025-03-01,paid_search,0,0,,0,
890,890,2026-02-21,2026-02-01,email,0,0,,0,
891,891,2025-08-22,2025-08-01,paid_social,0,1,2025-08-27,0,
892,892,2024-08-17,2024-08-01,paid_social,0,1,2024-08-29,1,2024-10-13
893,893,2025-06-06,2025-06-01,affiliate,0,1,2025-06-10,0,
894,894,2026-05-06,2026-05-01,paid_social,0,0,,0,
895,895,2026-01-14,2026-01-01,affiliate,1,1,2026-01-18,1,2026-02-28
896,896,2026-05-25,2026-05-01,display,0,1,2026-06-07,0,
897,897,2026-03-08,2026-03-01,paid_social,1,0,,0,
898,898,2025-06-16,2025-06-01,email,0,0,,0,
899,899,2026-04-20,2026-04-01,affiliate,0,1,2026-05-04,1,2026-05-22
900,900,2025-02-12,2025-02-01,organic_search,0,1,2025-03-01,1,2025-04-02
901,901,2026-03-14,2026-03-01,affiliate,0,1,2026-04-02,0,
902,902,2026-02-17,2026-02-01,email,0,1,2026-03-08,1,2026-04-02
903,903,2025-03-21,2025-03-01,organic_search,0,0,,0,
904,904,2026-03-21,2026-03-01,paid_search,0,1,2026-04-10,1,2026-05-18
905,905,2026-03-14,2026-03-01,paid_search,1,0,,0,
906,906,2026-06-02,2026-06-01,affiliate,0,1,2026-06-04,1,2026-07-08
907,907,2024-08-17,2024-08-01,paid_search,0,1,2024-08-29,0,
908,908,2024-11-13,2024-11-01,paid_social,0,1,2024-11-19,1,2024-12-08
909,909,2026-06-08,2026-06-01,email,0,1,2026-06-13,0,
910,910,2026-05-14,2026-05-01,email,0,1,2026-05-18,0,
911,911,2024-11-04,2024-11-01,affiliate,1,1,2024-11-12,0,
912,912,2026-03-28,2026-03-01,organic_search,0,0,,0,
913,913,2025-07-14,2025-07-01,affiliate,1,1,2025-08-03,0,
914,914,2025-08-29,2025-08-01,direct,0,0,,0,
915,915,2024-09-01,2024-09-01,display,1,0,,0,
916,916,2026-06-02,2026-06-01,affiliate,0,0,,0,
917,917,2024-09-26,2024-09-01,affiliate,1,1,2024-10-05,1,2024-11-19
918,918,2026-06-06,2026-06-01,direct,0,1,2026-06-25,0,
919,919,2025-03-28,2025-03-01,email,1,1,2025-04-13,0,
920,920,2025-07-06,2025-07-01,display,0,0,,0,
921,921,2025-03-12,2025-03-01,affiliate,1,1,2025-03-15,0,
922,922,2025-03-03,2025-03-01,paid_social,1,0,,0,
923,923,2026-05-20,2026-05-01,email,0,1,2026-05-26,0,
924,924,2024-09-09,2024-09-01,organic_search,1,1,2024-09-19,0,
925,925,2025-08-06,2025-08-01,display,0,0,,0,
926,926,2026-05-20,2026-05-01,paid_social,0,1,2026-06-04,0,
927,927,2025-06-03,2025-06-01,affiliate,0,0,,0,
928,928,2026-04-08,2026-04-01,affiliate,1,1,2026-04-27,1,2026-05-07
929,929,2025-02-17,2025-02-01,email,0,0,,0,
930,930,2025-09-24,2025-09-01,organic_search,1,0,,0,
931,931,2025-11-18,2025-11-01,organic_search,0,0,,0,
932,932,2025-02-15,2025-02-01,organic_search,1,0,,0,
933,933,2025-01-15,2025-01-01,display,1,1,2025-01-26,1,2025-02-27
934,934,2025-05-18,2025-05-01,paid_social,0,1,2025-05-26,0,
935,935,2024-08-29,2024-08-01,paid_search,0,1,2024-09-13,1,2024-10-10
936,936,2024-08-15,2024-08-01,affiliate,1,1,2024-08-23,0,
937,937,2024-08-18,2024-08-01,organic_search,0,0,,0,
938,938,2025-11-24,2025-11-01,display,0,0,,0,
939,939,2025-05-15,2025-05-01,paid_social,1,1,2025-05-21,0,
940,940,2026-01-18,2026-01-01,organic_search,0,0,,0,
941,941,2025-01-24,2025-01-01,direct,1,1,2025-01-25,1,2025-02-15
942,942,2026-04-30,2026-04-01,paid_search,0,0,,0,
943,943,2024-11-05,2024-11-01,direct,1,1,2024-11-17,0,
944,944,2026-05-21,2026-05-01,email,1,1,2026-06-01,1,2026-07-09
945,945,2026-03-03,2026-03-01,display,0,0,,0,
946,946,2026-01-12,2026-01-01,organic_search,0,0,,0,
947,947,2025-07-04,2025-07-01,email,1,1,2025-07-07,0,
948,948,2025-10-20,2025-10-01,affiliate,1,1,2025-11-04,1,2025-12-08
949,949,2025-08-10,2025-08-01,paid_search,1,1,2025-08-15,0,
950,950,2025-08-03,2025-08-01,direct,1,1,2025-08-18,1,2025-08-25
951,951,2025-03-08,2025-03-01,affiliate,0,0,,0,
952,952,2025-07-07,2025-07-01,display,0,1,2025-07-23,0,
953,953,2026-06-20,2026-06-01,affiliate,1,0,,0,
954,954,2026-02-20,2026-02-01,direct,1,1,2026-02-25,1,2026-04-03
955,955,2025-07-17,2025-07-01,paid_search,1,1,2025-07-30,0,
956,956,2026-02-02,2026-02-01,affiliate,0,1,2026-02-17,1,2026-02-26
957,957,2025-06-30,2025-06-01,email,1,0,,0,
958,958,2026-03-21,2026-03-01,paid_search,1,1,2026-03-24,1,2026-04-16
959,959,2026-02-15,2026-02-01,organic_search,0,1,2026-02-18,0,
960,960,2025-01-10,2025-01-01,direct,1,1,2025-01-18,0,
961,961,2026-01-10,2026-01-01,paid_social,1,1,2026-01-11,0,
962,962,2025-09-18,2025-09-01,display,0,1,2025-09-26,1,2025-10-16
963,963,2025-02-06,2025-02-01,direct,0,1,2025-02-19,1,2025-03-24
964,964,2026-06-19,2026-06-01,organic_search,0,1,2026-06-30,1,2026-07-29
965,965,2025-05-07,2025-05-01,paid_social,0,0,,0,
966,966,2025-08-28,2025-08-01,paid_social,0,1,2025-09-15,1,2025-09-23
967,967,2025-12-19,2025-12-01,organic_search,0,0,,0,
968,968,2025-11-08,2025-11-01,direct,1,1,2025-11-19,1,2025-12-05
969,969,2026-03-07,2026-03-01,email,0,0,,0,
970,970,2025-02-04,2025-02-01,organic_search,0,1,2025-02-10,0,
971,971,2025-07-27,2025-07-01,paid_search,1,0,,0,
972,972,2026-05-06,2026-05-01,direct,0,1,2026-05-09,0,
973,973,2026-04-13,2026-04-01,affiliate,1,1,2026-04-30,0,
974,974,2025-02-11,2025-02-01,paid_social,1,1,2025-02-21,1,2025-04-07
975,975,2025-07-26,2025-07-01,paid_social,1,0,,0,
976,976,2025-09-20,2025-09-01,paid_social,0,0,,0,
977,977,2025-05-26,2025-05-01,direct,0,1,2025-05-31,0,
978,978,2025-12-22,2025-12-01,organic_search,1,0,,0,
979,979,2026-04-01,2026-04-01,paid_search,0,0,,0,
980,980,2025-06-07,2025-06-01,organic_search,1,1,2025-06-21,1,2025-07-28
981,981,2025-07-17,2025-07-01,affiliate,0,0,,0,
982,982,2026-04-11,2026-04-01,display,1,0,,0,
983,983,2025-10-31,2025-10-01,direct,0,0,,0,
984,984,2025-02-08,2025-02-01,display,0,0,,0,
985,985,2024-08-26,2024-08-01,direct,0,0,,0,
986,986,2026-03-11,2026-03-01,paid_social,1,0,,0,
987,987,2025-08-18,2025-08-01,organic_search,0,1,2025-09-07,1,2025-10-09
988,988,2024-07-13,2024-07-01,display,0,1,2024-07-25,0,
989,989,2026-02-28,2026-02-01,paid_search,0,1,2026-03-05,0,
990,990,2025-11-04,2025-11-01,paid_search,0,1,2025-11-18,0,
991,991,2026-01-15,2026-01-01,affiliate,1,1,2026-02-02,0,
992,992,2026-06-08,2026-06-01,display,1,0,,0,
993,993,2025-09-19,2025-09-01,email,0,1,2025-10-07,1,2025-10-22
994,994,2025-10-31,2025-10-01,direct,1,1,2025-11-01,0,
995,995,2026-01-04,2026-01-01,organic_search,0,1,2026-01-16,0,
996,996,2026-05-22,2026-05-01,organic_search,1,0,,0,
997,997,2025-03-12,2025-03-01,paid_search,0,1,2025-03-26,0,
998,998,2025-07-09,2025-07-01,paid_search,0,1,2025-07-22,0,
999,999,2025-01-02,2025-01-01,paid_social,0,0,,0,
1000,1000,2026-01-08,2026-01-01,display,1,1,2026-01-23,0,
1001,1001,2025-06-12,2025-06-01,display,0,0,,0,
1002,1002,2025-03-24,2025-03-01,affiliate,0,0,,0,
1003,1003,2025-10-16,2025-10-01,paid_search,1,0,,0,
1004,1004,2026-05-18,2026-05-01,affiliate,0,1,2026-06-04,1,2026-07-01
1005,1005,2026-03-11,2026-03-01,paid_social,1,1,2026-03-13,1,2026-05-05
1006,1006,2026-06-12,2026-06-01,direct,1,1,2026-06-25,1,2026-08-07
1007,1007,2024-09-28,2024-09-01,display,0,1,2024-10-16,1,2024-11-07
1008,1008,2025-11-21,2025-11-01,affiliate,0,0,,0,
1009,1009,2026-04-07,2026-04-01,display,0,0,,0,
1010,1010,2026-04-03,2026-04-01,affiliate,0,0,,0,
1011,1011,2025-07-12,2025-07-01,paid_search,0,0,,0,
1012,1012,2026-06-04,2026-06-01,organic_search,0,0,,0,
1013,1013,2024-12-18,2024-12-01,paid_social,0,1,2024-12-19,1,2025-02-06
1014,1014,2024-08-02,2024-08-01,paid_search,1,1,2024-08-16,1,2024-09-29
1015,1015,2025-04-28,2025-04-01,paid_search,0,1,2025-05-02,0,
1016,1016,2025-09-13,2025-09-01,paid_search,0,1,2025-09-20,1,2025-10-04
1017,1017,2025-10-09,2025-10-01,display,0,1,2025-10-16,0,
1018,1018,2025-03-07,2025-03-01,organic_search,1,1,2025-03-18,1,2025-05-02
1019,1019,2026-01-10,2026-01-01,direct,0,1,2026-01-17,1,2026-02-07
1020,1020,2025-12-25,2025-12-01,organic_search,1,0,,0,
1021,1021,2025-09-27,2025-09-01,email,0,1,2025-10-09,0,
1022,1022,2025-02-11,2025-02-01,paid_social,0,0,,0,
1023,1023,2025-12-22,2025-12-01,organic_search,0,1,2025-12-28,1,2026-02-11
1024,1024,2026-02-27,2026-02-01,affiliate,1,0,,0,
1025,1025,2024-09-07,2024-09-01,affiliate,1,1,2024-09-26,0,
1026,1026,2024-07-03,2024-07-01,display,1,0,,0,
1027,1027,2025-10-17,2025-10-01,paid_search,0,1,2025-10-18,1,2025-11-19
1028,1028,2025-12-03,2025-12-01,email,1,0,,0,
1029,1029,2024-07-21,2024-07-01,email,1,0,,0,
1030,1030,2025-03-06,2025-03-01,paid_social,1,1,2025-03-09,1,2025-04-30
1031,1031,2025-03-22,2025-03-01,direct,0,0,,0,
1032,1032,2026-05-05,2026-05-01,paid_search,1,1,2026-05-18,1,2026-06-03
1033,1033,2026-01-15,2026-01-01,organic_search,0,1,2026-01-23,0,
1034,1034,2026-03-22,2026-03-01,direct,0,1,2026-04-06,0,
1035,1035,2024-10-28,2024-10-01,display,1,0,,0,
1036,1036,2026-02-26,2026-02-01,organic_search,1,0,,0,
1037,1037,2025-03-12,2025-03-01,paid_search,0,0,,0,
1038,1038,2025-01-08,2025-01-01,paid_social,1,0,,0,
1039,1039,2024-12-06,2024-12-01,direct,0,1,2024-12-13,1,2025-01-11
1040,1040,2025-09-14,2025-09-01,display,0,1,2025-09-30,1,2025-10-26
1041,1041,2024-08-21,2024-08-01,affiliate,1,1,2024-09-08,0,
1042,1042,2026-03-18,2026-03-01,email,0,1,2026-03-21,0,
1043,1043,2025-11-19,2025-11-01,direct,1,1,2025-11-20,0,
1044,1044,2024-09-16,2024-09-01,email,1,1,2024-09-29,0,
1045,1045,2024-09-26,2024-09-01,direct,1,1,2024-10-15,0,
1046,1046,2024-07-21,2024-07-01,email,0,1,2024-07-29,1,2024-08-25
1047,1047,2024-08-19,2024-08-01,display,1,0,,0,
1048,1048,2025-08-08,2025-08-01,organic_search,1,1,2025-08-21,1,2025-09-04
1049,1049,2025-05-05,2025-05-01,email,1,0,,0,
1050,1050,2025-04-22,2025-04-01,organic_search,1,1,2025-04-30,1,2025-06-12
1051,1051,2026-01-29,2026-01-01,direct,0,1,2026-02-03,0,
1052,1052,2024-10-02,2024-10-01,paid_search,0,0,,0,
1053,1053,2025-10-13,2025-10-01,affiliate,0,0,,0,
1054,1054,2026-01-21,2026-01-01,direct,0,0,,0,
1055,1055,2025-12-24,2025-12-01,direct,0,1,2026-01-13,1,2026-02-05
1056,1056,2026-01-14,2026-01-01,affiliate,1,1,2026-02-03,1,2026-02-19
1057,1057,2025-10-21,2025-10-01,display,0,1,2025-11-07,1,2025-11-20
1058,1058,2024-10-29,2024-10-01,paid_social,0,0,,0,
1059,1059,2025-11-19,2025-11-01,email,0,0,,0,
1060,1060,2026-06-09,2026-06-01,affiliate,0,1,2026-06-25,1,2026-08-05
1061,1061,2025-01-12,2025-01-01,paid_social,0,1,2025-01-31,0,
1062,1062,2026-06-15,2026-06-01,direct,0,1,2026-07-03,0,
1063,1063,2026-06-05,2026-06-01,paid_search,1,1,2026-06-21,0,
1064,1064,2025-03-23,2025-03-01,affiliate,1,0,,0,
1065,1065,2024-09-24,2024-09-01,paid_social,0,0,,0,
1066,1066,2025-08-01,2025-08-01,display,0,0,,0,
1067,1067,2025-06-26,2025-06-01,direct,0,0,,0,
1068,1068,2026-03-05,2026-03-01,direct,1,0,,0,
1069,1069,2025-07-14,2025-07-01,paid_social,1,1,2025-07-23,0,
1070,1070,2024-07-15,2024-07-01,direct,0,1,2024-07-29,1,2024-08-17
1071,1071,2026-05-16,2026-05-01,organic_search,1,1,2026-05-18,0,
1072,1072,2026-03-25,2026-03-01,display,0,1,2026-04-01,0,
1073,1073,2025-09-18,2025-09-01,paid_social,0,1,2025-09-19,0,
1074,1074,2026-05-22,2026-05-01,email,0,0,,0,
1075,1075,2026-04-21,2026-04-01,paid_search,1,0,,0,
1076,1076,2025-12-09,2025-12-01,organic_search,1,0,,0,
1077,1077,2024-09-07,2024-09-01,email,1,0,,0,
1078,1078,2025-06-04,2025-06-01,affiliate,1,1,2025-06-19,1,2025-07-22
1079,1079,2024-11-23,2024-11-01,direct,0,1,2024-12-12,0,
1080,1080,2026-04-02,2026-04-01,paid_search,0,1,2026-04-09,1,2026-05-02
1081,1081,2025-09-12,2025-09-01,display,1,1,2025-09-17,0,
1082,1082,2025-12-14,2025-12-01,direct,1,0,,0,
1083,1083,2024-10-13,2024-10-01,affiliate,1,1,2024-10-22,1,2024-12-06
1084,1084,2025-08-24,2025-08-01,affiliate,0,1,2025-09-04,1,2025-09-19
1085,1085,2026-05-30,2026-05-01,paid_search,1,1,2026-06-05,1,2026-07-09
1086,1086,2024-11-26,2024-11-01,affiliate,1,0,,0,
1087,1087,2026-06-20,2026-06-01,affiliate,1,1,2026-06-26,1,2026-07-15
1088,1088,2025-03-29,2025-03-01,affiliate,1,0,,0,
1089,1089,2026-04-13,2026-04-01,paid_social,1,0,,0,
1090,1090,2024-11-12,2024-11-01,organic_search,0,1,2024-11-15,1,2025-01-02
1091,1091,2025-02-10,2025-02-01,email,1,0,,0,
1092,1092,2024-08-25,2024-08-01,email,0,1,2024-09-08,0,
1093,1093,2024-10-11,2024-10-01,affiliate,0,0,,0,
1094,1094,2025-09-18,2025-09-01,organic_search,1,0,,0,
1095,1095,2026-03-04,2026-03-01,organic_search,0,1,2026-03-08,0,
1096,1096,2024-07-16,2024-07-01,paid_search,1,1,2024-07-26,1,2024-08-23
1097,1097,2025-01-12,2025-01-01,display,0,0,,0,
1098,1098,2025-11-20,2025-11-01,email,1,0,,0,
1099,1099,2026-02-10,2026-02-01,email,1,0,,0,
1100,1100,2026-06-04,2026-06-01,display,0,1,2026-06-23,1,2026-08-02
1101,1101,2026-06-02,2026-06-01,affiliate,1,1,2026-06-13,1,2026-07-14
1102,1102,2026-05-14,2026-05-01,direct,1,1,2026-05-24,0,
1103,1103,2024-08-03,2024-08-01,display,1,0,,0,
1104,1104,2026-03-28,2026-03-01,organic_search,1,1,2026-04-17,0,
1105,1105,2026-01-07,2026-01-01,email,1,1,2026-01-18,0,
1106,1106,2025-09-01,2025-09-01,organic_search,0,0,,0,
1107,1107,2025-07-05,2025-07-01,affiliate,0,1,2025-07-23,0,
1108,1108,2025-09-14,2025-09-01,paid_search,0,0,,0,
1109,1109,2026-05-20,2026-05-01,email,0,1,2026-06-08,1,2026-06-26
1110,1110,2026-06-18,2026-06-01,organic_search,0,0,,0,
1111,1111,2026-04-27,2026-04-01,organic_search,1,1,2026-04-30,0,
1112,1112,2026-05-20,2026-05-01,email,0,0,,0,
1113,1113,2025-06-14,2025-06-01,organic_search,1,1,2025-06-29,1,2025-07-22
1114,1114,2025-08-07,2025-08-01,paid_search,0,1,2025-08-09,0,
1115,1115,2025-10-18,2025-10-01,display,1,0,,0,
1116,1116,2025-11-04,2025-11-01,email,1,0,,0,
1117,1117,2025-10-07,2025-10-01,organic_search,0,1,2025-10-22,0,
1118,1118,2026-04-19,2026-04-01,email,1,1,2026-05-04,0,
1119,1119,2026-03-27,2026-03-01,paid_social,1,1,2026-04-02,0,
1120,1120,2026-03-10,2026-03-01,organic_search,0,0,,0,
1121,1121,2025-11-07,2025-11-01,organic_search,0,1,2025-11-19,0,
1122,1122,2025-10-15,2025-10-01,display,0,1,2025-10-18,0,
1123,1123,2026-04-26,2026-04-01,affiliate,1,0,,0,
1124,1124,2025-07-29,2025-07-01,paid_social,0,1,2025-08-06,0,
1125,1125,2026-02-01,2026-02-01,email,0,0,,0,
1126,1126,2026-03-26,2026-03-01,email,0,0,,0,
1127,1127,2026-05-28,2026-05-01,email,0,1,2026-05-31,1,2026-07-05
1128,1128,2026-05-12,2026-05-01,direct,0,0,,0,
1129,1129,2026-06-19,2026-06-01,affiliate,1,1,2026-06-28,1,2026-07-11
1130,1130,2024-11-09,2024-11-01,paid_search,0,1,2024-11-19,1,2024-12-23
1131,1131,2024-11-03,2024-11-01,email,1,0,,0,
1132,1132,2024-09-12,2024-09-01,organic_search,0,1,2024-09-20,1,2024-10-26
1133,1133,2026-04-21,2026-04-01,email,1,1,2026-05-08,0,
1134,1134,2025-04-13,2025-04-01,affiliate,1,1,2025-04-20,0,
1135,1135,2024-11-05,2024-11-01,direct,0,0,,0,
1136,1136,2026-04-08,2026-04-01,organic_search,0,0,,0,
1137,1137,2025-12-29,2025-12-01,paid_search,0,0,,0,
1138,1138,2025-09-02,2025-09-01,paid_social,0,0,,0,
1139,1139,2024-12-09,2024-12-01,direct,0,1,2024-12-11,1,2025-01-17
1140,1140,2026-02-25,2026-02-01,email,0,0,,0,
1141,1141,2024-10-18,2024-10-01,paid_social,0,1,2024-11-01,0,
1142,1142,2024-12-15,2024-12-01,affiliate,1,1,2024-12-26,0,
1143,1143,2026-06-02,2026-06-01,direct,1,0,,0,
1144,1144,2024-08-29,2024-08-01,organic_search,1,1,2024-09-01,0,
1145,1145,2025-07-14,2025-07-01,display,0,1,2025-07-15,0,
1146,1146,2026-02-13,2026-02-01,paid_social,0,1,2026-02-19,1,2026-03-26
1147,1147,2026-03-01,2026-03-01,organic_search,0,1,2026-03-13,1,2026-04-24
1148,1148,2024-12-04,2024-12-01,direct,1,0,,0,
1149,1149,2026-01-25,2026-01-01,paid_search,0,0,,0,
1150,1150,2025-04-30,2025-04-01,organic_search,0,0,,0,
1151,1151,2024-11-22,2024-11-01,paid_search,1,1,2024-12-09,0,
1152,1152,2025-01-22,2025-01-01,organic_search,1,0,,0,
1153,1153,2025-02-07,2025-02-01,direct,1,1,2025-02-09,0,
1154,1154,2026-05-28,2026-05-01,paid_social,0,0,,0,
1155,1155,2026-05-01,2026-05-01,organic_search,0,1,2026-05-16,1,2026-06-07
1156,1156,2025-04-03,2025-04-01,paid_search,0,1,2025-04-12,0,
1157,1157,2026-02-21,2026-02-01,email,1,1,2026-02-27,1,2026-04-15
1158,1158,2024-09-04,2024-09-01,display,0,1,2024-09-10,1,2024-10-22
1159,1159,2024-10-19,2024-10-01,direct,1,1,2024-11-04,0,
1160,1160,2025-02-18,2025-02-01,display,0,0,,0,
1161,1161,2026-06-06,2026-06-01,direct,0,0,,0,
1162,1162,2025-02-01,2025-02-01,organic_search,0,1,2025-02-10,0,
1163,1163,2024-09-26,2024-09-01,direct,1,0,,0,
1164,1164,2025-01-22,2025-01-01,email,0,1,2025-01-24,0,
1165,1165,2024-07-16,2024-07-01,paid_search,1,1,2024-08-03,0,
1166,1166,2024-07-05,2024-07-01,direct,0,1,2024-07-07,1,2024-08-28
1167,1167,2026-05-30,2026-05-01,display,1,1,2026-06-08,0,
1168,1168,2025-04-07,2025-04-01,email,0,1,2025-04-26,0,
1169,1169,2025-12-13,2025-12-01,display,1,1,2025-12-28,1,2026-01-25
1170,1170,2025-09-13,2025-09-01,display,1,1,2025-09-27,0,
1171,1171,2025-10-29,2025-10-01,organic_search,1,0,,0,
1172,1172,2026-01-29,2026-01-01,paid_social,1,0,,0,
1173,1173,2025-11-11,2025-11-01,paid_social,1,1,2025-11-28,1,2025-12-14
1174,1174,2026-05-15,2026-05-01,affiliate,1,1,2026-05-18,0,
1175,1175,2026-03-11,2026-03-01,display,0,1,2026-03-21,0,
1176,1176,2026-01-22,2026-01-01,direct,1,1,2026-02-05,0,
1177,1177,2025-06-29,2025-06-01,paid_search,0,1,2025-07-13,0,
1178,1178,2025-10-08,2025-10-01,email,1,1,2025-10-28,0,
1179,1179,2025-10-08,2025-10-01,email,0,1,2025-10-26,1,2025-12-04
1180,1180,2025-08-15,2025-08-01,paid_social,1,1,2025-08-31,0,
1181,1181,2025-06-10,2025-06-01,affiliate,0,1,2025-06-20,1,2025-07-25
1182,1182,2025-07-03,2025-07-01,organic_search,1,0,,0,
1183,1183,2026-04-30,2026-04-01,organic_search,1,1,2026-05-07,0,
1184,1184,2026-06-08,2026-06-01,paid_social,0,1,2026-06-23,1,2026-08-01
1185,1185,2024-10-19,2024-10-01,affiliate,1,0,,0,
1186,1186,2026-01-18,2026-01-01,paid_social,0,1,2026-01-28,0,
1187,1187,2026-05-21,2026-05-01,display,0,0,,0,
1188,1188,2025-08-04,2025-08-01,display,0,0,,0,
1189,1189,2025-08-23,2025-08-01,email,0,1,2025-08-24,0,
1190,1190,2024-10-23,2024-10-01,affiliate,0,1,2024-10-24,1,2024-12-01
1191,1191,2025-07-15,2025-07-01,paid_search,0,0,,0,
1192,1192,2024-11-20,2024-11-01,paid_social,1,0,,0,
1193,1193,2025-01-13,2025-01-01,affiliate,0,0,,0,
1194,1194,2025-11-28,2025-11-01,affiliate,0,0,,0,
1195,1195,2026-03-11,2026-03-01,paid_social,0,1,2026-03-18,1,2026-05-05
1196,1196,2025-04-20,2025-04-01,direct,1,0,,0,
1197,1197,2025-06-29,2025-06-01,direct,0,1,2025-07-15,0,
1198,1198,2025-07-25,2025-07-01,display,0,1,2025-07-28,0,
1199,1199,2024-11-11,2024-11-01,paid_search,0,0,,0,
1200,1200,2024-09-12,2024-09-01,display,0,1,2024-09-21,0,
1201,1201,2025-10-23,2025-10-01,display,0,1,2025-10-24,0,
1202,1202,2025-11-08,2025-11-01,direct,1,1,2025-11-10,0,
1203,1203,2025-12-23,2025-12-01,email,0,1,2025-12-28,0,
1204,1204,2024-12-28,2024-12-01,paid_social,0,0,,0,
1205,1205,2025-03-22,2025-03-01,direct,0,0,,0,
1206,1206,2025-05-26,2025-05-01,direct,0,1,2025-05-30,0,
1207,1207,2024-10-26,2024-10-01,organic_search,0,0,,0,
1208,1208,2025-06-12,2025-06-01,direct,0,1,2025-06-29,0,
1209,1209,2026-02-25,2026-02-01,affiliate,1,0,,0,
1210,1210,2025-10-08,2025-10-01,paid_social,1,1,2025-10-15,1,2025-12-06
1211,1211,2025-03-09,2025-03-01,direct,1,0,,0,
1212,1212,2025-08-17,2025-08-01,paid_search,0,1,2025-08-26,0,
1213,1213,2025-12-11,2025-12-01,display,0,1,2025-12-13,1,2026-01-31
1214,1214,2025-09-09,2025-09-01,affiliate,0,1,2025-09-20,1,2025-11-03
1215,1215,2024-10-24,2024-10-01,organic_search,0,1,2024-10-25,0,
1216,1216,2025-06-08,2025-06-01,direct,1,0,,0,
1217,1217,2026-03-03,2026-03-01,affiliate,1,1,2026-03-16,1,2026-03-30
1218,1218,2025-09-17,2025-09-01,display,1,0,,0,
1219,1219,2025-04-16,2025-04-01,email,0,1,2025-04-26,0,
1220,1220,2026-02-24,2026-02-01,email,0,1,2026-03-01,0,
1221,1221,2026-05-14,2026-05-01,email,1,0,,0,
1222,1222,2024-09-14,2024-09-01,paid_social,0,1,2024-09-15,0,
1223,1223,2026-03-25,2026-03-01,affiliate,0,1,2026-04-06,0,
1224,1224,2025-11-13,2025-11-01,paid_social,1,1,2025-11-28,1,2025-12-25
1225,1225,2026-06-11,2026-06-01,email,0,1,2026-06-26,1,2026-07-30
1226,1226,2025-08-08,2025-08-01,affiliate,0,0,,0,
1227,1227,2026-05-19,2026-05-01,paid_search,0,0,,0,
1228,1228,2024-08-08,2024-08-01,direct,0,1,2024-08-18,1,2024-09-16
1229,1229,2025-03-03,2025-03-01,paid_social,1,0,,0,
1230,1230,2025-01-28,2025-01-01,paid_search,0,1,2025-02-07,0,
1231,1231,2026-05-04,2026-05-01,paid_search,0,1,2026-05-08,0,
1232,1232,2026-01-09,2026-01-01,email,1,1,2026-01-24,0,
1233,1233,2025-10-03,2025-10-01,affiliate,0,1,2025-10-14,0,
1234,1234,2026-01-12,2026-01-01,direct,0,0,,0,
1235,1235,2025-09-17,2025-09-01,display,0,1,2025-09-21,0,
1236,1236,2024-10-25,2024-10-01,email,1,1,2024-11-02,0,
1237,1237,2025-11-20,2025-11-01,paid_social,0,1,2025-12-08,1,2025-12-31
1238,1238,2025-07-10,2025-07-01,organic_search,1,1,2025-07-26,1,2025-08-28
1239,1239,2024-12-24,2024-12-01,paid_search,0,0,,0,
1240,1240,2025-08-11,2025-08-01,paid_social,0,1,2025-08-25,1,2025-09-22
1241,1241,2024-07-17,2024-07-01,paid_search,1,0,,0,
1242,1242,2025-04-27,2025-04-01,display,1,1,2025-05-05,1,2025-05-30
1243,1243,2026-05-11,2026-05-01,paid_search,1,1,2026-05-23,0,
1244,1244,2025-08-13,2025-08-01,paid_search,0,1,2025-08-19,1,2025-10-08
1245,1245,2025-10-01,2025-10-01,paid_social,1,1,2025-10-17,1,2025-11-03
1246,1246,2025-08-23,2025-08-01,email,1,0,,0,
1247,1247,2026-04-21,2026-04-01,display,0,1,2026-05-10,1,2026-06-06
1248,1248,2026-04-10,2026-04-01,paid_search,1,1,2026-04-18,0,
1249,1249,2025-12-23,2025-12-01,paid_social,0,0,,0,
1250,1250,2026-01-28,2026-01-01,email,0,1,2026-02-16,0,
1251,1251,2025-10-11,2025-10-01,display,0,0,,0,
1252,1252,2026-02-22,2026-02-01,affiliate,0,1,2026-03-08,0,
1253,1253,2025-01-13,2025-01-01,direct,0,0,,0,
1254,1254,2024-09-15,2024-09-01,direct,1,0,,0,
1255,1255,2026-05-03,2026-05-01,direct,1,0,,0,
1256,1256,2026-02-13,2026-02-01,paid_search,0,0,,0,
1257,1257,2025-10-09,2025-10-01,affiliate,1,0,,0,
1258,1258,2025-04-19,2025-04-01,affiliate,0,1,2025-04-24,1,2025-06-17
1259,1259,2026-04-20,2026-04-01,affiliate,0,1,2026-04-23,0,
1260,1260,2024-07-23,2024-07-01,direct,1,1,2024-08-06,0,
1261,1261,2025-12-24,2025-12-01,paid_search,1,1,2025-12-27,1,2026-01-21
1262,1262,2024-08-18,2024-08-01,affiliate,1,1,2024-09-01,1,2024-09-30
1263,1263,2024-09-06,2024-09-01,paid_search,1,1,2024-09-10,1,2024-10-26
1264,1264,2025-01-20,2025-01-01,display,0,1,2025-01-31,0,
1265,1265,2025-07-12,2025-07-01,paid_search,0,1,2025-07-19,1,2025-08-25
1266,1266,2025-08-15,2025-08-01,affiliate,0,0,,0,
1267,1267,2025-11-03,2025-11-01,paid_search,0,1,2025-11-09,0,
1268,1268,2025-09-14,2025-09-01,display,0,0,,0,
1269,1269,2024-09-30,2024-09-01,affiliate,0,0,,0,
1270,1270,2026-05-29,2026-05-01,paid_search,0,1,2026-06-18,0,
1271,1271,2025-01-13,2025-01-01,direct,0,1,2025-01-22,0,
1272,1272,2025-04-26,2025-04-01,email,1,0,,0,
1273,1273,2024-10-16,2024-10-01,affiliate,1,1,2024-10-20,1,2024-12-10
1274,1274,2024-10-09,2024-10-01,email,0,1,2024-10-20,0,
1275,1275,2025-03-06,2025-03-01,paid_search,1,1,2025-03-16,1,2025-04-17
1276,1276,2024-07-05,2024-07-01,paid_search,0,1,2024-07-20,0,
1277,1277,2024-12-12,2024-12-01,organic_search,1,0,,0,
1278,1278,2024-10-15,2024-10-01,paid_search,0,0,,0,
1279,1279,2024-12-29,2024-12-01,paid_social,0,1,2025-01-02,0,
1280,1280,2026-05-28,2026-05-01,paid_search,0,1,2026-06-09,0,
1281,1281,2024-12-08,2024-12-01,affiliate,1,1,2024-12-20,1,2024-12-29
1282,1282,2025-09-02,2025-09-01,paid_social,0,1,2025-09-19,1,2025-10-14
1283,1283,2025-12-21,2025-12-01,display,1,0,,0,
1284,1284,2026-05-04,2026-05-01,email,0,0,,0,
1285,1285,2025-01-17,2025-01-01,direct,0,1,2025-01-30,0,
1286,1286,2026-03-12,2026-03-01,direct,0,1,2026-03-30,0,
1287,1287,2026-06-08,2026-06-01,display,0,1,2026-06-10,0,
1288,1288,2024-11-06,2024-11-01,organic_search,1,1,2024-11-23,1,2024-11-30
1289,1289,2025-02-27,2025-02-01,paid_social,1,0,,0,
1290,1290,2025-03-23,2025-03-01,direct,0,0,,0,
1291,1291,2025-01-09,2025-01-01,email,1,1,2025-01-11,1,2025-02-24
1292,1292,2025-10-10,2025-10-01,paid_social,0,1,2025-10-19,0,
1293,1293,2026-01-15,2026-01-01,affiliate,0,1,2026-01-24,1,2026-03-02
1294,1294,2024-08-19,2024-08-01,email,1,1,2024-08-20,1,2024-09-12
1295,1295,2026-04-25,2026-04-01,email,0,0,,0,
1296,1296,2025-03-02,2025-03-01,email,0,0,,0,
1297,1297,2025-08-14,2025-08-01,organic_search,0,1,2025-08-22,1,2025-09-17
1298,1298,2026-01-30,2026-01-01,affiliate,1,0,,0,
1299,1299,2025-05-13,2025-05-01,organic_search,0,1,2025-05-25,1,2025-06-26
1300,1300,2025-12-28,2025-12-01,email,1,0,,0,
1301,1301,2025-10-21,2025-10-01,direct,0,1,2025-10-26,1,2025-11-17
1302,1302,2025-09-08,2025-09-01,affiliate,1,0,,0,
1303,1303,2025-06-27,2025-06-01,affiliate,0,1,2025-07-03,1,2025-08-07
1304,1304,2025-04-26,2025-04-01,affiliate,0,1,2025-05-11,1,2025-06-07
1305,1305,2025-11-28,2025-11-01,paid_social,1,1,2025-12-14,1,2025-12-21
1306,1306,2025-07-02,2025-07-01,display,0,0,,0,
1307,1307,2026-02-23,2026-02-01,organic_search,0,0,,0,
1308,1308,2025-11-11,2025-11-01,paid_search,0,0,,0,
1309,1309,2024-10-13,2024-10-01,affiliate,1,1,2024-10-25,0,
1310,1310,2024-10-12,2024-10-01,paid_social,0,1,2024-10-28,1,2024-11-21
1311,1311,2024-08-01,2024-08-01,affiliate,0,0,,0,
1312,1312,2025-04-15,2025-04-01,paid_search,0,0,,0,
1313,1313,2025-08-05,2025-08-01,affiliate,0,1,2025-08-21,1,2025-09-27
1314,1314,2026-04-19,2026-04-01,paid_social,1,1,2026-05-03,0,
1315,1315,2024-12-22,2024-12-01,organic_search,1,1,2025-01-02,1,2025-01-28
1316,1316,2025-06-15,2025-06-01,direct,1,0,,0,
1317,1317,2025-04-30,2025-04-01,affiliate,0,1,2025-05-12,0,
1318,1318,2024-10-28,2024-10-01,direct,1,1,2024-11-14,0,
1319,1319,2024-08-27,2024-08-01,paid_social,1,1,2024-09-10,1,2024-10-20
1320,1320,2025-08-01,2025-08-01,direct,1,0,,0,
1321,1321,2026-03-17,2026-03-01,paid_social,1,1,2026-03-19,0,
1322,1322,2025-09-15,2025-09-01,organic_search,0,1,2025-10-02,1,2025-10-23
1323,1323,2026-05-01,2026-05-01,email,0,1,2026-05-15,0,
1324,1324,2025-03-24,2025-03-01,email,0,0,,0,
1325,1325,2025-07-10,2025-07-01,organic_search,1,1,2025-07-11,0,
1326,1326,2025-01-30,2025-01-01,direct,1,0,,0,
1327,1327,2025-09-07,2025-09-01,organic_search,1,1,2025-09-23,0,
1328,1328,2025-08-05,2025-08-01,display,1,1,2025-08-12,1,2025-09-18
1329,1329,2025-05-20,2025-05-01,email,1,0,,0,
1330,1330,2025-03-21,2025-03-01,paid_social,1,0,,0,
1331,1331,2026-04-08,2026-04-01,affiliate,0,0,,0,
1332,1332,2025-04-27,2025-04-01,display,0,0,,0,
1333,1333,2026-05-11,2026-05-01,paid_search,1,1,2026-05-12,1,2026-06-02
1334,1334,2026-01-13,2026-01-01,email,1,1,2026-01-29,0,
1335,1335,2026-04-18,2026-04-01,organic_search,1,0,,0,
1336,1336,2025-09-04,2025-09-01,paid_social,0,1,2025-09-20,0,
1337,1337,2026-03-09,2026-03-01,display,1,1,2026-03-29,0,
1338,1338,2025-11-26,2025-11-01,direct,0,1,2025-12-04,1,2025-12-19
1339,1339,2025-05-15,2025-05-01,affiliate,0,0,,0,
1340,1340,2025-07-13,2025-07-01,organic_search,0,0,,0,
1341,1341,2026-04-24,2026-04-01,display,0,1,2026-05-12,0,
1342,1342,2024-07-09,2024-07-01,paid_social,1,0,,0,
1343,1343,2025-04-19,2025-04-01,paid_social,1,1,2025-05-05,0,
1344,1344,2025-07-30,2025-07-01,organic_search,0,1,2025-08-13,1,2025-09-13
1345,1345,2024-10-09,2024-10-01,organic_search,1,0,,0,
1346,1346,2024-08-14,2024-08-01,email,0,1,2024-09-03,0,
1347,1347,2025-01-07,2025-01-01,display,0,1,2025-01-14,1,2025-03-01
1348,1348,2026-02-27,2026-02-01,direct,0,0,,0,
1349,1349,2024-10-25,2024-10-01,email,0,1,2024-10-26,0,
1350,1350,2025-09-21,2025-09-01,paid_search,0,0,,0,
1351,1351,2026-04-30,2026-04-01,affiliate,0,1,2026-05-09,1,2026-06-19
1352,1352,2026-02-10,2026-02-01,paid_social,0,1,2026-02-25,1,2026-03-30
1353,1353,2025-04-13,2025-04-01,organic_search,1,1,2025-04-16,1,2025-05-25
1354,1354,2025-11-25,2025-11-01,paid_search,0,0,,0,
1355,1355,2026-06-20,2026-06-01,paid_social,0,1,2026-06-23,0,
1356,1356,2026-04-19,2026-04-01,paid_social,0,1,2026-05-08,0,
1357,1357,2025-12-18,2025-12-01,organic_search,0,1,2025-12-24,0,
1358,1358,2024-07-27,2024-07-01,display,1,0,,0,
1359,1359,2024-09-05,2024-09-01,email,0,0,,0,
1360,1360,2025-09-13,2025-09-01,organic_search,1,1,2025-09-18,0,
1361,1361,2025-11-18,2025-11-01,display,0,1,2025-12-03,0,
1362,1362,2026-06-14,2026-06-01,display,1,1,2026-07-02,1,2026-07-25
1363,1363,2025-03-30,2025-03-01,email,0,1,2025-04-05,1,2025-05-02
1364,1364,2024-11-27,2024-11-01,paid_search,0,1,2024-12-09,0,
1365,1365,2026-03-31,2026-03-01,affiliate,1,0,,0,
1366,1366,2026-04-19,2026-04-01,paid_search,0,1,2026-04-26,1,2026-05-18
1367,1367,2026-04-03,2026-04-01,direct,0,0,,0,
1368,1368,2026-02-08,2026-02-01,display,0,0,,0,
1369,1369,2026-04-12,2026-04-01,affiliate,0,1,2026-04-29,1,2026-05-18
1370,1370,2025-05-17,2025-05-01,affiliate,1,0,,0,
1371,1371,2026-03-30,2026-03-01,paid_social,0,1,2026-04-19,0,
1372,1372,2024-09-09,2024-09-01,direct,0,0,,0,
1373,1373,2026-05-23,2026-05-01,affiliate,0,1,2026-06-12,1,2026-07-11
1374,1374,2026-03-22,2026-03-01,direct,0,0,,0,
1375,1375,2024-12-26,2024-12-01,paid_search,0,1,2025-01-11,1,2025-02-01
1376,1376,2025-11-23,2025-11-01,direct,1,1,2025-11-25,0,
1377,1377,2026-03-11,2026-03-01,paid_social,0,1,2026-03-24,0,
1378,1378,2026-06-10,2026-06-01,display,0,1,2026-06-19,0,
1379,1379,2025-05-11,2025-05-01,affiliate,0,1,2025-05-17,0,
1380,1380,2025-08-20,2025-08-01,paid_search,0,1,2025-09-01,1,2025-09-28
1381,1381,2026-06-16,2026-06-01,affiliate,0,1,2026-07-05,0,
1382,1382,2025-03-09,2025-03-01,affiliate,1,0,,0,
1383,1383,2026-01-27,2026-01-01,paid_social,1,0,,0,
1384,1384,2025-12-25,2025-12-01,paid_social,1,1,2025-12-29,0,
1385,1385,2024-12-14,2024-12-01,direct,0,0,,0,
1386,1386,2024-11-28,2024-11-01,display,1,1,2024-11-30,1,2025-01-11
1387,1387,2026-03-04,2026-03-01,paid_search,0,1,2026-03-16,1,2026-05-02
1388,1388,2024-11-14,2024-11-01,affiliate,0,0,,0,
1389,1389,2026-04-14,2026-04-01,affiliate,0,0,,0,
1390,1390,2025-02-10,2025-02-01,direct,1,1,2025-02-23,0,
1391,1391,2025-12-28,2025-12-01,direct,0,0,,0,
1392,1392,2026-02-01,2026-02-01,paid_search,0,1,2026-02-08,0,
1393,1393,2025-12-21,2025-12-01,paid_social,0,1,2025-12-26,1,2026-02-03
1394,1394,2024-08-07,2024-08-01,paid_social,0,0,,0,
1395,1395,2026-05-05,2026-05-01,organic_search,0,0,,0,
1396,1396,2025-12-07,2025-12-01,affiliate,0,1,2025-12-12,1,2026-01-03
1397,1397,2025-09-19,2025-09-01,paid_search,0,0,,0,
1398,1398,2026-05-31,2026-05-01,paid_social,1,1,2026-06-03,1,2026-07-13
1399,1399,2025-11-29,2025-11-01,display,0,0,,0,
1400,1400,2025-09-03,2025-09-01,affiliate,0,1,2025-09-16,0,
1401,1401,2025-09-11,2025-09-01,direct,0,1,2025-09-17,1,2025-10-04
1402,1402,2025-09-07,2025-09-01,paid_social,1,0,,0,
1403,1403,2025-12-13,2025-12-01,email,1,1,2025-12-22,0,
1404,1404,2026-04-15,2026-04-01,email,0,1,2026-04-25,1,2026-05-31
1405,1405,2026-06-03,2026-06-01,paid_search,1,1,2026-06-08,0,
1406,1406,2026-04-16,2026-04-01,direct,1,0,,0,
1407,1407,2025-08-13,2025-08-01,email,0,1,2025-09-01,1,2025-09-21
1408,1408,2026-06-09,2026-06-01,display,0,1,2026-06-25,0,
1409,1409,2024-07-15,2024-07-01,direct,1,1,2024-07-22,0,
1410,1410,2026-01-21,2026-01-01,affiliate,1,1,2026-01-23,0,
1411,1411,2025-12-04,2025-12-01,display,1,1,2025-12-13,0,
1412,1412,2025-04-26,2025-04-01,display,1,1,2025-04-30,0,
1413,1413,2025-07-17,2025-07-01,paid_social,0,0,,0,
1414,1414,2025-07-24,2025-07-01,email,0,0,,0,
1415,1415,2025-11-21,2025-11-01,paid_social,1,0,,0,
1416,1416,2026-02-05,2026-02-01,paid_search,0,1,2026-02-17,0,
1417,1417,2025-07-26,2025-07-01,paid_search,0,0,,0,
1418,1418,2025-05-19,2025-05-01,direct,1,0,,0,
1419,1419,2025-10-31,2025-10-01,organic_search,0,1,2025-11-01,0,
1420,1420,2025-04-10,2025-04-01,email,0,1,2025-04-15,0,
1421,1421,2025-04-29,2025-04-01,display,1,1,2025-05-10,1,2025-05-28
1422,1422,2025-01-14,2025-01-01,affiliate,0,1,2025-01-25,1,2025-03-13
1423,1423,2026-03-17,2026-03-01,display,0,0,,0,
1424,1424,2024-10-30,2024-10-01,email,0,0,,0,
1425,1425,2026-05-28,2026-05-01,display,0,1,2026-06-17,0,
1426,1426,2025-09-22,2025-09-01,paid_social,1,0,,0,
1427,1427,2025-08-25,2025-08-01,direct,1,1,2025-09-02,1,2025-09-17
1428,1428,2025-10-23,2025-10-01,paid_search,0,0,,0,
1429,1429,2026-06-01,2026-06-01,email,0,0,,0,
1430,1430,2026-02-25,2026-02-01,email,0,0,,0,
1431,1431,2025-04-08,2025-04-01,email,0,0,,0,
1432,1432,2025-04-22,2025-04-01,organic_search,0,0,,0,
1433,1433,2025-07-07,2025-07-01,paid_social,0,0,,0,
1434,1434,2025-12-22,2025-12-01,organic_search,0,0,,0,
1435,1435,2026-03-16,2026-03-01,paid_search,0,0,,0,
1436,1436,2026-06-10,2026-06-01,paid_social,1,0,,0,
1437,1437,2025-02-04,2025-02-01,paid_social,1,0,,0,
1438,1438,2026-02-10,2026-02-01,organic_search,1,1,2026-02-15,1,2026-03-26
1439,1439,2025-03-05,2025-03-01,paid_social,0,1,2025-03-25,1,2025-03-31
1440,1440,2025-08-31,2025-08-01,direct,0,1,2025-09-05,0,
1441,1441,2026-04-01,2026-04-01,affiliate,1,0,,0,
1442,1442,2025-06-05,2025-06-01,organic_search,0,0,,0,
1443,1443,2025-06-08,2025-06-01,email,1,0,,0,
1444,1444,2025-07-11,2025-07-01,display,0,1,2025-07-13,1,2025-08-24
1445,1445,2026-04-06,2026-04-01,direct,0,0,,0,
1446,1446,2024-09-18,2024-09-01,direct,0,1,2024-09-21,0,
1447,1447,2025-02-02,2025-02-01,display,1,1,2025-02-12,1,2025-03-29
1448,1448,2026-04-05,2026-04-01,direct,1,1,2026-04-21,0,
1449,1449,2026-05-07,2026-05-01,email,0,0,,0,
1450,1450,2026-06-01,2026-06-01,email,0,1,2026-06-14,1,2026-06-28
1451,1451,2025-07-07,2025-07-01,direct,1,0,,0,
1452,1452,2025-04-07,2025-04-01,display,0,0,,0,
1453,1453,2025-03-22,2025-03-01,organic_search,0,1,2025-04-02,0,
1454,1454,2024-10-22,2024-10-01,direct,0,0,,0,
1455,1455,2025-03-07,2025-03-01,paid_search,0,0,,0,
1456,1456,2026-01-25,2026-01-01,paid_search,1,0,,0,
1457,1457,2025-02-22,2025-02-01,direct,0,0,,0,
1458,1458,2025-08-31,2025-08-01,email,1,0,,0,
1459,1459,2025-07-11,2025-07-01,organic_search,0,0,,0,
1460,1460,2026-06-04,2026-06-01,organic_search,1,0,,0,
1461,1461,2025-11-22,2025-11-01,paid_social,0,1,2025-12-12,0,
1462,1462,2025-12-03,2025-12-01,affiliate,0,1,2025-12-16,1,2026-01-25
1463,1463,2025-06-10,2025-06-01,organic_search,1,1,2025-06-11,0,
1464,1464,2025-04-11,2025-04-01,affiliate,0,1,2025-04-12,0,
1465,1465,2025-03-29,2025-03-01,display,0,1,2025-04-06,1,2025-05-17
1466,1466,2025-01-01,2025-01-01,display,1,1,2025-01-06,1,2025-02-09
1467,1467,2025-08-09,2025-08-01,organic_search,1,1,2025-08-16,0,
1468,1468,2025-03-08,2025-03-01,email,1,1,2025-03-15,1,2025-04-14
1469,1469,2026-03-30,2026-03-01,organic_search,0,0,,0,
1470,1470,2024-12-03,2024-12-01,paid_social,1,0,,0,
1471,1471,2024-08-11,2024-08-01,affiliate,0,1,2024-08-12,1,2024-10-01
1472,1472,2025-01-01,2025-01-01,email,0,0,,0,
1473,1473,2026-04-08,2026-04-01,email,0,1,2026-04-26,0,
1474,1474,2025-09-22,2025-09-01,organic_search,1,0,,0,
1475,1475,2026-05-15,2026-05-01,direct,1,1,2026-05-27,0,
1476,1476,2025-02-12,2025-02-01,email,1,1,2025-02-18,0,
1477,1477,2026-04-17,2026-04-01,direct,0,0,,0,
1478,1478,2026-01-08,2026-01-01,display,0,1,2026-01-12,1,2026-02-26
1479,1479,2024-12-16,2024-12-01,organic_search,0,1,2024-12-25,0,
1480,1480,2026-03-27,2026-03-01,email,0,1,2026-03-30,1,2026-05-14
1481,1481,2025-04-20,2025-04-01,affiliate,0,0,,0,
1482,1482,2026-03-24,2026-03-01,email,0,0,,0,
1483,1483,2025-09-20,2025-09-01,display,0,1,2025-09-23,1,2025-10-14
1484,1484,2025-04-23,2025-04-01,email,1,1,2025-05-09,1,2025-05-17
1485,1485,2025-04-19,2025-04-01,direct,1,0,,0,
1486,1486,2026-06-12,2026-06-01,paid_social,0,1,2026-06-16,0,
1487,1487,2025-01-08,2025-01-01,paid_social,0,1,2025-01-13,1,2025-03-08
1488,1488,2026-03-28,2026-03-01,paid_search,1,1,2026-04-01,1,2026-05-11
1489,1489,2026-03-10,2026-03-01,direct,0,1,2026-03-30,1,2026-04-14
1490,1490,2026-01-28,2026-01-01,email,1,1,2026-02-10,0,
1491,1491,2025-05-11,2025-05-01,affiliate,1,1,2025-05-20,0,
1492,1492,2026-04-16,2026-04-01,email,1,0,,0,
1493,1493,2025-10-19,2025-10-01,affiliate,0,0,,0,
1494,1494,2026-03-28,2026-03-01,affiliate,1,1,2026-04-01,0,
1495,1495,2026-06-17,2026-06-01,direct,0,1,2026-07-03,0,
1496,1496,2025-10-27,2025-10-01,email,0,0,,0,
1497,1497,2024-09-03,2024-09-01,paid_search,0,1,2024-09-21,0,
1498,1498,2025-08-17,2025-08-01,display,1,1,2025-08-28,1,2025-10-02
1499,1499,2026-05-03,2026-05-01,direct,1,0,,0,
1500,1500,2025-01-03,2025-01-01,organic_search,1,1,2025-01-06,1,2025-02-21
1501,1501,2024-12-12,2024-12-01,organic_search,1,0,,0,
1502,1502,2026-03-05,2026-03-01,organic_search,1,1,2026-03-13,1,2026-03-31
1503,1503,2025-07-12,2025-07-01,paid_search,1,0,,0,
1504,1504,2025-10-23,2025-10-01,paid_search,1,0,,0,
1505,1505,2025-02-12,2025-02-01,paid_social,0,0,,0,
1506,1506,2025-12-30,2025-12-01,email,1,0,,0,
1507,1507,2026-03-11,2026-03-01,affiliate,0,1,2026-03-28,0,
1508,1508,2026-06-03,2026-06-01,organic_search,0,1,2026-06-05,1,2026-07-05
1509,1509,2026-02-12,2026-02-01,direct,0,1,2026-03-04,1,2026-03-11
1510,1510,2026-05-09,2026-05-01,organic_search,0,0,,0,
1511,1511,2025-01-25,2025-01-01,email,0,1,2025-02-01,1,2025-02-19
1512,1512,2026-03-06,2026-03-01,paid_search,0,0,,0,
1513,1513,2025-09-30,2025-09-01,paid_social,0,1,2025-10-16,1,2025-11-06
1514,1514,2026-03-24,2026-03-01,affiliate,0,0,,0,
1515,1515,2025-10-19,2025-10-01,affiliate,1,0,,0,
1516,1516,2026-01-14,2026-01-01,direct,0,1,2026-01-18,0,
1517,1517,2025-05-01,2025-05-01,direct,0,0,,0,
1518,1518,2025-07-20,2025-07-01,organic_search,0,1,2025-08-01,0,
1519,1519,2025-06-12,2025-06-01,direct,1,0,,0,
1520,1520,2026-01-21,2026-01-01,organic_search,0,1,2026-01-24,1,2026-02-24
1521,1521,2025-06-28,2025-06-01,organic_search,1,1,2025-07-16,0,
1522,1522,2026-06-17,2026-06-01,display,1,0,,0,
1523,1523,2025-04-30,2025-04-01,display,0,1,2025-05-06,0,
1524,1524,2025-10-15,2025-10-01,organic_search,0,0,,0,
1525,1525,2025-01-02,2025-01-01,paid_search,1,0,,0,
1526,1526,2025-06-26,2025-06-01,affiliate,0,1,2025-07-06,1,2025-08-01
1527,1527,2025-12-18,2025-12-01,paid_search,0,1,2026-01-05,1,2026-02-09
1528,1528,2025-09-27,2025-09-01,display,1,0,,0,
1529,1529,2026-03-06,2026-03-01,email,1,1,2026-03-07,0,
1530,1530,2025-10-24,2025-10-01,email,1,1,2025-11-02,1,2025-12-10
1531,1531,2025-03-31,2025-03-01,direct,1,1,2025-04-18,1,2025-05-01
1532,1532,2026-05-03,2026-05-01,display,1,1,2026-05-04,0,
1533,1533,2024-09-23,2024-09-01,paid_social,0,1,2024-10-01,0,
1534,1534,2026-05-02,2026-05-01,affiliate,1,1,2026-05-07,1,2026-06-29
1535,1535,2025-06-17,2025-06-01,paid_social,1,1,2025-07-06,0,
1536,1536,2025-12-12,2025-12-01,paid_search,0,0,,0,
1537,1537,2025-08-17,2025-08-01,direct,0,1,2025-09-01,1,2025-09-26
1538,1538,2025-02-14,2025-02-01,organic_search,1,0,,0,
1539,1539,2025-06-30,2025-06-01,paid_search,1,0,,0,
1540,1540,2024-07-25,2024-07-01,direct,0,1,2024-08-08,1,2024-08-26
1541,1541,2025-12-27,2025-12-01,organic_search,1,1,2025-12-31,1,2026-02-05
1542,1542,2025-03-01,2025-03-01,paid_search,1,1,2025-03-18,0,
1543,1543,2024-12-29,2024-12-01,email,0,1,2025-01-01,1,2025-01-24
1544,1544,2025-04-05,2025-04-01,paid_social,0,0,,0,
1545,1545,2024-08-11,2024-08-01,organic_search,1,0,,0,
1546,1546,2025-04-05,2025-04-01,paid_search,0,0,,0,
1547,1547,2025-12-10,2025-12-01,paid_search,1,0,,0,
1548,1548,2026-05-11,2026-05-01,email,1,1,2026-05-14,1,2026-07-08
1549,1549,2026-02-06,2026-02-01,email,0,0,,0,
1550,1550,2024-11-26,2024-11-01,email,0,0,,0,
1551,1551,2026-05-07,2026-05-01,affiliate,0,1,2026-05-18,0,
1552,1552,2026-02-07,2026-02-01,paid_social,1,1,2026-02-27,0,
1553,1553,2024-10-01,2024-10-01,organic_search,0,0,,0,
1554,1554,2026-04-12,2026-04-01,organic_search,0,0,,0,
1555,1555,2025-01-29,2025-01-01,organic_search,0,0,,0,
1556,1556,2026-01-02,2026-01-01,display,1,1,2026-01-15,1,2026-01-28
1557,1557,2026-04-22,2026-04-01,display,1,1,2026-04-24,0,
1558,1558,2025-03-03,2025-03-01,organic_search,1,1,2025-03-14,1,2025-03-27
1559,1559,2025-12-08,2025-12-01,affiliate,0,0,,0,
1560,1560,2025-05-24,2025-05-01,direct,0,0,,0,
1561,1561,2026-03-08,2026-03-01,paid_social,1,0,,0,
1562,1562,2025-09-24,2025-09-01,affiliate,0,1,2025-09-29,1,2025-10-23
1563,1563,2026-06-15,2026-06-01,organic_search,0,1,2026-06-17,0,
1564,1564,2025-03-25,2025-03-01,display,0,0,,0,
1565,1565,2025-06-15,2025-06-01,affiliate,0,1,2025-06-26,1,2025-08-10
1566,1566,2025-07-29,2025-07-01,direct,1,0,,0,
1567,1567,2026-01-11,2026-01-01,organic_search,0,1,2026-01-18,0,
1568,1568,2024-12-13,2024-12-01,paid_search,1,0,,0,
1569,1569,2025-12-09,2025-12-01,display,0,0,,0,
1570,1570,2025-06-11,2025-06-01,affiliate,1,1,2025-06-24,1,2025-07-24
1571,1571,2025-08-17,2025-08-01,email,0,1,2025-08-26,0,
1572,1572,2024-11-16,2024-11-01,affiliate,0,1,2024-12-04,0,
1573,1573,2025-06-29,2025-06-01,organic_search,1,1,2025-07-02,0,
1574,1574,2025-04-25,2025-04-01,display,0,0,,0,
1575,1575,2025-08-18,2025-08-01,paid_social,1,0,,0,
1576,1576,2025-06-29,2025-06-01,display,0,1,2025-07-09,1,2025-08-08
1577,1577,2025-06-23,2025-06-01,affiliate,0,1,2025-07-02,1,2025-07-14
1578,1578,2026-01-10,2026-01-01,paid_search,1,1,2026-01-11,0,
1579,1579,2026-06-18,2026-06-01,paid_social,1,1,2026-07-04,1,2026-07-26
1580,1580,2025-08-09,2025-08-01,paid_social,0,0,,0,
1581,1581,2024-09-17,2024-09-01,email,1,0,,0,
1582,1582,2025-11-04,2025-11-01,display,0,1,2025-11-08,1,2025-12-23
1583,1583,2025-11-07,2025-11-01,paid_search,0,0,,0,
1584,1584,2024-11-01,2024-11-01,paid_social,0,1,2024-11-16,1,2024-12-20
1585,1585,2024-07-17,2024-07-01,paid_search,0,1,2024-07-19,0,
1586,1586,2026-01-03,2026-01-01,paid_search,1,1,2026-01-19,0,
1587,1587,2026-01-16,2026-01-01,affiliate,0,1,2026-02-03,0,
1588,1588,2025-08-08,2025-08-01,paid_search,0,1,2025-08-19,1,2025-09-08
1589,1589,2024-10-26,2024-10-01,email,0,1,2024-11-04,1,2024-12-01
1590,1590,2025-10-08,2025-10-01,direct,0,1,2025-10-09,0,
1591,1591,2026-02-18,2026-02-01,paid_social,0,1,2026-03-07,0,
1592,1592,2026-03-05,2026-03-01,paid_social,1,1,2026-03-15,0,
1593,1593,2025-03-13,2025-03-01,paid_social,0,0,,0,
1594,1594,2025-12-22,2025-12-01,display,0,1,2026-01-01,0,
1595,1595,2025-03-29,2025-03-01,organic_search,0,1,2025-03-30,0,
1596,1596,2024-12-28,2024-12-01,organic_search,0,1,2025-01-17,1,2025-01-23
1597,1597,2026-03-25,2026-03-01,direct,1,1,2026-04-10,1,2026-05-12
1598,1598,2025-09-08,2025-09-01,email,1,0,,0,
1599,1599,2024-12-12,2024-12-01,organic_search,0,0,,0,
1600,1600,2024-11-22,2024-11-01,direct,0,0,,0,
1601,1601,2024-11-03,2024-11-01,email,1,1,2024-11-04,1,2024-11-28
1602,1602,2026-04-09,2026-04-01,direct,1,1,2026-04-13,0,
1603,1603,2026-03-01,2026-03-01,display,0,1,2026-03-15,0,
1604,1604,2025-12-05,2025-12-01,direct,0,0,,0,
1605,1605,2025-10-15,2025-10-01,display,0,1,2025-10-25,0,
1606,1606,2026-06-08,2026-06-01,direct,1,1,2026-06-16,1,2026-08-01
1607,1607,2025-04-06,2025-04-01,direct,1,1,2025-04-08,1,2025-05-07
1608,1608,2024-11-18,2024-11-01,email,0,0,,0,
1609,1609,2025-09-03,2025-09-01,affiliate,0,0,,0,
1610,1610,2026-04-28,2026-04-01,organic_search,0,1,2026-05-12,0,
1611,1611,2025-05-01,2025-05-01,direct,0,0,,0,
1612,1612,2025-08-01,2025-08-01,display,0,0,,0,
1613,1613,2026-05-19,2026-05-01,affiliate,0,1,2026-06-02,0,
1614,1614,2026-01-11,2026-01-01,email,0,1,2026-01-15,0,
1615,1615,2025-06-22,2025-06-01,direct,0,1,2025-07-11,1,2025-07-14
1616,1616,2026-02-01,2026-02-01,direct,0,1,2026-02-09,0,
1617,1617,2024-09-20,2024-09-01,organic_search,1,1,2024-09-28,1,2024-10-16
1618,1618,2025-01-27,2025-01-01,paid_search,0,1,2025-01-31,0,
1619,1619,2025-09-02,2025-09-01,display,1,0,,0,
1620,1620,2025-07-12,2025-07-01,paid_search,0,1,2025-07-14,1,2025-09-04
1621,1621,2025-10-24,2025-10-01,paid_search,1,1,2025-11-09,1,2025-12-16
1622,1622,2025-08-16,2025-08-01,email,0,0,,0,
1623,1623,2025-01-05,2025-01-01,paid_social,1,0,,0,
1624,1624,2026-04-13,2026-04-01,paid_social,0,0,,0,
1625,1625,2025-10-19,2025-10-01,paid_search,1,0,,0,
1626,1626,2025-07-21,2025-07-01,organic_search,1,0,,0,
1627,1627,2026-02-08,2026-02-01,affiliate,0,1,2026-02-11,1,2026-04-06
1628,1628,2026-01-14,2026-01-01,paid_search,1,0,,0,
1629,1629,2024-09-05,2024-09-01,display,1,1,2024-09-07,1,2024-10-05
1630,1630,2025-01-12,2025-01-01,direct,0,0,,0,
1631,1631,2025-08-14,2025-08-01,affiliate,0,1,2025-08-28,1,2025-09-23
1632,1632,2025-10-30,2025-10-01,paid_social,0,1,2025-11-19,1,2025-12-21
1633,1633,2025-09-13,2025-09-01,paid_search,1,1,2025-10-02,0,
1634,1634,2026-05-04,2026-05-01,organic_search,0,1,2026-05-16,1,2026-06-10
1635,1635,2025-10-11,2025-10-01,display,0,1,2025-10-27,0,
1636,1636,2026-04-19,2026-04-01,email,0,0,,0,
1637,1637,2024-11-02,2024-11-01,email,1,0,,0,
1638,1638,2024-08-21,2024-08-01,paid_search,0,0,,0,
1639,1639,2025-03-25,2025-03-01,paid_social,1,0,,0,
1640,1640,2026-02-17,2026-02-01,email,0,1,2026-02-27,0,
1641,1641,2026-05-24,2026-05-01,email,0,0,,0,
1642,1642,2025-06-02,2025-06-01,paid_social,1,1,2025-06-14,1,2025-07-23
1643,1643,2025-11-13,2025-11-01,display,0,1,2025-11-26,1,2025-12-23
1644,1644,2026-06-06,2026-06-01,paid_social,0,1,2026-06-25,0,
1645,1645,2025-01-09,2025-01-01,organic_search,1,0,,0,
1646,1646,2024-12-14,2024-12-01,paid_social,1,0,,0,
1647,1647,2025-05-06,2025-05-01,organic_search,0,1,2025-05-24,1,2025-06-13
1648,1648,2025-07-31,2025-07-01,affiliate,1,1,2025-08-20,0,
1649,1649,2024-07-01,2024-07-01,paid_social,1,1,2024-07-09,0,
1650,1650,2025-02-04,2025-02-01,display,1,0,,0,
1651,1651,2026-03-24,2026-03-01,display,1,1,2026-04-06,0,
1652,1652,2026-02-01,2026-02-01,direct,0,1,2026-02-10,1,2026-03-22
1653,1653,2025-06-10,2025-06-01,paid_social,0,1,2025-06-26,0,
1654,1654,2025-09-22,2025-09-01,affiliate,1,1,2025-10-12,1,2025-11-20
1655,1655,2025-08-16,2025-08-01,paid_search,0,1,2025-09-02,0,
1656,1656,2026-03-26,2026-03-01,organic_search,0,0,,0,
1657,1657,2025-09-28,2025-09-01,direct,0,0,,0,
1658,1658,2025-09-21,2025-09-01,organic_search,1,0,,0,
1659,1659,2025-12-28,2025-12-01,paid_search,0,1,2025-12-30,1,2026-02-05
1660,1660,2025-07-09,2025-07-01,affiliate,0,0,,0,
1661,1661,2026-03-18,2026-03-01,paid_social,0,1,2026-03-26,0,
1662,1662,2025-07-26,2025-07-01,paid_search,0,1,2025-08-11,0,
1663,1663,2025-09-27,2025-09-01,organic_search,0,1,2025-10-04,0,
1664,1664,2026-06-16,2026-06-01,email,0,0,,0,
1665,1665,2025-04-23,2025-04-01,display,1,0,,0,
1666,1666,2026-03-09,2026-03-01,display,0,1,2026-03-21,1,2026-03-30
1667,1667,2026-01-04,2026-01-01,organic_search,0,0,,0,
1668,1668,2025-04-17,2025-04-01,organic_search,0,1,2025-04-30,1,2025-05-11
1669,1669,2025-02-13,2025-02-01,affiliate,0,1,2025-02-17,0,
1670,1670,2026-05-28,2026-05-01,display,0,1,2026-06-02,0,
1671,1671,2025-09-19,2025-09-01,affiliate,0,1,2025-10-06,1,2025-10-11
1672,1672,2026-06-05,2026-06-01,direct,1,1,2026-06-25,0,
1673,1673,2026-01-19,2026-01-01,direct,0,0,,0,
1674,1674,2025-12-30,2025-12-01,direct,0,1,2026-01-17,0,
1675,1675,2025-10-11,2025-10-01,affiliate,0,1,2025-10-17,1,2025-11-11
1676,1676,2025-04-04,2025-04-01,organic_search,1,0,,0,
1677,1677,2025-05-17,2025-05-01,direct,0,1,2025-06-05,0,
1678,1678,2025-01-26,2025-01-01,paid_search,1,0,,0,
1679,1679,2025-05-18,2025-05-01,direct,0,0,,0,
1680,1680,2024-09-25,2024-09-01,paid_social,1,0,,0,
1681,1681,2025-02-11,2025-02-01,email,0,1,2025-02-23,1,2025-03-08
1682,1682,2025-04-18,2025-04-01,paid_social,0,0,,0,
1683,1683,2026-01-17,2026-01-01,email,0,1,2026-02-04,1,2026-02-08
1684,1684,2024-12-31,2024-12-01,paid_social,0,1,2025-01-10,1,2025-01-29
1685,1685,2024-10-16,2024-10-01,email,0,1,2024-10-30,0,
1686,1686,2025-04-01,2025-04-01,paid_search,0,1,2025-04-17,1,2025-04-24
1687,1687,2024-10-18,2024-10-01,paid_social,1,1,2024-10-22,0,
1688,1688,2024-12-19,2024-12-01,display,0,0,,0,
1689,1689,2026-06-13,2026-06-01,paid_social,0,1,2026-06-17,1,2026-07-20
1690,1690,2025-08-08,2025-08-01,paid_search,1,1,2025-08-10,1,2025-10-01
1691,1691,2026-03-13,2026-03-01,direct,1,0,,0,
1692,1692,2026-05-01,2026-05-01,email,1,0,,0,
1693,1693,2025-02-06,2025-02-01,paid_search,0,0,,0,
1694,1694,2025-11-01,2025-11-01,direct,1,1,2025-11-16,0,
1695,1695,2024-08-24,2024-08-01,display,0,1,2024-09-05,1,2024-09-25
1696,1696,2026-05-01,2026-05-01,paid_search,0,0,,0,
1697,1697,2024-09-22,2024-09-01,paid_search,0,0,,0,
1698,1698,2026-04-03,2026-04-01,display,0,1,2026-04-22,0,
1699,1699,2025-07-24,2025-07-01,paid_search,1,0,,0,
1700,1700,2026-03-02,2026-03-01,paid_social,1,0,,0,
1701,1701,2025-11-24,2025-11-01,paid_search,1,1,2025-12-02,1,2025-12-19
1702,1702,2026-05-25,2026-05-01,display,1,1,2026-05-31,0,
1703,1703,2026-05-03,2026-05-01,display,0,1,2026-05-13,0,
1704,1704,2025-11-09,2025-11-01,organic_search,0,1,2025-11-25,0,
1705,1705,2026-05-08,2026-05-01,paid_search,1,0,,0,
1706,1706,2025-08-04,2025-08-01,organic_search,0,0,,0,
1707,1707,2024-11-05,2024-11-01,paid_social,1,1,2024-11-21,1,2024-12-24
1708,1708,2026-06-16,2026-06-01,affiliate,0,1,2026-07-01,1,2026-08-08
1709,1709,2026-02-25,2026-02-01,direct,0,1,2026-03-02,1,2026-03-28
1710,1710,2025-12-25,2025-12-01,direct,1,0,,0,
1711,1711,2024-10-13,2024-10-01,email,0,0,,0,
1712,1712,2026-05-31,2026-05-01,direct,1,1,2026-06-13,1,2026-07-06
1713,1713,2024-07-30,2024-07-01,direct,0,1,2024-08-05,1,2024-09-19
1714,1714,2024-09-20,2024-09-01,display,0,1,2024-10-05,1,2024-10-17
1715,1715,2026-03-13,2026-03-01,direct,0,1,2026-03-17,0,
1716,1716,2025-12-03,2025-12-01,affiliate,0,1,2025-12-16,0,
1717,1717,2025-11-08,2025-11-01,affiliate,0,1,2025-11-09,1,2025-12-08
1718,1718,2025-01-19,2025-01-01,paid_social,1,1,2025-01-25,1,2025-03-03
1719,1719,2025-10-26,2025-10-01,direct,1,1,2025-11-05,0,
1720,1720,2025-08-24,2025-08-01,direct,0,0,,0,
1721,1721,2026-05-30,2026-05-01,display,1,1,2026-06-17,0,
1722,1722,2026-05-08,2026-05-01,email,0,0,,0,
1723,1723,2025-07-25,2025-07-01,direct,1,1,2025-08-13,1,2025-09-21
1724,1724,2025-06-13,2025-06-01,affiliate,0,1,2025-07-03,0,
1725,1725,2026-03-04,2026-03-01,direct,0,1,2026-03-17,1,2026-04-19
1726,1726,2026-04-03,2026-04-01,paid_social,0,1,2026-04-17,0,
1727,1727,2025-12-02,2025-12-01,email,0,0,,0,
1728,1728,2026-06-02,2026-06-01,direct,1,0,,0,
1729,1729,2026-01-27,2026-01-01,organic_search,0,1,2026-02-11,1,2026-02-22
1730,1730,2026-02-02,2026-02-01,paid_search,1,1,2026-02-17,0,
1731,1731,2025-06-15,2025-06-01,email,0,1,2025-06-29,1,2025-07-06
1732,1732,2026-01-15,2026-01-01,paid_search,0,1,2026-01-18,0,
1733,1733,2026-04-09,2026-04-01,organic_search,0,0,,0,
1734,1734,2025-11-26,2025-11-01,display,1,0,,0,
1735,1735,2026-03-06,2026-03-01,direct,0,1,2026-03-13,1,2026-04-26
1736,1736,2024-08-03,2024-08-01,paid_search,0,0,,0,
1737,1737,2026-04-24,2026-04-01,email,0,1,2026-05-13,0,
1738,1738,2024-10-04,2024-10-01,display,1,1,2024-10-05,1,2024-11-17
1739,1739,2026-05-26,2026-05-01,paid_social,0,1,2026-06-04,0,
1740,1740,2026-04-03,2026-04-01,display,0,1,2026-04-16,1,2026-05-27
1741,1741,2025-12-03,2025-12-01,display,0,0,,0,
1742,1742,2026-05-30,2026-05-01,direct,0,1,2026-06-05,1,2026-06-29
1743,1743,2025-06-27,2025-06-01,affiliate,0,1,2025-07-10,0,
1744,1744,2026-05-23,2026-05-01,email,0,1,2026-06-06,1,2026-07-06
1745,1745,2025-04-18,2025-04-01,direct,1,1,2025-05-01,1,2025-05-26
1746,1746,2026-03-17,2026-03-01,display,0,0,,0,
1747,1747,2024-10-28,2024-10-01,email,0,0,,0,
1748,1748,2025-12-21,2025-12-01,affiliate,1,1,2025-12-27,1,2026-01-31
1749,1749,2024-07-06,2024-07-01,email,1,0,,0,
1750,1750,2025-01-18,2025-01-01,display,0,0,,0,
1751,1751,2025-03-20,2025-03-01,display,0,1,2025-03-26,0,
1752,1752,2025-10-18,2025-10-01,display,1,0,,0,
1753,1753,2026-06-16,2026-06-01,display,0,0,,0,
1754,1754,2025-11-30,2025-11-01,organic_search,1,1,2025-12-12,0,
1755,1755,2025-09-06,2025-09-01,affiliate,1,0,,0,
1756,1756,2025-11-16,2025-11-01,organic_search,1,0,,0,
1757,1757,2026-03-14,2026-03-01,organic_search,0,1,2026-03-22,0,
1758,1758,2025-06-25,2025-06-01,email,1,1,2025-07-07,1,2025-08-09
1759,1759,2025-03-22,2025-03-01,email,0,1,2025-04-10,1,2025-05-13
1760,1760,2025-05-15,2025-05-01,organic_search,1,0,,0,
1761,1761,2025-07-10,2025-07-01,display,0,1,2025-07-28,0,
1762,1762,2025-11-17,2025-11-01,display,0,1,2025-12-07,0,
1763,1763,2026-04-21,2026-04-01,paid_search,0,1,2026-05-10,1,2026-05-26
1764,1764,2024-09-15,2024-09-01,paid_search,0,1,2024-10-01,0,
1765,1765,2025-02-21,2025-02-01,paid_search,0,0,,0,
1766,1766,2026-02-24,2026-02-01,display,0,1,2026-03-01,1,2026-03-29
1767,1767,2026-02-24,2026-02-01,affiliate,0,0,,0,
1768,1768,2025-12-04,2025-12-01,affiliate,1,1,2025-12-11,0,
1769,1769,2025-05-27,2025-05-01,organic_search,1,0,,0,
1770,1770,2025-01-20,2025-01-01,affiliate,1,1,2025-01-22,0,
1771,1771,2024-09-30,2024-09-01,organic_search,0,1,2024-10-16,1,2024-11-13
1772,1772,2025-11-11,2025-11-01,paid_search,0,1,2025-11-12,0,
1773,1773,2025-03-07,2025-03-01,email,0,0,,0,
1774,1774,2025-04-07,2025-04-01,paid_search,0,1,2025-04-20,1,2025-05-14
1775,1775,2026-03-22,2026-03-01,affiliate,0,1,2026-04-05,0,
1776,1776,2024-12-11,2024-12-01,paid_search,0,1,2024-12-28,0,
1777,1777,2026-01-25,2026-01-01,paid_search,0,0,,0,
1778,1778,2024-08-20,2024-08-01,direct,1,0,,0,
1779,1779,2025-11-27,2025-11-01,paid_social,1,0,,0,
1780,1780,2024-08-04,2024-08-01,organic_search,0,1,2024-08-13,0,
1781,1781,2025-08-20,2025-08-01,affiliate,0,1,2025-08-30,1,2025-10-13
1782,1782,2025-05-25,2025-05-01,display,0,0,,0,
1783,1783,2025-07-28,2025-07-01,organic_search,0,1,2025-07-31,0,
1784,1784,2025-04-28,2025-04-01,display,0,0,,0,
1785,1785,2024-07-19,2024-07-01,affiliate,0,0,,0,
1786,1786,2025-04-12,2025-04-01,paid_search,0,0,,0,
1787,1787,2025-07-17,2025-07-01,direct,1,0,,0,
1788,1788,2026-04-30,2026-04-01,display,0,1,2026-05-15,1,2026-06-17
1789,1789,2026-01-30,2026-01-01,paid_social,1,0,,0,
1790,1790,2026-05-18,2026-05-01,affiliate,0,1,2026-05-26,0,
1791,1791,2024-12-22,2024-12-01,email,1,1,2025-01-05,0,
1792,1792,2026-02-19,2026-02-01,affiliate,0,0,,0,
1793,1793,2026-05-17,2026-05-01,organic_search,1,0,,0,
1794,1794,2024-08-15,2024-08-01,direct,0,0,,0,
1795,1795,2025-06-21,2025-06-01,affiliate,0,0,,0,
1796,1796,2025-08-14,2025-08-01,paid_search,1,1,2025-08-16,0,
1797,1797,2025-09-25,2025-09-01,paid_social,1,1,2025-10-15,0,
1798,1798,2025-08-19,2025-08-01,paid_social,1,0,,0,
1799,1799,2025-11-24,2025-11-01,email,0,0,,0,
1800,1800,2025-12-03,2025-12-01,affiliate,0,1,2025-12-07,0,
1801,1801,2026-02-06,2026-02-01,organic_search,0,1,2026-02-14,0,
1802,1802,2025-12-08,2025-12-01,email,0,1,2025-12-15,1,2026-01-23
1803,1803,2025-06-28,2025-06-01,paid_social,1,0,,0,
1804,1804,2026-05-23,2026-05-01,paid_social,0,1,2026-05-28,1,2026-07-03
1805,1805,2025-08-26,2025-08-01,email,0,0,,0,
1806,1806,2025-12-13,2025-12-01,paid_search,0,0,,0,
1807,1807,2025-08-16,2025-08-01,paid_social,0,1,2025-08-28,1,2025-10-10
1808,1808,2026-05-23,2026-05-01,paid_social,1,0,,0,
1809,1809,2024-11-11,2024-11-01,paid_search,1,1,2024-12-01,0,
1810,1810,2025-10-20,2025-10-01,organic_search,0,1,2025-10-29,1,2025-12-09
1811,1811,2025-01-13,2025-01-01,direct,0,1,2025-01-25,0,
1812,1812,2026-03-17,2026-03-01,affiliate,1,1,2026-04-04,1,2026-05-15
1813,1813,2026-03-11,2026-03-01,direct,0,0,,0,
1814,1814,2025-10-16,2025-10-01,direct,1,1,2025-10-30,0,
1815,1815,2026-01-27,2026-01-01,display,1,1,2026-02-07,0,
1816,1816,2026-01-08,2026-01-01,display,1,1,2026-01-26,1,2026-03-06
1817,1817,2026-04-29,2026-04-01,paid_search,0,1,2026-05-16,1,2026-06-20
1818,1818,2025-11-09,2025-11-01,organic_search,1,0,,0,
1819,1819,2026-01-18,2026-01-01,display,0,0,,0,
1820,1820,2026-06-16,2026-06-01,email,0,1,2026-06-28,0,
1821,1821,2026-03-14,2026-03-01,affiliate,0,0,,0,
1822,1822,2024-11-23,2024-11-01,direct,1,0,,0,
1823,1823,2024-09-18,2024-09-01,email,1,0,,0,
1824,1824,2025-10-18,2025-10-01,organic_search,1,1,2025-10-27,0,
1825,1825,2025-05-27,2025-05-01,affiliate,0,0,,0,
1826,1826,2025-05-08,2025-05-01,email,0,0,,0,
1827,1827,2026-03-18,2026-03-01,display,0,0,,0,
1828,1828,2025-04-07,2025-04-01,paid_search,0,1,2025-04-15,0,
1829,1829,2024-08-07,2024-08-01,affiliate,0,1,2024-08-15,1,2024-09-04
1830,1830,2026-05-13,2026-05-01,email,1,1,2026-05-29,1,2026-06-27
1831,1831,2026-05-01,2026-05-01,paid_social,0,1,2026-05-17,0,
1832,1832,2024-11-16,2024-11-01,email,1,1,2024-11-19,0,
1833,1833,2026-05-23,2026-05-01,organic_search,0,1,2026-06-10,1,2026-06-26
1834,1834,2025-04-20,2025-04-01,display,1,0,,0,
1835,1835,2025-09-12,2025-09-01,paid_social,0,1,2025-09-18,0,
1836,1836,2025-09-29,2025-09-01,display,1,0,,0,
1837,1837,2026-03-19,2026-03-01,affiliate,0,0,,0,
1838,1838,2025-12-05,2025-12-01,display,0,0,,0,
1839,1839,2026-02-05,2026-02-01,paid_search,0,1,2026-02-09,0,
1840,1840,2024-08-04,2024-08-01,display,1,1,2024-08-08,0,
1841,1841,2026-05-12,2026-05-01,organic_search,0,1,2026-05-28,1,2026-06-21
1842,1842,2025-04-24,2025-04-01,direct,1,0,,0,
1843,1843,2026-05-03,2026-05-01,affiliate,0,1,2026-05-14,1,2026-06-09
1844,1844,2024-08-13,2024-08-01,affiliate,0,1,2024-08-14,1,2024-09-09
1845,1845,2026-02-09,2026-02-01,email,1,0,,0,
1846,1846,2025-03-17,2025-03-01,display,0,1,2025-03-20,1,2025-04-25
1847,1847,2025-02-25,2025-02-01,email,1,1,2025-03-16,0,
1848,1848,2026-01-10,2026-01-01,display,0,0,,0,
1849,1849,2025-12-29,2025-12-01,paid_search,0,1,2026-01-07,0,
1850,1850,2025-12-22,2025-12-01,email,0,0,,0,
1851,1851,2026-06-04,2026-06-01,paid_search,1,0,,0,
1852,1852,2026-04-11,2026-04-01,affiliate,1,0,,0,
1853,1853,2025-10-07,2025-10-01,email,1,1,2025-10-21,0,
1854,1854,2024-12-03,2024-12-01,affiliate,1,1,2024-12-13,0,
1855,1855,2026-02-12,2026-02-01,paid_social,1,1,2026-03-04,1,2026-03-17
1856,1856,2024-11-30,2024-11-01,display,0,1,2024-12-15,0,
1857,1857,2026-03-24,2026-03-01,email,1,1,2026-04-07,0,
1858,1858,2025-12-11,2025-12-01,paid_search,0,1,2025-12-13,1,2026-02-03
1859,1859,2025-07-01,2025-07-01,display,1,1,2025-07-02,0,
1860,1860,2026-02-20,2026-02-01,email,1,1,2026-03-03,0,
1861,1861,2026-04-16,2026-04-01,paid_social,1,0,,0,
1862,1862,2024-12-31,2024-12-01,organic_search,1,1,2025-01-04,1,2025-02-09
1863,1863,2026-05-13,2026-05-01,display,0,1,2026-05-20,0,
1864,1864,2024-11-02,2024-11-01,email,1,0,,0,
1865,1865,2024-12-25,2024-12-01,direct,1,0,,0,
1866,1866,2026-02-15,2026-02-01,email,0,0,,0,
1867,1867,2025-03-01,2025-03-01,paid_social,0,1,2025-03-13,0,
1868,1868,2025-08-30,2025-08-01,paid_search,0,1,2025-09-04,0,
1869,1869,2025-02-05,2025-02-01,email,0,0,,0,
1870,1870,2026-05-22,2026-05-01,email,0,0,,0,
1871,1871,2026-03-29,2026-03-01,display,0,1,2026-04-11,1,2026-04-28
1872,1872,2025-06-19,2025-06-01,email,1,1,2025-07-07,1,2025-07-20
1873,1873,2025-02-04,2025-02-01,paid_search,1,0,,0,
1874,1874,2025-04-26,2025-04-01,email,0,1,2025-04-30,0,
1875,1875,2024-09-26,2024-09-01,email,1,1,2024-09-28,0,
1876,1876,2025-10-29,2025-10-01,display,0,1,2025-11-17,0,
1877,1877,2026-04-13,2026-04-01,display,0,0,,0,
1878,1878,2025-10-30,2025-10-01,paid_social,0,1,2025-11-09,0,
1879,1879,2024-07-27,2024-07-01,affiliate,1,0,,0,
1880,1880,2026-02-03,2026-02-01,paid_social,0,1,2026-02-13,1,2026-03-10
1881,1881,2026-01-18,2026-01-01,display,0,0,,0,
1882,1882,2026-01-13,2026-01-01,direct,1,0,,0,
1883,1883,2026-03-26,2026-03-01,paid_search,0,1,2026-04-06,1,2026-05-14
1884,1884,2025-05-05,2025-05-01,paid_search,0,1,2025-05-20,0,
1885,1885,2025-02-18,2025-02-01,paid_search,1,1,2025-03-08,0,
1886,1886,2025-06-26,2025-06-01,organic_search,0,0,,0,
1887,1887,2024-10-27,2024-10-01,email,0,0,,0,
1888,1888,2025-10-30,2025-10-01,paid_social,1,1,2025-11-06,0,
1889,1889,2026-04-06,2026-04-01,email,0,1,2026-04-22,0,
1890,1890,2025-05-31,2025-05-01,email,0,0,,0,
1891,1891,2024-08-30,2024-08-01,display,1,1,2024-09-08,0,
1892,1892,2025-04-29,2025-04-01,email,0,1,2025-04-30,1,2025-05-20
1893,1893,2026-06-20,2026-06-01,direct,0,1,2026-07-02,0,
1894,1894,2025-01-28,2025-01-01,display,1,1,2025-02-11,1,2025-03-19
1895,1895,2026-05-21,2026-05-01,paid_search,0,0,,0,
1896,1896,2026-03-01,2026-03-01,paid_social,0,1,2026-03-16,1,2026-04-02
1897,1897,2025-05-30,2025-05-01,paid_social,0,1,2025-06-12,1,2025-07-03
1898,1898,2024-08-23,2024-08-01,affiliate,1,0,,0,
1899,1899,2025-05-20,2025-05-01,paid_social,0,1,2025-06-06,1,2025-06-16
1900,1900,2025-01-23,2025-01-01,paid_social,1,0,,0,
1901,1901,2026-03-17,2026-03-01,email,0,1,2026-03-31,0,
1902,1902,2025-09-15,2025-09-01,organic_search,1,1,2025-09-23,0,
1903,1903,2024-10-02,2024-10-01,organic_search,0,1,2024-10-10,1,2024-11-30
1904,1904,2025-11-26,2025-11-01,paid_search,0,1,2025-12-15,1,2026-01-10
1905,1905,2025-12-15,2025-12-01,display,0,1,2025-12-29,1,2026-01-18
1906,1906,2024-12-18,2024-12-01,email,0,1,2024-12-24,1,2025-01-17
1907,1907,2026-03-27,2026-03-01,affiliate,1,0,,0,
1908,1908,2024-09-23,2024-09-01,paid_search,0,0,,0,
1909,1909,2024-12-16,2024-12-01,email,0,0,,0,
1910,1910,2025-07-01,2025-07-01,direct,1,1,2025-07-12,1,2025-08-18
1911,1911,2026-03-20,2026-03-01,affiliate,1,0,,0,
1912,1912,2025-11-12,2025-11-01,paid_social,0,1,2025-11-27,1,2025-12-23
1913,1913,2025-04-08,2025-04-01,display,1,0,,0,
1914,1914,2025-06-15,2025-06-01,display,0,1,2025-07-05,1,2025-07-28
1915,1915,2026-06-05,2026-06-01,display,0,1,2026-06-14,1,2026-07-25
1916,1916,2025-09-27,2025-09-01,paid_search,0,1,2025-10-09,1,2025-11-22
1917,1917,2025-06-06,2025-06-01,paid_social,1,1,2025-06-07,0,
1918,1918,2025-04-30,2025-04-01,organic_search,1,1,2025-05-13,0,
1919,1919,2024-09-16,2024-09-01,paid_social,0,0,,0,
1920,1920,2025-10-19,2025-10-01,email,0,0,,0,
1921,1921,2024-10-27,2024-10-01,organic_search,0,1,2024-11-05,0,
1922,1922,2025-11-04,2025-11-01,display,0,1,2025-11-15,1,2025-12-04
1923,1923,2025-12-15,2025-12-01,direct,0,1,2025-12-18,0,
1924,1924,2025-08-08,2025-08-01,paid_social,0,1,2025-08-12,1,2025-09-15
1925,1925,2024-10-09,2024-10-01,email,0,0,,0,
1926,1926,2025-05-07,2025-05-01,paid_search,0,1,2025-05-10,1,2025-06-18
1927,1927,2025-05-25,2025-05-01,email,0,1,2025-06-11,1,2025-06-24
1928,1928,2025-03-04,2025-03-01,paid_social,0,1,2025-03-11,0,
1929,1929,2025-07-26,2025-07-01,affiliate,1,1,2025-08-15,0,
1930,1930,2024-12-14,2024-12-01,direct,0,0,,0,
1931,1931,2025-08-02,2025-08-01,organic_search,0,0,,0,
1932,1932,2025-04-14,2025-04-01,affiliate,0,1,2025-05-02,1,2025-05-21
1933,1933,2026-06-13,2026-06-01,paid_social,1,1,2026-06-22,1,2026-08-08
1934,1934,2024-08-11,2024-08-01,affiliate,1,1,2024-08-18,1,2024-10-03
1935,1935,2025-05-26,2025-05-01,display,0,1,2025-06-15,0,
1936,1936,2026-05-19,2026-05-01,paid_search,1,0,,0,
1937,1937,2024-12-17,2024-12-01,affiliate,0,1,2024-12-27,0,
1938,1938,2025-09-19,2025-09-01,affiliate,0,1,2025-09-20,0,
1939,1939,2026-04-12,2026-04-01,display,1,1,2026-04-20,1,2026-05-16
1940,1940,2026-06-10,2026-06-01,organic_search,1,1,2026-06-15,1,2026-07-09
1941,1941,2026-03-23,2026-03-01,email,0,1,2026-04-11,0,
1942,1942,2025-10-28,2025-10-01,email,0,1,2025-11-02,0,
1943,1943,2025-05-02,2025-05-01,paid_search,0,0,,0,
1944,1944,2025-11-23,2025-11-01,affiliate,0,1,2025-11-26,0,
1945,1945,2025-06-13,2025-06-01,paid_search,1,1,2025-06-30,0,
1946,1946,2024-10-29,2024-10-01,direct,0,1,2024-11-07,0,
1947,1947,2026-02-06,2026-02-01,display,0,1,2026-02-23,1,2026-03-06
1948,1948,2024-11-29,2024-11-01,direct,0,1,2024-12-13,1,2024-12-20
1949,1949,2025-04-12,2025-04-01,email,1,0,,0,
1950,1950,2024-10-12,2024-10-01,organic_search,1,1,2024-10-25,0,
1951,1951,2025-12-30,2025-12-01,paid_social,1,1,2026-01-10,0,
1952,1952,2026-06-18,2026-06-01,display,0,1,2026-06-29,1,2026-08-06
1953,1953,2024-08-21,2024-08-01,organic_search,1,0,,0,
1954,1954,2025-03-04,2025-03-01,organic_search,1,0,,0,
1955,1955,2026-05-10,2026-05-01,organic_search,0,1,2026-05-15,0,
1956,1956,2026-05-13,2026-05-01,paid_search,0,1,2026-05-15,0,
1957,1957,2025-11-20,2025-11-01,email,1,1,2025-11-23,0,
1958,1958,2025-12-09,2025-12-01,email,0,1,2025-12-29,1,2026-01-08
1959,1959,2025-11-09,2025-11-01,paid_search,0,0,,0,
1960,1960,2025-06-16,2025-06-01,organic_search,0,1,2025-06-25,0,
1961,1961,2024-12-08,2024-12-01,paid_social,0,0,,0,
1962,1962,2025-11-01,2025-11-01,organic_search,0,1,2025-11-05,0,
1963,1963,2024-07-12,2024-07-01,paid_search,0,0,,0,
1964,1964,2026-06-14,2026-06-01,email,0,0,,0,
1965,1965,2025-11-27,2025-11-01,paid_social,0,1,2025-12-05,1,2025-12-28
1966,1966,2025-10-28,2025-10-01,affiliate,1,1,2025-11-06,1,2025-12-19
1967,1967,2025-06-19,2025-06-01,direct,0,1,2025-06-22,1,2025-08-06
1968,1968,2026-04-04,2026-04-01,paid_search,0,0,,0,
1969,1969,2026-03-19,2026-03-01,paid_search,0,1,2026-03-23,1,2026-05-01
1970,1970,2025-08-18,2025-08-01,email,1,1,2025-08-20,0,
1971,1971,2026-05-11,2026-05-01,paid_search,0,0,,0,
1972,1972,2025-02-07,2025-02-01,display,0,0,,0,
1973,1973,2025-12-10,2025-12-01,paid_search,1,1,2025-12-27,0,
1974,1974,2025-08-20,2025-08-01,paid_search,0,1,2025-09-04,1,2025-09-12
1975,1975,2025-12-18,2025-12-01,direct,0,1,2025-12-26,1,2026-01-27
1976,1976,2024-09-15,2024-09-01,display,0,0,,0,
1977,1977,2025-12-17,2025-12-01,paid_search,1,1,2025-12-23,0,
1978,1978,2026-05-07,2026-05-01,affiliate,1,1,2026-05-08,1,2026-06-20
1979,1979,2026-03-21,2026-03-01,direct,0,1,2026-04-01,0,
1980,1980,2025-08-14,2025-08-01,paid_social,1,1,2025-08-18,1,2025-09-20
1981,1981,2025-03-21,2025-03-01,display,1,0,,0,
1982,1982,2026-03-28,2026-03-01,email,0,0,,0,
1983,1983,2026-06-03,2026-06-01,direct,1,0,,0,
1984,1984,2024-07-13,2024-07-01,display,0,0,,0,
1985,1985,2024-09-06,2024-09-01,direct,1,1,2024-09-16,1,2024-10-06
1986,1986,2026-03-03,2026-03-01,organic_search,0,0,,0,
1987,1987,2026-03-26,2026-03-01,paid_social,1,1,2026-03-31,1,2026-05-06
1988,1988,2026-04-07,2026-04-01,organic_search,0,1,2026-04-20,0,
1989,1989,2025-11-21,2025-11-01,affiliate,0,0,,0,
1990,1990,2026-04-26,2026-04-01,paid_search,0,0,,0,
1991,1991,2025-09-06,2025-09-01,paid_social,0,0,,0,
1992,1992,2026-04-12,2026-04-01,affiliate,1,1,2026-04-25,0,
1993,1993,2024-08-19,2024-08-01,direct,1,0,,0,
1994,1994,2026-03-06,2026-03-01,email,1,1,2026-03-08,1,2026-04-30
1995,1995,2024-09-28,2024-09-01,email,0,1,2024-10-04,0,
1996,1996,2024-12-30,2024-12-01,direct,1,0,,0,
1997,1997,2024-11-17,2024-11-01,direct,0,0,,0,
1998,1998,2026-02-07,2026-02-01,paid_social,1,0,,0,
1999,1999,2024-07-03,2024-07-01,direct,1,1,2024-07-07,1,2024-08-05
2000,2000,2024-12-10,2024-12-01,display,1,1,2024-12-28,0,
2001,2001,2025-06-15,2025-06-01,organic_search,1,0,,0,
2002,2002,2025-04-07,2025-04-01,organic_search,0,0,,0,
2003,2003,2024-09-26,2024-09-01,paid_search,0,1,2024-10-12,0,
2004,2004,2025-01-19,2025-01-01,email,1,0,,0,
2005,2005,2025-06-19,2025-06-01,paid_search,0,1,2025-06-26,0,
2006,2006,2026-06-11,2026-06-01,paid_search,1,1,2026-06-28,0,
2007,2007,2024-07-06,2024-07-01,paid_search,0,0,,0,
2008,2008,2026-04-10,2026-04-01,paid_social,0,1,2026-04-21,0,
2009,2009,2024-11-28,2024-11-01,email,1,1,2024-12-16,1,2025-01-21
2010,2010,2025-01-21,2025-01-01,display,1,1,2025-01-28,0,
2011,2011,2024-12-17,2024-12-01,paid_search,0,1,2024-12-24,1,2025-02-04
2012,2012,2026-05-23,2026-05-01,paid_social,0,1,2026-06-06,0,
2013,2013,2026-01-29,2026-01-01,direct,0,0,,0,
2014,2014,2024-10-09,2024-10-01,direct,0,1,2024-10-26,0,
2015,2015,2025-10-02,2025-10-01,paid_search,0,0,,0,
2016,2016,2025-11-16,2025-11-01,direct,1,1,2025-11-27,0,
2017,2017,2025-05-09,2025-05-01,email,0,1,2025-05-28,1,2025-06-30
2018,2018,2025-08-29,2025-08-01,affiliate,0,0,,0,
2019,2019,2026-03-03,2026-03-01,email,0,1,2026-03-07,0,
2020,2020,2025-06-20,2025-06-01,affiliate,0,1,2025-06-29,1,2025-07-14
2021,2021,2025-05-10,2025-05-01,display,1,1,2025-05-21,1,2025-06-29
2022,2022,2025-11-22,2025-11-01,display,0,0,,0,
2023,2023,2026-04-20,2026-04-01,direct,0,1,2026-05-04,1,2026-06-14
2024,2024,2026-01-27,2026-01-01,display,1,1,2026-02-03,0,
2025,2025,2025-01-15,2025-01-01,display,0,1,2025-01-21,1,2025-02-16
2026,2026,2026-05-25,2026-05-01,paid_search,1,1,2026-06-05,0,
2027,2027,2024-12-08,2024-12-01,affiliate,1,1,2024-12-19,0,
2028,2028,2026-05-15,2026-05-01,direct,0,1,2026-05-26,0,
2029,2029,2026-03-29,2026-03-01,email,1,1,2026-04-16,0,
2030,2030,2024-09-21,2024-09-01,paid_search,1,1,2024-09-28,1,2024-10-14
2031,2031,2026-01-03,2026-01-01,email,1,0,,0,
2032,2032,2024-08-12,2024-08-01,paid_search,0,1,2024-08-22,0,
2033,2033,2024-10-10,2024-10-01,affiliate,1,1,2024-10-23,1,2024-12-06
2034,2034,2025-06-22,2025-06-01,direct,1,1,2025-07-10,0,
2035,2035,2024-08-16,2024-08-01,affiliate,1,0,,0,
2036,2036,2025-04-23,2025-04-01,email,1,0,,0,
2037,2037,2025-03-09,2025-03-01,affiliate,1,0,,0,
2038,2038,2024-11-13,2024-11-01,paid_search,0,1,2024-11-22,0,
2039,2039,2025-07-27,2025-07-01,direct,0,0,,0,
2040,2040,2025-11-21,2025-11-01,paid_social,0,1,2025-12-08,0,
2041,2041,2025-11-21,2025-11-01,email,0,0,,0,
2042,2042,2025-11-14,2025-11-01,direct,1,0,,0,
2043,2043,2025-10-17,2025-10-01,paid_social,0,0,,0,
2044,2044,2025-12-26,2025-12-01,email,1,1,2025-12-31,0,
2045,2045,2026-02-01,2026-02-01,paid_social,1,1,2026-02-11,0,
2046,2046,2026-05-15,2026-05-01,organic_search,1,1,2026-05-28,0,
2047,2047,2026-04-14,2026-04-01,organic_search,0,1,2026-05-04,0,
2048,2048,2026-02-24,2026-02-01,paid_search,0,0,,0,
2049,2049,2024-10-31,2024-10-01,paid_search,0,1,2024-11-08,1,2024-11-29
2050,2050,2026-01-25,2026-01-01,direct,0,1,2026-02-02,1,2026-03-15
2051,2051,2026-06-09,2026-06-01,email,1,1,2026-06-16,0,
2052,2052,2024-12-21,2024-12-01,paid_social,1,1,2025-01-05,1,2025-01-27
2053,2053,2025-04-19,2025-04-01,display,0,0,,0,
2054,2054,2025-10-11,2025-10-01,organic_search,0,1,2025-10-21,1,2025-11-12
2055,2055,2024-11-17,2024-11-01,display,0,1,2024-11-18,1,2025-01-08
2056,2056,2026-03-10,2026-03-01,display,1,0,,0,
2057,2057,2025-08-13,2025-08-01,paid_search,1,1,2025-09-01,0,
2058,2058,2025-05-05,2025-05-01,display,0,1,2025-05-09,1,2025-06-16
2059,2059,2025-10-08,2025-10-01,direct,0,0,,0,
2060,2060,2025-08-30,2025-08-01,organic_search,0,0,,0,
2061,2061,2026-04-28,2026-04-01,paid_search,0,0,,0,
2062,2062,2025-04-27,2025-04-01,display,0,1,2025-05-17,0,
2063,2063,2026-04-28,2026-04-01,display,0,0,,0,
2064,2064,2025-12-03,2025-12-01,paid_social,0,0,,0,
2065,2065,2026-02-09,2026-02-01,paid_search,0,1,2026-02-28,1,2026-04-03
2066,2066,2024-07-21,2024-07-01,display,0,1,2024-08-04,1,2024-08-20
2067,2067,2025-09-22,2025-09-01,organic_search,1,1,2025-10-02,0,
2068,2068,2026-03-27,2026-03-01,organic_search,0,1,2026-04-15,1,2026-05-17
2069,2069,2024-08-07,2024-08-01,email,1,1,2024-08-10,0,
2070,2070,2025-02-08,2025-02-01,organic_search,1,1,2025-02-13,0,
2071,2071,2025-10-14,2025-10-01,display,1,1,2025-11-02,0,
2072,2072,2025-08-06,2025-08-01,paid_social,0,0,,0,
2073,2073,2024-09-29,2024-09-01,paid_social,1,0,,0,
2074,2074,2025-11-27,2025-11-01,affiliate,0,1,2025-12-10,1,2026-01-15
2075,2075,2025-03-08,2025-03-01,email,0,0,,0,
2076,2076,2024-10-18,2024-10-01,email,0,1,2024-10-22,0,
2077,2077,2026-02-06,2026-02-01,paid_search,1,1,2026-02-19,1,2026-03-20
2078,2078,2026-03-27,2026-03-01,paid_search,1,1,2026-04-14,1,2026-05-20
2079,2079,2025-03-18,2025-03-01,paid_social,1,1,2025-03-19,1,2025-04-17
2080,2080,2024-09-13,2024-09-01,email,1,1,2024-09-22,0,
2081,2081,2026-01-16,2026-01-01,paid_search,0,1,2026-01-17,0,
2082,2082,2024-10-19,2024-10-01,paid_social,0,1,2024-10-30,1,2024-11-19
2083,2083,2026-06-20,2026-06-01,paid_social,0,0,,0,
2084,2084,2025-01-16,2025-01-01,paid_social,1,1,2025-01-31,0,
2085,2085,2025-05-24,2025-05-01,paid_search,0,1,2025-06-10,1,2025-07-07
2086,2086,2026-05-22,2026-05-01,email,1,0,,0,
2087,2087,2025-12-29,2025-12-01,organic_search,1,1,2026-01-10,1,2026-02-19
2088,2088,2025-07-22,2025-07-01,affiliate,0,0,,0,
2089,2089,2026-01-14,2026-01-01,direct,1,1,2026-01-23,0,
2090,2090,2025-02-10,2025-02-01,affiliate,0,0,,0,
2091,2091,2026-03-16,2026-03-01,affiliate,1,1,2026-03-17,1,2026-04-24
2092,2092,2026-04-07,2026-04-01,display,0,1,2026-04-16,0,
2093,2093,2024-09-05,2024-09-01,paid_social,0,1,2024-09-07,1,2024-10-19
2094,2094,2025-10-31,2025-10-01,affiliate,1,0,,0,
2095,2095,2024-09-21,2024-09-01,affiliate,0,1,2024-09-27,1,2024-11-01
2096,2096,2025-03-24,2025-03-01,email,1,1,2025-04-04,0,
2097,2097,2025-10-12,2025-10-01,display,1,1,2025-10-19,0,
2098,2098,2026-04-01,2026-04-01,email,1,1,2026-04-18,0,
2099,2099,2025-08-27,2025-08-01,direct,1,0,,0,
2100,2100,2025-02-02,2025-02-01,paid_social,0,1,2025-02-22,0,
2101,2101,2026-05-28,2026-05-01,email,0,0,,0,
2102,2102,2025-04-13,2025-04-01,paid_search,0,1,2025-04-24,0,
2103,2103,2024-09-05,2024-09-01,display,0,1,2024-09-25,1,2024-10-16
2104,2104,2025-12-20,2025-12-01,affiliate,1,1,2026-01-05,0,
2105,2105,2026-04-30,2026-04-01,organic_search,0,1,2026-05-11,0,
2106,2106,2025-03-06,2025-03-01,paid_search,0,1,2025-03-15,0,
2107,2107,2026-05-26,2026-05-01,display,0,1,2026-06-03,0,
2108,2108,2025-11-27,2025-11-01,email,0,1,2025-12-08,1,2025-12-26
2109,2109,2025-12-12,2025-12-01,email,1,1,2025-12-18,0,
2110,2110,2024-08-29,2024-08-01,organic_search,1,0,,0,
2111,2111,2024-09-09,2024-09-01,email,1,0,,0,
2112,2112,2025-09-29,2025-09-01,paid_search,1,1,2025-10-15,1,2025-10-29
2113,2113,2026-01-10,2026-01-01,paid_social,0,0,,0,
2114,2114,2024-09-23,2024-09-01,organic_search,1,0,,0,
2115,2115,2026-05-29,2026-05-01,email,0,0,,0,
2116,2116,2025-09-21,2025-09-01,affiliate,1,0,,0,
2117,2117,2025-05-07,2025-05-01,email,1,1,2025-05-20,0,
2118,2118,2025-03-19,2025-03-01,organic_search,0,1,2025-03-21,1,2025-04-21
2119,2119,2025-06-30,2025-06-01,paid_social,0,1,2025-07-02,0,
2120,2120,2025-12-31,2025-12-01,paid_search,0,1,2026-01-18,1,2026-01-25
2121,2121,2026-03-07,2026-03-01,affiliate,1,1,2026-03-27,0,
2122,2122,2024-10-09,2024-10-01,paid_search,1,1,2024-10-22,0,
2123,2123,2026-04-11,2026-04-01,affiliate,0,1,2026-04-26,0,
2124,2124,2026-06-16,2026-06-01,direct,0,0,,0,
2125,2125,2025-10-09,2025-10-01,display,1,0,,0,
2126,2126,2024-07-16,2024-07-01,organic_search,0,0,,0,
2127,2127,2026-04-07,2026-04-01,affiliate,1,0,,0,
2128,2128,2025-01-10,2025-01-01,paid_search,1,0,,0,
2129,2129,2025-08-07,2025-08-01,affiliate,1,1,2025-08-19,0,
2130,2130,2026-05-06,2026-05-01,paid_social,0,0,,0,
2131,2131,2025-07-27,2025-07-01,organic_search,1,1,2025-07-28,1,2025-09-19
2132,2132,2024-12-13,2024-12-01,paid_search,0,0,,0,
2133,2133,2026-01-24,2026-01-01,affiliate,0,0,,0,
2134,2134,2026-05-21,2026-05-01,paid_search,1,0,,0,
2135,2135,2025-10-05,2025-10-01,email,0,1,2025-10-15,1,2025-11-03
2136,2136,2024-12-13,2024-12-01,paid_search,1,0,,0,
2137,2137,2026-04-22,2026-04-01,paid_search,1,0,,0,
2138,2138,2025-11-18,2025-11-01,organic_search,0,1,2025-11-23,1,2026-01-06
2139,2139,2025-10-28,2025-10-01,email,0,0,,0,
2140,2140,2025-02-17,2025-02-01,email,1,1,2025-02-22,1,2025-04-01
2141,2141,2026-03-02,2026-03-01,organic_search,0,1,2026-03-16,1,2026-04-13
2142,2142,2025-06-30,2025-06-01,display,0,0,,0,
2143,2143,2025-10-19,2025-10-01,display,0,1,2025-11-06,1,2025-11-22
2144,2144,2026-05-18,2026-05-01,paid_social,0,1,2026-05-26,1,2026-06-18
2145,2145,2026-03-18,2026-03-01,paid_social,1,0,,0,
2146,2146,2026-06-14,2026-06-01,email,1,0,,0,
2147,2147,2025-12-07,2025-12-01,direct,0,0,,0,
2148,2148,2025-09-22,2025-09-01,organic_search,0,1,2025-10-10,0,
2149,2149,2025-03-24,2025-03-01,paid_search,0,1,2025-04-06,1,2025-04-17
2150,2150,2026-04-04,2026-04-01,organic_search,0,1,2026-04-11,0,
2151,2151,2024-08-29,2024-08-01,email,0,0,,0,
2152,2152,2025-06-26,2025-06-01,display,0,1,2025-06-28,1,2025-08-20
2153,2153,2025-09-01,2025-09-01,paid_social,0,1,2025-09-12,0,
2154,2154,2025-06-24,2025-06-01,paid_social,0,1,2025-07-08,1,2025-07-17
2155,2155,2025-10-09,2025-10-01,organic_search,0,0,,0,
2156,2156,2025-03-14,2025-03-01,email,1,0,,0,
2157,2157,2024-12-18,2024-12-01,paid_social,1,1,2024-12-28,0,
2158,2158,2024-08-06,2024-08-01,paid_social,0,0,,0,
2159,2159,2024-09-19,2024-09-01,email,1,1,2024-09-30,1,2024-11-05
2160,2160,2026-06-09,2026-06-01,email,0,0,,0,
2161,2161,2025-12-10,2025-12-01,organic_search,1,1,2025-12-19,1,2026-01-24
2162,2162,2026-04-29,2026-04-01,email,0,1,2026-05-03,1,2026-06-11
2163,2163,2026-04-07,2026-04-01,affiliate,1,0,,0,
2164,2164,2026-03-25,2026-03-01,paid_search,0,0,,0,
2165,2165,2025-02-01,2025-02-01,organic_search,0,0,,0,
2166,2166,2025-03-13,2025-03-01,display,1,1,2025-03-24,0,
2167,2167,2025-07-29,2025-07-01,paid_search,0,0,,0,
2168,2168,2024-12-27,2024-12-01,affiliate,0,0,,0,
2169,2169,2026-01-22,2026-01-01,paid_social,0,0,,0,
2170,2170,2024-07-17,2024-07-01,display,1,0,,0,
2171,2171,2026-05-24,2026-05-01,organic_search,0,0,,0,
2172,2172,2025-12-21,2025-12-01,affiliate,1,0,,0,
2173,2173,2026-02-04,2026-02-01,affiliate,1,0,,0,
2174,2174,2024-07-05,2024-07-01,paid_search,1,1,2024-07-23,1,2024-08-16
2175,2175,2025-11-19,2025-11-01,paid_social,0,1,2025-11-29,1,2025-12-26
2176,2176,2025-07-16,2025-07-01,paid_search,0,0,,0,
2177,2177,2024-10-01,2024-10-01,paid_social,1,1,2024-10-20,0,
2178,2178,2026-06-07,2026-06-01,paid_social,0,0,,0,
2179,2179,2025-07-28,2025-07-01,direct,1,0,,0,
2180,2180,2026-06-17,2026-06-01,paid_social,1,1,2026-07-02,0,
2181,2181,2025-11-27,2025-11-01,organic_search,1,1,2025-12-12,1,2026-01-12
2182,2182,2025-06-29,2025-06-01,organic_search,0,0,,0,
2183,2183,2026-03-14,2026-03-01,display,1,0,,0,
2184,2184,2025-05-04,2025-05-01,paid_social,0,0,,0,
2185,2185,2026-05-25,2026-05-01,paid_social,0,1,2026-06-13,0,
2186,2186,2025-02-23,2025-02-01,direct,1,0,,0,
2187,2187,2025-09-25,2025-09-01,display,0,0,,0,
2188,2188,2025-02-13,2025-02-01,direct,0,1,2025-02-27,1,2025-04-05
2189,2189,2025-10-25,2025-10-01,paid_search,0,0,,0,
2190,2190,2024-12-08,2024-12-01,paid_social,1,0,,0,
2191,2191,2025-12-10,2025-12-01,email,0,1,2025-12-26,1,2026-01-13
2192,2192,2025-09-22,2025-09-01,affiliate,0,1,2025-10-01,1,2025-11-11
2193,2193,2024-11-06,2024-11-01,display,0,1,2024-11-11,1,2024-12-08
2194,2194,2025-09-22,2025-09-01,paid_social,0,0,,0,
2195,2195,2025-11-23,2025-11-01,display,0,1,2025-11-24,0,
2196,2196,2025-06-02,2025-06-01,organic_search,0,1,2025-06-20,0,
2197,2197,2025-06-06,2025-06-01,affiliate,1,1,2025-06-14,1,2025-08-02
2198,2198,2026-01-04,2026-01-01,paid_social,0,1,2026-01-17,0,
2199,2199,2025-12-07,2025-12-01,affiliate,0,0,,0,
2200,2200,2026-06-18,2026-06-01,paid_search,1,0,,0,
2201,2201,2024-07-25,2024-07-01,organic_search,1,1,2024-08-12,0,
2202,2202,2025-03-21,2025-03-01,affiliate,1,1,2025-03-29,0,
2203,2203,2025-07-26,2025-07-01,paid_social,0,0,,0,
2204,2204,2024-09-04,2024-09-01,organic_search,0,0,,0,
2205,2205,2024-11-10,2024-11-01,email,1,0,,0,
2206,2206,2025-03-11,2025-03-01,direct,0,0,,0,
2207,2207,2025-01-19,2025-01-01,direct,1,1,2025-02-01,1,2025-02-13
2208,2208,2025-01-31,2025-01-01,email,0,1,2025-02-01,0,
2209,2209,2025-01-13,2025-01-01,organic_search,1,1,2025-01-17,0,
2210,2210,2026-02-22,2026-02-01,organic_search,0,1,2026-03-05,0,
2211,2211,2024-09-30,2024-09-01,direct,1,1,2024-10-04,0,
2212,2212,2025-12-26,2025-12-01,direct,0,1,2025-12-27,0,
2213,2213,2025-02-04,2025-02-01,organic_search,0,0,,0,
2214,2214,2026-04-05,2026-04-01,direct,0,1,2026-04-08,1,2026-05-14
2215,2215,2025-01-19,2025-01-01,paid_search,0,0,,0,
2216,2216,2026-03-07,2026-03-01,direct,0,1,2026-03-15,0,
2217,2217,2025-09-12,2025-09-01,paid_search,1,1,2025-09-21,1,2025-10-16
2218,2218,2026-04-02,2026-04-01,direct,0,0,,0,
2219,2219,2025-05-17,2025-05-01,email,1,1,2025-05-23,0,
2220,2220,2025-08-21,2025-08-01,paid_search,0,0,,0,
2221,2221,2026-06-10,2026-06-01,display,0,0,,0,
2222,2222,2024-10-04,2024-10-01,organic_search,0,1,2024-10-08,1,2024-11-24
2223,2223,2024-11-16,2024-11-01,affiliate,0,1,2024-11-29,1,2025-01-11
2224,2224,2026-02-08,2026-02-01,paid_social,0,0,,0,
2225,2225,2026-06-12,2026-06-01,paid_social,0,0,,0,
2226,2226,2024-07-17,2024-07-01,organic_search,0,1,2024-07-21,0,
2227,2227,2026-04-08,2026-04-01,organic_search,1,0,,0,
2228,2228,2025-12-10,2025-12-01,organic_search,1,1,2025-12-23,1,2026-01-10
2229,2229,2026-03-18,2026-03-01,display,1,1,2026-04-02,0,
2230,2230,2025-04-17,2025-04-01,paid_search,0,1,2025-04-30,0,
2231,2231,2026-02-18,2026-02-01,paid_search,0,1,2026-03-03,1,2026-04-16
2232,2232,2025-11-27,2025-11-01,paid_search,1,1,2025-12-17,0,
2233,2233,2024-11-01,2024-11-01,affiliate,1,1,2024-11-04,0,
2234,2234,2024-10-15,2024-10-01,display,0,1,2024-10-24,1,2024-12-06
2235,2235,2024-11-21,2024-11-01,paid_social,1,1,2024-12-01,0,
2236,2236,2025-06-28,2025-06-01,display,0,0,,0,
2237,2237,2026-02-17,2026-02-01,affiliate,0,1,2026-02-26,0,
2238,2238,2025-11-11,2025-11-01,affiliate,0,1,2025-11-14,1,2025-12-10
2239,2239,2025-07-20,2025-07-01,organic_search,1,1,2025-07-21,0,
2240,2240,2026-05-01,2026-05-01,email,0,1,2026-05-12,1,2026-06-29
2241,2241,2025-10-01,2025-10-01,organic_search,1,1,2025-10-15,0,
2242,2242,2025-12-06,2025-12-01,paid_search,0,0,,0,
2243,2243,2024-07-30,2024-07-01,organic_search,1,1,2024-08-04,0,
2244,2244,2025-12-31,2025-12-01,email,1,1,2026-01-07,0,
2245,2245,2026-04-13,2026-04-01,affiliate,0,0,,0,
2246,2246,2025-12-02,2025-12-01,affiliate,0,0,,0,
2247,2247,2026-05-19,2026-05-01,affiliate,0,1,2026-06-08,0,
2248,2248,2024-12-12,2024-12-01,paid_search,0,1,2024-12-27,0,
2249,2249,2025-06-06,2025-06-01,affiliate,0,0,,0,
2250,2250,2025-09-13,2025-09-01,direct,0,1,2025-09-14,0,
2251,2251,2025-05-26,2025-05-01,affiliate,0,1,2025-06-11,1,2025-07-05
2252,2252,2026-04-20,2026-04-01,affiliate,0,1,2026-05-08,1,2026-05-13
2253,2253,2025-02-04,2025-02-01,direct,0,1,2025-02-10,1,2025-03-28
2254,2254,2024-10-19,2024-10-01,organic_search,0,0,,0,
2255,2255,2025-07-26,2025-07-01,paid_social,1,0,,0,
2256,2256,2026-02-18,2026-02-01,paid_social,1,0,,0,
2257,2257,2025-11-12,2025-11-01,paid_social,1,1,2025-11-27,0,
2258,2258,2026-03-19,2026-03-01,display,0,1,2026-04-07,1,2026-04-14
2259,2259,2024-10-28,2024-10-01,affiliate,1,1,2024-10-31,1,2024-12-03
2260,2260,2025-10-18,2025-10-01,affiliate,0,1,2025-10-30,0,
2261,2261,2024-10-06,2024-10-01,direct,1,0,,0,
2262,2262,2025-02-03,2025-02-01,affiliate,0,1,2025-02-21,1,2025-03-29
2263,2263,2024-09-12,2024-09-01,display,0,1,2024-09-29,0,
2264,2264,2025-10-27,2025-10-01,direct,0,1,2025-11-10,0,
2265,2265,2025-04-13,2025-04-01,paid_social,0,1,2025-04-25,0,
2266,2266,2025-08-11,2025-08-01,paid_social,0,0,,0,
2267,2267,2026-04-06,2026-04-01,organic_search,0,1,2026-04-15,0,
2268,2268,2024-08-12,2024-08-01,paid_social,1,0,,0,
2269,2269,2026-05-21,2026-05-01,organic_search,1,1,2026-06-03,1,2026-07-11
2270,2270,2024-12-25,2024-12-01,direct,0,1,2025-01-10,1,2025-02-08
2271,2271,2026-04-09,2026-04-01,paid_search,0,1,2026-04-15,1,2026-05-09
2272,2272,2025-06-29,2025-06-01,paid_search,1,0,,0,
2273,2273,2024-09-30,2024-09-01,paid_social,0,1,2024-10-17,1,2024-11-27
2274,2274,2025-11-06,2025-11-01,display,0,0,,0,
2275,2275,2026-06-16,2026-06-01,direct,0,1,2026-07-01,0,
2276,2276,2025-06-25,2025-06-01,paid_search,0,0,,0,
2277,2277,2024-12-11,2024-12-01,paid_social,0,0,,0,
2278,2278,2026-05-20,2026-05-01,affiliate,1,0,,0,
2279,2279,2025-12-10,2025-12-01,display,1,1,2025-12-11,1,2025-12-31
2280,2280,2025-12-12,2025-12-01,email,1,1,2025-12-30,0,
2281,2281,2025-07-27,2025-07-01,affiliate,0,0,,0,
2282,2282,2025-12-30,2025-12-01,email,1,0,,0,
2283,2283,2026-01-19,2026-01-01,display,1,1,2026-01-21,1,2026-02-23
2284,2284,2026-05-09,2026-05-01,display,0,0,,0,
2285,2285,2026-04-07,2026-04-01,affiliate,1,1,2026-04-21,1,2026-05-16
2286,2286,2026-06-16,2026-06-01,paid_social,0,0,,0,
2287,2287,2024-08-01,2024-08-01,organic_search,0,1,2024-08-06,0,
2288,2288,2025-07-08,2025-07-01,paid_search,0,0,,0,
2289,2289,2025-11-16,2025-11-01,organic_search,0,1,2025-11-25,0,
2290,2290,2025-02-18,2025-02-01,organic_search,1,1,2025-02-19,1,2025-04-13
2291,2291,2025-10-24,2025-10-01,affiliate,1,1,2025-11-12,1,2025-12-12
2292,2292,2024-11-22,2024-11-01,paid_social,0,1,2024-11-23,0,
2293,2293,2026-06-04,2026-06-01,paid_social,0,0,,0,
2294,2294,2025-07-30,2025-07-01,organic_search,0,1,2025-08-17,1,2025-09-08
2295,2295,2025-09-24,2025-09-01,direct,0,1,2025-09-28,1,2025-10-19
2296,2296,2025-10-16,2025-10-01,paid_search,1,0,,0,
2297,2297,2025-12-15,2025-12-01,organic_search,1,1,2026-01-02,0,
2298,2298,2025-12-13,2025-12-01,direct,0,1,2025-12-17,0,
2299,2299,2024-11-18,2024-11-01,direct,1,1,2024-11-30,0,
2300,2300,2026-04-21,2026-04-01,display,0,1,2026-04-25,1,2026-05-14
2301,2301,2025-07-27,2025-07-01,email,1,1,2025-08-11,0,
2302,2302,2024-07-12,2024-07-01,display,0,1,2024-07-15,0,
2303,2303,2025-10-07,2025-10-01,email,1,1,2025-10-08,0,
2304,2304,2026-03-15,2026-03-01,display,0,0,,0,
2305,2305,2025-08-05,2025-08-01,direct,1,0,,0,
2306,2306,2025-09-30,2025-09-01,paid_social,1,0,,0,
2307,2307,2024-10-22,2024-10-01,direct,1,1,2024-11-05,1,2024-11-18
2308,2308,2025-11-04,2025-11-01,direct,1,0,,0,
2309,2309,2025-03-03,2025-03-01,paid_social,1,0,,0,
2310,2310,2025-11-25,2025-11-01,organic_search,1,1,2025-11-27,0,
2311,2311,2025-02-15,2025-02-01,organic_search,1,1,2025-02-25,1,2025-04-01
2312,2312,2025-01-05,2025-01-01,affiliate,1,0,,0,
2313,2313,2025-02-28,2025-02-01,display,0,0,,0,
2314,2314,2025-10-05,2025-10-01,affiliate,1,1,2025-10-18,0,
2315,2315,2025-06-24,2025-06-01,display,0,0,,0,
2316,2316,2025-05-31,2025-05-01,direct,1,0,,0,
2317,2317,2025-07-08,2025-07-01,organic_search,0,1,2025-07-09,0,
2318,2318,2025-10-07,2025-10-01,paid_search,1,0,,0,
2319,2319,2025-06-03,2025-06-01,organic_search,0,1,2025-06-14,0,
2320,2320,2025-09-24,2025-09-01,email,1,0,,0,
2321,2321,2024-08-20,2024-08-01,paid_search,1,1,2024-08-23,0,
2322,2322,2025-09-12,2025-09-01,organic_search,1,0,,0,
2323,2323,2026-01-25,2026-01-01,paid_search,0,1,2026-02-05,1,2026-03-04
2324,2324,2025-03-21,2025-03-01,paid_social,0,1,2025-04-02,0,
2325,2325,2025-03-08,2025-03-01,email,1,1,2025-03-15,1,2025-04-11
2326,2326,2026-04-14,2026-04-01,organic_search,0,0,,0,
2327,2327,2025-04-04,2025-04-01,display,0,1,2025-04-06,0,
2328,2328,2025-02-20,2025-02-01,paid_social,0,0,,0,
2329,2329,2026-05-17,2026-05-01,email,0,1,2026-06-05,0,
2330,2330,2026-01-24,2026-01-01,affiliate,0,0,,0,
2331,2331,2025-08-25,2025-08-01,paid_social,0,0,,0,
2332,2332,2026-05-04,2026-05-01,display,0,0,,0,
2333,2333,2025-09-13,2025-09-01,email,0,1,2025-09-29,1,2025-11-07
2334,2334,2024-08-04,2024-08-01,email,0,1,2024-08-18,1,2024-09-25
2335,2335,2025-03-09,2025-03-01,paid_social,1,1,2025-03-21,0,
2336,2336,2025-10-06,2025-10-01,direct,1,0,,0,
2337,2337,2024-11-02,2024-11-01,direct,0,1,2024-11-22,0,
2338,2338,2025-03-09,2025-03-01,direct,0,0,,0,
2339,2339,2025-03-11,2025-03-01,paid_search,0,0,,0,
2340,2340,2024-08-04,2024-08-01,organic_search,0,0,,0,
2341,2341,2024-07-05,2024-07-01,affiliate,0,1,2024-07-25,0,
2342,2342,2025-08-15,2025-08-01,affiliate,0,0,,0,
2343,2343,2024-11-08,2024-11-01,affiliate,0,1,2024-11-28,1,2024-12-21
2344,2344,2026-04-10,2026-04-01,display,0,0,,0,
2345,2345,2024-09-19,2024-09-01,email,0,0,,0,
2346,2346,2026-05-24,2026-05-01,organic_search,1,1,2026-06-13,0,
2347,2347,2026-01-02,2026-01-01,direct,1,1,2026-01-20,1,2026-01-31
2348,2348,2025-12-17,2025-12-01,organic_search,0,1,2025-12-31,0,
2349,2349,2026-02-12,2026-02-01,affiliate,1,0,,0,
2350,2350,2026-03-02,2026-03-01,organic_search,1,1,2026-03-21,0,
2351,2351,2025-03-07,2025-03-01,paid_search,0,1,2025-03-24,0,
2352,2352,2025-09-16,2025-09-01,email,1,0,,0,
2353,2353,2025-04-02,2025-04-01,direct,0,0,,0,
2354,2354,2026-03-12,2026-03-01,paid_search,0,1,2026-03-14,0,
2355,2355,2025-09-05,2025-09-01,paid_social,0,1,2025-09-17,0,
2356,2356,2025-09-25,2025-09-01,paid_social,1,1,2025-10-01,1,2025-10-22
2357,2357,2025-04-19,2025-04-01,organic_search,0,1,2025-05-02,0,
2358,2358,2025-01-24,2025-01-01,affiliate,1,1,2025-01-30,1,2025-03-03
2359,2359,2026-06-16,2026-06-01,affiliate,0,0,,0,
2360,2360,2025-11-22,2025-11-01,paid_social,1,1,2025-12-07,0,
2361,2361,2024-12-21,2024-12-01,paid_search,0,1,2024-12-31,1,2025-01-28
2362,2362,2025-06-15,2025-06-01,organic_search,0,0,,0,
2363,2363,2024-12-29,2024-12-01,affiliate,0,1,2025-01-03,1,2025-02-16
2364,2364,2025-10-10,2025-10-01,organic_search,0,1,2025-10-20,1,2025-11-12
2365,2365,2024-12-20,2024-12-01,email,0,1,2024-12-23,1,2025-01-28
2366,2366,2026-03-18,2026-03-01,paid_search,0,0,,0,
2367,2367,2025-01-17,2025-01-01,direct,1,1,2025-01-26,0,
2368,2368,2026-04-23,2026-04-01,paid_social,0,0,,0,
2369,2369,2025-07-08,2025-07-01,organic_search,1,1,2025-07-10,0,
2370,2370,2025-01-05,2025-01-01,affiliate,0,1,2025-01-20,0,
2371,2371,2025-09-19,2025-09-01,affiliate,1,1,2025-09-23,0,
2372,2372,2026-01-21,2026-01-01,paid_search,1,0,,0,
2373,2373,2025-09-16,2025-09-01,display,0,1,2025-10-01,1,2025-10-27
2374,2374,2026-03-14,2026-03-01,email,0,0,,0,
2375,2375,2026-06-11,2026-06-01,organic_search,1,0,,0,
2376,2376,2025-08-19,2025-08-01,organic_search,0,0,,0,
2377,2377,2025-12-24,2025-12-01,paid_search,0,0,,0,
2378,2378,2026-04-25,2026-04-01,direct,1,1,2026-05-15,1,2026-05-23
2379,2379,2026-05-16,2026-05-01,display,0,1,2026-06-04,1,2026-06-18
2380,2380,2025-12-02,2025-12-01,display,0,1,2025-12-22,1,2025-12-23
2381,2381,2026-02-07,2026-02-01,organic_search,0,0,,0,
2382,2382,2025-06-07,2025-06-01,email,0,1,2025-06-13,0,
2383,2383,2026-05-31,2026-05-01,paid_social,0,1,2026-06-06,0,
2384,2384,2026-05-16,2026-05-01,paid_social,1,1,2026-05-23,1,2026-06-22
2385,2385,2026-03-06,2026-03-01,paid_search,1,1,2026-03-07,0,
2386,2386,2024-10-24,2024-10-01,email,0,1,2024-11-06,0,
2387,2387,2025-11-17,2025-11-01,paid_search,1,0,,0,
2388,2388,2025-12-25,2025-12-01,email,0,1,2026-01-05,1,2026-02-04
2389,2389,2026-03-23,2026-03-01,organic_search,1,0,,0,
2390,2390,2025-11-19,2025-11-01,organic_search,1,0,,0,
2391,2391,2025-12-06,2025-12-01,email,1,0,,0,
2392,2392,2025-10-13,2025-10-01,paid_social,1,1,2025-10-28,1,2025-11-09
2393,2393,2026-01-20,2026-01-01,email,0,0,,0,
2394,2394,2024-07-23,2024-07-01,organic_search,1,1,2024-08-01,0,
2395,2395,2026-04-16,2026-04-01,direct,1,0,,0,
2396,2396,2026-01-28,2026-01-01,display,0,0,,0,
2397,2397,2026-01-25,2026-01-01,paid_search,0,0,,0,
2398,2398,2026-01-12,2026-01-01,paid_search,1,1,2026-01-17,1,2026-02-02
2399,2399,2025-12-01,2025-12-01,paid_social,1,1,2025-12-07,1,2026-01-18
2400,2400,2025-04-14,2025-04-01,paid_social,0,0,,0,
2401,2401,2024-07-14,2024-07-01,affiliate,1,0,,0,
2402,2402,2024-10-08,2024-10-01,display,0,1,2024-10-14,0,
2403,2403,2026-04-28,2026-04-01,paid_search,0,1,2026-05-09,0,
2404,2404,2026-02-17,2026-02-01,email,0,1,2026-02-28,1,2026-04-07
2405,2405,2026-06-04,2026-06-01,direct,0,0,,0,
2406,2406,2026-05-31,2026-05-01,display,0,0,,0,
2407,2407,2025-12-29,2025-12-01,display,0,1,2026-01-18,0,
2408,2408,2024-09-30,2024-09-01,email,1,0,,0,
2409,2409,2025-09-13,2025-09-01,email,1,1,2025-09-19,0,
2410,2410,2025-12-24,2025-12-01,direct,0,0,,0,
2411,2411,2024-10-16,2024-10-01,paid_social,0,0,,0,
2412,2412,2025-01-25,2025-01-01,paid_social,1,1,2025-02-01,1,2025-02-23
2413,2413,2026-02-18,2026-02-01,paid_search,1,1,2026-02-23,1,2026-03-21
2414,2414,2025-07-28,2025-07-01,affiliate,1,0,,0,
2415,2415,2025-06-29,2025-06-01,organic_search,1,1,2025-07-16,0,
2416,2416,2026-01-09,2026-01-01,direct,0,1,2026-01-23,0,
2417,2417,2025-07-13,2025-07-01,affiliate,0,1,2025-07-25,0,
2418,2418,2026-06-07,2026-06-01,paid_search,0,0,,0,
2419,2419,2024-07-26,2024-07-01,paid_social,0,1,2024-08-15,1,2024-08-27
2420,2420,2025-04-09,2025-04-01,email,1,0,,0,
2421,2421,2025-09-02,2025-09-01,affiliate,1,0,,0,
2422,2422,2026-03-28,2026-03-01,affiliate,1,0,,0,
2423,2423,2024-07-06,2024-07-01,paid_social,0,1,2024-07-16,0,
2424,2424,2025-12-14,2025-12-01,display,1,0,,0,
2425,2425,2026-04-21,2026-04-01,direct,0,1,2026-05-08,1,2026-06-08
2426,2426,2025-11-16,2025-11-01,email,1,1,2025-12-01,1,2025-12-25
2427,2427,2026-03-26,2026-03-01,direct,0,1,2026-04-09,0,
2428,2428,2025-03-08,2025-03-01,display,1,0,,0,
2429,2429,2025-12-23,2025-12-01,direct,0,1,2026-01-04,1,2026-01-15
2430,2430,2026-05-03,2026-05-01,email,0,1,2026-05-15,0,
2431,2431,2024-12-13,2024-12-01,email,1,0,,0,
2432,2432,2025-02-10,2025-02-01,affiliate,0,1,2025-02-17,1,2025-04-04
2433,2433,2026-01-30,2026-01-01,display,0,1,2026-02-02,0,
2434,2434,2025-07-12,2025-07-01,affiliate,0,1,2025-07-29,1,2025-09-02
2435,2435,2026-06-14,2026-06-01,paid_social,1,0,,0,
2436,2436,2026-05-18,2026-05-01,direct,1,1,2026-06-01,1,2026-07-12
2437,2437,2025-08-30,2025-08-01,display,0,1,2025-09-03,1,2025-09-28
2438,2438,2025-01-16,2025-01-01,display,1,0,,0,
2439,2439,2025-11-28,2025-11-01,affiliate,0,0,,0,
2440,2440,2025-08-02,2025-08-01,display,0,1,2025-08-06,1,2025-08-23
2441,2441,2025-06-22,2025-06-01,organic_search,0,1,2025-07-03,1,2025-07-31
2442,2442,2025-12-31,2025-12-01,direct,0,0,,0,
2443,2443,2025-09-24,2025-09-01,email,0,0,,0,
2444,2444,2024-07-30,2024-07-01,display,1,1,2024-08-19,1,2024-09-20
2445,2445,2025-03-05,2025-03-01,paid_social,1,1,2025-03-19,1,2025-04-30
2446,2446,2026-04-08,2026-04-01,paid_social,1,0,,0,
2447,2447,2025-01-15,2025-01-01,organic_search,1,1,2025-01-31,0,
2448,2448,2025-12-27,2025-12-01,organic_search,1,1,2026-01-09,0,
2449,2449,2024-09-02,2024-09-01,organic_search,0,1,2024-09-18,0,
2450,2450,2025-02-08,2025-02-01,email,0,0,,0,
2451,2451,2024-08-18,2024-08-01,affiliate,1,1,2024-09-05,0,
2452,2452,2025-11-08,2025-11-01,email,1,1,2025-11-27,1,2025-12-30
2453,2453,2025-12-12,2025-12-01,email,1,0,,0,
2454,2454,2026-03-21,2026-03-01,display,0,0,,0,
2455,2455,2024-11-16,2024-11-01,organic_search,1,0,,0,
2456,2456,2025-10-04,2025-10-01,display,1,1,2025-10-11,0,
2457,2457,2026-03-06,2026-03-01,paid_social,1,0,,0,
2458,2458,2024-12-30,2024-12-01,direct,1,1,2025-01-09,1,2025-02-25
2459,2459,2025-12-17,2025-12-01,paid_search,1,0,,0,
2460,2460,2026-05-19,2026-05-01,organic_search,1,0,,0,
2461,2461,2025-07-24,2025-07-01,direct,0,1,2025-07-27,0,
2462,2462,2025-09-07,2025-09-01,paid_social,1,1,2025-09-15,0,
2463,2463,2025-10-09,2025-10-01,affiliate,0,0,,0,
2464,2464,2026-04-04,2026-04-01,paid_social,0,0,,0,
2465,2465,2025-01-07,2025-01-01,paid_social,0,0,,0,
2466,2466,2026-01-20,2026-01-01,affiliate,1,1,2026-02-02,0,
2467,2467,2026-04-26,2026-04-01,organic_search,1,0,,0,
2468,2468,2026-04-13,2026-04-01,display,0,1,2026-04-18,0,
2469,2469,2026-02-24,2026-02-01,paid_social,1,0,,0,
2470,2470,2025-10-11,2025-10-01,affiliate,0,1,2025-10-28,0,
2471,2471,2026-04-30,2026-04-01,paid_social,0,1,2026-05-13,1,2026-06-01
2472,2472,2025-10-06,2025-10-01,paid_search,0,0,,0,
2473,2473,2026-01-26,2026-01-01,display,0,1,2026-02-11,0,
2474,2474,2026-06-15,2026-06-01,affiliate,1,0,,0,
2475,2475,2025-12-23,2025-12-01,paid_social,1,1,2026-01-10,0,
2476,2476,2025-12-14,2025-12-01,organic_search,1,1,2025-12-25,0,
2477,2477,2026-01-02,2026-01-01,display,1,0,,0,
2478,2478,2025-03-27,2025-03-01,paid_search,0,0,,0,
2479,2479,2026-02-10,2026-02-01,organic_search,0,0,,0,
2480,2480,2024-07-11,2024-07-01,paid_social,0,0,,0,
2481,2481,2025-04-21,2025-04-01,direct,0,1,2025-04-30,1,2025-06-02
2482,2482,2024-09-23,2024-09-01,email,1,1,2024-09-25,0,
2483,2483,2026-05-04,2026-05-01,display,0,1,2026-05-09,1,2026-06-16
2484,2484,2025-03-25,2025-03-01,paid_social,0,0,,0,
2485,2485,2025-08-08,2025-08-01,direct,1,1,2025-08-15,0,
2486,2486,2026-02-02,2026-02-01,display,0,1,2026-02-05,0,
2487,2487,2025-06-14,2025-06-01,organic_search,0,1,2025-07-02,1,2025-07-19
2488,2488,2024-12-25,2024-12-01,paid_social,0,1,2025-01-01,1,2025-01-27
2489,2489,2026-02-19,2026-02-01,organic_search,0,1,2026-02-28,0,
2490,2490,2025-10-27,2025-10-01,affiliate,0,1,2025-11-05,0,
2491,2491,2026-05-11,2026-05-01,affiliate,0,1,2026-05-24,1,2026-07-03
2492,2492,2024-10-05,2024-10-01,paid_social,0,1,2024-10-08,0,
2493,2493,2025-03-26,2025-03-01,paid_social,0,1,2025-03-31,0,
2494,2494,2026-04-20,2026-04-01,email,0,0,,0,
2495,2495,2026-06-19,2026-06-01,direct,0,1,2026-07-03,1,2026-07-18
2496,2496,2025-01-26,2025-01-01,display,0,1,2025-01-27,0,
2497,2497,2025-11-18,2025-11-01,paid_search,0,1,2025-12-01,0,
2498,2498,2024-09-29,2024-09-01,direct,1,0,,0,
2499,2499,2026-03-07,2026-03-01,paid_search,0,1,2026-03-20,0,
2500,2500,2025-05-14,2025-05-01,paid_social,1,1,2025-06-01,0,
2501,2501,2025-11-20,2025-11-01,affiliate,1,0,,0,
2502,2502,2025-10-11,2025-10-01,direct,0,0,,0,
2503,2503,2024-07-09,2024-07-01,direct,1,1,2024-07-14,0,
2504,2504,2025-11-23,2025-11-01,display,0,0,,0,
2505,2505,2024-10-13,2024-10-01,display,0,1,2024-10-15,0,
2506,2506,2026-06-17,2026-06-01,paid_social,0,0,,0,
2507,2507,2026-05-04,2026-05-01,direct,0,1,2026-05-06,1,2026-06-10
2508,2508,2026-05-01,2026-05-01,direct,0,0,,0,
2509,2509,2026-03-03,2026-03-01,organic_search,0,1,2026-03-21,1,2026-03-31
2510,2510,2025-03-22,2025-03-01,paid_search,0,1,2025-04-05,1,2025-05-13
2511,2511,2026-03-21,2026-03-01,display,1,0,,0,
2512,2512,2026-06-14,2026-06-01,affiliate,0,1,2026-07-04,0,
2513,2513,2025-01-03,2025-01-01,email,1,1,2025-01-13,0,
2514,2514,2024-09-26,2024-09-01,affiliate,1,1,2024-10-01,1,2024-10-31
2515,2515,2024-11-24,2024-11-01,affiliate,1,0,,0,
2516,2516,2025-12-25,2025-12-01,paid_social,0,0,,0,
2517,2517,2026-02-21,2026-02-01,paid_social,0,1,2026-02-23,0,
2518,2518,2026-03-11,2026-03-01,paid_social,0,0,,0,
2519,2519,2025-08-24,2025-08-01,email,1,0,,0,
2520,2520,2026-05-09,2026-05-01,direct,0,0,,0,
2521,2521,2026-01-30,2026-01-01,organic_search,0,0,,0,
2522,2522,2024-07-17,2024-07-01,paid_social,0,0,,0,
2523,2523,2024-11-07,2024-11-01,direct,0,1,2024-11-26,1,2024-12-06
2524,2524,2025-08-19,2025-08-01,paid_search,0,1,2025-08-28,0,
2525,2525,2025-10-29,2025-10-01,paid_social,0,1,2025-11-15,0,
2526,2526,2024-08-09,2024-08-01,affiliate,1,1,2024-08-13,1,2024-09-27
2527,2527,2024-11-28,2024-11-01,paid_search,1,0,,0,
2528,2528,2026-02-01,2026-02-01,paid_search,0,0,,0,
2529,2529,2025-08-11,2025-08-01,email,1,1,2025-08-26,0,
2530,2530,2024-11-24,2024-11-01,direct,0,0,,0,
2531,2531,2026-03-10,2026-03-01,display,0,1,2026-03-16,0,
2532,2532,2025-06-27,2025-06-01,direct,1,1,2025-07-17,0,
2533,2533,2025-11-25,2025-11-01,display,0,0,,0,
2534,2534,2024-08-06,2024-08-01,paid_search,0,0,,0,
2535,2535,2025-04-08,2025-04-01,direct,1,0,,0,
2536,2536,2025-08-02,2025-08-01,email,1,0,,0,
2537,2537,2025-04-15,2025-04-01,email,1,1,2025-04-23,0,
2538,2538,2025-07-28,2025-07-01,email,0,0,,0,
2539,2539,2025-09-23,2025-09-01,direct,0,1,2025-10-01,0,
2540,2540,2025-09-26,2025-09-01,paid_search,1,1,2025-10-08,1,2025-11-22
2541,2541,2026-01-31,2026-01-01,affiliate,1,1,2026-02-09,0,
2542,2542,2026-01-01,2026-01-01,affiliate,1,0,,0,
2543,2543,2025-03-16,2025-03-01,paid_social,1,1,2025-03-27,1,2025-05-11
2544,2544,2025-10-01,2025-10-01,affiliate,1,0,,0,
2545,2545,2025-04-05,2025-04-01,display,1,0,,0,
2546,2546,2025-10-18,2025-10-01,organic_search,0,0,,0,
2547,2547,2025-06-24,2025-06-01,direct,1,1,2025-06-28,0,
2548,2548,2026-01-18,2026-01-01,display,1,1,2026-01-21,0,
2549,2549,2025-09-23,2025-09-01,paid_social,1,0,,0,
2550,2550,2025-07-17,2025-07-01,organic_search,1,0,,0,
2551,2551,2025-07-22,2025-07-01,email,0,0,,0,
2552,2552,2025-01-02,2025-01-01,direct,0,1,2025-01-10,0,
2553,2553,2026-04-10,2026-04-01,organic_search,0,0,,0,
2554,2554,2025-11-23,2025-11-01,email,0,0,,0,
2555,2555,2025-11-19,2025-11-01,paid_social,0,1,2025-11-23,0,
2556,2556,2025-06-27,2025-06-01,affiliate,1,1,2025-07-14,1,2025-08-01
2557,2557,2025-12-14,2025-12-01,paid_social,1,1,2025-12-25,1,2026-01-20
2558,2558,2026-05-22,2026-05-01,affiliate,0,0,,0,
2559,2559,2026-03-05,2026-03-01,affiliate,1,1,2026-03-14,1,2026-04-07
2560,2560,2024-12-24,2024-12-01,paid_social,0,1,2025-01-04,0,
2561,2561,2024-09-22,2024-09-01,paid_search,1,0,,0,
2562,2562,2024-08-16,2024-08-01,direct,1,0,,0,
2563,2563,2025-03-16,2025-03-01,email,1,0,,0,
2564,2564,2026-04-24,2026-04-01,organic_search,0,0,,0,
2565,2565,2026-02-25,2026-02-01,direct,0,0,,0,
2566,2566,2026-03-18,2026-03-01,organic_search,0,0,,0,
2567,2567,2025-08-09,2025-08-01,email,1,0,,0,
2568,2568,2025-05-14,2025-05-01,email,0,0,,0,
2569,2569,2026-02-22,2026-02-01,paid_social,1,1,2026-02-25,1,2026-04-14
2570,2570,2026-04-11,2026-04-01,email,1,0,,0,
2571,2571,2024-10-18,2024-10-01,affiliate,1,1,2024-11-04,1,2024-12-16
2572,2572,2025-10-20,2025-10-01,paid_search,1,1,2025-10-28,0,
2573,2573,2024-10-30,2024-10-01,organic_search,0,1,2024-11-02,0,
2574,2574,2024-12-09,2024-12-01,affiliate,1,1,2024-12-14,1,2025-01-31
2575,2575,2025-10-27,2025-10-01,email,0,0,,0,
2576,2576,2024-08-04,2024-08-01,display,1,0,,0,
2577,2577,2026-01-17,2026-01-01,paid_social,0,1,2026-01-22,1,2026-02-24
2578,2578,2025-07-05,2025-07-01,paid_social,0,1,2025-07-23,0,
2579,2579,2025-03-02,2025-03-01,paid_social,0,1,2025-03-15,0,
2580,2580,2026-05-12,2026-05-01,display,1,1,2026-05-18,1,2026-06-30
2581,2581,2026-02-18,2026-02-01,display,0,1,2026-02-24,0,
2582,2582,2024-07-09,2024-07-01,affiliate,0,1,2024-07-16,1,2024-08-13
2583,2583,2025-09-06,2025-09-01,paid_social,1,0,,0,
2584,2584,2025-01-24,2025-01-01,display,0,0,,0,
2585,2585,2026-01-25,2026-01-01,paid_social,0,1,2026-02-14,1,2026-03-10
2586,2586,2025-04-22,2025-04-01,paid_search,0,1,2025-04-29,1,2025-06-12
2587,2587,2026-04-06,2026-04-01,direct,0,0,,0,
2588,2588,2024-11-11,2024-11-01,organic_search,1,1,2024-11-29,1,2024-12-03
2589,2589,2026-04-30,2026-04-01,display,1,0,,0,
2590,2590,2026-06-03,2026-06-01,paid_social,0,1,2026-06-17,1,2026-06-28
2591,2591,2026-01-16,2026-01-01,organic_search,1,1,2026-02-04,1,2026-02-27
2592,2592,2025-10-05,2025-10-01,affiliate,1,1,2025-10-09,1,2025-11-10
2593,2593,2025-01-19,2025-01-01,email,1,1,2025-02-05,0,
2594,2594,2024-10-13,2024-10-01,paid_social,1,1,2024-10-22,0,
2595,2595,2024-07-03,2024-07-01,email,0,0,,0,
2596,2596,2025-07-14,2025-07-01,affiliate,1,0,,0,
2597,2597,2025-09-10,2025-09-01,email,1,0,,0,
2598,2598,2024-11-19,2024-11-01,organic_search,1,0,,0,
2599,2599,2026-02-19,2026-02-01,paid_social,1,1,2026-02-28,1,2026-03-29
2600,2600,2024-07-21,2024-07-01,paid_social,1,0,,0,
